Botanical Name,Family,Systems,Synonym,Image URL,Detail URL
Abelmoschus crinitus WALL.,MALVACEAE,"Ayurveda, Folk",Hibiscus cancellatus ROXB.,,https://www.medicinalplants.in/searchpage/showdetails/xplant_id/abe65b2e409317659131e47d5b7fa402
Abelmoschus esculentus (L.) MOENCH,MALVACEAE,"Ayurveda, Siddha, Unani, Folk",Hibiscus esculentus L.,,https://www.medicinalplants.in/searchpage/showdetails/xplant_id/0cd0d9e6bdcca7b488e56438adea6097
Abelmoschus ficulneus (L.) WIGHT & ARN.,MALVACEAE,"Ayurveda, Siddha, Folk",Hibiscus ficulneus L.,,https://www.medicinalplants.in/searchpage/showdetails/xplant_id/a6a660549ff44fbf602ec9988cc9d8a4
Abelmoschus moschatus MEDIK.,MALVACEAE,"Ayurveda, Siddha, Unani, Folk",Hibiscus abelmoschus L.,,https://www.medicinalplants.in/searchpage/showdetails/xplant_id/5ec3070af3c6e21d7cf6cf4ebd3c61b1
Abies pindrow ROYLE,PINACEAE,,,,https://www.medicinalplants.in/searchpage/showdetails/xplant_id/deb4b8751b6f53622e614818f8690d1c
Abies spectabilis (D.DON) SPACH,PINACEAE,"Ayurveda, Unani, Folk, Sowa-Rigpa",Abies webbiana LINDL.,,https://www.medicinalplants.in/searchpage/showdetails/xplant_id/370db2f049bec54fb27849be813c4013
Abies spectabilis (D.DON) SPACH,PINACEAE,"Ayurveda, Unani, Folk, Sowa-Rigpa",Abies webbiana LINDL.,,https://www.medicinalplants.in/searchpage/showdetails/xplant_id/370db2f049bec54fb27849be813c4013/xclkon/d148c25ad7f691d99f422e93bdc70751
"Abrus fruticulosus WALL. EX WIGHT & ARN. X Family - FABACEAE System(s) of Indian Medicine - Ayurveda, Folk Botanical Synonyms (1) - Abrus pulchellus WALL. EX THWAITES",FABACEAE,"Ayurveda, Folk",Abrus pulchellus WALL. EX THWAITES,,https://www.medicinalplants.in/searchpage/showdetails/xplant_id/bc16e753b514aa52d614b5b773cf71e3
Abrus precatorius L.,FABACEAE,,,,https://www.medicinalplants.in/searchpage/showdetails/xplant_id/3a92edd6d0b42cdb2a91f3b6cd4b0624
"Abrus fruticulosus WALL. EX WIGHT & ARN. X Family - FABACEAE System(s) of Indian Medicine - Ayurveda, Folk Botanical Synonyms (1) - Abrus pulchellus WALL. EX THWAITES",FABACEAE,"Ayurveda, Folk",Abrus pulchellus WALL. EX THWAITES,,https://www.medicinalplants.in/searchpage/showdetails/xplant_id/bc16e753b514aa52d614b5b773cf71e3/xclkon/53fc59f815c8bf12a44d0f193c3cdfde
Abutilon indicum (L.) SWEET subsp. guineense (SCHUMACH.)  BORSSUM,MALVACEAE,"Ayurveda, Siddha, Unani, Folk, Sowa-Rigpa",Abutilon asiaticum (L.) SWEET,,https://www.medicinalplants.in/searchpage/showdetails/xplant_id/fa08ad0afc3fc7eb8f67e8cff5cb0c59/xclkon/aeb879e722a5fa7c1f5aaeabcfd32967
Abutilon theophrasti MEDIK.,MALVACEAE,"Ayurveda, Siddha",Abutilon avicennae GAETRN.,,https://www.medicinalplants.in/searchpage/showdetails/xplant_id/8f554222c3889bddf0f857028809cee9/xclkon/dac77da1fbd5e07a47b77d39f9e4ae44
Abutilon hirtum (LAM.) SWEET,MALVACEAE,"Ayurveda, Folk",Abutilon graveolens (ROXB. EX HORNEM.) WIGHT & ARN. EX WIGHT,,https://www.medicinalplants.in/searchpage/showdetails/xplant_id/f16754bbe52b1de7739b52ba134ff8c4/xclkon/6b2a495e6340eda2a92405fd8baf856c
Abutilon hirtum (LAM.) SWEET,MALVACEAE,"Ayurveda, Folk",Abutilon graveolens (ROXB. EX HORNEM.) WIGHT & ARN. EX WIGHT,,https://www.medicinalplants.in/searchpage/showdetails/xplant_id/f16754bbe52b1de7739b52ba134ff8c4
Abutilon indicum (L.) SWEET subsp. guineense (SCHUMACH.)  BORSSUM,MALVACEAE,"Ayurveda, Siddha, Unani, Folk, Sowa-Rigpa",Abutilon asiaticum (L.) SWEET,,https://www.medicinalplants.in/searchpage/showdetails/xplant_id/fa08ad0afc3fc7eb8f67e8cff5cb0c59
Abutilon theophrasti MEDIK.,MALVACEAE,"Ayurveda, Siddha",Abutilon avicennae GAETRN.,,https://www.medicinalplants.in/searchpage/showdetails/xplant_id/8f554222c3889bddf0f857028809cee9
,MIMOSACEAE,,,,https://www.medicinalplants.in/searchpage/showdetails/xplant_id/45fac918d9926161b4ce136f5658e35a
"Acacia nilotica (L.) WILLD. EX DEL. subsp. indica (BENTH.) BRENAN X Family - MIMOSACEAE System(s) of Indian Medicine - Ayurveda, Siddha, Unani Botanical Synonyms (1) - Acacia arabica SENSU BAKER var. vediana COOKE",MIMOSACEAE,"Ayurveda, Siddha, Unani",Acacia arabica SENSU BAKER var. vediana COOKE,,https://www.medicinalplants.in/searchpage/showdetails/xplant_id/d80746c24cb58db7c1f5f3c091141574/xclkon/75868cb52a01950ad1463b41b68b337a
"Acacia torta (ROXB) CRAIB X Family - MIMOSACEAE System(s) of Indian Medicine - Ayurveda, Siddha, Folk Botanical Synonyms (2) - Acacia caesia (L.) WILLD.",MIMOSACEAE,"Ayurveda, Siddha, Folk",Acacia caesia (L.) WILLD.,,https://www.medicinalplants.in/searchpage/showdetails/xplant_id/d3c7121e51f49c77b0850046c545b663/xclkon/d6710880206e5c820c7145d2f22e7b9e
Acacia catechu (L.F.) WILLD.,MIMOSACEAE,,,,https://www.medicinalplants.in/searchpage/showdetails/xplant_id/9b11f74ab4862b22d3456bc47dcb8142
,MIMOSACEAE,,,,https://www.medicinalplants.in/searchpage/showdetails/xplant_id/0a81aec29472302814e99625864ce45a
Acacia chundra (ROXB. EX ROTTLER) WILLD.,MIMOSACEAE,,,,https://www.medicinalplants.in/searchpage/showdetails/xplant_id/093bdb85f667e9fdae847a0fc65ae71d
"Acacia sinuata (LOUR.) MERR. X Family - MIMOSACEAE System(s) of Indian Medicine - Ayurveda, Siddha, Unani, Folk, Sowa-Rigpa Botanical Synonyms (3) - Acacia concinna (WILLD.) DC.",MIMOSACEAE,"Ayurveda, Siddha, Unani, Folk, Sowa-Rigpa",Acacia concinna (WILLD.) DC.,,https://www.medicinalplants.in/searchpage/showdetails/xplant_id/f07e3b8351810aafdef5ffd5c917230f/xclkon/a5a87d4f4fba45600d69867dfb39d481
Acacia farnesiana (L.) WILLD.,MIMOSACEAE,"Ayurveda, Siddha, Folk",,,https://www.medicinalplants.in/searchpage/showdetails/xplant_id/95e116f7ecc19e2cd7ff6eb5107dcf86
Acacia ferruginea DC.,MIMOSACEAE,,,,https://www.medicinalplants.in/searchpage/showdetails/xplant_id/362bbc115e3b5eee4f7cf4c11d304d14
Acacia farnesiana (L.) WILLD.,MIMOSACEAE,"Ayurveda, Siddha, Folk",,,https://www.medicinalplants.in/searchpage/showdetails/xplant_id/95e116f7ecc19e2cd7ff6eb5107dcf86/xclkon/8c062cd757887babaa65b3abaa8c5ece
"Acacia torta (ROXB) CRAIB X Family - MIMOSACEAE System(s) of Indian Medicine - Ayurveda, Siddha, Folk Botanical Synonyms (2) - Acacia caesia (L.) WILLD.",MIMOSACEAE,"Ayurveda, Siddha, Folk",Acacia caesia (L.) WILLD.,,https://www.medicinalplants.in/searchpage/showdetails/xplant_id/d3c7121e51f49c77b0850046c545b663/xclkon/247131b67d857b963fdd85cb20541b7d
Acacia leucophloea (ROXB.) WILLD.,MIMOSACEAE,,,,https://www.medicinalplants.in/searchpage/showdetails/xplant_id/6b2b940657b1a4bc69ae71ccd0ba533d
"Acacia nilotica (L.) WILLD. EX DEL. subsp. indica (BENTH.) BRENAN X Family - MIMOSACEAE System(s) of Indian Medicine - Ayurveda, Siddha, Unani Botanical Synonyms (1) - Acacia arabica SENSU BAKER var. vediana COOKE",MIMOSACEAE,"Ayurveda, Siddha, Unani",Acacia arabica SENSU BAKER var. vediana COOKE,,https://www.medicinalplants.in/searchpage/showdetails/xplant_id/d80746c24cb58db7c1f5f3c091141574
Acacia pennata (L.) WILLD.,MIMOSACEAE,"Ayurveda, Siddha, Folk",,,https://www.medicinalplants.in/searchpage/showdetails/xplant_id/0bb1c32b6a6a2631466a0bdf9fb07fb7
,MIMOSACEAE,"Ayurveda, Siddha, Folk, Sowa-Rigpa",,,https://www.medicinalplants.in/searchpage/showdetails/xplant_id/83056fd67495bdba1f0a16b9b55de29f
,MIMOSACEAE,"Ayurveda, Siddha, Folk, Sowa-Rigpa",,,https://www.medicinalplants.in/searchpage/showdetails/xplant_id/83056fd67495bdba1f0a16b9b55de29f/xclkon/d7cda0181e6002a8b0dcff723785d99b
"Acacia sinuata (LOUR.) MERR. X Family - MIMOSACEAE System(s) of Indian Medicine - Ayurveda, Siddha, Unani, Folk, Sowa-Rigpa Botanical Synonyms (3) - Acacia concinna (WILLD.) DC.",MIMOSACEAE,"Ayurveda, Siddha, Unani, Folk, Sowa-Rigpa",Acacia concinna (WILLD.) DC.,,https://www.medicinalplants.in/searchpage/showdetails/xplant_id/f07e3b8351810aafdef5ffd5c917230f/xclkon/0de24ac3739781c6fac0d3d0684f2443
,MIMOSACEAE,,,,https://www.medicinalplants.in/searchpage/showdetails/xplant_id/7e1f927fec6eccae70f76bd9aa117949
"Acacia sinuata (LOUR.) MERR. X Family - MIMOSACEAE System(s) of Indian Medicine - Ayurveda, Siddha, Unani, Folk, Sowa-Rigpa Botanical Synonyms (3) - Acacia concinna (WILLD.) DC.",MIMOSACEAE,"Ayurveda, Siddha, Unani, Folk, Sowa-Rigpa",Acacia concinna (WILLD.) DC.,,https://www.medicinalplants.in/searchpage/showdetails/xplant_id/f07e3b8351810aafdef5ffd5c917230f
Albizia lebbeck (L.) BENTH.,MIMOSACEAE,"Ayurveda, Siddha, Unani, Folk",,,https://www.medicinalplants.in/searchpage/showdetails/xplant_id/68f6147b05f7b71efbfc954bc0538fe2/xclkon/862e794ea388d42642fee15e2e297baf
,MIMOSACEAE,"Ayurveda, Siddha, Folk, Sowa-Rigpa",,,https://www.medicinalplants.in/searchpage/showdetails/xplant_id/83056fd67495bdba1f0a16b9b55de29f/xclkon/05b8a9164a5a880ce42e2ec09143a869
"Acacia torta (ROXB) CRAIB X Family - MIMOSACEAE System(s) of Indian Medicine - Ayurveda, Siddha, Folk Botanical Synonyms (2) - Acacia caesia (L.) WILLD.",MIMOSACEAE,"Ayurveda, Siddha, Folk",Acacia caesia (L.) WILLD.,,https://www.medicinalplants.in/searchpage/showdetails/xplant_id/d3c7121e51f49c77b0850046c545b663
Acalypha indica L.,EUPHORBIACEAE,,,,https://www.medicinalplants.in/searchpage/showdetails/xplant_id/4c0301ec9018beefcbe8e6b16f3537b5
,ORCHIDACEAE,"Ayurveda, Folk",,,https://www.medicinalplants.in/searchpage/showdetails/xplant_id/b60d4a176044f52bdb5f7b5be6f8744f/xclkon/efd926a157d0554947b0951f7c239880
,ORCHIDACEAE,"Ayurveda, Folk",,,https://www.medicinalplants.in/searchpage/showdetails/xplant_id/b60d4a176044f52bdb5f7b5be6f8744f
Acanthus ilicifolius L.,ACANTHACEAE,,,,https://www.medicinalplants.in/searchpage/showdetails/xplant_id/39f4bd15dec15e6a599486339b42a928
Centrostachys aquatica (R.BR.) WALL.EX MIQ.,AMARANTHACEAE,"Ayurveda, Folk",Achyranthes aquatica R.BR.,,https://www.medicinalplants.in/searchpage/showdetails/xplant_id/7e789e5d0fcb71ddcec73d5140d141bb/xclkon/441f547c648185c378f2c68017409f23
Achyranthes aspera L.,AMARANTHACEAE,,,,https://www.medicinalplants.in/searchpage/showdetails/xplant_id/00476847af4ebbbd31e6dad28ea1f00f
Achyranthes bidentata BLUME,AMARANTHACEAE,,,,https://www.medicinalplants.in/searchpage/showdetails/xplant_id/0ade13c9473f958ad7c3656011f9ad03
Aerva lanata (L.) JUSS. EX SCHULT.,AMARANTHACEAE,"Ayurveda, Siddha, Folk",Achyranthes lanata L.,,https://www.medicinalplants.in/searchpage/showdetails/xplant_id/dd17f379b080d5226a4174ddbd477a84/xclkon/d6956d5487fa6d22e75e8b771e6a7914
Aconitum atrox (BRUHL) MUK.,RANUNCULACEAE,"Ayurveda, Folk",Aconitum balfourii STAPF,,https://www.medicinalplants.in/searchpage/showdetails/xplant_id/2171f5daebdd37be529f3e85a0b3e021
Aconitum atrox (BRUHL) MUK.,RANUNCULACEAE,"Ayurveda, Folk",Aconitum balfourii STAPF,,https://www.medicinalplants.in/searchpage/showdetails/xplant_id/2171f5daebdd37be529f3e85a0b3e021/xclkon/0a378cfc6071d1b3100cb095bc70ffc0
Aconitum bisma (HAM.) RAPAICS,RANUNCULACEAE,"Ayurveda, Folk",Aconitum palmatum D.DON,,https://www.medicinalplants.in/searchpage/showdetails/xplant_id/1dd4bdb4fdf04a0c3cac083768bd8de8
Aconitum chasmanthum STAPF EX HOLMES,RANUNCULACEAE,,,,https://www.medicinalplants.in/searchpage/showdetails/xplant_id/bf27c32bc3526ce4bc9be16c6daad6ce
Aconitum deinorrhizum STAPF,RANUNCULACEAE,,,,https://www.medicinalplants.in/searchpage/showdetails/xplant_id/7d485d9c5de700655e48453e7a80d8b7
,RANUNCULACEAE,,,,https://www.medicinalplants.in/searchpage/showdetails/xplant_id/9183e4e463bc7478af01c7a620136a51
Aconitum ferox WALL. EX SERINGE,RANUNCULACEAE,,,,https://www.medicinalplants.in/searchpage/showdetails/xplant_id/2217a3cdd6a7919990e703269ad854e3
Aconitum heterophyllum WALL. EX ROYLE,RANUNCULACEAE,,,,https://www.medicinalplants.in/searchpage/showdetails/xplant_id/3a4a1d24321fcdd41a76080099a1cd83
,RANUNCULACEAE,,,,https://www.medicinalplants.in/searchpage/showdetails/xplant_id/5ba0b3c6f2ef90c9940bcd9061d29bea
Aconitum bisma (HAM.) RAPAICS,RANUNCULACEAE,"Ayurveda, Folk",Aconitum palmatum D.DON,,https://www.medicinalplants.in/searchpage/showdetails/xplant_id/1dd4bdb4fdf04a0c3cac083768bd8de8/xclkon/6f37388d3ce6a637065ac4063cbd2fa0
Acorus calamus L.,ARACEAE,,,,https://www.medicinalplants.in/searchpage/showdetails/xplant_id/4c42343e33282874081eaac5c354dc2e
,ACTINIOPTERIDACEAE,"Ayurveda, Siddha, Folk",,,https://www.medicinalplants.in/searchpage/showdetails/xplant_id/c65a146c4229249af042aa4bc939d153/xclkon/b0cc5580bef236e0d1ed2e81891bce68
,ACTINIOPTERIDACEAE,"Ayurveda, Siddha, Folk",,,https://www.medicinalplants.in/searchpage/showdetails/xplant_id/c65a146c4229249af042aa4bc939d153/xclkon/d9acf89f65f3437a2ddd7cf67ba41f1e
,ACTINIOPTERIDACEAE,"Ayurveda, Siddha, Folk",,,https://www.medicinalplants.in/searchpage/showdetails/xplant_id/c65a146c4229249af042aa4bc939d153
Adansonia digitata L.,BOMBACACEAE,,,,https://www.medicinalplants.in/searchpage/showdetails/xplant_id/edf4adaa930a3cae64cd48af5570c613
Adenanthera pavonina L.,MIMOSACEAE,,,,https://www.medicinalplants.in/searchpage/showdetails/xplant_id/bc3e38d7732b742c2332310bdd76049e
Enicostemma axillare (LAM.) RAYNAL,GENTIANACEAE,"Ayurveda, Siddha, Folk",Adenema hyssopifolium G. DON Enicostemma hyssopifolium (WILLD.) VERDOORN,,https://www.medicinalplants.in/searchpage/showdetails/xplant_id/0487812b0cc32dc0742a1efb484b6759/xclkon/9389a52415f266548bb20100de980132
Adenia hondala (GAERTN.) W.J.DE WILDE,PASSIFLORACEAE,"Ayurveda, Folk",Adenia palmata ENGL. Modecca palmata LAM.,,https://www.medicinalplants.in/searchpage/showdetails/xplant_id/04200a938c5e6bb2df9798dc3f74dc76
Adenia hondala (GAERTN.) W.J.DE WILDE,PASSIFLORACEAE,"Ayurveda, Folk",Adenia palmata ENGL. Modecca palmata LAM.,,https://www.medicinalplants.in/searchpage/showdetails/xplant_id/04200a938c5e6bb2df9798dc3f74dc76/xclkon/757e6b1dcae7fdf9e40368de5e677895
,SCROPHULARIACEAE,"Ayurveda, Folk",,,https://www.medicinalplants.in/searchpage/showdetails/xplant_id/20ddb682ed194ff1a7658decf675e2d0/xclkon/196792918ea90de9b1e68e1bff46eb1c
,SCROPHULARIACEAE,"Ayurveda, Folk",,,https://www.medicinalplants.in/searchpage/showdetails/xplant_id/20ddb682ed194ff1a7658decf675e2d0
,SCROPHULARIACEAE,"Ayurveda, Folk",,,https://www.medicinalplants.in/searchpage/showdetails/xplant_id/20ddb682ed194ff1a7658decf675e2d0/xclkon/6554d8cd2b1e62078240eb94bbcc093b
Justicia beddomei (CL.) BENNET,ACANTHACEAE,Ayurveda,Adhatoda beddomei C.B.CLARKE,,https://www.medicinalplants.in/searchpage/showdetails/xplant_id/408b4c4d43c5287670c593e0d995740c/xclkon/96313eaaec773d80c82da98b79c30bb5
Justicia adhatoda L.,ACANTHACEAE,"Ayurveda, Siddha, Unani, Homeopathy, Folk, Sowa-Rigpa",Adhatoda vasica NEES,,https://www.medicinalplants.in/searchpage/showdetails/xplant_id/6af02657ecf8d4b1d3e0f08206e91314/xclkon/a75a0c0270c6dc24e802cda3469d09fc
Justicia adhatoda L.,ACANTHACEAE,"Ayurveda, Siddha, Unani, Homeopathy, Folk, Sowa-Rigpa",Adhatoda vasica NEES,,https://www.medicinalplants.in/searchpage/showdetails/xplant_id/6af02657ecf8d4b1d3e0f08206e91314/xclkon/b078cab7460ea5405bedfc86c25f06e2
,ADIANTACEAE,"Ayurveda, Siddha, Folk",,,https://www.medicinalplants.in/searchpage/showdetails/xplant_id/d55e585ca4f2480b6cbf59c6e1bdae71/xclkon/2564db2a8011c9e2f2ef3f0a0e42a2ec
,ADIANTACEAE,"Ayurveda, Siddha, Folk",,,https://www.medicinalplants.in/searchpage/showdetails/xplant_id/d55e585ca4f2480b6cbf59c6e1bdae71
,ADIANTACEAE,Ayurveda,,,https://www.medicinalplants.in/searchpage/showdetails/xplant_id/24eea74e50c84fcb55c65b6f48d5efe7
,ADIANTACEAE,,,,https://www.medicinalplants.in/searchpage/showdetails/xplant_id/b98c6f28cd55d56248948e5970f2812b
,ADIANTACEAE,Ayurveda,,,https://www.medicinalplants.in/searchpage/showdetails/xplant_id/24eea74e50c84fcb55c65b6f48d5efe7/xclkon/655d183a991a089a8813fb37841b59f0
Haldina cordifolia (ROXB.) RIDSDALE,RUBIACEAE,"Ayurveda, Siddha, Folk",Adina cordifolia BENTH. & HOOK.F.,,https://www.medicinalplants.in/searchpage/showdetails/xplant_id/87d4a9ba28abca7e82c489685da8d49f/xclkon/dd8d81431e8c0a3f802bc182ecc6330d
Aegle marmelos (L.) CORREA EX. SCHULTZ,RUTACEAE,"Ayurveda, Siddha, Unani, Homeopathy, Folk, Sowa-Rigpa",Crataeva marmelos L.,,https://www.medicinalplants.in/searchpage/showdetails/xplant_id/7b3ca01fe9518816abcdf821a6675858
Aerva javanica (BURM.F.) JUSS.  EX SCHULT.,AMARANTHACEAE,"Ayurveda, Siddha, Folk",Aerva tomentosa FORSK.,,https://www.medicinalplants.in/searchpage/showdetails/xplant_id/6030ad577f0745e800703f22db3cdd78
Aerva lanata (L.) JUSS. EX SCHULT.,AMARANTHACEAE,"Ayurveda, Siddha, Folk",Achyranthes lanata L.,,https://www.medicinalplants.in/searchpage/showdetails/xplant_id/dd17f379b080d5226a4174ddbd477a84
Aerva javanica (BURM.F.) JUSS.  EX SCHULT.,AMARANTHACEAE,"Ayurveda, Siddha, Folk",Aerva tomentosa FORSK.,,https://www.medicinalplants.in/searchpage/showdetails/xplant_id/6030ad577f0745e800703f22db3cdd78/xclkon/94973e422c9a28ecbac4fb0199839702
Aeschynomene aspera L.,FABACEAE,,,,https://www.medicinalplants.in/searchpage/showdetails/xplant_id/0f9390be8b724b028288d65c4aa79c67
,APOCYNACEAE,,,,https://www.medicinalplants.in/searchpage/showdetails/xplant_id/57aa3f2d52307d5d2ab98bcebadb9410
Aganosma dichotoma (ROTH) K.SCHUM.,APOCYNACEAE,"Ayurveda, Folk, Sowa-Rigpa",Aganosma caryophyllata G.DON,,https://www.medicinalplants.in/searchpage/showdetails/xplant_id/897f3cdce4cd7d57d2544e7ae66b0bec/xclkon/3b6fb7ea26d35ef14ec0ab553076270b
Aganosma dichotoma (ROTH) K.SCHUM.,APOCYNACEAE,"Ayurveda, Folk, Sowa-Rigpa",Aganosma caryophyllata G.DON,,https://www.medicinalplants.in/searchpage/showdetails/xplant_id/897f3cdce4cd7d57d2544e7ae66b0bec
,AGARICACEAE,,,,https://www.medicinalplants.in/searchpage/showdetails/xplant_id/dfd689916059275f1c07213903897ea4
,AGARICACEAE,"Ayurveda, Siddha, Unani, Homeopathy, Folk",,,https://www.medicinalplants.in/searchpage/showdetails/xplant_id/cf287e196320e52c1b7acb05d65234fb
Sesbania grandiflora (L.) POIRET,FABACEAE,"Ayurveda, Siddha, Unani, Folk, Sowa-Rigpa",Agati grandiflora (L.) DEN,,https://www.medicinalplants.in/searchpage/showdetails/xplant_id/69094b6f1ba1d0b9964388ec214b1e16/xclkon/c9902c87a0feb76e78ab8e0476de1672
Agave cantala ROXB.,AGAVACEAE,"Ayurveda, Siddha, Unani, Homeopathy",Agave americana L.,,https://www.medicinalplants.in/searchpage/showdetails/xplant_id/3a390f62ba228d9a01c79760c8d44185/xclkon/4aee59ebf9f03a4ca665de9ce78a7a4b
Agave angustifolia HAW.,AGAVACEAE,"Ayurveda, Siddha, Folk",,,https://www.medicinalplants.in/searchpage/showdetails/xplant_id/0b9e26987fe7c0d58bfe41754f4a91f8
Agave cantala ROXB.,AGAVACEAE,"Ayurveda, Siddha, Unani, Homeopathy",Agave americana L.,,https://www.medicinalplants.in/searchpage/showdetails/xplant_id/3a390f62ba228d9a01c79760c8d44185
Agave angustifolia HAW.,AGAVACEAE,"Ayurveda, Siddha, Folk",,,https://www.medicinalplants.in/searchpage/showdetails/xplant_id/0b9e26987fe7c0d58bfe41754f4a91f8/xclkon/d885fa3370777e1721c61e6edbabc19f
Ageratum conyzoides L.,ASTERACEAE,,,,https://www.medicinalplants.in/searchpage/showdetails/xplant_id/4d440ed9f5ea4aa154c73766b9cb0c47
Aglaia elaeagoidea (JUSS.) BENTH.,MELIACEAE,"Ayurveda, Siddha, Folk",Aglaia odoratissima BLUME,,https://www.medicinalplants.in/searchpage/showdetails/xplant_id/a1196702c506e590161ca11e568e45e9
Aglaia elaeagoidea (JUSS.) BENTH.,MELIACEAE,"Ayurveda, Siddha, Folk",Aglaia odoratissima BLUME,,https://www.medicinalplants.in/searchpage/showdetails/xplant_id/a1196702c506e590161ca11e568e45e9/xclkon/18acd5715973bdd90e5c3d70b38585d2
Aglaia elaeagoidea (JUSS.) BENTH.,MELIACEAE,"Ayurveda, Siddha, Folk",Aglaia odoratissima BLUME,,https://www.medicinalplants.in/searchpage/showdetails/xplant_id/a1196702c506e590161ca11e568e45e9/xclkon/ab4eafbc77fae2da372824c74f244474
Cynodon dactylon (L.) PERS.,POACEAE,"Ayurveda, Siddha, Unani, Homeopathy, Folk, Sowa-Rigpa",,,https://www.medicinalplants.in/searchpage/showdetails/xplant_id/b4bff9ff2e61651c614600eaf8529bcb/xclkon/242bc1ca42180fb673bcbb4fd196927c
Ailanthus excelsa ROXB.,SIMAROUBACEAE,,,,https://www.medicinalplants.in/searchpage/showdetails/xplant_id/e4521218e11cf72cabb8fb1be26a8ee8
Ailanthus triphysa (DENNST.) ALSTON,SIMAROUBACEAE,"Ayurveda, Siddha, Folk",Ailanthus malabarica DC.,,https://www.medicinalplants.in/searchpage/showdetails/xplant_id/3f075267567d9f08a94830469ee35d1e/xclkon/5058dc3d282dfffed8a318c4edc27810
Ailanthus triphysa (DENNST.) ALSTON,SIMAROUBACEAE,"Ayurveda, Siddha, Folk",Ailanthus malabarica DC.,,https://www.medicinalplants.in/searchpage/showdetails/xplant_id/3f075267567d9f08a94830469ee35d1e
,SAPOTACEAE,"Ayurveda, Folk",,,https://www.medicinalplants.in/searchpage/showdetails/xplant_id/13abc384d83346dcb2ce617d255f4e77
,ALANGIACEAE,,,,https://www.medicinalplants.in/searchpage/showdetails/xplant_id/d5ef82028fbfed914facaca3462e8a13
Alangium salvifolium (L.F.) WANG.,ALANGIACEAE,"Ayurveda, Siddha, Folk, Sowa-Rigpa",Alangium decapetalum LAM. Alangium hexapetalum LAM. Alangium lamarckii THWAITES,,https://www.medicinalplants.in/searchpage/showdetails/xplant_id/2ed95f3d53b344394870ef34c7d83b4d/xclkon/e4b4b96b7f019152df0e413a883759ac
Alangium salvifolium (L.F.) WANG.,ALANGIACEAE,"Ayurveda, Siddha, Folk, Sowa-Rigpa",Alangium decapetalum LAM. Alangium hexapetalum LAM. Alangium lamarckii THWAITES,,https://www.medicinalplants.in/searchpage/showdetails/xplant_id/2ed95f3d53b344394870ef34c7d83b4d/xclkon/a8fce5255cf2a1318b5f27ad972944c5
Alangium salvifolium (L.F.) WANG.,ALANGIACEAE,"Ayurveda, Siddha, Folk, Sowa-Rigpa",Alangium decapetalum LAM. Alangium hexapetalum LAM. Alangium lamarckii THWAITES,,https://www.medicinalplants.in/searchpage/showdetails/xplant_id/2ed95f3d53b344394870ef34c7d83b4d/xclkon/dad0ab4fb9f3a1b91311e0c861080cf5
Alangium salvifolium (L.F.) WANG.,ALANGIACEAE,"Ayurveda, Siddha, Folk, Sowa-Rigpa",Alangium decapetalum LAM. Alangium hexapetalum LAM. Alangium lamarckii THWAITES,,https://www.medicinalplants.in/searchpage/showdetails/xplant_id/2ed95f3d53b344394870ef34c7d83b4d
Albizia amara (ROXB.) BOIVIN,MIMOSACEAE,"Ayurveda, Siddha, Folk",Mimosa amara ROXB.,,https://www.medicinalplants.in/searchpage/showdetails/xplant_id/083045b34fb297d9f9c7ec281604a98f
Albizia chinensis (OSBECK) MERR.,MIMOSACEAE,"Ayurveda, Siddha, Folk",,,https://www.medicinalplants.in/searchpage/showdetails/xplant_id/7c7f95a4db1900e68352c84fba9ba949
Albizia lebbeck (L.) BENTH.,MIMOSACEAE,"Ayurveda, Siddha, Unani, Folk",,,https://www.medicinalplants.in/searchpage/showdetails/xplant_id/68f6147b05f7b71efbfc954bc0538fe2
Albizia lucidior (STEND.) NIELSON,MIMOSACEAE,"Ayurveda, Folk",Albizia lucida BENTH.,,https://www.medicinalplants.in/searchpage/showdetails/xplant_id/2307977fec15df226c1fcd5b620614c3/xclkon/f7bc589e23f2aa34c083abb5e353a5c6
Albizia lucidior (STEND.) NIELSON,MIMOSACEAE,"Ayurveda, Folk",Albizia lucida BENTH.,,https://www.medicinalplants.in/searchpage/showdetails/xplant_id/2307977fec15df226c1fcd5b620614c3
Albizia chinensis (OSBECK) MERR.,MIMOSACEAE,"Ayurveda, Siddha, Folk",,,https://www.medicinalplants.in/searchpage/showdetails/xplant_id/7c7f95a4db1900e68352c84fba9ba949/xclkon/e559f48aebb824a83b84de8c267d4853
Albizia odoratissima (L.F.)BENTH.,MIMOSACEAE,,,,https://www.medicinalplants.in/searchpage/showdetails/xplant_id/3a6f0ff1dc8b18dbef9c68910665d673
Albizia procera (ROXB.) BENTH.,MIMOSACEAE,,,,https://www.medicinalplants.in/searchpage/showdetails/xplant_id/4858771a4028aa40e8777e204af50505
,SCROPHULARIACEAE,,,,https://www.medicinalplants.in/searchpage/showdetails/xplant_id/db22ae88e6e2c9300a9a52099055c8ae
Aleurites moluccana (L.) WILLD.,EUPHORBIACEAE,,,,https://www.medicinalplants.in/searchpage/showdetails/xplant_id/9833483b0cc34daa3053079e4de12831
Alhagi pseudalhagi (BIEB.) DESV.,FABACEAE,"Ayurveda, Siddha, Unani, Folk, Sowa-Rigpa",Alhagi camelorum FISCH.,,https://www.medicinalplants.in/searchpage/showdetails/xplant_id/52bffa110beee75c92ccb1744d96145e/xclkon/4d3fb45063f05be383f4e65997e0c154
Alhagi pseudalhagi (BIEB.) DESV.,FABACEAE,"Ayurveda, Siddha, Unani, Folk, Sowa-Rigpa",Alhagi camelorum FISCH.,,https://www.medicinalplants.in/searchpage/showdetails/xplant_id/52bffa110beee75c92ccb1744d96145e/xclkon/c5d0c6a984338a2af196fc4b79f06960
Alhagi pseudalhagi (BIEB.) DESV.,FABACEAE,"Ayurveda, Siddha, Unani, Folk, Sowa-Rigpa",Alhagi camelorum FISCH.,,https://www.medicinalplants.in/searchpage/showdetails/xplant_id/52bffa110beee75c92ccb1744d96145e
,BORAGINACEAE,,,,https://www.medicinalplants.in/searchpage/showdetails/xplant_id/a25014088bd4db1fb9eedd9f62298c9f
,LILIACEAE,,,,https://www.medicinalplants.in/searchpage/showdetails/xplant_id/713f41e8a32ba266c84075c0aa8cfea8
Allium cepa L.,LILIACEAE,"Ayurveda, Siddha, Unani, Homeopathy, Folk, Sowa-Rigpa",,,https://www.medicinalplants.in/searchpage/showdetails/xplant_id/d328e032eb232543e49a5288d340e70b
Allium sativum L.,LILIACEAE,,,,https://www.medicinalplants.in/searchpage/showdetails/xplant_id/9ba63dffa8d6ef008723ec357591e4ff
,LILIACEAE,,,,https://www.medicinalplants.in/searchpage/showdetails/xplant_id/806ddf0e3d976e980cafc42d293dc731
Allium wallichii KUNTH,LILIACEAE,,,,https://www.medicinalplants.in/searchpage/showdetails/xplant_id/7bbec7f3c832058e85e575ab836c84e1
Allophylus serratus (ROXB.) KURZ,SAPINDACEAE,,,,https://www.medicinalplants.in/searchpage/showdetails/xplant_id/af2b65cd9c38158e6fe59acbb3e80dac
,ARACEAE,"Ayurveda, Siddha",,,https://www.medicinalplants.in/searchpage/showdetails/xplant_id/c6a53b220ebf0e8aad02f5f07d22efe7/xclkon/152d4706dfe1370ce37176961c0ba6e7
,ARACEAE,"Ayurveda, Siddha",,,https://www.medicinalplants.in/searchpage/showdetails/xplant_id/c6a53b220ebf0e8aad02f5f07d22efe7
Aloe vera L.,LILIACEAE,"Ayurveda, Siddha, Unani, Folk, Sowa-Rigpa",Aloe abyssinica LAM. Aloe barbadensis MILL.,,https://www.medicinalplants.in/searchpage/showdetails/xplant_id/3f3796b55ac6702e10bd40afe3b372ca/xclkon/869d464c823c85845779aeb02bcd53bf
Aloe vera L.,LILIACEAE,"Ayurveda, Siddha, Unani, Folk, Sowa-Rigpa",Aloe abyssinica LAM. Aloe barbadensis MILL.,,https://www.medicinalplants.in/searchpage/showdetails/xplant_id/3f3796b55ac6702e10bd40afe3b372ca/xclkon/582d63fa9a0ed94bc9aaeae3520dacaf
,LILIACEAE,,,,https://www.medicinalplants.in/searchpage/showdetails/xplant_id/9c332e1d52cd3ba2226d3735f897ce25
Aloe vera L.,LILIACEAE,"Ayurveda, Siddha, Unani, Folk, Sowa-Rigpa",Aloe abyssinica LAM. Aloe barbadensis MILL.,,https://www.medicinalplants.in/searchpage/showdetails/xplant_id/3f3796b55ac6702e10bd40afe3b372ca/xclkon/b3a1febe5de9282b8269fba933f221ad
Aloe vera L.,LILIACEAE,"Ayurveda, Siddha, Unani, Folk, Sowa-Rigpa",Aloe abyssinica LAM. Aloe barbadensis MILL.,,https://www.medicinalplants.in/searchpage/showdetails/xplant_id/3f3796b55ac6702e10bd40afe3b372ca/xclkon/751a9baf6790eee3cc813dcb0abdfebb
,LILIACEAE,,,,https://www.medicinalplants.in/searchpage/showdetails/xplant_id/e97a4897942557bc9c819f6e4bde5ade
,LILIACEAE,,,,https://www.medicinalplants.in/searchpage/showdetails/xplant_id/9302230e136ea74d075c250d7eef46bc
Aloe vera L.,LILIACEAE,"Ayurveda, Siddha, Unani, Folk, Sowa-Rigpa",Aloe abyssinica LAM. Aloe barbadensis MILL.,,https://www.medicinalplants.in/searchpage/showdetails/xplant_id/3f3796b55ac6702e10bd40afe3b372ca/xclkon/98403088f3f134a7b5f8b6a2d2dc5eea
Aloe vera L.,LILIACEAE,"Ayurveda, Siddha, Unani, Folk, Sowa-Rigpa",Aloe abyssinica LAM. Aloe barbadensis MILL.,,https://www.medicinalplants.in/searchpage/showdetails/xplant_id/3f3796b55ac6702e10bd40afe3b372ca
Aloe vera L.,LILIACEAE,"Ayurveda, Siddha, Unani, Folk, Sowa-Rigpa",Aloe abyssinica LAM. Aloe barbadensis MILL.,,https://www.medicinalplants.in/searchpage/showdetails/xplant_id/3f3796b55ac6702e10bd40afe3b372ca/xclkon/59f006d9eaf56a0deb75f8dd63f30e88
Aloe vera L.,LILIACEAE,"Ayurveda, Siddha, Unani, Folk, Sowa-Rigpa",Aloe abyssinica LAM. Aloe barbadensis MILL.,,https://www.medicinalplants.in/searchpage/showdetails/xplant_id/3f3796b55ac6702e10bd40afe3b372ca/xclkon/d138b50b94c1c116d4fdcbf09996a0f4
Alpinia calcarata ROSCOE,ZINGIBERACEAE,,,,https://www.medicinalplants.in/searchpage/showdetails/xplant_id/f700d50314b164325f0a93f30422efb5
,ZINGIBERACEAE,,,,https://www.medicinalplants.in/searchpage/showdetails/xplant_id/f5a6025a03e9ff51b665f995fec9fdb3
Alpinia galanga (L.) WILLD.,ZINGIBERACEAE,"Ayurveda, Siddha, Unani, Folk",Costus arabicus L.,,https://www.medicinalplants.in/searchpage/showdetails/xplant_id/f9eeb2fe2b90d2e709e35578cfac2019
,ZINGIBERACEAE,,,,https://www.medicinalplants.in/searchpage/showdetails/xplant_id/a385033bd781f4e29344cc7823265274
Alpinia zerumbet BURTT & R.M. SM.,ZINGIBERACEAE,"Ayurveda, Siddha, Unani, Folk",,,https://www.medicinalplants.in/searchpage/showdetails/xplant_id/dd714a2fc3a5a3f503726b20f90f1c28/xclkon/af4cf18cffbff17956de0e3d1171d419
Alpinia zerumbet BURTT & R.M. SM.,ZINGIBERACEAE,"Ayurveda, Siddha, Unani, Folk",,,https://www.medicinalplants.in/searchpage/showdetails/xplant_id/dd714a2fc3a5a3f503726b20f90f1c28
Alstonia scholaris R.BR.,APOCYNACEAE,,,,https://www.medicinalplants.in/searchpage/showdetails/xplant_id/ca05ad5b6726d1810b9927a421efeaad
Alstonia venenata R.BR.,APOCYNACEAE,,,,https://www.medicinalplants.in/searchpage/showdetails/xplant_id/b0e444016bd94be1d33120cfd5e8fde3
Alternanthera sessilis (L.) R.BR.EX DC.,AMARANTHACEAE,"Ayurveda, Siddha, Sowa-Rigpa",Alternanthera triandra LAM.,,https://www.medicinalplants.in/searchpage/showdetails/xplant_id/b1f3091dde540ab224f51a6d7eded07a
Alternanthera sessilis (L.) R.BR.EX DC.,AMARANTHACEAE,"Ayurveda, Siddha, Sowa-Rigpa",Alternanthera triandra LAM.,,https://www.medicinalplants.in/searchpage/showdetails/xplant_id/b1f3091dde540ab224f51a6d7eded07a/xclkon/3573b682b8f5328aa61642dc9fd75439
Althaea officinalis L.,MALVACEAE,,,,https://www.medicinalplants.in/searchpage/showdetails/xplant_id/d65789e05cd6fbe2ff9d4d5dcb664b30
,ALTINGIACEAE,,,,https://www.medicinalplants.in/searchpage/showdetails/xplant_id/f4af82d565c7c2d688a4ffd18c5393d0
Amaranthus lividus L.,AMARANTHACEAE,"Ayurveda, Folk",Amaranthus blitum L. var. oleracea DUTHIE,,https://www.medicinalplants.in/searchpage/showdetails/xplant_id/29694d8ade41a4c643a021f40fb8862d/xclkon/0080a8f062f06ce4b916c41865ca29d1
Amaranthus blitum L.,AMARANTHACEAE,,,,https://www.medicinalplants.in/searchpage/showdetails/xplant_id/8ea7b280aa844954c9e01be4b174c9ea
,AMARANTHACEAE,,,,https://www.medicinalplants.in/searchpage/showdetails/xplant_id/9c7385d96e8c7e841bcd6580846e522c
Amaranthus caudatus L.,AMARANTHACEAE,,,,https://www.medicinalplants.in/searchpage/showdetails/xplant_id/e03c2afca3387229d74547e49bb426e7
Amaranthus viridis L.,AMARANTHACEAE,"Ayurveda, Siddha, Folk",Amaranthus fasciatus ROXB.,,https://www.medicinalplants.in/searchpage/showdetails/xplant_id/7f34c13599e6ad5f1122627fb7b83d65/xclkon/d3d64722d4863f562c3536e588e2b1d1
Amaranthus hybridus L. subsp. cruentus var. paniculatus THELL.,AMARANTHACEAE,"Ayurveda, Siddha, Folk",Amaranthus paniculatus L.,,https://www.medicinalplants.in/searchpage/showdetails/xplant_id/83fbef0599b94833dd32e2b62d5ea783
Amaranthus lividus L.,AMARANTHACEAE,"Ayurveda, Folk",Amaranthus blitum L. var. oleracea DUTHIE,,https://www.medicinalplants.in/searchpage/showdetails/xplant_id/29694d8ade41a4c643a021f40fb8862d
Amaranthus tricolor L.,AMARANTHACEAE,"Ayurveda, Siddha, Unani, Folk",Amaranthus gangeticus L.,,https://www.medicinalplants.in/searchpage/showdetails/xplant_id/ddaf27e6f3e104858d9b0cae48ddab01/xclkon/2e2e171aedc0fdf3ca5d4fcd271d9f14
Amaranthus lividus L.,AMARANTHACEAE,"Ayurveda, Folk",Amaranthus blitum L. var. oleracea DUTHIE,,https://www.medicinalplants.in/searchpage/showdetails/xplant_id/29694d8ade41a4c643a021f40fb8862d/xclkon/653c09248e576c7084919d0b4c3f2bb7
Amaranthus hybridus L. subsp. cruentus var. paniculatus THELL.,AMARANTHACEAE,"Ayurveda, Siddha, Folk",Amaranthus paniculatus L.,,https://www.medicinalplants.in/searchpage/showdetails/xplant_id/83fbef0599b94833dd32e2b62d5ea783/xclkon/dd3ec08486ef9d275dafc40eb4595ff8
Amaranthus tricolor L.,AMARANTHACEAE,"Ayurveda, Siddha, Unani, Folk",Amaranthus gangeticus L.,,https://www.medicinalplants.in/searchpage/showdetails/xplant_id/ddaf27e6f3e104858d9b0cae48ddab01/xclkon/dc95088f4aed6f8430209d341dec548c
Amaranthus spinosus L.,AMARANTHACEAE,,,,https://www.medicinalplants.in/searchpage/showdetails/xplant_id/6a6729b8a694c06ae22f4c4c81e30eab
Amaranthus tricolor L.,AMARANTHACEAE,"Ayurveda, Siddha, Unani, Folk",Amaranthus gangeticus L.,,https://www.medicinalplants.in/searchpage/showdetails/xplant_id/ddaf27e6f3e104858d9b0cae48ddab01
Amaranthus viridis L.,AMARANTHACEAE,"Ayurveda, Siddha, Folk",Amaranthus fasciatus ROXB.,,https://www.medicinalplants.in/searchpage/showdetails/xplant_id/7f34c13599e6ad5f1122627fb7b83d65
,STERCULIACEAE,,,,https://www.medicinalplants.in/searchpage/showdetails/xplant_id/d2fa367ed7d3d5dd7872396d0a0d99c4
Ammannia baccifera L.,LYTHRACEAE,"Ayurveda, Siddha",,,https://www.medicinalplants.in/searchpage/showdetails/xplant_id/c05a5a1b7e849f7ab137257ed941dead
Ammannia baccifera L.,LYTHRACEAE,"Ayurveda, Siddha",,,https://www.medicinalplants.in/searchpage/showdetails/xplant_id/c05a5a1b7e849f7ab137257ed941dead/xclkon/0851c1bc5cd350ee7496eb33d91a3ed2
,ZINGIBERACEAE,,,,https://www.medicinalplants.in/searchpage/showdetails/xplant_id/ea1ee008cb9a85e4c08c692df4b6bdd5
Elettaria cardamomum MATON,ZINGIBERACEAE,"Ayurveda, Siddha, Unani, Folk, Sowa-Rigpa",,,https://www.medicinalplants.in/searchpage/showdetails/xplant_id/dc9a36679c6be366058571f5b89a9d7e/xclkon/a58e5e226b3bbc6b155af1dfe6894b13
Amomum subulatum ROXB.,ZINGIBERACEAE,,,,https://www.medicinalplants.in/searchpage/showdetails/xplant_id/d9d4015c990cc5f8b85ce17dc9245952
,ZINGIBERACEAE,,,,https://www.medicinalplants.in/searchpage/showdetails/xplant_id/4b4639016d5bc42e019812b3091a66a1
"Zingiber officinale ROSC. X Family - ZINGIBERACEAE System(s) of Indian Medicine - Ayurveda, Siddha, Unani, Homeopathy, Folk Botanical Synonyms (1) - Amomum zingiber L.",ZINGIBERACEAE,"Ayurveda, Siddha, Unani, Homeopathy, Folk",Amomum zingiber L.,,https://www.medicinalplants.in/searchpage/showdetails/xplant_id/694eea249cc0c04f6bb9bcc35a8ab92f/xclkon/fa81d0041123d3533d39cc25a7acd75a
Aphanamixis polystachya (WALL.) PARKER,MELIACEAE,"Ayurveda, Siddha, Homeopathy",Amoora rohituka (ROXB.) WIGHT & ARN.,,https://www.medicinalplants.in/searchpage/showdetails/xplant_id/5df9f100e88b8d13c3436eb38e1c3ccf/xclkon/8bb6e1bb23c79d006392553f0aecc130
,ARACEAE,,,,https://www.medicinalplants.in/searchpage/showdetails/xplant_id/fb2679ef2da3c86bd49d7589178a9c24
,ARACEAE,"Ayurveda, Siddha, Unani, Folk",,,https://www.medicinalplants.in/searchpage/showdetails/xplant_id/a8e45e0c947b54ff55829326cce9168e/xclkon/0c92e068c67a38f36a9c98751792431a
,ARACEAE,"Ayurveda, Siddha, Unani, Folk",,,https://www.medicinalplants.in/searchpage/showdetails/xplant_id/a8e45e0c947b54ff55829326cce9168e
Amorphophallus paeoniifolius (DENNST.) NICOLSON,ARACEAE,,,,https://www.medicinalplants.in/searchpage/showdetails/xplant_id/0563e79bd30407a31d9a0790a5d284b3
,ARACEAE,"Ayurveda, Siddha, Folk",,,https://www.medicinalplants.in/searchpage/showdetails/xplant_id/e1bd9ee6d48fd0a3f77cede18ddaee29
Ampelocissus araneosa (DALZ. & CRIBBS.) PLANCH.,VITACEAE,"Ayurveda, Siddha, Folk",Vitis araneosus DALZ. & GIBS. EX M.LAWS,,https://www.medicinalplants.in/searchpage/showdetails/xplant_id/d7a186dd86ea3a226e2d6d4c52856123
Ampelocissus latifolia (ROXB.) PLANCH.,VITACEAE,"Ayurveda, Siddha, Folk",Vitis latifolia ROXB.,,https://www.medicinalplants.in/searchpage/showdetails/xplant_id/beb3faba27082ce4d413aa8a31cc8c48
Ampelocissus tomentosa (ROTH.) PLANCH.,VITACEAE,"Ayurveda, Siddha, Folk",Vitis tomentosa HEYNE,,https://www.medicinalplants.in/searchpage/showdetails/xplant_id/52c99df41657de869b73d1d1b5c0eb80
Anacardium occidentale L.,ANACARDIACEAE,,,,https://www.medicinalplants.in/searchpage/showdetails/xplant_id/584ff5151951aa329a79ca06fd3ab804
,ASTERACEAE,"Ayurveda, Siddha, Unani",,,https://www.medicinalplants.in/searchpage/showdetails/xplant_id/29bd74b20f0de681f842ae11ae181b2f
Anamirta cocculus (L.) WIGHT & ARN.,MENISPERMACEAE,"Ayurveda, Siddha, Unani, Homeopathy, Folk",Cocculus suberosus DC. Menispermum cocculus L.,,https://www.medicinalplants.in/searchpage/showdetails/xplant_id/67e26f250ed5838fe00e5c4cba5dd39f
,BROMELIACEAE,"Ayurveda, Siddha, Unani, Folk",,,https://www.medicinalplants.in/searchpage/showdetails/xplant_id/55c2d936ec6213a126e67e6e7c3ca5ba
,BROMELIACEAE,"Ayurveda, Siddha, Unani, Folk",,,https://www.medicinalplants.in/searchpage/showdetails/xplant_id/55c2d936ec6213a126e67e6e7c3ca5ba/xclkon/8d13a269d75d2be174a06f5a1d70cd2f
Anaphalis neelgerriana DC.,ASTERACEAE,,,,https://www.medicinalplants.in/searchpage/showdetails/xplant_id/64b008185ee7cc97ae36bae4ea3c4656
,BORAGINACEAE,,,,https://www.medicinalplants.in/searchpage/showdetails/xplant_id/017cafda480d7ca214f09a5728a8a1d8
Cleistanthus collinus (ROXB.) BENTH.  & HOOK.,EUPHORBIACEAE,"Ayurveda, Siddha",,,https://www.medicinalplants.in/searchpage/showdetails/xplant_id/0ddb2d1637f9749df2337055c928da55/xclkon/e66b543c20eb9267c0e4687253dd3502
Andrographis paniculata (BURM.F.)WALLICH EX NEES.,ACANTHACEAE,"Ayurveda, Siddha, Unani, Homeopathy, Folk",Justicia paniculata (VAHL) CL.,,https://www.medicinalplants.in/searchpage/showdetails/xplant_id/74fd26aaa5ce2fc2932d2d8056aaf796
,POACEAE,"Ayurveda, Siddha, Unani, Folk",,,https://www.medicinalplants.in/searchpage/showdetails/xplant_id/680b54af38ebb9a062b90efb81313fe5/xclkon/f2571eaf8bf75f9787be3b10f605720d
Cymbopogon jwarancusa (JONES) SCHULT.,POACEAE,"Ayurveda, Siddha, Unani, Sowa-Rigpa",Andropogon jwarancusa JONES,,https://www.medicinalplants.in/searchpage/showdetails/xplant_id/d19704d7822e4938d3d96660f76e7ddd/xclkon/dd8cf5f98087e99785baac0db0b9b76a
Cymbopogon jwarancusa (JONES) SCHULT.,POACEAE,"Ayurveda, Siddha, Unani, Sowa-Rigpa",Andropogon jwarancusa JONES,,https://www.medicinalplants.in/searchpage/showdetails/xplant_id/d19704d7822e4938d3d96660f76e7ddd/xclkon/09d3321341ad3d94d26b673adf477204
Cymbopogon martini (ROXB.) WATS,POACEAE,"Ayurveda, Siddha, Sowa-Rigpa",Andropogon martini ROXB.,,https://www.medicinalplants.in/searchpage/showdetails/xplant_id/edab2a314693f3a25a21f493e238a418/xclkon/68e1f0420c13f5e9f1ed5c4b246cd84f
Vetiveria zizanioides (L.) NASH,POACEAE,"Ayurveda, Siddha, Unani, Homeopathy, Folk, Sowa-Rigpa",,,https://www.medicinalplants.in/searchpage/showdetails/xplant_id/217b180c053684eecb846d14db4ddebd/xclkon/5bb1da32feee239fd076418ecf86b211
,POACEAE,"Ayurveda, Siddha, Folk",,,https://www.medicinalplants.in/searchpage/showdetails/xplant_id/903e52187875a26d9d3555b5147d4043/xclkon/baba8fd400be51d59ccd7fde7bf38011
,POACEAE,Ayurveda,,,https://www.medicinalplants.in/searchpage/showdetails/xplant_id/6832715067741f6e9677f7944949e196/xclkon/b78ab2d7aa23228dcdc0c2721a3926ad
Vetiveria zizanioides (L.) NASH,POACEAE,"Ayurveda, Siddha, Unani, Homeopathy, Folk, Sowa-Rigpa",,,https://www.medicinalplants.in/searchpage/showdetails/xplant_id/217b180c053684eecb846d14db4ddebd/xclkon/b66fe6bbcf437dc272a563fd8427594e
Murdannia nudiflora (L.) BRENAN,COMMELINACEAE,"Ayurveda, Folk",Aneilema nudiflorum BR. Commelina nudiflora (L.) BRENAN,,https://www.medicinalplants.in/searchpage/showdetails/xplant_id/90fba550a9d5aba7b94ca61aac5606cc/xclkon/4dd9ab48825b527873b853eca36704a5
Foeniculum vulgare GAERTN,APIACEAE,"Ayurveda, Siddha, Unani, Folk, Sowa-Rigpa",Anethum foeniculum L.,,https://www.medicinalplants.in/searchpage/showdetails/xplant_id/8ce8fe98c599dce3a2b0dd2970cdb0a4/xclkon/8c1670f57a0cf430b3edca88a30222dc
Anethum graveolens L.,APIACEAE,"Ayurveda, Siddha, Unani, Folk, Sowa-Rigpa",Anethum sowa KURZ.,,https://www.medicinalplants.in/searchpage/showdetails/xplant_id/3efa0ff40e2008455f38ca54b509516b
Anethum graveolens L.,APIACEAE,"Ayurveda, Siddha, Unani, Folk, Sowa-Rigpa",Anethum sowa KURZ.,,https://www.medicinalplants.in/searchpage/showdetails/xplant_id/3efa0ff40e2008455f38ca54b509516b/xclkon/73fe95508eb3748b64dc894f48de58a4
,APIACEAE,"Ayurveda, Folk",,,https://www.medicinalplants.in/searchpage/showdetails/xplant_id/a93cd2c8313d4a96587d3016a7f27027
Angelica glauca EDGEW.,APIACEAE,,,,https://www.medicinalplants.in/searchpage/showdetails/xplant_id/fe3a748f48ebb5be177ca76bd959f6e6
Anisochilus carnosus WALL.,LAMIACEAE,"Ayurveda, Siddha, Folk",Anisochilus camosus WALL. Lavandula carnosa L.,,https://www.medicinalplants.in/searchpage/showdetails/xplant_id/88237f29fe01d1ec5688272c8439b082/xclkon/d035752d98842a5aa6c68fab63d90f15
Anisochilus carnosus WALL.,LAMIACEAE,"Ayurveda, Siddha, Folk",Anisochilus camosus WALL. Lavandula carnosa L.,,https://www.medicinalplants.in/searchpage/showdetails/xplant_id/88237f29fe01d1ec5688272c8439b082
,LAMIACEAE,"Ayurveda, Siddha, Folk",,,https://www.medicinalplants.in/searchpage/showdetails/xplant_id/2d83861693b8e3998a96fa747adc1a31
Annona reticulata L.,ANNONACEAE,,,,https://www.medicinalplants.in/searchpage/showdetails/xplant_id/486a1ff1f5fecf613cc97f73480b5840
Annona squamosa L.,ANNONACEAE,,,,https://www.medicinalplants.in/searchpage/showdetails/xplant_id/f44b0ac0cb0b9c0866aa5712899d702d
Anogeissus latifolia WALL. EX. GUILL. & PERR.,COMBRETACEAE,"Ayurveda, Siddha, Unani, Folk, Sowa-Rigpa",Conocarpus latifolia ROXB. EX. DC.,,https://www.medicinalplants.in/searchpage/showdetails/xplant_id/0ad17ae90aa749f0433d78d7c2f35a1d
,ASTERACEAE,"Ayurveda, Siddha, Unani",,,https://www.medicinalplants.in/searchpage/showdetails/xplant_id/29bd74b20f0de681f842ae11ae181b2f/xclkon/ea35a1126a46d8a9b679af307c6ffdc5
Neolamarckia cadamba (ROXB.) BOSSER,RUBIACEAE,"Ayurveda, Siddha, Folk, Sowa-Rigpa",Anthocephalus cadamba MIQ..,,https://www.medicinalplants.in/searchpage/showdetails/xplant_id/84b3ccebf56292e28d68c311540dc57b/xclkon/2e0bec78b33f9ea9a8a4e7a59533e763
Neolamarckia cadamba (ROXB.) BOSSER,RUBIACEAE,"Ayurveda, Siddha, Folk, Sowa-Rigpa",Anthocephalus cadamba MIQ..,,https://www.medicinalplants.in/searchpage/showdetails/xplant_id/84b3ccebf56292e28d68c311540dc57b/xclkon/204309e56f7a15964a0b1c0a136ced3e
Neolamarckia cadamba (ROXB.) BOSSER,RUBIACEAE,"Ayurveda, Siddha, Folk, Sowa-Rigpa",Anthocephalus cadamba MIQ..,,https://www.medicinalplants.in/searchpage/showdetails/xplant_id/84b3ccebf56292e28d68c311540dc57b/xclkon/4a0b43648ef2a3cc8f3c53a99b5d3539
,MORACEAE,,,,https://www.medicinalplants.in/searchpage/showdetails/xplant_id/efb54f27817761dfb79e31a5cb7427ee
,SCROPHULARIACEAE,,,,https://www.medicinalplants.in/searchpage/showdetails/xplant_id/c2da86c363e3e8dcd44dceeef7dc4875
Aphanamixis polystachya (WALL.) PARKER,MELIACEAE,"Ayurveda, Siddha, Homeopathy",Amoora rohituka (ROXB.) WIGHT & ARN.,,https://www.medicinalplants.in/searchpage/showdetails/xplant_id/5df9f100e88b8d13c3436eb38e1c3ccf
Apium graveolens L.,APIACEAE,,,,https://www.medicinalplants.in/searchpage/showdetails/xplant_id/7782f3ecbc08d61e8a52665f2a8008f7
Apium leptophyllum F.MUELL. EX.BENTH.,APIACEAE,,,,https://www.medicinalplants.in/searchpage/showdetails/xplant_id/1dd78ef25494617d2c03c110da88fb60
Saussurea auriculata (DC.) SCH.,ASTERACEAE,"Ayurveda, Folk",Aplotaxis auriculata DC.,,https://www.medicinalplants.in/searchpage/showdetails/xplant_id/ff51869d5308f41a86003fb8c05d7e05/xclkon/fea2f43b082d496122dd7971ef4bd6e4
,THYMELAEACEAE,"Ayurveda, Siddha, Unani, Folk, Sowa-Rigpa",,,https://www.medicinalplants.in/searchpage/showdetails/xplant_id/8b3e943eaf551afe69c37b775b63a810/xclkon/ab3a820d2c99245939f5efc1bd65b84b
,THYMELAEACEAE,"Ayurveda, Siddha, Unani, Folk, Sowa-Rigpa",,,https://www.medicinalplants.in/searchpage/showdetails/xplant_id/8b3e943eaf551afe69c37b775b63a810
,THYMELAEACEAE,,,,https://www.medicinalplants.in/searchpage/showdetails/xplant_id/95a053242fc0434d13042675655fb7a5
,BRASSICACEAE,,,,https://www.medicinalplants.in/searchpage/showdetails/xplant_id/dc430dc37110203823d0c8e282feea95
Arachis hypogaea L.,FABACEAE,,,,https://www.medicinalplants.in/searchpage/showdetails/xplant_id/ea0fd392777419d966989d0836f06e06
,ARALIACEAE,,,,https://www.medicinalplants.in/searchpage/showdetails/xplant_id/85961ffbf80e4c432da551b7782e822e
,APIACEAE,"Ayurveda, Folk",,,https://www.medicinalplants.in/searchpage/showdetails/xplant_id/a93cd2c8313d4a96587d3016a7f27027/xclkon/0d534dc9b5562a43a7c553525b68e915
,ARECACEAE,,,,https://www.medicinalplants.in/searchpage/showdetails/xplant_id/28342ccb2220a6664e346dc80c25efc4
Argemone mexicana L.,PAPAVERACEAE,,,,https://www.medicinalplants.in/searchpage/showdetails/xplant_id/5e93a9d29c6a195665eb396e6fedb15e
,CONVOLVULACEAE,,,,https://www.medicinalplants.in/searchpage/showdetails/xplant_id/b808a7d1ab15006bdf349463cee877e5
,CONVOLVULACEAE,,,,https://www.medicinalplants.in/searchpage/showdetails/xplant_id/423f3725c7db83c8cf32efc33e407ee4
Argyreia nervosa (BURM.F.) BOJ.,CONVOLVULACEAE,"Ayurveda, Siddha, Unani, Folk, Sowa-Rigpa",Argyreia speciosa SWEET,,https://www.medicinalplants.in/searchpage/showdetails/xplant_id/607d1f5c66e7f3b95ed1190ae2e627e0
,CONVOLVULACEAE,,,,https://www.medicinalplants.in/searchpage/showdetails/xplant_id/ad0d1db62427ee5f3b204750901abe6f
,CONVOLVULACEAE,"Ayurveda, Siddha",,,https://www.medicinalplants.in/searchpage/showdetails/xplant_id/19b26d637c9700cd448e8e1a5f3b01ce
Argyreia nervosa (BURM.F.) BOJ.,CONVOLVULACEAE,"Ayurveda, Siddha, Unani, Folk, Sowa-Rigpa",Argyreia speciosa SWEET,,https://www.medicinalplants.in/searchpage/showdetails/xplant_id/607d1f5c66e7f3b95ed1190ae2e627e0/xclkon/fac1e9b33fbd53a0ab7b58344984a5b7
Avicennia officinalis L.,AVICENNIACEAE,"Ayurveda, Siddha, Folk",,,https://www.medicinalplants.in/searchpage/showdetails/xplant_id/c98c9aa609e27c661c9007391ab11adf/xclkon/e6b8ccaa1dceb49fafc62ee842e28f1f
,ARACEAE,,,,https://www.medicinalplants.in/searchpage/showdetails/xplant_id/1dc9bd4cafbfec108bf087f636abd5db
,POACEAE,,,,https://www.medicinalplants.in/searchpage/showdetails/xplant_id/00e9fae090a40b0f651d720a76bb7c49
Aristolochia bracteolata LAM.,ARISTOLOCHIACEAE,"Ayurveda, Siddha, Folk",Aristolochia bracteata RETZ.,,https://www.medicinalplants.in/searchpage/showdetails/xplant_id/2516c519da6bdf64bc291cd56d62a0eb/xclkon/e73b845a0ee25891129c126cd14bfcb8
Aristolochia bracteolata LAM.,ARISTOLOCHIACEAE,"Ayurveda, Siddha, Folk",Aristolochia bracteata RETZ.,,https://www.medicinalplants.in/searchpage/showdetails/xplant_id/2516c519da6bdf64bc291cd56d62a0eb
Aristolochia indica L.,ARISTOLOCHIACEAE,,,,https://www.medicinalplants.in/searchpage/showdetails/xplant_id/7a96b90285b25db221e6727e2fffd19a
,BORAGINACEAE,"Ayurveda, Folk",,,https://www.medicinalplants.in/searchpage/showdetails/xplant_id/cd30c7824407b5b2e6b5a148bc973708
Artabotrys hexapetalus (L.F.) BHANDARI,ANNONACEAE,"Ayurveda, Siddha, Folk",Artabotrys odoratissimus R.BR.,,https://www.medicinalplants.in/searchpage/showdetails/xplant_id/a7674c0d9206ae9cc4f3ad22f3cd792e
Artabotrys hexapetalus (L.F.) BHANDARI,ANNONACEAE,"Ayurveda, Siddha, Folk",Artabotrys odoratissimus R.BR.,,https://www.medicinalplants.in/searchpage/showdetails/xplant_id/a7674c0d9206ae9cc4f3ad22f3cd792e/xclkon/1a2545db3b70bd46466120e3cef16acd
,SCROPHULARIACEAE,"Ayurveda, Folk",,,https://www.medicinalplants.in/searchpage/showdetails/xplant_id/7315b021d43e30e764fae4f42694628c/xclkon/8e64c43fa2058285022687ca56c01586
,SCROPHULARIACEAE,"Ayurveda, Folk",,,https://www.medicinalplants.in/searchpage/showdetails/xplant_id/7315b021d43e30e764fae4f42694628c
,SCROPHULARIACEAE,"Ayurveda, Folk",,,https://www.medicinalplants.in/searchpage/showdetails/xplant_id/7315b021d43e30e764fae4f42694628c/xclkon/205de076b9a09c3e928159e0c318a4b1
Artemisia absinthium L.,ASTERACEAE,,,,https://www.medicinalplants.in/searchpage/showdetails/xplant_id/6e534d7083cdfa8ae55baa1e0b585b90
,ASTERACEAE,,,,https://www.medicinalplants.in/searchpage/showdetails/xplant_id/f61f475ccc820fda6e1d8bb5b2ef2a25
Artemisia maritima L.,ASTERACEAE,"Ayurveda, Homeopathy, Folk",Artemisia brevifolia WALL. EX DC.,,https://www.medicinalplants.in/searchpage/showdetails/xplant_id/125f618790fe26adac71053fc6318dbc/xclkon/d448dc3988d7a40ea632d7431f182e34
,ASTERACEAE,,,,https://www.medicinalplants.in/searchpage/showdetails/xplant_id/e748fc586a2c3252aaa2e30101c6dde3
Artemisia nilagirica (CLARKE) PAMP.,ASTERACEAE,"Ayurveda, Siddha, Unani, Homeopathy, Folk, Sowa-Rigpa",Artemisia indica WILLD.,,https://www.medicinalplants.in/searchpage/showdetails/xplant_id/7475bc38738246669b1af949662b6871/xclkon/ee1b486457f94add8967fcdccb0b2901
Artemisia nilagirica (CLARKE) PAMP.,ASTERACEAE,"Ayurveda, Siddha, Unani, Homeopathy, Folk, Sowa-Rigpa",Artemisia indica WILLD.,,https://www.medicinalplants.in/searchpage/showdetails/xplant_id/7475bc38738246669b1af949662b6871
Artemisia sieversiana EHRH. EX WILLD.,ASTERACEAE,,,,https://www.medicinalplants.in/searchpage/showdetails/xplant_id/bbcc90a4104007feb548a8fc9078e34c
Artemisia nilagirica (CLARKE) PAMP.,ASTERACEAE,"Ayurveda, Siddha, Unani, Homeopathy, Folk, Sowa-Rigpa",Artemisia indica WILLD.,,https://www.medicinalplants.in/searchpage/showdetails/xplant_id/7475bc38738246669b1af949662b6871/xclkon/170e7c9eedb83a01e5177f4191bbd8d2
,CHENOPODIACEAE,"Ayurveda, Siddha, Folk",,,https://www.medicinalplants.in/searchpage/showdetails/xplant_id/020d7c9d590a49fa2a0268577153493f
,MORACEAE,,,,https://www.medicinalplants.in/searchpage/showdetails/xplant_id/87ca073e03ed19925b6be7456dec55c4
,MORACEAE,,,,https://www.medicinalplants.in/searchpage/showdetails/xplant_id/8c68ae9bd99691943746491fc259c3f4
Artocarpus heterophyllus LAM.,MORACEAE,"Ayurveda, Siddha, Folk",Artocarpus integra (THUNB.) MERRILL. Artocarpus integrifolia L. F.,,https://www.medicinalplants.in/searchpage/showdetails/xplant_id/f341d2db9e612bbf5245e10133d7cd44
,MORACEAE,,,,https://www.medicinalplants.in/searchpage/showdetails/xplant_id/e4ea54b12529be3024b6e977d96dbf6b
Artocarpus heterophyllus LAM.,MORACEAE,"Ayurveda, Siddha, Folk",Artocarpus integra (THUNB.) MERRILL. Artocarpus integrifolia L. F.,,https://www.medicinalplants.in/searchpage/showdetails/xplant_id/f341d2db9e612bbf5245e10133d7cd44/xclkon/dd1192ea88062859e11fa8c24755d6ad
Artocarpus heterophyllus LAM.,MORACEAE,"Ayurveda, Siddha, Folk",Artocarpus integra (THUNB.) MERRILL. Artocarpus integrifolia L. F.,,https://www.medicinalplants.in/searchpage/showdetails/xplant_id/f341d2db9e612bbf5245e10133d7cd44/xclkon/ae64da54af1f47e290e0c690ed6fccd7
Artocarpus lakoocha ROXB.,MORACEAE,,,,https://www.medicinalplants.in/searchpage/showdetails/xplant_id/4f3b2d4322bec43f50db72d7e0bbdeef
,ARACEAE,"Ayurveda, Siddha, Unani, Folk",,,https://www.medicinalplants.in/searchpage/showdetails/xplant_id/a8e45e0c947b54ff55829326cce9168e/xclkon/9f25acfde30909e039a1892d43818729
Colocasia esculenta (L.) SCHOTT,ARACEAE,"Ayurveda, Siddha, Unani, Folk",Arum colocasia L. Colocasia antiquorum SCHOTT,,https://www.medicinalplants.in/searchpage/showdetails/xplant_id/d261ad160748e7170f7a11df570890b8/xclkon/947af6deac7eff3950e52b1dc4385d8a
,ARACEAE,"Ayurveda, Siddha",,,https://www.medicinalplants.in/searchpage/showdetails/xplant_id/c6a53b220ebf0e8aad02f5f07d22efe7/xclkon/2db22231fbc4fd9d5177b5d36f7b16fb
Arundo donax L.,POACEAE,,,,https://www.medicinalplants.in/searchpage/showdetails/xplant_id/2f2ad14ae94ece76f05a931850e180e5
Phragmites karka TRIN. EX STEUD.,POACEAE,"Ayurveda, Siddha, Folk, Sowa-Rigpa",Arundo karka RETZ.,,https://www.medicinalplants.in/searchpage/showdetails/xplant_id/130721dc95f6a7e5434c31359fc34c32/xclkon/a6f55e8372601f024c9e20b51b59787d
,ARISTOLOCHIACEAE,,,,https://www.medicinalplants.in/searchpage/showdetails/xplant_id/95ce22e6aa2a6262dd82bbcaa7924eb6
Tylophora indica (BURM.F.) MERRILL,ASCLEPIADACEAE,"Ayurveda, Siddha, Homeopathy, Folk",Asclepias asthmatica WILLD.,,https://www.medicinalplants.in/searchpage/showdetails/xplant_id/1549400588c63584c7fe0037adf8a4e2/xclkon/97aedee76330f68521c2912b2e2dc453
Asclepias curassavica L.,ASCLEPIADACEAE,,,,https://www.medicinalplants.in/searchpage/showdetails/xplant_id/aba02209fa1a529826e8a5e336075429
Calotropis gigantea (L.) R.BR.,ASCLEPIADACEAE,"Ayurveda, Siddha, Unani, Homeopathy, Folk, Sowa-Rigpa",Asclepias gigantea WILLD.,,https://www.medicinalplants.in/searchpage/showdetails/xplant_id/9154e8f7b6a3cdddea2f4dd0a1076f89/xclkon/8caccd32abaee977d8cdb7fd6360b723
Wattakaka volubilis (L.F.) STAPF,ASCLEPIADACEAE,"Ayurveda, Siddha, Unani, Folk",Asclepias volubilis L.F.,,https://www.medicinalplants.in/searchpage/showdetails/xplant_id/66abd203e28e8a1260e62436cbe8a63d/xclkon/a9c1229eb534e26a6161474d02235f1e
Tylophora indica (BURM.F.) MERRILL,ASCLEPIADACEAE,"Ayurveda, Siddha, Homeopathy, Folk",Asclepias asthmatica WILLD.,,https://www.medicinalplants.in/searchpage/showdetails/xplant_id/1549400588c63584c7fe0037adf8a4e2/xclkon/7c5a2214a23cfa7559028dc7285f7b50
,FABACEAE,,,,https://www.medicinalplants.in/searchpage/showdetails/xplant_id/985c6a0aac84f48b882e6a287fc5d15e
Asparagus adscendens ROXB.,LILIACEAE,,,,https://www.medicinalplants.in/searchpage/showdetails/xplant_id/31ff91e8cf2224fccb7fbb9372601656
Asparagus curillus BUCH .-HAM.,LILIACEAE,,,,https://www.medicinalplants.in/searchpage/showdetails/xplant_id/4cf77d7ccb81a65c7cc3d40ddb3ef37f
Asparagus filicinus BUCH .-HAM. EX D. DON,LILIACEAE,,,,https://www.medicinalplants.in/searchpage/showdetails/xplant_id/b9568828d9921ce92ddeb1f5b91e5d8f
,LILIACEAE,,,,https://www.medicinalplants.in/searchpage/showdetails/xplant_id/4478720d24aa54217653a619d3e78ac0
Asparagus racemosus WILLD.,LILIACEAE,,,,https://www.medicinalplants.in/searchpage/showdetails/xplant_id/739a42451fb9c14fd1f382b72baf507d
,LILIACEAE,,,,https://www.medicinalplants.in/searchpage/showdetails/xplant_id/de94495a4d43cb4d8c640f4bcd1b7a1b
Hygrophila schulli (HAM.) M.R. & S.M. ALMEIDA,ACANTHACEAE,"Ayurveda, Siddha, Unani, Homeopathy, Folk, Sowa-Rigpa",Asteracantha longifolia (L.) NEES,,https://www.medicinalplants.in/searchpage/showdetails/xplant_id/f2a716233e942c22d7165568a5a1341d/xclkon/da8288e06b3db16072344685f795b14d
Asystasia gangetica (L.) T. ANDERSON,ACANTHACEAE,"Ayurveda, Siddha, Folk",Asystasia coromandeliana NEES,,https://www.medicinalplants.in/searchpage/showdetails/xplant_id/7a396225c6edee019f9823d87d5c79a1/xclkon/fd67ee7f3b9893519efa35a2e7baab2f
Asystasia gangetica (L.) T. ANDERSON,ACANTHACEAE,"Ayurveda, Siddha, Folk",Asystasia coromandeliana NEES,,https://www.medicinalplants.in/searchpage/showdetails/xplant_id/7a396225c6edee019f9823d87d5c79a1
Atalantia monophylla CORR.,RUTACEAE,"Ayurveda, Siddha, Folk",,,https://www.medicinalplants.in/searchpage/showdetails/xplant_id/03e6ba682e2d25c6bd3815a9202536d8
,SOLANACEAE,,,,https://www.medicinalplants.in/searchpage/showdetails/xplant_id/0826c8e10244ecaaa1d384609904a397
,FABACEAE,"Ayurveda, Folk",,,https://www.medicinalplants.in/searchpage/showdetails/xplant_id/60aa5a20678b023bddf7256afff01cd8/xclkon/7736ca10d57004b6e3dc007faaf707c4
,FABACEAE,"Ayurveda, Folk",,,https://www.medicinalplants.in/searchpage/showdetails/xplant_id/60aa5a20678b023bddf7256afff01cd8
Averrhoa carambola L.,OXALIDACEAE,,,,https://www.medicinalplants.in/searchpage/showdetails/xplant_id/70f29ae5502f8433970fc679ecedd77b
Avicennia officinalis L.,AVICENNIACEAE,"Ayurveda, Siddha, Folk",,,https://www.medicinalplants.in/searchpage/showdetails/xplant_id/c98c9aa609e27c661c9007391ab11adf
Azadirachta indica A. JUSS.,MELIACEAE,"Ayurveda, Siddha, Unani, Homeopathy, Folk, Sowa-Rigpa",Melia azadirachta L.,,https://www.medicinalplants.in/searchpage/showdetails/xplant_id/824a2c2219788b48e2a3bb1633d43370
Thespesia lampas (CAV.) DALZ. EX DALZ.,MALVACEAE,"Ayurveda, Siddha, Folk",Azanza lampas (CAV.) ALEF.,,https://www.medicinalplants.in/searchpage/showdetails/xplant_id/dce52209e08745bc3ad7912e59b35047/xclkon/541d34a8ed5d57b03b2d446b0e29d0c7
Azima tetracantha LAM.,SALVADORACEAE,"Ayurveda, Siddha, Folk",,,https://www.medicinalplants.in/searchpage/showdetails/xplant_id/94e90e4e6e353db4638d4f9f52816cc9
Bacopa monnieri (L.) PENNELL,SCROPHULARIACEAE,"Ayurveda, Siddha, Unani, Homeopathy, Folk",Gratiola monnieria L.,,https://www.medicinalplants.in/searchpage/showdetails/xplant_id/297fcf5c215cc8b1a93d83ac1763b38b
Balanites aegyptiaca (L.) DELILE,BALANITACEAE,"Ayurveda, Siddha, Unani, Folk, Sowa-Rigpa",Balanites roxburghii PLANCH.,,https://www.medicinalplants.in/searchpage/showdetails/xplant_id/cdc40766b050f355f72e25ef8060a9b7
Balanites aegyptiaca (L.) DELILE,BALANITACEAE,"Ayurveda, Siddha, Unani, Folk, Sowa-Rigpa",Balanites roxburghii PLANCH.,,https://www.medicinalplants.in/searchpage/showdetails/xplant_id/cdc40766b050f355f72e25ef8060a9b7/xclkon/9c110a3bb5b2e7f93f0ee16dda637ca3
Baliospermum solanifolium (J.BURM.) SURESH,EUPHORBIACEAE,"Ayurveda, Siddha, Unani, Folk, Sowa-Rigpa",Baliospermum axillare BLUME,,https://www.medicinalplants.in/searchpage/showdetails/xplant_id/f6de86c1e86de21e2adc9d900f6090cd/xclkon/029aef95772bcbfdcecd82e64295e867
Baliospermum calycinum MUELL.,EUPHORBIACEAE,,,,https://www.medicinalplants.in/searchpage/showdetails/xplant_id/2b3e1e1bdeb346a1814f5aff1cefc2c0
Baliospermum solanifolium (J.BURM.) SURESH,EUPHORBIACEAE,"Ayurveda, Siddha, Unani, Folk, Sowa-Rigpa",Baliospermum axillare BLUME,,https://www.medicinalplants.in/searchpage/showdetails/xplant_id/f6de86c1e86de21e2adc9d900f6090cd/xclkon/9880ad72c7fc698adc45355595f69f38
,EUPHORBIACEAE,,,,https://www.medicinalplants.in/searchpage/showdetails/xplant_id/b61c446a38833336b45d96d547e2d535
Baliospermum solanifolium (J.BURM.) SURESH,EUPHORBIACEAE,"Ayurveda, Siddha, Unani, Folk, Sowa-Rigpa",Baliospermum axillare BLUME,,https://www.medicinalplants.in/searchpage/showdetails/xplant_id/f6de86c1e86de21e2adc9d900f6090cd
Commiphora agallocha ENGL.,BURSERACEAE,"Ayurveda, Folk",,,https://www.medicinalplants.in/searchpage/showdetails/xplant_id/25b83113b6fab0ab1732d7d7e153df7a/xclkon/7a7cb97033a5ccabcf3d587e78349955
,BURSERACEAE,"Ayurveda, Siddha, Unani",,,https://www.medicinalplants.in/searchpage/showdetails/xplant_id/8053682e1350e81d159c941958baac0d/xclkon/32516bb9eae25f015df3a4a76c32a417
Commiphora wightii (A.) BHANDARI,BURSERACEAE,"Ayurveda, Siddha, Unani, Sowa-Rigpa",Balsamodendron mukul HOOK. EX STOCKS.,,https://www.medicinalplants.in/searchpage/showdetails/xplant_id/8fdf276e71da0de9d2b47bd1003259be/xclkon/7a8aadecf0206ff5a6da660954aa65c9
Commiphora myrrha ENGL.,BURSERACEAE,"Ayurveda, Siddha, Unani, Sowa-Rigpa",Balsamodendron myrrha N.& E.,,https://www.medicinalplants.in/searchpage/showdetails/xplant_id/62b4c58d8e0366dc7366d335ad7ae585/xclkon/ef9026b89e24f29e946a7b78bb91af7b
,BURSERACEAE,,,,https://www.medicinalplants.in/searchpage/showdetails/xplant_id/ee989950b35ddaa0690296b8c1aedacf
Bambusa arundinacea WILLD.,BAMBUSACEAE,"Ayurveda, Siddha, Unani, Folk",,,https://www.medicinalplants.in/searchpage/showdetails/xplant_id/c1b3bf4ab82b51c86164353d81c0b5d6
Bambusa arundinacea WILLD.,BAMBUSACEAE,"Ayurveda, Siddha, Unani, Folk",,,https://www.medicinalplants.in/searchpage/showdetails/xplant_id/c1b3bf4ab82b51c86164353d81c0b5d6/xclkon/bbb928f6bc85c2b00535dc0aa5886d69
Barleria acanthoides VAHL.,ACANTHACEAE,,,,https://www.medicinalplants.in/searchpage/showdetails/xplant_id/d7e731e92394f28ed204ab72d4191ba6
Barleria buxifolia L.,ACANTHACEAE,,,,https://www.medicinalplants.in/searchpage/showdetails/xplant_id/98685543b6be3f0dbba4ff92a662fec9
Barleria courtallica NEES,ACANTHACEAE,,,,https://www.medicinalplants.in/searchpage/showdetails/xplant_id/5e59686fce8aca81178aaefc639c439b
Barleria cristata L.,ACANTHACEAE,,,,https://www.medicinalplants.in/searchpage/showdetails/xplant_id/7c9347ebbda5326f27d945845f83bfb6
Barleria involucrata NEES,ACANTHACEAE,,,,https://www.medicinalplants.in/searchpage/showdetails/xplant_id/84e1fd2d8d8440fbdc3c154fc5a163c9
Barleria longiflora L.F.,ACANTHACEAE,,,,https://www.medicinalplants.in/searchpage/showdetails/xplant_id/8ed084b9a9da2159cf80feec815bc49c
Hygrophila schulli (HAM.) M.R. & S.M. ALMEIDA,ACANTHACEAE,"Ayurveda, Siddha, Unani, Homeopathy, Folk, Sowa-Rigpa",Asteracantha longifolia (L.) NEES,,https://www.medicinalplants.in/searchpage/showdetails/xplant_id/f2a716233e942c22d7165568a5a1341d/xclkon/2f97aaca14f9d5848de212cc29e8b545
Barleria prionitis L.,ACANTHACEAE,,,,https://www.medicinalplants.in/searchpage/showdetails/xplant_id/359e4e4e55e6a9a1d18301597f89eea0
Barleria strigosa WILLD.,ACANTHACEAE,,,,https://www.medicinalplants.in/searchpage/showdetails/xplant_id/4d44f2d69d2c726a843638429c67d3fb
Barringtonia acutangula (L.) GAERTN.,BARINGTONIACEAE,,,,https://www.medicinalplants.in/searchpage/showdetails/xplant_id/6e400ba7639ad39d4c014b5371b3fa8e
Barringtonia racemosa (L.) K.SPRENG.,BARINGTONIACEAE,"Ayurveda, Siddha, Folk",Eugenia racemosa L.,,https://www.medicinalplants.in/searchpage/showdetails/xplant_id/b14490a3c7c4c893d2ba90b25a5c499e
,SAPOTACEAE,"Ayurveda, Folk",,,https://www.medicinalplants.in/searchpage/showdetails/xplant_id/13abc384d83346dcb2ce617d255f4e77/xclkon/93ddff5118ffbc8156b218abe13f28ee
Madhuca longifolia (KOEN.) MACLER,SAPOTACEAE,"Ayurveda, Siddha, Folk",Bassia latifolia ROXB.,,https://www.medicinalplants.in/searchpage/showdetails/xplant_id/ec2a2de5f7117118a08d489c667667a7/xclkon/54e8b94dcde73ab4d335b16ef454b1fd
Madhuca longifolia (KOEN.) MACLER,SAPOTACEAE,"Ayurveda, Siddha, Folk",Bassia latifolia ROXB.,,https://www.medicinalplants.in/searchpage/showdetails/xplant_id/ec2a2de5f7117118a08d489c667667a7/xclkon/2e1b2667ee4d8f96452512b96a6af9ff
Bauhinia acuminata L.,CAESALPINIACEAE,,,,https://www.medicinalplants.in/searchpage/showdetails/xplant_id/7b4e0d78e6bf0845e8ebebb4c1b6eeca
,CAESALPINIACEAE,,,,https://www.medicinalplants.in/searchpage/showdetails/xplant_id/a96199b7e93ac66217c309d377a41a0b
Bauhinia malabarica ROXB.,CAESALPINIACEAE,"Ayurveda, Siddha, Folk",Piliostigma malabaricum (ROXB.) BENTH.,,https://www.medicinalplants.in/searchpage/showdetails/xplant_id/af2ce0dc28ca3530302c33ad673efb7f
Bauhinia purpurea L.,CAESALPINIACEAE,,,,https://www.medicinalplants.in/searchpage/showdetails/xplant_id/51bf46b3309a3cbde5d4370caff2809b
Bauhinia racemosa LAM.,CAESALPINIACEAE,,,,https://www.medicinalplants.in/searchpage/showdetails/xplant_id/6c2b4c5010227c6fe9941b648c2f055d
Bauhinia tomentosa L.,CAESALPINIACEAE,,,,https://www.medicinalplants.in/searchpage/showdetails/xplant_id/aec7323fe050ef19bbba0d307154dbce
Bauhinia vahlii WIGHT & ARN.,CAESALPINIACEAE,,,,https://www.medicinalplants.in/searchpage/showdetails/xplant_id/bdde7b4fb44547c717301fdfe633c6ca
Bauhinia variegata L.,CAESALPINIACEAE,,,,https://www.medicinalplants.in/searchpage/showdetails/xplant_id/48f469edb3ed892b684c9dcf655e843e
Benincasa hispida (THUNB.) COGN.,CUCURBITACEAE,"Ayurveda, Siddha, Unani, Folk, Sowa-Rigpa",Benincasa cerifera SAVI,,https://www.medicinalplants.in/searchpage/showdetails/xplant_id/b97c80a9c80c326e5751c068d24aabbe/xclkon/1e83875bc3594e9dda0229af09d35c6e
Benincasa hispida (THUNB.) COGN.,CUCURBITACEAE,"Ayurveda, Siddha, Unani, Folk, Sowa-Rigpa",Benincasa cerifera SAVI,,https://www.medicinalplants.in/searchpage/showdetails/xplant_id/b97c80a9c80c326e5751c068d24aabbe
Berberis aristata DC.,BERBERIDACEAE,,,,https://www.medicinalplants.in/searchpage/showdetails/xplant_id/1685daa1d81056ff688084cfe23825e9
Berberis asiatica ROXB.,BERBERIDACEAE,,,,https://www.medicinalplants.in/searchpage/showdetails/xplant_id/859dd59f42ed55fa20aa69926c77a51a
Berberis chitria EDWARDS,BERBERIDACEAE,,,,https://www.medicinalplants.in/searchpage/showdetails/xplant_id/50935bb6ed4273d81c7e259d2067512e
,SAXIFRAGACEAE,,,,https://www.medicinalplants.in/searchpage/showdetails/xplant_id/1e40568cf647cb7e68cc2c171f507b69
Bergenia ciliata (HOW.) STERN.,SAXIFRAGACEAE,"Ayurveda, Unani, Sowa-Rigpa",,,https://www.medicinalplants.in/searchpage/showdetails/xplant_id/f1d049b12746b9fcb10349f82b32d0ec
Bergenia ciliata (HOW.) STERN.,SAXIFRAGACEAE,"Ayurveda, Unani, Sowa-Rigpa",,,https://www.medicinalplants.in/searchpage/showdetails/xplant_id/f1d049b12746b9fcb10349f82b32d0ec/xclkon/2465817c4a7dab9f66eb227768ec7ecb
,SAXIFRAGACEAE,,,,https://www.medicinalplants.in/searchpage/showdetails/xplant_id/03bc9f98e4a827873261a5104a0c374c
Murraya koenigii (L.) SPR.,RUTACEAE,"Ayurveda, Siddha, Folk",Bergera koenigii L.,,https://www.medicinalplants.in/searchpage/showdetails/xplant_id/af44637aa5f0732b104e377cf264567e/xclkon/b80bfccd045e39bc363e7abfdc978ca6
Beta vulgaris L.,CHENOPODIACEAE,"Ayurveda, Unani, Homeopathy",,,https://www.medicinalplants.in/searchpage/showdetails/xplant_id/9827d4fecd35be4638d6089bd646c7ae/xclkon/ef41081eeeb95a6beb1bdc69d0bf5c8b
,CHENOPODIACEAE,,,,https://www.medicinalplants.in/searchpage/showdetails/xplant_id/1012c534346ae835586a42c77a6b380d
Beta vulgaris L.,CHENOPODIACEAE,"Ayurveda, Unani, Homeopathy",,,https://www.medicinalplants.in/searchpage/showdetails/xplant_id/9827d4fecd35be4638d6089bd646c7ae
Betula utilis DON,BETULACEAE,"Ayurveda, Siddha, Sowa-Rigpa",Betula bhojpattra WALL.,,https://www.medicinalplants.in/searchpage/showdetails/xplant_id/9caf4bf1850b735cd5190dc76441947c/xclkon/9b3d596b6b6acf402c5c3ee89302c478
Betula utilis DON,BETULACEAE,"Ayurveda, Siddha, Sowa-Rigpa",Betula bhojpattra WALL.,,https://www.medicinalplants.in/searchpage/showdetails/xplant_id/9caf4bf1850b735cd5190dc76441947c
Stereospermum chelonoides (L.F.) DC.,BIGNONIACEAE,"Ayurveda, Siddha, Unani, Folk, Sowa-Rigpa",Bignonia chelonoides L.F.,,https://www.medicinalplants.in/searchpage/showdetails/xplant_id/81a7142da6d3e9316c713044dd02140d/xclkon/823307c7c86b0e73ed95eac3410cb780
Oroxylum indicum (L.) VENT.,BIGNONIACEAE,"Ayurveda, Siddha, Unani, Folk, Sowa-Rigpa",Bignonia indica L.,,https://www.medicinalplants.in/searchpage/showdetails/xplant_id/f41aa7d1c905dc82c023d554c64884a9/xclkon/eb3088cc43530a79c74e393d99ecab79
Biophytum candolleanum WIGHT,OXALIDACEAE,,,,https://www.medicinalplants.in/searchpage/showdetails/xplant_id/128b5b9e036f3355a8c9cde1dc438659
Biophytum reinwardtii (ZUCC.) KLOTZSCH,OXALIDACEAE,,,,https://www.medicinalplants.in/searchpage/showdetails/xplant_id/644d00c64419d2a798064123d9ddc66b
Bixa orellana L.,BIXACEAE,,,,https://www.medicinalplants.in/searchpage/showdetails/xplant_id/8d0812dcec1feb32e6de6d3d3f45f5c5
"Blepharis persica (BURM.) O. KUNTZE X Family - ACANTHACEAE System(s) of Indian Medicine - Ayurveda, Unani, Folk Botanical Synonyms (1) - Blepharis edulis PERS.",ACANTHACEAE,"Ayurveda, Unani, Folk",Blepharis edulis PERS.,,https://www.medicinalplants.in/searchpage/showdetails/xplant_id/227437f15c6d91028bd0133aa36f3fbf/xclkon/aa82610f0e0565403e7e74f762e713b5
Blepharis sindica STOCKS EX T.ANDERS,ACANTHACEAE,Ayurveda,Blepharis linariaefolia PERS.,,https://www.medicinalplants.in/searchpage/showdetails/xplant_id/f26e83345d4bd48b94c40473889dbda3/xclkon/e4cb4642750acfce1cc5a0cb89d677c0
"Blepharis persica (BURM.) O. KUNTZE X Family - ACANTHACEAE System(s) of Indian Medicine - Ayurveda, Unani, Folk Botanical Synonyms (1) - Blepharis edulis PERS.",ACANTHACEAE,"Ayurveda, Unani, Folk",Blepharis edulis PERS.,,https://www.medicinalplants.in/searchpage/showdetails/xplant_id/227437f15c6d91028bd0133aa36f3fbf
Blepharis sindica STOCKS EX T.ANDERS,ACANTHACEAE,Ayurveda,Blepharis linariaefolia PERS.,,https://www.medicinalplants.in/searchpage/showdetails/xplant_id/f26e83345d4bd48b94c40473889dbda3
Blepharispermum subsessile DC.,ASTERACEAE,,,,https://www.medicinalplants.in/searchpage/showdetails/xplant_id/7fbee11bc8def2f24d8ab3384a325323
Blumea balsamifera DC.,ASTERACEAE,"Ayurveda, Unani, Sowa-Rigpa",Blumea densiflora DC.,,https://www.medicinalplants.in/searchpage/showdetails/xplant_id/fcb757b557d5ef2a3f9a86f1adffe2bd
Blumea balsamifera DC.,ASTERACEAE,"Ayurveda, Unani, Sowa-Rigpa",Blumea densiflora DC.,,https://www.medicinalplants.in/searchpage/showdetails/xplant_id/fcb757b557d5ef2a3f9a86f1adffe2bd/xclkon/37aceafb032bcffaeec0c7495496397c
Blumea erientha DC.,ASTERACEAE,,,,https://www.medicinalplants.in/searchpage/showdetails/xplant_id/c8eeeb1edbe893dac52c8d6adeb9bc15
Blumea lacera DC.,ASTERACEAE,,,,https://www.medicinalplants.in/searchpage/showdetails/xplant_id/db597fcd2dd82460853c3cc45986e899
,HYDROCHARITACEAE,,,,https://www.medicinalplants.in/searchpage/showdetails/xplant_id/2d7cf794907b561e598b14a9df6e5bbe
Boerhavia diffusa L.,NYCTAGINACEAE,"Ayurveda, Siddha, Unani, Homeopathy, Folk",Boerhavia repens L.,,https://www.medicinalplants.in/searchpage/showdetails/xplant_id/75868742d47c459a0bbef44b988ead65
Boerhavia erecta L.,NYCTAGINACEAE,,,,https://www.medicinalplants.in/searchpage/showdetails/xplant_id/0505d48c02bc2e2d688bc7f9201cca7c
Boerhavia diffusa L.,NYCTAGINACEAE,"Ayurveda, Siddha, Unani, Homeopathy, Folk",Boerhavia repens L.,,https://www.medicinalplants.in/searchpage/showdetails/xplant_id/75868742d47c459a0bbef44b988ead65/xclkon/084d96560dfddc6c995db297eb2bf3dd
,NYCTAGINACEAE,"Ayurveda, Siddha, Folk, Sowa-Rigpa",,,https://www.medicinalplants.in/searchpage/showdetails/xplant_id/61b8ba46236d8e957962f28d3c4eb2c5/xclkon/9e7751871e873767ab8b1d79f94510fa
,ZINGIBERACEAE,,,,https://www.medicinalplants.in/searchpage/showdetails/xplant_id/841fcccda7ef676ef739176ff68595c3
Bombax ceiba L.,BOMBACACEAE,"Ayurveda, Siddha, Unani, Folk, Sowa-Rigpa",Bombax malabaricum DC.,,https://www.medicinalplants.in/searchpage/showdetails/xplant_id/f4df3d740a26f6ad1fc5eec095132bff
Bombax insigne WALL.,BOMBACACEAE,"Ayurveda, Siddha",Salmalia insignis (WALL.) SCHOTT & ENDL.,,https://www.medicinalplants.in/searchpage/showdetails/xplant_id/b1dc01e870fe41f5c58d6ab70f240a47
Bombax ceiba L.,BOMBACACEAE,"Ayurveda, Siddha, Unani, Folk, Sowa-Rigpa",Bombax malabaricum DC.,,https://www.medicinalplants.in/searchpage/showdetails/xplant_id/f4df3d740a26f6ad1fc5eec095132bff/xclkon/bdc46eef65b7fa11273e8bec165e65e8
Borassus flabellifer L.,ARECACEAE,"Ayurveda, Siddha, Unani, Folk, Sowa-Rigpa",,,https://www.medicinalplants.in/searchpage/showdetails/xplant_id/78fe60d026b1688e91cd99182827e1ff
Borassus flabellifer L.,ARECACEAE,"Ayurveda, Siddha, Unani, Folk, Sowa-Rigpa",,,https://www.medicinalplants.in/searchpage/showdetails/xplant_id/78fe60d026b1688e91cd99182827e1ff/xclkon/dd071c2e76b2532e365cb53d185c5c47
Borreria articularis (L.F.) WILLIAMS,RUBIACEAE,"Ayurveda, Folk",Spermacoce articularis L.F.,,https://www.medicinalplants.in/searchpage/showdetails/xplant_id/520660f62fadb81d3f3443bf8de8e24e
,RUBIACEAE,"Ayurveda, Siddha, Folk",,,https://www.medicinalplants.in/searchpage/showdetails/xplant_id/83c0ece9d3c398114510aea8e6669d50
Boswellia serrata ROXB.,BURSERACEAE,"Ayurveda, Siddha, Unani, Folk, Sowa-Rigpa",Boswellia glabra ROXB.,,https://www.medicinalplants.in/searchpage/showdetails/xplant_id/178cc9ad03d6f4d8fd4257d486c60e22/xclkon/9403e101fdfc8bd700ee5265031843ca
Boswellia serrata ROXB.,BURSERACEAE,"Ayurveda, Siddha, Unani, Folk, Sowa-Rigpa",Boswellia glabra ROXB.,,https://www.medicinalplants.in/searchpage/showdetails/xplant_id/178cc9ad03d6f4d8fd4257d486c60e22/xclkon/4657546057a7a522681239099a690c16
Boswellia serrata ROXB.,BURSERACEAE,"Ayurveda, Siddha, Unani, Folk, Sowa-Rigpa",Boswellia glabra ROXB.,,https://www.medicinalplants.in/searchpage/showdetails/xplant_id/178cc9ad03d6f4d8fd4257d486c60e22
Boswellia serrata ROXB.,BURSERACEAE,"Ayurveda, Siddha, Unani, Folk, Sowa-Rigpa",Boswellia glabra ROXB.,,https://www.medicinalplants.in/searchpage/showdetails/xplant_id/178cc9ad03d6f4d8fd4257d486c60e22/xclkon/18f5990d6eb3c2867134195014979ced
Caralluma edulis BENTH.,ASCLEPIADACEAE,"Ayurveda, Folk",Boucerosia aucheriana DECNE.,,https://www.medicinalplants.in/searchpage/showdetails/xplant_id/ca16a5e61696888560f9308282848d6b/xclkon/15f541a4386ac0e013acbc178c8325c5
Sinapis alba L.,BRASSICACEAE,"Ayurveda, Siddha, Unani, Homeopathy",Brassica alba (L.) RABENH,,https://www.medicinalplants.in/searchpage/showdetails/xplant_id/97682f673c65290c43247757c6b4f361/xclkon/46615f440c651ca05d8abb4227995a52
,BRASSICACEAE,,,,https://www.medicinalplants.in/searchpage/showdetails/xplant_id/de2afdb402f93d318113fdb7598cc94f
,BRASSICACEAE,,,,https://www.medicinalplants.in/searchpage/showdetails/xplant_id/e503b3f819aa62980269d1cbaedca685
,BRASSICACEAE,"Ayurveda, Unani",,,https://www.medicinalplants.in/searchpage/showdetails/xplant_id/11906f10a5e39aa8e0128d4f9e7a93ac/xclkon/d8abd760bef061b32b3ca9967c192d3f
Brassica rapa L. subsp. campestsris (L.) L.,BRASSICACEAE,"Ayurveda, Unani, Folk, Sowa-Rigpa",Brassica campestris L.,,https://www.medicinalplants.in/searchpage/showdetails/xplant_id/d6ba7db9ee3cf915fbea2fa92a30a73b/xclkon/009c9a98a0ed284cb21fa73d531d916d
Brassica juncea (L.) CZERN. SSP. JUNCEA,BRASSICACEAE,"Ayurveda, Siddha, Unani",,,https://www.medicinalplants.in/searchpage/showdetails/xplant_id/0b64049122ff5a51f040473e331c296a/xclkon/2a162726e84716ce7aa3e19d23507785
"Brassica juncea (L.) CZERN. var. integrifolia (WEST) SINSKAJA X Family - BRASSICACEAE System(s) of Indian Medicine - Ayurveda, Siddha, Unani, Folk Botanical Synonyms (2) - Sinapis juncea L.",BRASSICACEAE,"Ayurveda, Siddha, Unani, Folk",Sinapis juncea L.,,https://www.medicinalplants.in/searchpage/showdetails/xplant_id/35b1b446f9c1865523515bc7cb4315ca
Brassica juncea (L.) CZERN. SSP. JUNCEA,BRASSICACEAE,"Ayurveda, Siddha, Unani",,,https://www.medicinalplants.in/searchpage/showdetails/xplant_id/0b64049122ff5a51f040473e331c296a
,BRASSICACEAE,"Ayurveda, Unani",,,https://www.medicinalplants.in/searchpage/showdetails/xplant_id/11906f10a5e39aa8e0128d4f9e7a93ac
,BRASSICACEAE,,,,https://www.medicinalplants.in/searchpage/showdetails/xplant_id/9fb847d71d0cda4dbe1a26f640137982
Brassica nigra (L.) KOCH.,BRASSICACEAE,"Ayurveda, Siddha, Unani, Homeopathy, Folk, Sowa-Rigpa",,,https://www.medicinalplants.in/searchpage/showdetails/xplant_id/560310f179c922f1c7ad3e150a5878cb/xclkon/6642946c66dd475a9741d57f6b12c77f
Brassica nigra (L.) KOCH.,BRASSICACEAE,"Ayurveda, Siddha, Unani, Homeopathy, Folk, Sowa-Rigpa",,,https://www.medicinalplants.in/searchpage/showdetails/xplant_id/560310f179c922f1c7ad3e150a5878cb
Brassica oleracea L.,BRASSICACEAE,,,,https://www.medicinalplants.in/searchpage/showdetails/xplant_id/7a5ddfa79ce48a4c186a981111f0ee93
Brassica oleracea L. var. capitata L.,BRASSICACEAE,,,,https://www.medicinalplants.in/searchpage/showdetails/xplant_id/f8b76166c545639c81a9bf43510c274e
Brassica rapa L. subsp. campestsris (L.) L.,BRASSICACEAE,"Ayurveda, Unani, Folk, Sowa-Rigpa",Brassica campestris L.,,https://www.medicinalplants.in/searchpage/showdetails/xplant_id/d6ba7db9ee3cf915fbea2fa92a30a73b
Breynia retusa (DENNST.) ALSTON,EUPHORBIACEAE,"Ayurveda, Folk",Breynia patens (ROXB.) BENTH.,,https://www.medicinalplants.in/searchpage/showdetails/xplant_id/1b7ff6980b812e3d97d3a2b7bccd3b70/xclkon/0d16479ace53a50e75aac8fea3834be7
Breynia retusa (DENNST.) ALSTON,EUPHORBIACEAE,"Ayurveda, Folk",Breynia patens (ROXB.) BENTH.,,https://www.medicinalplants.in/searchpage/showdetails/xplant_id/1b7ff6980b812e3d97d3a2b7bccd3b70
Breynia vitis-idaea (BURM.F.) FISCHER,EUPHORBIACEAE,"Ayurveda, Siddha, Folk",Breynia rhamnoides MUELL.-ARG.,,https://www.medicinalplants.in/searchpage/showdetails/xplant_id/c780a388d09d6ff2ab3272e1283d6525/xclkon/f4e12fb4a4ee8d9ada182b4d6b8d9a1e
Breynia vitis-idaea (BURM.F.) FISCHER,EUPHORBIACEAE,"Ayurveda, Siddha, Folk",Breynia rhamnoides MUELL.-ARG.,,https://www.medicinalplants.in/searchpage/showdetails/xplant_id/c780a388d09d6ff2ab3272e1283d6525
Bridelia montana WILLD.,EUPHORBIACEAE,,,,https://www.medicinalplants.in/searchpage/showdetails/xplant_id/0ac39a5388fb238319c53c0a748a1849
Bridelia retusa SPR.,EUPHORBIACEAE,,,,https://www.medicinalplants.in/searchpage/showdetails/xplant_id/246c1bfc9664c5c7264b7f7e78bdaada
Bridelia stipularis BLUME,EUPHORBIACEAE,,,,https://www.medicinalplants.in/searchpage/showdetails/xplant_id/d9de4c1b2c6cc909bc7d6030dc3ec751
,BROMELIACEAE,"Ayurveda, Siddha, Unani, Folk",,,https://www.medicinalplants.in/searchpage/showdetails/xplant_id/55c2d936ec6213a126e67e6e7c3ca5ba/xclkon/1593f2b1e623c1ffad1411d64e8bdabf
"Corallocarpus epigaeus BENTH. X Family - CUCURBITACEAE System(s) of Indian Medicine - Ayurveda, Siddha, Folk, Sowa-Rigpa Botanical Synonyms (2) - Bryonia epigoea ROTTL..",CUCURBITACEAE,"Ayurveda, Siddha, Folk, Sowa-Rigpa",Bryonia epigoea ROTTL..,,https://www.medicinalplants.in/searchpage/showdetails/xplant_id/b088cb551d11dd21380ebc54a81ccb68/xclkon/293323bc9a93b5e0cafdc816db7c71d2
Coccinia grandis (L.) VOIGT,CUCURBITACEAE,"Ayurveda, Siddha, Unani, Homeopathy, Sowa-Rigpa",Bryonia grandis L.,,https://www.medicinalplants.in/searchpage/showdetails/xplant_id/383d8e5b2416efb02908d6731a765bcb/xclkon/5ca31afe0cec4e39c602487aef0a5d38
Diplocyclos palmatus (L.) JAFFREY,CUCURBITACEAE,"Ayurveda, Siddha, Folk",Bryonia laciniosa L.,,https://www.medicinalplants.in/searchpage/showdetails/xplant_id/1c7f618abeda5452a8a3079708727925/xclkon/48ca3d98821143b2ab74b7f4d09f7a33
Zehneria scabra (L.F.) SOND.,CUCURBITACEAE,"Ayurveda, Siddha, Folk",Bryonia scaber L.,,https://www.medicinalplants.in/searchpage/showdetails/xplant_id/07a86c171bbe7f7dbb67957d94f55cf1/xclkon/57b653cb4ba9522be0d70111448e430a
Solena amplexicaulis (LAM.) GANDHI,CUCURBITACEAE,"Ayurveda, Siddha, Folk",Bryonia umbellata KLEIN EX WILLD. Melothria heterophylla COGN.,,https://www.medicinalplants.in/searchpage/showdetails/xplant_id/a305f7a3643b184951c143e66f95bc3d/xclkon/f3e6ea5750ab0333ce64a934f065ceb6
Diplocyclos palmatus (L.) JAFFREY,CUCURBITACEAE,"Ayurveda, Siddha, Folk",Bryonia laciniosa L.,,https://www.medicinalplants.in/searchpage/showdetails/xplant_id/1c7f618abeda5452a8a3079708727925/xclkon/75d10d875e99e10f3c3a6cda6556d8f5
Kalanchoe pinnata (LAM.) PERS.,CRASSULACEAE,"Ayurveda, Siddha, Folk",Bryophyllum calicynum SALISB.,,https://www.medicinalplants.in/searchpage/showdetails/xplant_id/f1eaa4296cc16c448d8039c9cc138d25/xclkon/5ed1307213896a8fc03c2698e7fb79be
Kalanchoe pinnata (LAM.) PERS.,CRASSULACEAE,"Ayurveda, Siddha, Folk",Bryophyllum calicynum SALISB.,,https://www.medicinalplants.in/searchpage/showdetails/xplant_id/f1eaa4296cc16c448d8039c9cc138d25/xclkon/e32c19691334fb0592d3701053ffad90
Buchanania lanzan SPR.,ANACARDIACEAE,"Ayurveda, Siddha, Unani, Folk, Sowa-Rigpa",Buchanania latifolia ROXB.,,https://www.medicinalplants.in/searchpage/showdetails/xplant_id/c3ebdb8352b0a28552fb6a32e2044659
Buchanania lanzan SPR.,ANACARDIACEAE,"Ayurveda, Siddha, Unani, Folk, Sowa-Rigpa",Buchanania latifolia ROXB.,,https://www.medicinalplants.in/searchpage/showdetails/xplant_id/c3ebdb8352b0a28552fb6a32e2044659/xclkon/16a29852ee33afa1969289d9c7e634e5
Butea monosperma (LAM.) TAUB.,FABACEAE,"Ayurveda, Siddha, Unani, Folk, Sowa-Rigpa",Butea frondosa ROXB. ET KOEN.,,https://www.medicinalplants.in/searchpage/showdetails/xplant_id/cb8c6123872fb49d5b8ffb3be64cabea/xclkon/3fc43f82c7ee37483f86a1c0f01d104a
Butea monosperma (LAM.) TAUB.,FABACEAE,"Ayurveda, Siddha, Unani, Folk, Sowa-Rigpa",Butea frondosa ROXB. ET KOEN.,,https://www.medicinalplants.in/searchpage/showdetails/xplant_id/cb8c6123872fb49d5b8ffb3be64cabea
Butea monosperma (LAM.) TAUB.,FABACEAE,"Ayurveda, Siddha, Unani, Folk, Sowa-Rigpa",Butea frondosa ROXB. ET KOEN.,,https://www.medicinalplants.in/searchpage/showdetails/xplant_id/cb8c6123872fb49d5b8ffb3be64cabea/xclkon/6601378021495b3ebd2bd0197c8cabb5
Butea superba ROXB.,FABACEAE,,,,https://www.medicinalplants.in/searchpage/showdetails/xplant_id/5e4ebc365194ed7dde1e2162a2a012b7
Emilia sonchifolia (L.) DC.,ASTERACEAE,"Ayurveda, Siddha, Folk",Cacalia sonchifolia L.,,https://www.medicinalplants.in/searchpage/showdetails/xplant_id/45c83f609b198414a52416fcda2148c6/xclkon/76cd2f2cb7de9f5794822a8e138c5e96
Cachrys pabularia (LINDL.) HERRNST.,APIACEAE,"Ayurveda, Unani, Folk",Prangos pabularia LINDL.,,https://www.medicinalplants.in/searchpage/showdetails/xplant_id/9de7f0ea1ee75324fe10ebaf3d9c387e
Opuntia stricta (HAW.) HAW. var. dillenii (KER.-GAWL)BENSON,CACTACEAE,"Ayurveda, Siddha, Folk",Cactus ficus-indica L. Opuntia dillenii (KER-GAMIER) HAW.,,https://www.medicinalplants.in/searchpage/showdetails/xplant_id/21082b86c79bbd4dc88576617720b377/xclkon/b2be083fcf8e614fd12a468380f42cbd
,CAPPARACEAE,,,,https://www.medicinalplants.in/searchpage/showdetails/xplant_id/bd8e05dd351b9cbc25e44db67f3ca541
Caesalpinia bonduc (L.) ROXB.,CAESALPINIACEAE,"Ayurveda, Siddha, Unani, Homeopathy",Caesalpinia bonducella (L.) FLEMING,,https://www.medicinalplants.in/searchpage/showdetails/xplant_id/8771ef45a4117aec066c75b5b5a8f76a
Caesalpinia bonduc (L.) ROXB.,CAESALPINIACEAE,"Ayurveda, Siddha, Unani, Homeopathy",Caesalpinia bonducella (L.) FLEMING,,https://www.medicinalplants.in/searchpage/showdetails/xplant_id/8771ef45a4117aec066c75b5b5a8f76a/xclkon/9352cc4c494e6878de04bb6fcd3f8925
Caesalpinia crista L.,CAESALPINIACEAE,,,,https://www.medicinalplants.in/searchpage/showdetails/xplant_id/eaa3979856ff3735b54f5fe99dd16670
Caesalpinia decapetala (ROTH) ALSTON.,CAESALPINIACEAE,"Ayurveda, Siddha, Folk",Caesalpinia sepiaria ROXB.,,https://www.medicinalplants.in/searchpage/showdetails/xplant_id/6f7f5562ed1a34a34febb67dcf71dcc2
,CAESALPINIACEAE,,,,https://www.medicinalplants.in/searchpage/showdetails/xplant_id/744cb2e25dfbd1eb2c1cdf9036f0bbf0
,CAESALPINIACEAE,,,,https://www.medicinalplants.in/searchpage/showdetails/xplant_id/866c37039cf7d0b1254a63040185691a
Caesalpinia pulcherrima (L.) SW.,CAESALPINIACEAE,"Ayurveda, Siddha, Folk",Poinciana pulcherrima L.,,https://www.medicinalplants.in/searchpage/showdetails/xplant_id/d2b7aeb7bb871219d7dd53174dc3bb2a
Caesalpinia sappan L.,CAESALPINIACEAE,,,,https://www.medicinalplants.in/searchpage/showdetails/xplant_id/caf9a50e01a48f330e490c53febf3b0f
Caesalpinia decapetala (ROTH) ALSTON.,CAESALPINIACEAE,"Ayurveda, Siddha, Folk",Caesalpinia sepiaria ROXB.,,https://www.medicinalplants.in/searchpage/showdetails/xplant_id/6f7f5562ed1a34a34febb67dcf71dcc2/xclkon/34f2e77100164f496560eeae41089196
Cajanus cajan (L.) MILLSP.,FABACEAE,"Ayurveda, Siddha, Unani, Folk, Sowa-Rigpa",Cajanus bicolor DC. Cajanus indicus SPR.,,https://www.medicinalplants.in/searchpage/showdetails/xplant_id/56cace4947d620fcfd20cee3d4fdb047/xclkon/f1ede21268d064c5e15d82f8f7b9f7a1
Cajanus cajan (L.) MILLSP.,FABACEAE,"Ayurveda, Siddha, Unani, Folk, Sowa-Rigpa",Cajanus bicolor DC. Cajanus indicus SPR.,,https://www.medicinalplants.in/searchpage/showdetails/xplant_id/56cace4947d620fcfd20cee3d4fdb047
Cajanus cajan (L.) MILLSP.,FABACEAE,"Ayurveda, Siddha, Unani, Folk, Sowa-Rigpa",Cajanus bicolor DC. Cajanus indicus SPR.,,https://www.medicinalplants.in/searchpage/showdetails/xplant_id/56cace4947d620fcfd20cee3d4fdb047/xclkon/c051ef12e7ce4a1ef377dbc101af184b
Calacanthus grandiflorus (DALZ.) RADLK..,ACANTHACEAE,,,,https://www.medicinalplants.in/searchpage/showdetails/xplant_id/59da2cf70180c2f507e4d9842c2af55a
,ARECACEAE,"Ayurveda, Siddha, Unani",,,https://www.medicinalplants.in/searchpage/showdetails/xplant_id/a65f732da7e981301d2966d3baa54d4c/xclkon/e1b2af2b9587e9acfa7cf63e83dbd67f
,ARECACEAE,,,,https://www.medicinalplants.in/searchpage/showdetails/xplant_id/9ec21b92cc596a36de300fd86fc2c17b
,ARECACEAE,,,,https://www.medicinalplants.in/searchpage/showdetails/xplant_id/ed4de20c78cd9e1f9ca9c7a947499f94
Calamus tenuis ROXB.,ARECACEAE,,,,https://www.medicinalplants.in/searchpage/showdetails/xplant_id/9684265bbdd694d429df0684f1b656c3
,ARECACEAE,,,,https://www.medicinalplants.in/searchpage/showdetails/xplant_id/2992729662ad65b4a9ccb5f93551bc74
,ARECACEAE,,,,https://www.medicinalplants.in/searchpage/showdetails/xplant_id/3b0976311c9d03731c49bc5d487b01fd
Callicarpa tomentosa (L.) MURRAY,VERBENACEAE,"Ayurveda, Siddha, Folk",Callicarpa lanata L.,,https://www.medicinalplants.in/searchpage/showdetails/xplant_id/0eab29415158cf66459a214a22e8270d/xclkon/9707fc328cbb2de598e30ab7791a4a3e
Callicarpa macrophylla VAHL,VERBENACEAE,,,,https://www.medicinalplants.in/searchpage/showdetails/xplant_id/adea83ae493dfc4b7a3ada879d9cab93
Callicarpa tomentosa (L.) MURRAY,VERBENACEAE,"Ayurveda, Siddha, Folk",Callicarpa lanata L.,,https://www.medicinalplants.in/searchpage/showdetails/xplant_id/0eab29415158cf66459a214a22e8270d
,POLYGONACEAE,,,,https://www.medicinalplants.in/searchpage/showdetails/xplant_id/0cde8e5f82a4056d8e0ff6ba531a0544
,PINACEAE,,,,https://www.medicinalplants.in/searchpage/showdetails/xplant_id/685d56b12a0c4ecffc00f5c3a166da19
Ipomoea alba L.,CONVOLVULACEAE,"Ayurveda, Siddha, Folk",Calonyction bona-nox BOJER,,https://www.medicinalplants.in/searchpage/showdetails/xplant_id/6d41ae8af1894f85189fe615b8ec4def/xclkon/081b3e8d1ba2ee4078db0d19bc536c3a
Calophyllum inophyllum L.,CLUSIACEAE,,,,https://www.medicinalplants.in/searchpage/showdetails/xplant_id/63361b942f516ca1f261db839c74d854
Oroxylum indicum (L.) VENT.,BIGNONIACEAE,"Ayurveda, Siddha, Unani, Folk, Sowa-Rigpa",Bignonia indica L.,,https://www.medicinalplants.in/searchpage/showdetails/xplant_id/f41aa7d1c905dc82c023d554c64884a9/xclkon/13c4f15314121781103351dffc6a2a3c
Calotropis gigantea (L.) R.BR.,ASCLEPIADACEAE,"Ayurveda, Siddha, Unani, Homeopathy, Folk, Sowa-Rigpa",Asclepias gigantea WILLD.,,https://www.medicinalplants.in/searchpage/showdetails/xplant_id/9154e8f7b6a3cdddea2f4dd0a1076f89
"Calotropis gigantea (L,) R.BR. var. alba",ASCLEPIADACEAE,,,,https://www.medicinalplants.in/searchpage/showdetails/xplant_id/eac68c0c23fc56a27eaa666f274da2db
Calotropis procera R.BR.,ASCLEPIADACEAE,,,,https://www.medicinalplants.in/searchpage/showdetails/xplant_id/c76266822323a28653a10f8f215007d2
Calycopteris floribunda LAM.,COMBRETACEAE,,,,https://www.medicinalplants.in/searchpage/showdetails/xplant_id/92086bd1150c9bf98348c10418025c79
,MYRTACEAE,,,,https://www.medicinalplants.in/searchpage/showdetails/xplant_id/0b89287ed4b6f6a19c84ac4475488720
Syzygium cumini (L.) SKEELS,MYRTACEAE,"Ayurveda, Siddha, Unani, Homeopathy, Folk, Sowa-Rigpa",Calyptranthes jambolana MOON. Eugenia jambolana LAM.,,https://www.medicinalplants.in/searchpage/showdetails/xplant_id/d5469b2ff22373aaaa14897e42ad27ef/xclkon/565df43ee5d3f7be65dd61a87fee203c
Camellia sinensis (L.) O.KUNTZE,THEACEAE,"Ayurveda, Siddha, Unani, Homeopathy, Folk",,,https://www.medicinalplants.in/searchpage/showdetails/xplant_id/d8da523ca7ff8194b8bce431ed9ef7c9
Camellia sinensis (L.) O.KUNTZE,THEACEAE,"Ayurveda, Siddha, Unani, Homeopathy, Folk",,,https://www.medicinalplants.in/searchpage/showdetails/xplant_id/d8da523ca7ff8194b8bce431ed9ef7c9/xclkon/84c621e5c2d9dc98500ccb1fa22a674f
,LAURACEAE,"Ayurveda, Siddha, Unani, Homeopathy, Folk, Sowa-Rigpa",,,https://www.medicinalplants.in/searchpage/showdetails/xplant_id/aa6cfda88d906581d2000529298c2963/xclkon/94e98599a3e70f6c14ef24b9bd5bb623
,BIGNONIACEAE,"Ayurveda, Folk",,,https://www.medicinalplants.in/searchpage/showdetails/xplant_id/f466bf653e4f8e96ab85828b892facc3
Canarium strictum ROXB.,BURSERACEAE,"Ayurveda, Siddha, Folk",Canarium resiniferum BRUCE EX KING,,https://www.medicinalplants.in/searchpage/showdetails/xplant_id/a57a6b33ecc826baa2dd4a18c7566cc4/xclkon/e73a711d2a046cd4265ed6735d42d017
Canarium strictum ROXB.,BURSERACEAE,"Ayurveda, Siddha, Folk",Canarium resiniferum BRUCE EX KING,,https://www.medicinalplants.in/searchpage/showdetails/xplant_id/a57a6b33ecc826baa2dd4a18c7566cc4
,FABACEAE,"Ayurveda, Siddha",,,https://www.medicinalplants.in/searchpage/showdetails/xplant_id/3b4655846cbe42dc6e7077bb62f44b4a/xclkon/aee4777276c6f39b05ed71d735e97f30
,FABACEAE,"Ayurveda, Siddha",,,https://www.medicinalplants.in/searchpage/showdetails/xplant_id/3b4655846cbe42dc6e7077bb62f44b4a
"Canna coccinea MILL. X Family - CANNACEAE System(s) of Indian Medicine - Ayurveda, Siddha, Folk Botanical Synonyms (1) - Canna indica L.",CANNACEAE,"Ayurveda, Siddha, Folk",Canna indica L.,,https://www.medicinalplants.in/searchpage/showdetails/xplant_id/20945086dc021dc46c056a58a2db1ce0
"Canna coccinea MILL. X Family - CANNACEAE System(s) of Indian Medicine - Ayurveda, Siddha, Folk Botanical Synonyms (1) - Canna indica L.",CANNACEAE,"Ayurveda, Siddha, Folk",Canna indica L.,,https://www.medicinalplants.in/searchpage/showdetails/xplant_id/20945086dc021dc46c056a58a2db1ce0/xclkon/57b1f1f79328b806d17237959b22170c
Cannabis sativa L.,CANNABINACEAE,"Ayurveda, Siddha, Unani, Homeopathy, Folk, Sowa-Rigpa",Cannabis indica L.,,https://www.medicinalplants.in/searchpage/showdetails/xplant_id/ecd201452a1b2725f9d85e58abdbbf8b/xclkon/b59424de294b278d83bc700a8953f895
Cannabis sativa L.,CANNABINACEAE,"Ayurveda, Siddha, Unani, Homeopathy, Folk, Sowa-Rigpa",Cannabis indica L.,,https://www.medicinalplants.in/searchpage/showdetails/xplant_id/ecd201452a1b2725f9d85e58abdbbf8b
Canscora decussata SCHULTES & SCHULTES.F.,GENTIANACEAE,,,,https://www.medicinalplants.in/searchpage/showdetails/xplant_id/2f376dc7bb61f9e88cb933a2e374fc1d
Canscora diffusa (VAHL) R. BR.,GENTIANACEAE,,,,https://www.medicinalplants.in/searchpage/showdetails/xplant_id/b980ee74d14fdca6e2c6804db0287848
Canthium coromandelicum (N.BURM.),RUBIACEAE,"Ayurveda, Siddha, Folk",Canthium parviflorum LAM.,,https://www.medicinalplants.in/searchpage/showdetails/xplant_id/dea5e5d7ef738a145a2bdd254197fe97
"Canthium dicoccum (GAERTN.) TEIJSM. & BINN. var. dicoccum X Family - RUBIACEAE System(s) of Indian Medicine - Ayurveda, Siddha, Folk Botanical Synonyms (1) - Canthium umbellatum WIGHT",RUBIACEAE,"Ayurveda, Siddha, Folk",Canthium umbellatum WIGHT,,https://www.medicinalplants.in/searchpage/showdetails/xplant_id/94a7684c982f9fb37566ada354e0c1e9
Canthium coromandelicum (N.BURM.),RUBIACEAE,"Ayurveda, Siddha, Folk",Canthium parviflorum LAM.,,https://www.medicinalplants.in/searchpage/showdetails/xplant_id/dea5e5d7ef738a145a2bdd254197fe97/xclkon/3c94ddcbb81c25b5f005b7eb3f51e1bc
"Canthium dicoccum (GAERTN.) TEIJSM. & BINN. var. dicoccum X Family - RUBIACEAE System(s) of Indian Medicine - Ayurveda, Siddha, Folk Botanical Synonyms (1) - Canthium umbellatum WIGHT",RUBIACEAE,"Ayurveda, Siddha, Folk",Canthium umbellatum WIGHT,,https://www.medicinalplants.in/searchpage/showdetails/xplant_id/94a7684c982f9fb37566ada354e0c1e9/xclkon/2b949f59f19caa0b5c557232806d9041
Capparis decidua (FORSK.) EDGEW.,CAPPARACEAE,"Ayurveda, Siddha, Unani, Folk, Sowa-Rigpa",Capparis aphylla ROTH. NOV.,,https://www.medicinalplants.in/searchpage/showdetails/xplant_id/097e59d34e31f548d8c5d40949d1fc74/xclkon/0500dd3cb3de83602a075bde6944aa48
Carissa carandas L.,APOCYNACEAE,"Ayurveda, Siddha, Folk",,,https://www.medicinalplants.in/searchpage/showdetails/xplant_id/6d7a36f5544883df67f5288d43948d0b/xclkon/b48714422d4f2c08fc5cdf1fb8333a2a
Capparis decidua (FORSK.) EDGEW.,CAPPARACEAE,"Ayurveda, Siddha, Unani, Folk, Sowa-Rigpa",Capparis aphylla ROTH. NOV.,,https://www.medicinalplants.in/searchpage/showdetails/xplant_id/097e59d34e31f548d8c5d40949d1fc74
,CAPPARACEAE,,,,https://www.medicinalplants.in/searchpage/showdetails/xplant_id/d371565d3a8f6a310089f0bb0929d657
Capparis zeylanica L.,CAPPARACEAE,"Ayurveda, Siddha, Folk",Capparis horrida L.F.,,https://www.medicinalplants.in/searchpage/showdetails/xplant_id/58291bd7c778fcf41269749eb9425e36/xclkon/fe8d7c17a19192cf997ca8ec6288231e
Capparis moonii WIGHT,CAPPARACEAE,,,,https://www.medicinalplants.in/searchpage/showdetails/xplant_id/8e6d4df9c68f58a339901846ff2ed17f
Capparis roxburghii DC.,CAPPARACEAE,,,,https://www.medicinalplants.in/searchpage/showdetails/xplant_id/d4a33b327b00a983811a8e94a3d29e78
Capparis sepiaria L.,CAPPARACEAE,,,,https://www.medicinalplants.in/searchpage/showdetails/xplant_id/b9bebfeaceff48a4d6608e484686b38d
,CAPPARACEAE,,,,https://www.medicinalplants.in/searchpage/showdetails/xplant_id/a4d52d1d12e92081afc6d1ec845de8b1
Capparis zeylanica L.,CAPPARACEAE,"Ayurveda, Siddha, Folk",Capparis horrida L.F.,,https://www.medicinalplants.in/searchpage/showdetails/xplant_id/58291bd7c778fcf41269749eb9425e36
Capsicum annuum L.,SOLANACEAE,,,,https://www.medicinalplants.in/searchpage/showdetails/xplant_id/51ad80cf55dd613f3375e82a18b3d777
,SOLANACEAE,"Ayurveda, Siddha, Unani, Folk",,,https://www.medicinalplants.in/searchpage/showdetails/xplant_id/79ac12fefc96c8aed2998db0a7cbef54/xclkon/29727001e61d8d32bf722f0dc9428936
,SOLANACEAE,"Ayurveda, Siddha, Unani, Folk",,,https://www.medicinalplants.in/searchpage/showdetails/xplant_id/79ac12fefc96c8aed2998db0a7cbef54
,SOLANACEAE,"Ayurveda, Siddha, Unani, Folk",,,https://www.medicinalplants.in/searchpage/showdetails/xplant_id/79ac12fefc96c8aed2998db0a7cbef54/xclkon/6ea68098bb71ee565b5841307ea90b78
Caralluma edulis BENTH.,ASCLEPIADACEAE,"Ayurveda, Folk",Boucerosia aucheriana DECNE.,,https://www.medicinalplants.in/searchpage/showdetails/xplant_id/ca16a5e61696888560f9308282848d6b
Cardiospermum halicacabum L.,SAPINDACEAE,,,,https://www.medicinalplants.in/searchpage/showdetails/xplant_id/d35bcc71906513792d99454dd5b22073
Careya arborea ROXB.,LECYTHIDACEAE,,,,https://www.medicinalplants.in/searchpage/showdetails/xplant_id/555260a885273d4bc22900a93dde378b
,LECYTHIDACEAE,,,,https://www.medicinalplants.in/searchpage/showdetails/xplant_id/d72991f2a73428045302d07175085290
Carica papaya L.,PASSIFLORACEAE,,,,https://www.medicinalplants.in/searchpage/showdetails/xplant_id/ff77f8fbcaf19f4a3e2298cdd823512a
Carissa carandas L.,APOCYNACEAE,"Ayurveda, Siddha, Folk",,,https://www.medicinalplants.in/searchpage/showdetails/xplant_id/6d7a36f5544883df67f5288d43948d0b
Carissa spinarum L.,APOCYNACEAE,,,,https://www.medicinalplants.in/searchpage/showdetails/xplant_id/cf53da16c116eac5da081db0e481896b
Mucuna pruriens (L.) DC.,FABACEAE,"Ayurveda, Siddha, Unani, Homeopathy, Folk, Sowa-Rigpa","Carpopogon pruriens ROXB. Dolichos pruriens (L,)",,https://www.medicinalplants.in/searchpage/showdetails/xplant_id/8b22b64302e1857bf8ef9d889912e544/xclkon/56b32dbb471b2e9ce6df156cb58b6778
Carthamus tinctorius L.,ASTERACEAE,,,,https://www.medicinalplants.in/searchpage/showdetails/xplant_id/de5ae5c07e6806076e0e5bc72fd89729
Bunium persicum (BOISS.) FEDT.,APIACEAE,"Ayurveda, Siddha, Unani, Folk",Carum bulbocastanum AUCT. NON KOCH:C.B.CLARKE,,https://www.medicinalplants.in/searchpage/showdetails/xplant_id/2b46e111b609c4581210ea4ca8192a04/xclkon/0c83b5ffb3f024de6d5aabc862a8287b
Carum carvi L.,APIACEAE,,,,https://www.medicinalplants.in/searchpage/showdetails/xplant_id/c7e54170b49ce79afffbec43fb7d25de
Trachyspermum ammi (L.) SPRAGUE,APIACEAE,"Ayurveda, Siddha, Unani, Folk, Sowa-Rigpa",Carum copticum BENTH.,,https://www.medicinalplants.in/searchpage/showdetails/xplant_id/30456577a3723bdb91e400b8b7993f8c/xclkon/b9563e0efa57c18349269948ab02c075
Trachyspermum roxburghianum (DC.) CRAIB,APIACEAE,"Ayurveda, Siddha, Unani, Folk",Carum roxburghianum KURZ.,,https://www.medicinalplants.in/searchpage/showdetails/xplant_id/de4d1df014cf5312e958df4df1806039/xclkon/6b2601bec467a4dd8f4a15e9bd127db7
Syzygium aromaticum (L.) MERRILL & PERRY,MYRTACEAE,"Ayurveda, Siddha, Unani, Folk, Sowa-Rigpa",Caryophyllus aromaticus L.,,https://www.medicinalplants.in/searchpage/showdetails/xplant_id/bce5381d0e29d38670508eacc491b6fd/xclkon/fa51df34f9ae79b77f17a9c8bcbeec6f
Caryota urens L.,ARECACEAE,,,,https://www.medicinalplants.in/searchpage/showdetails/xplant_id/4e1d645281ca634bb948970b146344d7
Cascabela thevetia (L.) LIPPOLD,APOCYNACEAE,"Ayurveda, Siddha, Homeopathy, Folk, Sowa-Rigpa",Thevetia neriifolia JUSS. EX. STEUDEL,,https://www.medicinalplants.in/searchpage/showdetails/xplant_id/5d98e136bf835caf4ca695c306d4299f
Casearia elliptica WILLD.,FLACOURTIACEAE,"Ayurveda, Siddha, Folk",Casearia tomentosa ROXB.,,https://www.medicinalplants.in/searchpage/showdetails/xplant_id/855cacf1cd7c24c69d828c7fd975a7c0
Casearia zeylanica (GAERTN.) RHW.,FLACOURTIACEAE,"Ayurveda, Folk",Casearia esculenta ROXB.,,https://www.medicinalplants.in/searchpage/showdetails/xplant_id/730d07047139517662a44b8d0f892f9b/xclkon/a3267a89be1c37cdfadd17e7db9f2095
Casearia zeylanica (GAERTN.) RHW.,FLACOURTIACEAE,"Ayurveda, Folk",Casearia esculenta ROXB.,,https://www.medicinalplants.in/searchpage/showdetails/xplant_id/730d07047139517662a44b8d0f892f9b/xclkon/a3f3dd87e9b3b2fa950ed6a6e98d3efc
Casearia elliptica WILLD.,FLACOURTIACEAE,"Ayurveda, Siddha, Folk",Casearia tomentosa ROXB.,,https://www.medicinalplants.in/searchpage/showdetails/xplant_id/855cacf1cd7c24c69d828c7fd975a7c0/xclkon/cd7ca48b2a823acbff062b3ae76fd0b2
Casearia zeylanica (GAERTN.) RHW.,FLACOURTIACEAE,"Ayurveda, Folk",Casearia esculenta ROXB.,,https://www.medicinalplants.in/searchpage/showdetails/xplant_id/730d07047139517662a44b8d0f892f9b
Cassia absus L.,CAESALPINIACEAE,,,,https://www.medicinalplants.in/searchpage/showdetails/xplant_id/acbc05d9fef4a6e8501f55ec4323d5b8
Cassia senna L.,CAESALPINIACEAE,"Ayurveda, Siddha, Unani, Homeopathy, Folk",Cassia acutifolia DELILE Cassia angustifolia VAHL.,,https://www.medicinalplants.in/searchpage/showdetails/xplant_id/43935e8d2aede8d6f69b22a7e157eba1/xclkon/3202512e48aa0debf11094a1f8f9cbb9
Cassia alata L.,CAESALPINIACEAE,,,,https://www.medicinalplants.in/searchpage/showdetails/xplant_id/97414c5e10906573ceda917a2ae258f2
Cassia senna L.,CAESALPINIACEAE,"Ayurveda, Siddha, Unani, Homeopathy, Folk",Cassia acutifolia DELILE Cassia angustifolia VAHL.,,https://www.medicinalplants.in/searchpage/showdetails/xplant_id/43935e8d2aede8d6f69b22a7e157eba1/xclkon/4ebfdfa8bb171da203128b0e8add0ace
Cassia auriculata L.,CAESALPINIACEAE,,,,https://www.medicinalplants.in/searchpage/showdetails/xplant_id/6508eac4f485855d8583f31fc94a2c57
Cassia fistula L.,CAESALPINIACEAE,,,,https://www.medicinalplants.in/searchpage/showdetails/xplant_id/b652fb54216db83110ef00b2c5262ae5
Cassia italica (MILL.) SPRENG.,CAESALPINIACEAE,"Ayurveda, Unani, Homeopathy, Folk",Cassia obovata COLLOD.,,https://www.medicinalplants.in/searchpage/showdetails/xplant_id/7ee4f045a3e22d3ead6ecc39e3854ba5
Cassia senna L.,CAESALPINIACEAE,"Ayurveda, Siddha, Unani, Homeopathy, Folk",Cassia acutifolia DELILE Cassia angustifolia VAHL.,,https://www.medicinalplants.in/searchpage/showdetails/xplant_id/43935e8d2aede8d6f69b22a7e157eba1/xclkon/f4acad7346bc4ab6373206369ed7e031
Cassia italica (MILL.) SPRENG.,CAESALPINIACEAE,"Ayurveda, Unani, Homeopathy, Folk",Cassia obovata COLLOD.,,https://www.medicinalplants.in/searchpage/showdetails/xplant_id/7ee4f045a3e22d3ead6ecc39e3854ba5/xclkon/e0042f4262aa2e06e8928056447735fe
Cassia obtusifolia L.,CAESALPINIACEAE,,,,https://www.medicinalplants.in/searchpage/showdetails/xplant_id/9dc99ed01cd75337be1fe40729cf37a6
Cassia occidentalis L.,CAESALPINIACEAE,,,,https://www.medicinalplants.in/searchpage/showdetails/xplant_id/9a2cce5b5ed8523980ebb8dc49acbe7c
Cassia senna L.,CAESALPINIACEAE,"Ayurveda, Siddha, Unani, Homeopathy, Folk",Cassia acutifolia DELILE Cassia angustifolia VAHL.,,https://www.medicinalplants.in/searchpage/showdetails/xplant_id/43935e8d2aede8d6f69b22a7e157eba1
Cassia sophera L.,CAESALPINIACEAE,,,,https://www.medicinalplants.in/searchpage/showdetails/xplant_id/290f639bc5f19896b8fe3fa7901d194e
Cassia tora L.,CAESALPINIACEAE,,,,https://www.medicinalplants.in/searchpage/showdetails/xplant_id/e775a38d16f490fae110e80291cc8710
Cassine glauca (ROTTB.) O.KTZE.,CELASTRACEAE,"Ayurveda, Siddha, Folk",Elaeodendron glaucum PERS.,,https://www.medicinalplants.in/searchpage/showdetails/xplant_id/7727492ab9aa7dcdfa024d295d8072ae
,CASSYTHACEAE,,,,https://www.medicinalplants.in/searchpage/showdetails/xplant_id/ed43dbfd597a20d586af076f4be9766c
Catharanthus pusillus (MURR.) G. DON,APOCYNACEAE,"Ayurveda, Siddha, Folk",Lochnera pusilla K.SCHUM.,,https://www.medicinalplants.in/searchpage/showdetails/xplant_id/be52ef142a4bf30adacec5315f0ee7e5
Catharanthus roseus (L.) G.DON,APOCYNACEAE,"Ayurveda, Siddha, Folk",Lochnera rosea REICHB.,,https://www.medicinalplants.in/searchpage/showdetails/xplant_id/6d9f8e9bebdec421ee02eb5709bbca66
Catunaregum spinosa (THUNB.) TIRVENGADUM,RUBIACEAE,"Ayurveda, Siddha, Unani, Folk, Sowa-Rigpa",Gardenia dumetorum RETZ. Gardenia floribunda ROXB. Randia dumetorum LAM.,,https://www.medicinalplants.in/searchpage/showdetails/xplant_id/1b163f98a9315a49f346598f315cbf73
Cayratia trifolia (L.) DOMIN,VITACEAE,"Ayurveda, Folk",Cayratia carnosa (WALL.) GAGNEP. EX WIGHT,,https://www.medicinalplants.in/searchpage/showdetails/xplant_id/e7ea06f9bc70c074b1835c99ea418e25/xclkon/3cb3893feaa9ec674602d38d0e8625b1
,VITACEAE,,,,https://www.medicinalplants.in/searchpage/showdetails/xplant_id/7b692f957b4e6ff4f43b3fe5b717583d
Cayratia pedata JUSS. EX GAGNEPAIN,VITACEAE,"Ayurveda, Siddha, Folk",Cissus pedata LAM.,,https://www.medicinalplants.in/searchpage/showdetails/xplant_id/f4981331d887a60afddd055ea336f6e7
Cayratia trifolia (L.) DOMIN,VITACEAE,"Ayurveda, Folk",Cayratia carnosa (WALL.) GAGNEP. EX WIGHT,,https://www.medicinalplants.in/searchpage/showdetails/xplant_id/e7ea06f9bc70c074b1835c99ea418e25
Cedrela toona ROXB.,MELIACEAE,"Ayurveda, Siddha, Unani, Folk",Teona ciliata ROEM. Toona ciliata ROEM.,,https://www.medicinalplants.in/searchpage/showdetails/xplant_id/52c82345cac6d02ebb5565290d2a1171
Cedrus deodara (ROXB.) LOUD.,PINACEAE,"Ayurveda, Siddha, Unani, Folk, Sowa-Rigpa",Cedrus libani BARREL var. deodara HOOK.,,https://www.medicinalplants.in/searchpage/showdetails/xplant_id/89b7f1eb2eb5a832b7a26aa6a24e9bf0
,PINACEAE,,,,https://www.medicinalplants.in/searchpage/showdetails/xplant_id/e0c873d905746576f4c38ebb47f4c5bd
Cedrus deodara (ROXB.) LOUD.,PINACEAE,"Ayurveda, Siddha, Unani, Folk, Sowa-Rigpa",Cedrus libani BARREL var. deodara HOOK.,,https://www.medicinalplants.in/searchpage/showdetails/xplant_id/89b7f1eb2eb5a832b7a26aa6a24e9bf0/xclkon/8d66a92efd2121ba156b2327f6d85199
Ceiba pentandra (L.) GAERTN.,BOMBACACEAE,"Ayurveda, Siddha, Unani, Folk",Eriodendron anfractuosum BC.,,https://www.medicinalplants.in/searchpage/showdetails/xplant_id/f8a3e874c6fc54d081c50263ce5a27c2
Celastrus paniculatus WILLD.,CELASTRACEAE,,,,https://www.medicinalplants.in/searchpage/showdetails/xplant_id/4a9785d419e49cb21ac6db6e4feb41a7
Celosia cristata L.,AMARANTHACEAE,"Ayurveda, Siddha, Folk, Sowa-Rigpa",Celosia argentea L. var. cristata (L.),,https://www.medicinalplants.in/searchpage/showdetails/xplant_id/e9685512bf1908889701b8896bc9df7e/xclkon/848e8c8237d8eee63d638995a9a77fa0
Celosia argentea L.,AMARANTHACEAE,,,,https://www.medicinalplants.in/searchpage/showdetails/xplant_id/4fa77807c636e8c9b9b9a756acaac47e
Celosia cristata L.,AMARANTHACEAE,"Ayurveda, Siddha, Folk, Sowa-Rigpa",Celosia argentea L. var. cristata (L.),,https://www.medicinalplants.in/searchpage/showdetails/xplant_id/e9685512bf1908889701b8896bc9df7e
Celosia cristata L.,AMARANTHACEAE,"Ayurveda, Siddha, Folk, Sowa-Rigpa",Celosia argentea L. var. cristata (L.),,https://www.medicinalplants.in/searchpage/showdetails/xplant_id/e9685512bf1908889701b8896bc9df7e/xclkon/b9f76e422a3f33d1bdb0c29edadf3e9a
Verbascum chinense (L.) SANT.,SCROPHULARIACEAE,"Ayurveda, Siddha, Folk",Celsia coromandeliana VAHL,,https://www.medicinalplants.in/searchpage/showdetails/xplant_id/a2f93928283eebce4a07933d8f360cc4/xclkon/eb29df9a821bd2406f49181285315d3a
Trema orientalis BL.,ULMACEAE,"Ayurveda, Siddha, Folk",,,https://www.medicinalplants.in/searchpage/showdetails/xplant_id/6386e337568c15d7b94fb65fb3857cfb/xclkon/e414c79eff72fb0eb9f148d468888c93
"Centaurium roxburghii (G.DON) DRUCE X Family - GENTIANACEAE System(s) of Indian Medicine - Ayurveda, Folk Botanical Synonyms (2) - Centaurium centaurioides (ROXB.) ROLLA RAO Erythraea roxburghii G.DON",GENTIANACEAE,"Ayurveda, Folk",Centaurium centaurioides (ROXB.) ROLLA RAO Erythraea roxburghii G.DON,,https://www.medicinalplants.in/searchpage/showdetails/xplant_id/45ee92f9353217d7b2f65d20ff42ed68/xclkon/9d44d97bc8049cbcd07a6d6c5b39d4a7
"Centaurium roxburghii (G.DON) DRUCE X Family - GENTIANACEAE System(s) of Indian Medicine - Ayurveda, Folk Botanical Synonyms (2) - Centaurium centaurioides (ROXB.) ROLLA RAO Erythraea roxburghii G.DON",GENTIANACEAE,"Ayurveda, Folk",Centaurium centaurioides (ROXB.) ROLLA RAO Erythraea roxburghii G.DON,,https://www.medicinalplants.in/searchpage/showdetails/xplant_id/45ee92f9353217d7b2f65d20ff42ed68
Centella asiatica (L.) URBAN,APIACEAE,"Ayurveda, Siddha, Unani, Homeopathy, Folk, Sowa-Rigpa",Hydrocotyle asiatica L.,,https://www.medicinalplants.in/searchpage/showdetails/xplant_id/530fa0427b8083e0804865ed9412308e
Centipeda minima (L.) A.BR.,ASTERACEAE,"Ayurveda, Siddha, Unani, Sowa-Rigpa",Centipeda orbicularis LOUR.,,https://www.medicinalplants.in/searchpage/showdetails/xplant_id/0e80203226cdcd76092ae45b0d50dd93
Centipeda minima (L.) A.BR.,ASTERACEAE,"Ayurveda, Siddha, Unani, Sowa-Rigpa",Centipeda orbicularis LOUR.,,https://www.medicinalplants.in/searchpage/showdetails/xplant_id/0e80203226cdcd76092ae45b0d50dd93/xclkon/96bd4c6675c0c24c53fb46efb0c7b4f4
Centratherum anthelminticum (L.) KUNTZE,ASTERACEAE,"Ayurveda, Siddha, Unani, Homeopathy",Vernonia anthelmintica (L.) WILLD.,,https://www.medicinalplants.in/searchpage/showdetails/xplant_id/21e566ad80c6135f91fb60ec06d72722
Centrosema pubescens BENTH.,FABACEAE,,,,https://www.medicinalplants.in/searchpage/showdetails/xplant_id/6d503258b8b7b8783a3e67e64b84b800
Centrostachys aquatica (R.BR.) WALL.EX MIQ.,AMARANTHACEAE,"Ayurveda, Folk",Achyranthes aquatica R.BR.,,https://www.medicinalplants.in/searchpage/showdetails/xplant_id/7e789e5d0fcb71ddcec73d5140d141bb
Allium cepa L.,LILIACEAE,"Ayurveda, Siddha, Unani, Homeopathy, Folk, Sowa-Rigpa",,,https://www.medicinalplants.in/searchpage/showdetails/xplant_id/d328e032eb232543e49a5288d340e70b/xclkon/e411f80e482a0978683cd1c026140433
,LILIACEAE,,,,https://www.medicinalplants.in/searchpage/showdetails/xplant_id/24b359285a2a710b24490faf1d549701
Coccinia grandis (L.) VOIGT,CUCURBITACEAE,"Ayurveda, Siddha, Unani, Homeopathy, Sowa-Rigpa",Bryonia grandis L.,,https://www.medicinalplants.in/searchpage/showdetails/xplant_id/383d8e5b2416efb02908d6731a765bcb/xclkon/d53d82aac8f730c6c9da3ee091e04fe6
Ceratophyllum demersum L.,CERATOPHYLLACEAE,,,,https://www.medicinalplants.in/searchpage/showdetails/xplant_id/882fdbde02cdc497d7a9a621b3dfa0c2
Cerbera manghas L.,APOCYNACEAE,"Ayurveda, Siddha, Folk",Cerbera odollam GAERTN.,,https://www.medicinalplants.in/searchpage/showdetails/xplant_id/29f11bf2a605bd783243cd8364ab2d6a
Cerbera manghas L.,APOCYNACEAE,"Ayurveda, Siddha, Folk",Cerbera odollam GAERTN.,,https://www.medicinalplants.in/searchpage/showdetails/xplant_id/29f11bf2a605bd783243cd8364ab2d6a/xclkon/5c6d94cf855e0b36b9158b6f86a416d2
Ceriscoides turgida (ROXB.) TIRUV.,RUBIACEAE,"Ayurveda, Siddha, Folk",Gardenia turgida ROXB.,,https://www.medicinalplants.in/searchpage/showdetails/xplant_id/6bb9d3aea548d0c03d32110a380503f0
Ceropegia bulbosa ROXB.,ASCLEPIADACEAE,,,,https://www.medicinalplants.in/searchpage/showdetails/xplant_id/db5270316f2791db0f918ec444f1dcbb
Ceropegia tuberosa ROXB.,ASCLEPIADACEAE,,,,https://www.medicinalplants.in/searchpage/showdetails/xplant_id/bb4a2f17e43a45c6c40adfce82f77fa0
,PIPERACEAE,"Ayurveda, Siddha, Unani, Folk, Sowa-Rigpa",,,https://www.medicinalplants.in/searchpage/showdetails/xplant_id/9f461c5fc4028cb583868fc315c34470/xclkon/7d32c72f2437322aad9c354cac54d225
,PIPERACEAE,"Ayurveda, Siddha, Unani, Folk, Sowa-Rigpa",,,https://www.medicinalplants.in/searchpage/showdetails/xplant_id/10f3a59b845d9890f688ad66980941fa/xclkon/5debbd66ad6efb280c3bd77ff9a1e799
Chenopodium album L.,CHENOPODIACEAE,,,,https://www.medicinalplants.in/searchpage/showdetails/xplant_id/37433532fc0b9d0a01eb34d733ee80ab
,LILIACEAE,,,,https://www.medicinalplants.in/searchpage/showdetails/xplant_id/64d4c1f1f88873a7bc4d0c42bb06ddbd
Boswellia serrata ROXB.,BURSERACEAE,"Ayurveda, Siddha, Unani, Folk, Sowa-Rigpa",Boswellia glabra ROXB.,,https://www.medicinalplants.in/searchpage/showdetails/xplant_id/178cc9ad03d6f4d8fd4257d486c60e22/xclkon/dce9cbd05de82babe5ffad590301114e
Chloroxylon swietenia DC.,FLINDERSIACEAE,,,,https://www.medicinalplants.in/searchpage/showdetails/xplant_id/f58fad5075f14dec125fa4713a45ad04
Chonemorpha fragrans (MOON) ALSTON,APOCYNACEAE,"Ayurveda, Folk",Chonemorpha macrophylla (ROXB.) G.DON,,https://www.medicinalplants.in/searchpage/showdetails/xplant_id/0e226f5253039d573103075266c8488d
Chonemorpha fragrans (MOON) ALSTON,APOCYNACEAE,"Ayurveda, Folk",Chonemorpha macrophylla (ROXB.) G.DON,,https://www.medicinalplants.in/searchpage/showdetails/xplant_id/0e226f5253039d573103075266c8488d/xclkon/eb0264b4d22d944eb5dd16edf5266bc7
"Chrozophora plicata A.JUSS. X Family - EUPHORBIACEAE System(s) of Indian Medicine - Ayurveda, Siddha, Unani Botanical Synonyms (2) - Chrozophora prostrata DALZ .",EUPHORBIACEAE,"Ayurveda, Siddha, Unani",Chrozophora prostrata DALZ .,,https://www.medicinalplants.in/searchpage/showdetails/xplant_id/9d4a57aa46ee9c6905a0a3477c1c67b8
"Chrozophora plicata A.JUSS. X Family - EUPHORBIACEAE System(s) of Indian Medicine - Ayurveda, Siddha, Unani Botanical Synonyms (2) - Chrozophora prostrata DALZ .",EUPHORBIACEAE,"Ayurveda, Siddha, Unani",Chrozophora prostrata DALZ .,,https://www.medicinalplants.in/searchpage/showdetails/xplant_id/9d4a57aa46ee9c6905a0a3477c1c67b8/xclkon/024087060659a64b3bfdfaa24de295b4
Chrozophora rottleri (GEIS.) A.JUSS. EX SPRENG.,EUPHORBIACEAE,,,,https://www.medicinalplants.in/searchpage/showdetails/xplant_id/64ecbcb08f35941499fd9656ef7b5cba
Chrysanthemum coronarium L.,ASTERACEAE,,,,https://www.medicinalplants.in/searchpage/showdetails/xplant_id/5c2aec0b0e4886374a284c6c08fd9832
Chrysanthemum indicum L.,ASTERACEAE,"Ayurveda, Siddha, Unani, Folk",,,https://www.medicinalplants.in/searchpage/showdetails/xplant_id/37a1d551c8bd08639703603fd6aac6a9
,ASTERACEAE,,,,https://www.medicinalplants.in/searchpage/showdetails/xplant_id/e80b0eddffd57fb81c92c5b475a80131
,POACEAE,,,,https://www.medicinalplants.in/searchpage/showdetails/xplant_id/ce7d07d29e70570450fb9c0341d148db
Phyllanthus acidus (L.) SKEELS,EUPHORBIACEAE,"Ayurveda, Siddha, Folk",Cicca acida MERRILL,,https://www.medicinalplants.in/searchpage/showdetails/xplant_id/bcb5a0832a219a36158651a64f5a920b/xclkon/b356be66a5797682eec6c7018c9d8beb
Phyllanthus acidus (L.) SKEELS,EUPHORBIACEAE,"Ayurveda, Siddha, Folk",Cicca acida MERRILL,,https://www.medicinalplants.in/searchpage/showdetails/xplant_id/bcb5a0832a219a36158651a64f5a920b/xclkon/1b1b0fb3df3c7f2c439e9d6f6417028d
Cicer arietinum L.,FABACEAE,,,,https://www.medicinalplants.in/searchpage/showdetails/xplant_id/48d2814b7156a21811cadfc158d252d5
Cichorium endivia L.,ASTERACEAE,,,,https://www.medicinalplants.in/searchpage/showdetails/xplant_id/dcd58fffb62cf38b0122c7707220f662
,RUBIACEAE,,,,https://www.medicinalplants.in/searchpage/showdetails/xplant_id/516461cb5d349648d0cbccc8eeca2221
Hymenodictyon orixense (ROXB.) MABBERLEY,RUBIACEAE,"Ayurveda, Siddha, Folk",Cinchona excelsa ROXB. Hymenodictyon excelsum WALL.,,https://www.medicinalplants.in/searchpage/showdetails/xplant_id/21fd547f4d494d07cb6c4471820fd2dc/xclkon/39bcd8be8749e4c5af42758830a74bcb
,RUBIACEAE,,,,https://www.medicinalplants.in/searchpage/showdetails/xplant_id/27582a317d4ba9f644ce013f81020fba
Cinchona succirubra PAV. EX KLOTZSCH,RUBIACEAE,,,,https://www.medicinalplants.in/searchpage/showdetails/xplant_id/fc75d8a8b95c319d7f0f6f80e580aec5
,LAURACEAE,"Ayurveda, Siddha, Unani, Folk, Sowa-Rigpa",,,https://www.medicinalplants.in/searchpage/showdetails/xplant_id/070a8611df63adbabc863c70655be9c5
,LAURACEAE,"Ayurveda, Siddha, Unani, Homeopathy, Folk, Sowa-Rigpa",,,https://www.medicinalplants.in/searchpage/showdetails/xplant_id/aa6cfda88d906581d2000529298c2963
,LAURACEAE,"Ayurveda, Siddha, Unani, Folk, Sowa-Rigpa",,,https://www.medicinalplants.in/searchpage/showdetails/xplant_id/070a8611df63adbabc863c70655be9c5/xclkon/5150f3a5762515a27a654f409c8d32a9
,LAURACEAE,,,,https://www.medicinalplants.in/searchpage/showdetails/xplant_id/2d22bec7531da94135091b60e547083f
,LAURACEAE,,,,https://www.medicinalplants.in/searchpage/showdetails/xplant_id/c656b4f12a48fab2e22e4c5e15f2a5de
Cinnamomum tamala NEES & EBERM.,LAURACEAE,,,,https://www.medicinalplants.in/searchpage/showdetails/xplant_id/a2f427bdd69c3196852735873010d367
,LAURACEAE,"Ayurveda, Siddha, Unani, Homeopathy, Folk, Sowa-Rigpa",,,https://www.medicinalplants.in/searchpage/showdetails/xplant_id/c28e0da32f82e38f233cc690e98d4788
,LAURACEAE,,,,https://www.medicinalplants.in/searchpage/showdetails/xplant_id/ffb69f4e222a7d9473fc0909c80ef205
,LAURACEAE,"Ayurveda, Siddha, Unani, Homeopathy, Folk, Sowa-Rigpa",,,https://www.medicinalplants.in/searchpage/showdetails/xplant_id/c28e0da32f82e38f233cc690e98d4788/xclkon/f59272279166d0ad348cdd9da1c3f757
Cissampelos pareira L.,MENISPERMACEAE,,,,https://www.medicinalplants.in/searchpage/showdetails/xplant_id/db65a57f09ae70c2cf447635e8bbd8b3
Cayratia pedata JUSS. EX GAGNEPAIN,VITACEAE,"Ayurveda, Siddha, Folk",Cissus pedata LAM.,,https://www.medicinalplants.in/searchpage/showdetails/xplant_id/f4981331d887a60afddd055ea336f6e7/xclkon/c4120d112779e272b5398ae49a22b9e2
Cissus quadrangularis L.,VITACEAE,"Ayurveda, Siddha, Unani, Folk",Vitis quadrangularis WALT EX WIGHT & ARN.,,https://www.medicinalplants.in/searchpage/showdetails/xplant_id/685b6edd514a4c36584e487aa2705e14
Cissus vitiginea L.,VITACEAE,,,,https://www.medicinalplants.in/searchpage/showdetails/xplant_id/af21a2b52907fd81a147446d4888105b
Citrullus lanatus (THUNB.) MATSUMARA & NAKAI,CUCURBITACEAE,"Ayurveda, Siddha, Unani, Homeopathy, Folk",Citrullus vulgaris SCHRAD.,,https://www.medicinalplants.in/searchpage/showdetails/xplant_id/fedcd0fee4b5331cc829d963e3211312
Citrullus lanatus (THUNB.) MATSUMURA & NAKAI var. fistulosus (STOCKS) CHAKRAVARTHY,CUCURBITACEAE,"Ayurveda, Folk",,,https://www.medicinalplants.in/searchpage/showdetails/xplant_id/95d2cede16a18c316473c7053d0e28a7
Citrullus lanatus (THUNB.) MATSUMARA & NAKAI,CUCURBITACEAE,"Ayurveda, Siddha, Unani, Homeopathy, Folk",Citrullus vulgaris SCHRAD.,,https://www.medicinalplants.in/searchpage/showdetails/xplant_id/fedcd0fee4b5331cc829d963e3211312/xclkon/8ee01b3908df2caefad4c1ff14b5b896
Citrullus lanatus (THUNB.) MATSUMURA & NAKAI var. fistulosus (STOCKS) CHAKRAVARTHY,CUCURBITACEAE,"Ayurveda, Folk",,,https://www.medicinalplants.in/searchpage/showdetails/xplant_id/95d2cede16a18c316473c7053d0e28a7/xclkon/b8c89765e9605cf96eab8c7d532d6e31
Citrus medica L. var. medica,RUTACEAE,"Ayurveda, Siddha, Unani",,,https://www.medicinalplants.in/searchpage/showdetails/xplant_id/edc66f84c9453b06304c7525a493c644/xclkon/10dd4cdb1fd01c87482ef59281daca5e
Citrus aurantifolia (CHRISTM.) SWINGLE,RUTACEAE,,,,https://www.medicinalplants.in/searchpage/showdetails/xplant_id/9206a7ef87810415146fc58fb4c39184
Citrus aurantium L.,RUTACEAE,,,,https://www.medicinalplants.in/searchpage/showdetails/xplant_id/039e741995a6762f59f27fdabbad203c
,RUTACEAE,,,,https://www.medicinalplants.in/searchpage/showdetails/xplant_id/9c6f4c0eec81360a4ae47ed41dee7fc3
,RUTACEAE,,,,https://www.medicinalplants.in/searchpage/showdetails/xplant_id/a51d0ed20f7cbade0f76b89fbea77c74
Citrus grandis (L.) OSBECK,RUTACEAE,"Ayurveda, Siddha, Unani, Folk, Sowa-Rigpa",Citrus decumana L.,,https://www.medicinalplants.in/searchpage/showdetails/xplant_id/5f573ddc157ef1da57ccdbebe5a49d0f/xclkon/27406e23f13ffcfd8ced6d5137697ab1
Citrus grandis (L.) OSBECK,RUTACEAE,"Ayurveda, Siddha, Unani, Folk, Sowa-Rigpa",Citrus decumana L.,,https://www.medicinalplants.in/searchpage/showdetails/xplant_id/5f573ddc157ef1da57ccdbebe5a49d0f
,RUTACEAE,,,,https://www.medicinalplants.in/searchpage/showdetails/xplant_id/4c274911b08d40adc4163493470f35fb
Citrus grandis (L.) OSBECK,RUTACEAE,"Ayurveda, Siddha, Unani, Folk, Sowa-Rigpa",Citrus decumana L.,,https://www.medicinalplants.in/searchpage/showdetails/xplant_id/5f573ddc157ef1da57ccdbebe5a49d0f/xclkon/582cbedbf7c2787de1cd8959ec4040ad
Citrus medica L. var. medica,RUTACEAE,"Ayurveda, Siddha, Unani",,,https://www.medicinalplants.in/searchpage/showdetails/xplant_id/edc66f84c9453b06304c7525a493c644
,RUTACEAE,,,,https://www.medicinalplants.in/searchpage/showdetails/xplant_id/2f8d997fafbb45726a1243ae9bfbf6d5
Citrus medica L. var. limonum,RUTACEAE,"Ayurveda, Siddha, Unani",Citrus limonum WALL.,,https://www.medicinalplants.in/searchpage/showdetails/xplant_id/5018156dcf07625469f333d53b45bf0d
Citrus medica L.,RUTACEAE,,,,https://www.medicinalplants.in/searchpage/showdetails/xplant_id/df99615d80b4c98a54a0737648e4f429
Clausena pentaphylla (ROXB.) DC.,RUTACEAE,,,,https://www.medicinalplants.in/searchpage/showdetails/xplant_id/7793bb750cb4d5f5ee0c830777a0e03d
,CLAVICIPITACEAE(FUNGUS),,,,https://www.medicinalplants.in/searchpage/showdetails/xplant_id/cd2610c0f0f75b4103d5970946ac583e
Cleistanthus collinus (ROXB.) BENTH.  & HOOK.,EUPHORBIACEAE,"Ayurveda, Siddha",,,https://www.medicinalplants.in/searchpage/showdetails/xplant_id/0ddb2d1637f9749df2337055c928da55
Clematis gauriana ROXB.,RANUNCULACEAE,,,,https://www.medicinalplants.in/searchpage/showdetails/xplant_id/7f3487bfb253d49adaec039419fdff15
,RANUNCULACEAE,,,,https://www.medicinalplants.in/searchpage/showdetails/xplant_id/1334cc2a4429e00ae0911dfb57dac9db
Cleome felina L. F.,CLEOMACEAE,"Ayurveda, Siddha, Folk",Polanisia felina DC.,,https://www.medicinalplants.in/searchpage/showdetails/xplant_id/1f541a9303cd1c2c06ea35f2e69137c5
Cleome gynandra L.,CLEOMACEAE,"Ayurveda, Siddha, Folk, Sowa-Rigpa",Cleome pentaphylla L. Gynandropsis gynandra BRIQUET,,https://www.medicinalplants.in/searchpage/showdetails/xplant_id/be71e62bf02d88c81ae5ce1101fa92f6
Cleome viscosa L.,CLEOMACEAE,"Ayurveda, Siddha, Unani, Folk",Cleome icosandra L.,,https://www.medicinalplants.in/searchpage/showdetails/xplant_id/b7f630b552d8b61583d0338e65f95129/xclkon/0a2b8990ad66ca0f388fcf50b8733e73
Cleome gynandra L.,CLEOMACEAE,"Ayurveda, Siddha, Folk, Sowa-Rigpa",Cleome pentaphylla L. Gynandropsis gynandra BRIQUET,,https://www.medicinalplants.in/searchpage/showdetails/xplant_id/be71e62bf02d88c81ae5ce1101fa92f6/xclkon/def5b877931261a4b3011609f8873a43
Cleome viscosa L.,CLEOMACEAE,"Ayurveda, Siddha, Unani, Folk",Cleome icosandra L.,,https://www.medicinalplants.in/searchpage/showdetails/xplant_id/b7f630b552d8b61583d0338e65f95129
Clerodendrum infortunatum L.,VERBENACEAE,,,,https://www.medicinalplants.in/searchpage/showdetails/xplant_id/61aca8af9e2ff47571e7f3a376edc7b7
Clerodendrum serratum (L.) MOON,VERBENACEAE,,,,https://www.medicinalplants.in/searchpage/showdetails/xplant_id/6899e21f6e238d27f39d9e28e5e5fdf0
Clerodendrum indicum (L.) KUNTZE,VERBENACEAE,"Ayurveda, Folk",Clerodendrum siphonanthus R.BR.,,https://www.medicinalplants.in/searchpage/showdetails/xplant_id/11a902a8540ab674473d82c5288adfff/xclkon/398b7ed724bad9dda3c867a5dce0185e
,MARANTACEAE,"Ayurveda, Folk",,,https://www.medicinalplants.in/searchpage/showdetails/xplant_id/f42629f5fad23c76e914089a1d51ef14
,FABACEAE,,,,https://www.medicinalplants.in/searchpage/showdetails/xplant_id/6c230e98bd8227f7ba719125dbc6d94c
Clitoria ternatea L.,FABACEAE,,,,https://www.medicinalplants.in/searchpage/showdetails/xplant_id/a1d8e02df612f312645b458c36c89b1c
Coccinia grandis (L.) VOIGT,CUCURBITACEAE,"Ayurveda, Siddha, Unani, Homeopathy, Sowa-Rigpa",Bryonia grandis L.,,https://www.medicinalplants.in/searchpage/showdetails/xplant_id/383d8e5b2416efb02908d6731a765bcb/xclkon/71771b2277256337649c7b9fb3212f83
,CUCURBITACEAE,,,,https://www.medicinalplants.in/searchpage/showdetails/xplant_id/c66398e294c4e6503c294141dc28ba09
Coccinia grandis (L.) VOIGT,CUCURBITACEAE,"Ayurveda, Siddha, Unani, Homeopathy, Sowa-Rigpa",Bryonia grandis L.,,https://www.medicinalplants.in/searchpage/showdetails/xplant_id/383d8e5b2416efb02908d6731a765bcb
Coccinia grandis (L.) VOIGT,CUCURBITACEAE,"Ayurveda, Siddha, Unani, Homeopathy, Sowa-Rigpa",Bryonia grandis L.,,https://www.medicinalplants.in/searchpage/showdetails/xplant_id/383d8e5b2416efb02908d6731a765bcb/xclkon/cbd92dc7c7c926e211344c479e61cff9
,ARECACEAE,"Ayurveda, Siddha, Unani, Folk, Sowa-Rigpa",,,https://www.medicinalplants.in/searchpage/showdetails/xplant_id/eeebd0ff22ec7f2d48b7194212dcf0f7
,ARECACEAE,"Ayurveda, Siddha, Unani, Folk, Sowa-Rigpa",,,https://www.medicinalplants.in/searchpage/showdetails/xplant_id/eeebd0ff22ec7f2d48b7194212dcf0f7/xclkon/cd562e8c6cdfc6fe708a5341e2eca807
,ORCHIDACEAE,,,,https://www.medicinalplants.in/searchpage/showdetails/xplant_id/f8e1bb7ffb0bec65e1067ca70fb561e1
Coffea arabica L.,RUBIACEAE,,,,https://www.medicinalplants.in/searchpage/showdetails/xplant_id/709c0f176b4cf579f0e6ce6afc3a0714
,RUBIACEAE,Ayurveda,,,https://www.medicinalplants.in/searchpage/showdetails/xplant_id/002aa6cec840babc1f9a7de6a7fdbf5b/xclkon/31bc2e86780e96f7454facbac88ebf15
,POACEAE,,,,https://www.medicinalplants.in/searchpage/showdetails/xplant_id/4e76ee7583451d27e82260ab25485141
Coix lacryma-jobi L.,POACEAE,"Ayurveda, Siddha, Unani, Folk",,,https://www.medicinalplants.in/searchpage/showdetails/xplant_id/09e7b96175c6095e6029028b5d8a1557/xclkon/7254a6e5abb68e4dcbf74b1759381a19
Coix lacryma-jobi L.,POACEAE,"Ayurveda, Siddha, Unani, Folk",,,https://www.medicinalplants.in/searchpage/showdetails/xplant_id/09e7b96175c6095e6029028b5d8a1557
Coldenia procumbens L.,BORAGINACEAE,,,,https://www.medicinalplants.in/searchpage/showdetails/xplant_id/8396d40e7fb71042967011e648887e18
,LAMIACEAE,"Ayurveda, Siddha, Homeopathy, Folk",,,https://www.medicinalplants.in/searchpage/showdetails/xplant_id/3d0e3feab4b454d5fc3c3b8213f6d55e/xclkon/701e784c3e7a430f00e71983eb2ec591
,LAMIACEAE,"Ayurveda, Siddha, Homeopathy, Folk",,,https://www.medicinalplants.in/searchpage/showdetails/xplant_id/3d0e3feab4b454d5fc3c3b8213f6d55e/xclkon/11eb569af097cd83ceb9364189474e22
Plectranthus barbatus ANDR.,LAMIACEAE,"Ayurveda, Folk",Coleus barbatus (ANDR.) BENTH.,,https://www.medicinalplants.in/searchpage/showdetails/xplant_id/d475270c2bb8c41834fbbf90657ec8b8/xclkon/b22d750f49ffdde56d4c6af969672a91
,LAMIACEAE,,,,https://www.medicinalplants.in/searchpage/showdetails/xplant_id/06003701b7cb4ee0a4931a062009bdc6
Colocasia esculenta (L.) SCHOTT,ARACEAE,"Ayurveda, Siddha, Unani, Folk",Arum colocasia L. Colocasia antiquorum SCHOTT,,https://www.medicinalplants.in/searchpage/showdetails/xplant_id/d261ad160748e7170f7a11df570890b8/xclkon/6d6f92fb730bb1f6ed1a7a2ae84ac086
Colocasia esculenta (L.) SCHOTT,ARACEAE,"Ayurveda, Siddha, Unani, Folk",Arum colocasia L. Colocasia antiquorum SCHOTT,,https://www.medicinalplants.in/searchpage/showdetails/xplant_id/d261ad160748e7170f7a11df570890b8
,ARACEAE,"Ayurveda, Folk",,,https://www.medicinalplants.in/searchpage/showdetails/xplant_id/75bbd308a2c6ab831c357551ad62b66e
Commelina benghalensis L.,COMMELINACEAE,,,,https://www.medicinalplants.in/searchpage/showdetails/xplant_id/ba283c729919bc84be963496bad65567
Commelina longifolia LAM.,COMMELINACEAE,Ayurveda,Commelina salcifolia ROXB.,,https://www.medicinalplants.in/searchpage/showdetails/xplant_id/64a0ce241c02c8b00fc12a666daf12db
Murdannia nudiflora (L.) BRENAN,COMMELINACEAE,"Ayurveda, Folk",Aneilema nudiflorum BR. Commelina nudiflora (L.) BRENAN,,https://www.medicinalplants.in/searchpage/showdetails/xplant_id/90fba550a9d5aba7b94ca61aac5606cc/xclkon/9a1dc2cf1a8312ad7fa40e7b779cd7c7
Commelina longifolia LAM.,COMMELINACEAE,Ayurveda,Commelina salcifolia ROXB.,,https://www.medicinalplants.in/searchpage/showdetails/xplant_id/64a0ce241c02c8b00fc12a666daf12db/xclkon/7139d85b9127279a7dea30c780fc100b
,NYCTAGINACEAE,"Ayurveda, Siddha, Folk, Sowa-Rigpa",,,https://www.medicinalplants.in/searchpage/showdetails/xplant_id/61b8ba46236d8e957962f28d3c4eb2c5
,NYCTAGINACEAE,"Ayurveda, Siddha, Folk, Sowa-Rigpa",,,https://www.medicinalplants.in/searchpage/showdetails/xplant_id/61b8ba46236d8e957962f28d3c4eb2c5/xclkon/fc82653f9d26cd3772075706586dfd61
,BURSERACEAE,,,,https://www.medicinalplants.in/searchpage/showdetails/xplant_id/1279c5d461c155e3e97800d75dd0ea4d
Commiphora agallocha ENGL.,BURSERACEAE,"Ayurveda, Folk",,,https://www.medicinalplants.in/searchpage/showdetails/xplant_id/25b83113b6fab0ab1732d7d7e153df7a
,BURSERACEAE,,,,https://www.medicinalplants.in/searchpage/showdetails/xplant_id/2bb5dc38947331d8e2031d0f4fc36a0b
Commiphora wightii (A.) BHANDARI,BURSERACEAE,"Ayurveda, Siddha, Unani, Sowa-Rigpa",Balsamodendron mukul HOOK. EX STOCKS.,,https://www.medicinalplants.in/searchpage/showdetails/xplant_id/8fdf276e71da0de9d2b47bd1003259be/xclkon/2849f8d9923be4d8c111b8b26de96f7c
Commiphora myrrha ENGL.,BURSERACEAE,"Ayurveda, Siddha, Unani, Sowa-Rigpa",Balsamodendron myrrha N.& E.,,https://www.medicinalplants.in/searchpage/showdetails/xplant_id/62b4c58d8e0366dc7366d335ad7ae585
Commiphora agallocha ENGL.,BURSERACEAE,"Ayurveda, Folk",,,https://www.medicinalplants.in/searchpage/showdetails/xplant_id/25b83113b6fab0ab1732d7d7e153df7a/xclkon/ce996220e8cac4254dd54fbf9d183eab
,BURSERACEAE,,,,https://www.medicinalplants.in/searchpage/showdetails/xplant_id/0ac84bcb4b6ec199d3d9c8b0120cb57f
Commiphora wightii (A.) BHANDARI,BURSERACEAE,"Ayurveda, Siddha, Unani, Sowa-Rigpa",Balsamodendron mukul HOOK. EX STOCKS.,,https://www.medicinalplants.in/searchpage/showdetails/xplant_id/8fdf276e71da0de9d2b47bd1003259be
Anogeissus latifolia WALL. EX. GUILL. & PERR.,COMBRETACEAE,"Ayurveda, Siddha, Unani, Folk, Sowa-Rigpa",Conocarpus latifolia ROXB. EX. DC.,,https://www.medicinalplants.in/searchpage/showdetails/xplant_id/0ad17ae90aa749f0433d78d7c2f35a1d/xclkon/60ac6b8394e96e420dfd0742b99735e9
Convolvulus arvensis L.,CONVOLVULACEAE,,,,https://www.medicinalplants.in/searchpage/showdetails/xplant_id/102a61c47501cff5245cc51c23e5d873
,CONVOLVULACEAE,,,,https://www.medicinalplants.in/searchpage/showdetails/xplant_id/9aa46b58ca37bc70576fdde6b880af48
,CONVOLVULACEAE,"Ayurveda, Siddha, Folk, Sowa-Rigpa",,,https://www.medicinalplants.in/searchpage/showdetails/xplant_id/0eea12e18ef517673797af576487de00/xclkon/f5543b5e4644054bd269345ab16c1fa1
,CONVOLVULACEAE,"Ayurveda, Folk",,,https://www.medicinalplants.in/searchpage/showdetails/xplant_id/15bf037a82a5e4700c4d4b3e46e850f4/xclkon/bdc2865490e46667cb6360e791357097
,CONVOLVULACEAE,"Ayurveda, Folk",,,https://www.medicinalplants.in/searchpage/showdetails/xplant_id/15bf037a82a5e4700c4d4b3e46e850f4
Vernonia cinerea LESS.,ASTERACEAE,"Ayurveda, Siddha, Unani, Folk, Sowa-Rigpa",Conyza cinerea L.,,https://www.medicinalplants.in/searchpage/showdetails/xplant_id/125ecebe3c4e8db71d10befed8f9ab70/xclkon/3e8b78f45c38012abc67fe8dc16e0404
Coptis teeta WALL.,RANUNCULACEAE,,,,https://www.medicinalplants.in/searchpage/showdetails/xplant_id/2f162e4dceab9d1c0d1faf887e12a8f7
"Corallocarpus epigaeus BENTH. X Family - CUCURBITACEAE System(s) of Indian Medicine - Ayurveda, Siddha, Folk, Sowa-Rigpa Botanical Synonyms (2) - Bryonia epigoea ROTTL..",CUCURBITACEAE,"Ayurveda, Siddha, Folk, Sowa-Rigpa",Bryonia epigoea ROTTL..,,https://www.medicinalplants.in/searchpage/showdetails/xplant_id/b088cb551d11dd21380ebc54a81ccb68/xclkon/7a9feb36d180fb0e943fd7864d7521c8
"Corallocarpus epigaeus BENTH. X Family - CUCURBITACEAE System(s) of Indian Medicine - Ayurveda, Siddha, Folk, Sowa-Rigpa Botanical Synonyms (2) - Bryonia epigoea ROTTL..",CUCURBITACEAE,"Ayurveda, Siddha, Folk, Sowa-Rigpa",Bryonia epigoea ROTTL..,,https://www.medicinalplants.in/searchpage/showdetails/xplant_id/b088cb551d11dd21380ebc54a81ccb68
Corchorus aestuans L.,TILIACEAE,Ayurveda,Corchorus acutangulus AUCT.NON FORSK.,,https://www.medicinalplants.in/searchpage/showdetails/xplant_id/08c0c96081f014ea5954247764d44fec/xclkon/548ed26baa93d20c8bd43fc0ab2cb975
Corchorus aestuans L.,TILIACEAE,Ayurveda,Corchorus acutangulus AUCT.NON FORSK.,,https://www.medicinalplants.in/searchpage/showdetails/xplant_id/08c0c96081f014ea5954247764d44fec
Corchorus capsularis L.,TILIACEAE,,,,https://www.medicinalplants.in/searchpage/showdetails/xplant_id/006105bb42e8f415f95b7846d37431d2
Corchorus fascicularis LAM.,TILIACEAE,,,,https://www.medicinalplants.in/searchpage/showdetails/xplant_id/0e57c4d104529c14f09ab64272ac23fb
Corchorus trilocularis L.,TILIACEAE,,,,https://www.medicinalplants.in/searchpage/showdetails/xplant_id/bfbbfa00b3ae842bb12575e6e6214f34
Cordia dichotoma FORST. F.,CORDIACEAE,"Ayurveda, Siddha, Unani, Folk, Sowa-Rigpa",Cordia myxa SENU CL.,,https://www.medicinalplants.in/searchpage/showdetails/xplant_id/e00f75276fae36521c4b35c368cf8393
Cordia gharaf (FORSK.) EHRENB.,CORDIACEAE,"Ayurveda, Siddha, Folk",Cordia rothii ROEM.& SCHULT.,,https://www.medicinalplants.in/searchpage/showdetails/xplant_id/9458ee02ee2338b609e6bfb85b94c76e
,CORDIACEAE,"Ayurveda, Siddha, Unani, Folk",,,https://www.medicinalplants.in/searchpage/showdetails/xplant_id/e7c4ce99a32c08c65c1eab02806dfdba/xclkon/342595ac2a7e95d83a023647d31f4d52
Cordia dichotoma FORST. F.,CORDIACEAE,"Ayurveda, Siddha, Unani, Folk, Sowa-Rigpa",Cordia myxa SENU CL.,,https://www.medicinalplants.in/searchpage/showdetails/xplant_id/e00f75276fae36521c4b35c368cf8393/xclkon/32344fbcf54de972ab63217f147b3953
Cordia wallichii G.DON,CORDIACEAE,"Ayurveda, Siddha, Folk",Cordia obliqua WILLD. var. wallichii (G.DON) CL.,,https://www.medicinalplants.in/searchpage/showdetails/xplant_id/9b3a3c45b2b20ffface56d497b07d8b0/xclkon/d0b74b516c0b67b5c20bcb354d94d4b6
,CORDIACEAE,"Ayurveda, Siddha, Unani, Folk",,,https://www.medicinalplants.in/searchpage/showdetails/xplant_id/e7c4ce99a32c08c65c1eab02806dfdba
Cordia gharaf (FORSK.) EHRENB.,CORDIACEAE,"Ayurveda, Siddha, Folk",Cordia rothii ROEM.& SCHULT.,,https://www.medicinalplants.in/searchpage/showdetails/xplant_id/9458ee02ee2338b609e6bfb85b94c76e/xclkon/42ef131958dfa53f2118998227589500
Cordia wallichii G.DON,CORDIACEAE,"Ayurveda, Siddha, Folk",Cordia obliqua WILLD. var. wallichii (G.DON) CL.,,https://www.medicinalplants.in/searchpage/showdetails/xplant_id/9b3a3c45b2b20ffface56d497b07d8b0
Coriandrum sativum L.,APIACEAE,,,,https://www.medicinalplants.in/searchpage/showdetails/xplant_id/c96edea366b4ee01686906b45fa4ebe5
,FABACEAE,,,,https://www.medicinalplants.in/searchpage/showdetails/xplant_id/318281c3b87c794de6359d395656d025
Corydalis govaniana WALL.,FUMARIACEAE,,,,https://www.medicinalplants.in/searchpage/showdetails/xplant_id/5fc315d4e1ab5a048b76bcb79207c797
,ARECACEAE,,,,https://www.medicinalplants.in/searchpage/showdetails/xplant_id/f0ee3de3836df85fa8392371c4d717b2
Coscinium fenestratum (GAERTN.) COLEB.,MENISPERMACEAE,,,,https://www.medicinalplants.in/searchpage/showdetails/xplant_id/7e2189aaaa64f74a73704897a2aa88fe
Alpinia galanga (L.) WILLD.,ZINGIBERACEAE,"Ayurveda, Siddha, Unani, Folk",Costus arabicus L.,,https://www.medicinalplants.in/searchpage/showdetails/xplant_id/f9eeb2fe2b90d2e709e35578cfac2019/xclkon/5b313063c0be7e6213fa60665c081af8
Crataeva adansonii DC.,CAPPARACEAE,,,,https://www.medicinalplants.in/searchpage/showdetails/xplant_id/c4fcb8a14ab436a5913c144c0a3f10f7
Crataeva magna (LOUR.) DC.,CAPPARACEAE,"Ayurveda, Siddha, Unani, Folk, Sowa-Rigpa",Crataeva nurvala SENSU KANJ. & DAS,,https://www.medicinalplants.in/searchpage/showdetails/xplant_id/7e5ede302a183a350c8d4f403e31404e
Aegle marmelos (L.) CORREA EX. SCHULTZ,RUTACEAE,"Ayurveda, Siddha, Unani, Homeopathy, Folk, Sowa-Rigpa",Crataeva marmelos L.,,https://www.medicinalplants.in/searchpage/showdetails/xplant_id/7b3ca01fe9518816abcdf821a6675858/xclkon/02edce882e7fc9cccfa0cff2d92d30b5
Crataeva magna (LOUR.) DC.,CAPPARACEAE,"Ayurveda, Siddha, Unani, Folk, Sowa-Rigpa",Crataeva nurvala SENSU KANJ. & DAS,,https://www.medicinalplants.in/searchpage/showdetails/xplant_id/7e5ede302a183a350c8d4f403e31404e/xclkon/5aba6c71221a2fe36adc13ca390435a4
Crataeva magna (LOUR.) DC.,CAPPARACEAE,"Ayurveda, Siddha, Unani, Folk, Sowa-Rigpa",Crataeva nurvala SENSU KANJ. & DAS,,https://www.medicinalplants.in/searchpage/showdetails/xplant_id/7e5ede302a183a350c8d4f403e31404e/xclkon/94f7689b9fd0c86e0d8cf6915785bf6f
Crataeva magna (LOUR.) DC.,CAPPARACEAE,"Ayurveda, Siddha, Unani, Folk, Sowa-Rigpa",Crataeva nurvala SENSU KANJ. & DAS,,https://www.medicinalplants.in/searchpage/showdetails/xplant_id/7e5ede302a183a350c8d4f403e31404e/xclkon/8269f2708e3a19653f9e59b5945caefc
,CONVOLVULACEAE,,,,https://www.medicinalplants.in/searchpage/showdetails/xplant_id/2d6f0df76153c62eca673c9808d33bb3
Crinum asiaticum L.,AMARYLLIDACEAE,,,,https://www.medicinalplants.in/searchpage/showdetails/xplant_id/8b2274b1e1269ea7ad2a8edda77c821d
Crinum latifolium L.,AMARYLLIDACEAE,,,,https://www.medicinalplants.in/searchpage/showdetails/xplant_id/f0d167a2258d973b51d5a01bf9bf7e9d
"Crinum viviparum (LAM.) HEMADRI X Family - AMARYLLIDACEAE System(s) of Indian Medicine - Ayurveda, Siddha Botanical Synonyms (1) - Crinum defixum KER.-GAWL.",AMARYLLIDACEAE,"Ayurveda, Siddha",Crinum defixum KER.-GAWL.,,https://www.medicinalplants.in/searchpage/showdetails/xplant_id/f98dd8e546b764d41dbf98c57619170d
,IRIDACEAE,,,,https://www.medicinalplants.in/searchpage/showdetails/xplant_id/abbd0b05d60c1b9fe9ba20047de5587c
,FABACEAE,,,,https://www.medicinalplants.in/searchpage/showdetails/xplant_id/365a7b21a7f24f62334539d4be9bc6f2
Crotalaria juncea L.,FABACEAE,"Ayurveda, Siddha, Unani, Folk",Crotalaria benghalensis LAM.,,https://www.medicinalplants.in/searchpage/showdetails/xplant_id/383535346e3b0c21480413dd41563a8b/xclkon/fdcaef2c158b4259628f5c368c149f61
Crotalaria juncea L.,FABACEAE,"Ayurveda, Siddha, Unani, Folk",Crotalaria benghalensis LAM.,,https://www.medicinalplants.in/searchpage/showdetails/xplant_id/383535346e3b0c21480413dd41563a8b
Crotalaria retusa L.,FABACEAE,,,,https://www.medicinalplants.in/searchpage/showdetails/xplant_id/d7cba5df72f05bb43eb7f423edf6936d
Crotalaria verrucosa L.,FABACEAE,,,,https://www.medicinalplants.in/searchpage/showdetails/xplant_id/979fbcac54e140940ee02b3a7f92d022
"Chrozophora plicata A.JUSS. X Family - EUPHORBIACEAE System(s) of Indian Medicine - Ayurveda, Siddha, Unani Botanical Synonyms (2) - Chrozophora prostrata DALZ .",EUPHORBIACEAE,"Ayurveda, Siddha, Unani",Chrozophora prostrata DALZ .,,https://www.medicinalplants.in/searchpage/showdetails/xplant_id/9d4a57aa46ee9c6905a0a3477c1c67b8/xclkon/9deb014d82c27fc2cb44a593b74ae232
Baliospermum solanifolium (J.BURM.) SURESH,EUPHORBIACEAE,"Ayurveda, Siddha, Unani, Folk, Sowa-Rigpa",Baliospermum axillare BLUME,,https://www.medicinalplants.in/searchpage/showdetails/xplant_id/f6de86c1e86de21e2adc9d900f6090cd/xclkon/4535d94292c08569d35c5b9f32b738a1
Cryptolepis buchananii ROEMER & SCHULTES,PERIPLOCACEAE,,,,https://www.medicinalplants.in/searchpage/showdetails/xplant_id/84f2bf552fd2d53f622dea4e8ba0c0d2
Ctenolepis cerasiformis NAUD.,CUCURBITACEAE,,,,https://www.medicinalplants.in/searchpage/showdetails/xplant_id/c1efddbd6b555b53096a6f70e6b8bf95
,PIPERACEAE,"Ayurveda, Siddha, Unani, Homeopathy, Folk, Sowa-Rigpa",,,https://www.medicinalplants.in/searchpage/showdetails/xplant_id/38599335cef650b6064a59bda99b11c3/xclkon/556699ce5d2a571b1319cfff355cc67d
,CUCURBITACEAE,,,,https://www.medicinalplants.in/searchpage/showdetails/xplant_id/9429877158da4086f0f74abeac95e35d
Cucumis melo L. var. momordica DUTHIE & FULLER,CUCURBITACEAE,"Ayurveda, Siddha, Unani, Folk, Sowa-Rigpa",Cucumis callosus (ROTTL.) COGN.,,https://www.medicinalplants.in/searchpage/showdetails/xplant_id/a4f1228958884d0b1d991ee640366154/xclkon/8160c0195126abf90e366fd7447990b7
Lagenaria siceraria (MOLINA) STANDLEY,CUCURBITACEAE,"Ayurveda, Siddha, Unani, Folk, Sowa-Rigpa",Cucumis lagenarius DUM. Cucurbita lagenaria L.,,https://www.medicinalplants.in/searchpage/showdetails/xplant_id/5e94437cadafc8b817a3bd21f1e4b408/xclkon/151d1bc7d3cdd304dbd119223584b7c7
Mukia maderaspatana (L.) M.ROEMER,CUCURBITACEAE,"Ayurveda, Siddha, Folk",Cucumis madraspatanus L.,,https://www.medicinalplants.in/searchpage/showdetails/xplant_id/7b164f9386d6b8aa15acfa6926c57a64/xclkon/716cd405d94967fc683a81a60aff4650
,CUCURBITACEAE,"Ayurveda, Siddha",,,https://www.medicinalplants.in/searchpage/showdetails/xplant_id/3f9fc1a32c034cded111ff12e3f7465e/xclkon/584cf7b01ee836a1514026f3f486d966
Cucumis prophetarum L.,CUCURBITACEAE,"Ayurveda, Folk",,,https://www.medicinalplants.in/searchpage/showdetails/xplant_id/91b4847a900d076a77688cded8dd1f88/xclkon/aa594fe495e5e855ca9a1e6e946c419a
Cucumis prophetarum L.,CUCURBITACEAE,"Ayurveda, Folk",,,https://www.medicinalplants.in/searchpage/showdetails/xplant_id/91b4847a900d076a77688cded8dd1f88
Cucumis sativus L.,CUCURBITACEAE,,,,https://www.medicinalplants.in/searchpage/showdetails/xplant_id/7539d46056fe6cad14cc5bf5c29ac602
Citrullus lanatus (THUNB.) MATSUMARA & NAKAI,CUCURBITACEAE,"Ayurveda, Siddha, Unani, Homeopathy, Folk",Citrullus vulgaris SCHRAD.,,https://www.medicinalplants.in/searchpage/showdetails/xplant_id/fedcd0fee4b5331cc829d963e3211312/xclkon/38cd0c8dcdd3237e1cd39ae5ba83d317
Lagenaria siceraria (MOLINA) STANDLEY,CUCURBITACEAE,"Ayurveda, Siddha, Unani, Folk, Sowa-Rigpa",Cucumis lagenarius DUM. Cucurbita lagenaria L.,,https://www.medicinalplants.in/searchpage/showdetails/xplant_id/5e94437cadafc8b817a3bd21f1e4b408/xclkon/1931ef998efb2ac43948d22f0e960b54
Cucurbita maxima DUCHESNE,CUCURBITACEAE,,,,https://www.medicinalplants.in/searchpage/showdetails/xplant_id/8925d9571844bba4cdb019ddbd390779
Cucurbita pepo L.,CUCURBITACEAE,,,,https://www.medicinalplants.in/searchpage/showdetails/xplant_id/683924de25f6b219baf4d1912bc5cedb
Curcuma amada ROXB.,ZINGIBERACEAE,,,,https://www.medicinalplants.in/searchpage/showdetails/xplant_id/065e6d7e61e18b5f7c50f5bdfc40f6a0
Curcuma angustifolia ROXB.,ZINGIBERACEAE,,,,https://www.medicinalplants.in/searchpage/showdetails/xplant_id/7da4fbe5de4a338d9f86253428b0534e
Curcuma aromatica SALISB.,ZINGIBERACEAE,,,,https://www.medicinalplants.in/searchpage/showdetails/xplant_id/93ddd0ed462932400083818f60f06bd0
Curcuma longa L.,ZINGIBERACEAE,"Ayurveda, Siddha, Unani, Homeopathy, Folk, Sowa-Rigpa",Curcuma domestica (MEDIK) VALH,,https://www.medicinalplants.in/searchpage/showdetails/xplant_id/d824ee735c42f2b0afd8b4a53f27991e/xclkon/33a4d92cbda3f78843be2a00c4ac2240
Curcuma longa L.,ZINGIBERACEAE,"Ayurveda, Siddha, Unani, Homeopathy, Folk, Sowa-Rigpa",Curcuma domestica (MEDIK) VALH,,https://www.medicinalplants.in/searchpage/showdetails/xplant_id/d824ee735c42f2b0afd8b4a53f27991e
,ZINGIBERACEAE,"Ayurveda, Siddha, Unani, Folk, Sowa-Rigpa",,,https://www.medicinalplants.in/searchpage/showdetails/xplant_id/6d113619856013e9dc56dea1ec40931d
,ZINGIBERACEAE,"Ayurveda, Siddha, Unani, Folk, Sowa-Rigpa",,,https://www.medicinalplants.in/searchpage/showdetails/xplant_id/6d113619856013e9dc56dea1ec40931d/xclkon/2c9a7e0a18719d07bdbb38bb9792e7a0
Cuscuta reflexa ROXB.,CONVOLVULACEAE,,,,https://www.medicinalplants.in/searchpage/showdetails/xplant_id/cf140f02c95666e65f05a5700e60bb96
Cyamopsis tetragonoloba (L.) TAUB.,FABACEAE,"Ayurveda, Siddha, Unani, Folk",Cyamopsis psoralioides (LAM). DC.,,https://www.medicinalplants.in/searchpage/showdetails/xplant_id/da5bde4598f3497d698f099ec563ced5/xclkon/0a43f673bbd5e8d5a0105e5645ea019e
Cyamopsis tetragonoloba (L.) TAUB.,FABACEAE,"Ayurveda, Siddha, Unani, Folk",Cyamopsis psoralioides (LAM). DC.,,https://www.medicinalplants.in/searchpage/showdetails/xplant_id/da5bde4598f3497d698f099ec563ced5
Cyamopsis tetragonoloba (L.) TAUB.,FABACEAE,"Ayurveda, Siddha, Unani, Folk",Cyamopsis psoralioides (LAM). DC.,,https://www.medicinalplants.in/searchpage/showdetails/xplant_id/da5bde4598f3497d698f099ec563ced5/xclkon/793a77d9e17e014ee4155120ba17459b
Cyathula prostrata BLUME,AMARANTHACEAE,,,,https://www.medicinalplants.in/searchpage/showdetails/xplant_id/475a215d9841b720ea0bfc8e6e0d4f53
,CYCADACEAE,,,,https://www.medicinalplants.in/searchpage/showdetails/xplant_id/7b5b4b74c20e46d56aef0272bf1db80f
"Cyclea arnotii MIERS. X Family - MENISPERMACEAE System(s) of Indian Medicine - Ayurveda, Siddha, Folk Botanical Synonyms (2) - Cyclea burmanni (DC.) HOOK.F. TH.",MENISPERMACEAE,"Ayurveda, Siddha, Folk",Cyclea burmanni (DC.) HOOK.F. TH.,,https://www.medicinalplants.in/searchpage/showdetails/xplant_id/276e74a55544bd9c69f8907a3dbf71a7
"Cyclea arnotii MIERS. X Family - MENISPERMACEAE System(s) of Indian Medicine - Ayurveda, Siddha, Folk Botanical Synonyms (2) - Cyclea burmanni (DC.) HOOK.F. TH.",MENISPERMACEAE,"Ayurveda, Siddha, Folk",Cyclea burmanni (DC.) HOOK.F. TH.,,https://www.medicinalplants.in/searchpage/showdetails/xplant_id/276e74a55544bd9c69f8907a3dbf71a7/xclkon/b8daf3cbe6469cbb17c2ea883d858255
"Cyclea arnotii MIERS. X Family - MENISPERMACEAE System(s) of Indian Medicine - Ayurveda, Siddha, Folk Botanical Synonyms (2) - Cyclea burmanni (DC.) HOOK.F. TH.",MENISPERMACEAE,"Ayurveda, Siddha, Folk",Cyclea burmanni (DC.) HOOK.F. TH.,,https://www.medicinalplants.in/searchpage/showdetails/xplant_id/276e74a55544bd9c69f8907a3dbf71a7/xclkon/e34e0bb0cccedf7c994ee4a9480da21b
,ROSACEAE,"Ayurveda, Siddha, Unani, Folk",,,https://www.medicinalplants.in/searchpage/showdetails/xplant_id/fd5b25419bb4598994c89112b10727ad
,ROSACEAE,"Ayurveda, Siddha, Unani, Folk",,,https://www.medicinalplants.in/searchpage/showdetails/xplant_id/fd5b25419bb4598994c89112b10727ad/xclkon/a2cfca12a2d4e37ee536f19c703cb6c3
Paracalyx scariosa (ROXB.) ALI,FABACEAE,"Ayurveda, Folk",Cylista scariosa ROXB.,,https://www.medicinalplants.in/searchpage/showdetails/xplant_id/a13f107077606e81674b0f52923b191e/xclkon/e99a85bdc11c9a87a62f7359a07a48a6
,POACEAE,"Ayurveda, Siddha, Unani, Folk",,,https://www.medicinalplants.in/searchpage/showdetails/xplant_id/680b54af38ebb9a062b90efb81313fe5
Cymbopogon jwarancusa (JONES) SCHULT.,POACEAE,"Ayurveda, Siddha, Unani, Sowa-Rigpa",Andropogon jwarancusa JONES,,https://www.medicinalplants.in/searchpage/showdetails/xplant_id/d19704d7822e4938d3d96660f76e7ddd
,POACEAE,Ayurveda,,,https://www.medicinalplants.in/searchpage/showdetails/xplant_id/6832715067741f6e9677f7944949e196
Cymbopogon martini (ROXB.) WATS,POACEAE,"Ayurveda, Siddha, Sowa-Rigpa",Andropogon martini ROXB.,,https://www.medicinalplants.in/searchpage/showdetails/xplant_id/edab2a314693f3a25a21f493e238a418
,POACEAE,"Ayurveda, Siddha, Folk",,,https://www.medicinalplants.in/searchpage/showdetails/xplant_id/903e52187875a26d9d3555b5147d4043
,POACEAE,,,,https://www.medicinalplants.in/searchpage/showdetails/xplant_id/42eb1f4dfa19373ba9487278c20f59f2
Pergularia daemia (FORSK.) CHOIV.,ASCLEPIADACEAE,"Ayurveda, Siddha, Folk, Sowa-Rigpa",Cynanchum extensum JACQ.,,https://www.medicinalplants.in/searchpage/showdetails/xplant_id/3b65c96aefba323b04e893b2f48c8bd9/xclkon/d5ddb200a44d087dc0ef9c88be399b6c
Cynodon dactylon (L.) PERS.,POACEAE,"Ayurveda, Siddha, Unani, Homeopathy, Folk, Sowa-Rigpa",,,https://www.medicinalplants.in/searchpage/showdetails/xplant_id/b4bff9ff2e61651c614600eaf8529bcb
Cynodon dactylon (L.) PERS.,POACEAE,"Ayurveda, Siddha, Unani, Homeopathy, Folk, Sowa-Rigpa",,,https://www.medicinalplants.in/searchpage/showdetails/xplant_id/b4bff9ff2e61651c614600eaf8529bcb/xclkon/fe101ada20ad35fc3fb5e216316a02f7
Cynoglossum lanceolatum FORSSK.,BORAGINACEAE,"Ayurveda, Folk",,,https://www.medicinalplants.in/searchpage/showdetails/xplant_id/c18877f4d8c620bf10d3d4c42ecade81
Cynoglossum lanceolatum FORSSK.,BORAGINACEAE,"Ayurveda, Folk",,,https://www.medicinalplants.in/searchpage/showdetails/xplant_id/c18877f4d8c620bf10d3d4c42ecade81/xclkon/e8f8c42eb15d56a6fb5387999451f696
Cynometra iripa KOSTEL,CAESALPINIACEAE,,,,https://www.medicinalplants.in/searchpage/showdetails/xplant_id/a736921106c9abe05c95ce0e1cb0268e
Eleusine coracana (L.) GAERTN.,POACEAE,"Ayurveda, Siddha, Unani, Folk, Sowa-Rigpa",,,https://www.medicinalplants.in/searchpage/showdetails/xplant_id/eefb1d85143ce59c4ed159c03abdefb0/xclkon/9a3508342fe89c65923492376efeadb4
,CYPERACEAE,,,,https://www.medicinalplants.in/searchpage/showdetails/xplant_id/68cf38ca50b8b154244b86fc05ae2c8e
,CYPERACEAE,,,,https://www.medicinalplants.in/searchpage/showdetails/xplant_id/38778bb16de2a108692a24f66c42100f
Cyperus kyllingia ENDL.,CYPERACEAE,"Ayurveda, Folk",Kyllinga monocephala ROTTB. Kyllinga nemoralis HUTCH. & DALZ.,,https://www.medicinalplants.in/searchpage/showdetails/xplant_id/0749962ba0489a599f0f4d94fc60ddc2
,CYPERACEAE,,,,https://www.medicinalplants.in/searchpage/showdetails/xplant_id/5d7b63c11719ea221a27af6703d9ef68
,CYPERACEAE,,,,https://www.medicinalplants.in/searchpage/showdetails/xplant_id/5c1a39dec327e2ea148935e83a04774b
,CYPERACEAE,,,,https://www.medicinalplants.in/searchpage/showdetails/xplant_id/c7ffdfc896e068bed55aa1a3391b5455
Dactyloctenium aegyptium BEAUV.,POACEAE,"Ayurveda, Siddha, Folk",Eleusine aegyptiaca DESF.,,https://www.medicinalplants.in/searchpage/showdetails/xplant_id/2d561019cdc3054d595e12e34b7a47d3
,ORCHIDACEAE,"Ayurveda, Unani, Folk",,,https://www.medicinalplants.in/searchpage/showdetails/xplant_id/2ff75f5e20a8394b5638a00e923d5e75
Pergularia daemia (FORSK.) CHOIV.,ASCLEPIADACEAE,"Ayurveda, Siddha, Folk, Sowa-Rigpa",Cynanchum extensum JACQ.,,https://www.medicinalplants.in/searchpage/showdetails/xplant_id/3b65c96aefba323b04e893b2f48c8bd9/xclkon/24cf9340e9a5e255b7d82856f6d14c7c
,ARECACEAE,"Ayurveda, Siddha, Unani",,,https://www.medicinalplants.in/searchpage/showdetails/xplant_id/a65f732da7e981301d2966d3baa54d4c
Dalbergia lanceolaria L.F.,FABACEAE,"Ayurveda, Siddha, Folk, Sowa-Rigpa",,,https://www.medicinalplants.in/searchpage/showdetails/xplant_id/dd928b67254d24bf41b668044954b213/xclkon/5fcb492f603fb20cb8d5f5a22a6829da
Dalbergia latifolia ROXB.,FABACEAE,"Ayurveda, Siddha",Dalbergia emarginata ROXB.,,https://www.medicinalplants.in/searchpage/showdetails/xplant_id/65729cfec46ebfbd5adf66058b28f6a4/xclkon/966205a3adb81572dd1c5b68167ed702
Dalbergia lanceolaria L.F.,FABACEAE,"Ayurveda, Siddha, Folk, Sowa-Rigpa",,,https://www.medicinalplants.in/searchpage/showdetails/xplant_id/dd928b67254d24bf41b668044954b213
Dalbergia latifolia ROXB.,FABACEAE,"Ayurveda, Siddha",Dalbergia emarginata ROXB.,,https://www.medicinalplants.in/searchpage/showdetails/xplant_id/65729cfec46ebfbd5adf66058b28f6a4
Ougeinia oojeinensis (ROXB.) HOCHR.,FABACEAE,"Ayurveda, Siddha, Folk, Sowa-Rigpa",Dalbergia oogeinensis ROXB.,,https://www.medicinalplants.in/searchpage/showdetails/xplant_id/e7084a3daf2834d5df7afcfe80421299/xclkon/2d43fa0fb8249b3ccfc7ed4d8d0d2426
,FABACEAE,,,,https://www.medicinalplants.in/searchpage/showdetails/xplant_id/4a95ee5f0d3c47d38cec801fd9f3b723
Dalbergia sissoo ROXB.,FABACEAE,,,,https://www.medicinalplants.in/searchpage/showdetails/xplant_id/8b1702840a38e125a4fffeb40a34820b
Dalbergia volubilis ROXB.,FABACEAE,,,,https://www.medicinalplants.in/searchpage/showdetails/xplant_id/286345a183e7be8122783e0d69834a1e
Dalechampia indica WIGHT,EUPHORBIACEAE,,,,https://www.medicinalplants.in/searchpage/showdetails/xplant_id/ec46aaea201eac174179eb16dfb4a57d
Datura metel L.,SOLANACEAE,"Ayurveda, Siddha, Unani, Homeopathy, Folk, Sowa-Rigpa",Datura alba NEES,,https://www.medicinalplants.in/searchpage/showdetails/xplant_id/6ff99d5b0189d36345e4af9144ab4151/xclkon/eaa0568a4224c82238ef08d2d78d1534
Datura metel L.,SOLANACEAE,"Ayurveda, Siddha, Unani, Homeopathy, Folk, Sowa-Rigpa",Datura alba NEES,,https://www.medicinalplants.in/searchpage/showdetails/xplant_id/6ff99d5b0189d36345e4af9144ab4151/xclkon/addce70ac37ec257107c136b790579ba
Datura metel L.,SOLANACEAE,"Ayurveda, Siddha, Unani, Homeopathy, Folk, Sowa-Rigpa",Datura alba NEES,,https://www.medicinalplants.in/searchpage/showdetails/xplant_id/6ff99d5b0189d36345e4af9144ab4151/xclkon/f2028381e7a9f3b1cabc08ffc2aee921
Datura innoxia MILL.,SOLANACEAE,,,,https://www.medicinalplants.in/searchpage/showdetails/xplant_id/18ea200817838c090b09790e9f521864
Datura metel L.,SOLANACEAE,"Ayurveda, Siddha, Unani, Homeopathy, Folk, Sowa-Rigpa",Datura alba NEES,,https://www.medicinalplants.in/searchpage/showdetails/xplant_id/6ff99d5b0189d36345e4af9144ab4151/xclkon/67ec8bd7665d6500bb20a60e4ef3574c
Datura metel L.,SOLANACEAE,"Ayurveda, Siddha, Unani, Homeopathy, Folk, Sowa-Rigpa",Datura alba NEES,,https://www.medicinalplants.in/searchpage/showdetails/xplant_id/6ff99d5b0189d36345e4af9144ab4151
Datura stramonium L.,SOLANACEAE,"Ayurveda, Siddha, Unani, Homeopathy, Folk",,,https://www.medicinalplants.in/searchpage/showdetails/xplant_id/ad5a65c663fd952870a71abe7c38d6aa
Datura stramonium L.,SOLANACEAE,"Ayurveda, Siddha, Unani, Homeopathy, Folk",,,https://www.medicinalplants.in/searchpage/showdetails/xplant_id/ad5a65c663fd952870a71abe7c38d6aa/xclkon/63a694bd8a99badc070e4a0d0436e523
Daucus carota L.,APIACEAE,"Ayurveda, Siddha, Unani, Folk",Daucus carota L. var. sativa DC.,,https://www.medicinalplants.in/searchpage/showdetails/xplant_id/7ca5a9ca110d0375f77329a66fe54741/xclkon/f56b3cdb07baa0a620ab150f4e304cce
Daucus carota L.,APIACEAE,"Ayurveda, Siddha, Unani, Folk",Daucus carota L. var. sativa DC.,,https://www.medicinalplants.in/searchpage/showdetails/xplant_id/7ca5a9ca110d0375f77329a66fe54741
Decalepis hamiltonii WIGHT & ARN.,ASCLEPIADACEAE,,,,https://www.medicinalplants.in/searchpage/showdetails/xplant_id/007aa462a784b5c98313594fb149d6e9
Tetracera scandens (L.) MERR,DILLENIACEAE,"Ayurveda, Folk",,,https://www.medicinalplants.in/searchpage/showdetails/xplant_id/302b15d9541dfb162fbfdd1b15a2fe25/xclkon/af992980b10023046bbd813e16081cf3
Delonix elata (L.) GAMBLE,CAESALPINIACEAE,"Ayurveda, Siddha, Folk",,,https://www.medicinalplants.in/searchpage/showdetails/xplant_id/ff72525a4cbfadacf5864e7e479eae0f
Delphinium denudatum WALL. EX HOOK. F. & THOMS.,RANUNCULACEAE,"Ayurveda, Unani, Folk",,,https://www.medicinalplants.in/searchpage/showdetails/xplant_id/e012c1a10701bb8d5b9dbc991bd5f1a3/xclkon/4ae2f808542b17e4adacf4f25394c34b
Delphinium bruonianum ROYLE,RANUNCULACEAE,,,,https://www.medicinalplants.in/searchpage/showdetails/xplant_id/7288d13db1c723748b010caabb7e16fe
,RANUNCULACEAE,"Ayurveda, Folk",,,https://www.medicinalplants.in/searchpage/showdetails/xplant_id/42362eba31ac983d192e12e7b5afabc6
Delphinium denudatum WALL. EX HOOK. F. & THOMS.,RANUNCULACEAE,"Ayurveda, Unani, Folk",,,https://www.medicinalplants.in/searchpage/showdetails/xplant_id/e012c1a10701bb8d5b9dbc991bd5f1a3
Delphinium glaciale HOOK.F. & THOMSON,RANUNCULACEAE,,,,https://www.medicinalplants.in/searchpage/showdetails/xplant_id/a4b6b6733d45fdaaf29f6915a1b715a2
,RANUNCULACEAE,"Ayurveda, Folk",,,https://www.medicinalplants.in/searchpage/showdetails/xplant_id/42362eba31ac983d192e12e7b5afabc6/xclkon/b16873d685a6b3bd83da8a5a1010f7cc
Delphinium kohatense (BRUHL.) MUNZ,RANUNCULACEAE,"Ayurveda, Folk",Delphinium saniculifolium AUCT NON BOISS.,,https://www.medicinalplants.in/searchpage/showdetails/xplant_id/405a7f2c87229ae851be81fc4a3c365b
Delphinium kohatense (BRUHL.) MUNZ,RANUNCULACEAE,"Ayurveda, Folk",Delphinium saniculifolium AUCT NON BOISS.,,https://www.medicinalplants.in/searchpage/showdetails/xplant_id/405a7f2c87229ae851be81fc4a3c365b/xclkon/fc631a60e69233f450292dad02e32b52
,RANUNCULACEAE,"Ayurveda, Unani, Folk, Sowa-Rigpa",,,https://www.medicinalplants.in/searchpage/showdetails/xplant_id/96595a69bde40d42e23be2e7e1c261c7
,RANUNCULACEAE,"Ayurveda, Unani, Folk, Sowa-Rigpa",,,https://www.medicinalplants.in/searchpage/showdetails/xplant_id/96595a69bde40d42e23be2e7e1c261c7/xclkon/396c50ac42b9ae625f8f9555879368a4
Dendrocalamus strictus NEES,POACEAE,,,,https://www.medicinalplants.in/searchpage/showdetails/xplant_id/e29e2ae056299eeab9ef79f7ecec10ad
,LORANTHACEAE,"Ayurveda, Folk",,,https://www.medicinalplants.in/searchpage/showdetails/xplant_id/51ea9880bd0805916903c69e32a0555a/xclkon/829ac24b77d930d7cd49a802efc05e9d
Dendrophthoe falcata (L.F) ETTING.,LORANTHACEAE,"Ayurveda, Siddha, Folk",Loranthus falcatus L.F.,,https://www.medicinalplants.in/searchpage/showdetails/xplant_id/c90f8a2b28b3cbebb4cd1fb3068ad5a7
,LORANTHACEAE,,,,https://www.medicinalplants.in/searchpage/showdetails/xplant_id/f8ed84faff819885fe0e88db4ae517dd
Pongamia pinnata (L.) PIERRE,FABACEAE,"Ayurveda, Siddha, Unani, Folk, Sowa-Rigpa",Derris indica (LAM.) BENNET,,https://www.medicinalplants.in/searchpage/showdetails/xplant_id/43842c8edcd45ca1ca952945109884e5/xclkon/d94531e41872704e2dfd6d14401c7201
Dichrostachys cinerea WIGHT & ARN.,MIMOSACEAE,"Ayurveda, Siddha, Folk, Sowa-Rigpa",,,https://www.medicinalplants.in/searchpage/showdetails/xplant_id/bc506e317ac312e5d6654450ed5c3f26/xclkon/7cecdf399d8da41c8103c8a8cdc9cfe8
Desmodium gangeticum (L.) DC.,FABACEAE,"Ayurveda, Siddha, Unani, Homeopathy, Folk, Sowa-Rigpa",Hedysarum gangeticum L.,,https://www.medicinalplants.in/searchpage/showdetails/xplant_id/71688619ee80ca1586b852585d848fdf
"Desmodium heterocarpon - var. strigosum VAN MEEWUEN X Family - FABACEAE System(s) of Indian Medicine - Ayurveda, Folk Botanical Synonyms (1) - Desmodium polycarpum DC.",FABACEAE,"Ayurveda, Folk",Desmodium polycarpum DC.,,https://www.medicinalplants.in/searchpage/showdetails/xplant_id/2cfc3494f999fcfc439fbd5a799ba54c
Desmodium velutinum (WILLD.) DC.,FABACEAE,"Ayurveda, Siddha",Desmodium latifolium DC.,,https://www.medicinalplants.in/searchpage/showdetails/xplant_id/83a9f5b4a0610f7770644aec506f1dd5/xclkon/6e800dff5629f869b17c819201c10dfe
Desmodium laxiflorum DC.,FABACEAE,,,,https://www.medicinalplants.in/searchpage/showdetails/xplant_id/a470cffda6c2c7d5c3c6bf6eedaf51a7
"Desmodium heterocarpon - var. strigosum VAN MEEWUEN X Family - FABACEAE System(s) of Indian Medicine - Ayurveda, Folk Botanical Synonyms (1) - Desmodium polycarpum DC.",FABACEAE,"Ayurveda, Folk",Desmodium polycarpum DC.,,https://www.medicinalplants.in/searchpage/showdetails/xplant_id/2cfc3494f999fcfc439fbd5a799ba54c/xclkon/3d40303a6310088431d67393c0e2cc40
Desmostachya bipinnata STAPF,POACEAE,"Ayurveda, Siddha, Unani, Sowa-Rigpa",Eragrostis cynosuroides BEAUV.,,https://www.medicinalplants.in/searchpage/showdetails/xplant_id/5d5c75320e8249891ff513bfbd3f1008
Dichrostachys cinerea WIGHT & ARN.,MIMOSACEAE,"Ayurveda, Siddha, Folk, Sowa-Rigpa",,,https://www.medicinalplants.in/searchpage/showdetails/xplant_id/bc506e317ac312e5d6654450ed5c3f26
Didymocarpus pedicellata R.BR.,GESNERIACEAE,,,,https://www.medicinalplants.in/searchpage/showdetails/xplant_id/a08277113be2113a1f4fa63ffe4eab97
Malaxis muscifera (LINDLEY) KUNTZE,ORCHIDACEAE,"Ayurveda, Folk, Sowa-Rigpa",,,https://www.medicinalplants.in/searchpage/showdetails/xplant_id/381cef2ef3f0adfdd22eb31d60c0c0bf/xclkon/8ee4f524609bfcec30a3375fa369e26d
Digera muricata (L.) MART.,AMARANTHACEAE,"Ayurveda, Siddha",Digera arvensis FORSK.,,https://www.medicinalplants.in/searchpage/showdetails/xplant_id/3ceeeec14102b5ea72e990a3834fb283/xclkon/6e58b16794bae308e2cba2b4754def89
Digera muricata (L.) MART.,AMARANTHACEAE,"Ayurveda, Siddha",Digera arvensis FORSK.,,https://www.medicinalplants.in/searchpage/showdetails/xplant_id/3ceeeec14102b5ea72e990a3834fb283
Digitalis purpurea L.,SCROPHULARIACEAE,,,,https://www.medicinalplants.in/searchpage/showdetails/xplant_id/c440cae0856e418009246cef80594df1
Dillenia indica L.,DILLENIACEAE,,,,https://www.medicinalplants.in/searchpage/showdetails/xplant_id/92478f184b06729a77ad133894a6ebb9
Dillenia pentagyna ROXB.,DILLENIACEAE,,,,https://www.medicinalplants.in/searchpage/showdetails/xplant_id/69187c98d65911f2688eb248130c3568
,POACEAE,"Ayurveda, Folk",,,https://www.medicinalplants.in/searchpage/showdetails/xplant_id/6e8305e33ed791d6a38375c07ce1c572/xclkon/1c60988e6dac34582433b60f643f4470
,POACEAE,"Ayurveda, Folk",,,https://www.medicinalplants.in/searchpage/showdetails/xplant_id/6e8305e33ed791d6a38375c07ce1c572
,DIOSCOREACEAE,"Ayurveda, Siddha, Folk",,,https://www.medicinalplants.in/searchpage/showdetails/xplant_id/9c95aea5d88345b75c9f6230bc83a8f4/xclkon/72c274c5e89a0fef838a0da3ca649466
,DIOSCOREACEAE,"Ayurveda, Siddha, Folk",,,https://www.medicinalplants.in/searchpage/showdetails/xplant_id/a7817c7b665e147d63907527195d6390
Dioscorea belophylla VOIGT EX HAINES,DIOSCOREACEAE,"Ayurveda, Folk",Dioscorea glabra AUCT. NON ROXB.,,https://www.medicinalplants.in/searchpage/showdetails/xplant_id/4daba113f453290ce1e9ededa3b91bd1
Dioscorea bulbifera L.,DIOSCOREACEAE,"Ayurveda, Siddha, Unani, Folk, Sowa-Rigpa",Dioscorea crispata ROXB. Dioscorea sativa AUCT. NON L.,,https://www.medicinalplants.in/searchpage/showdetails/xplant_id/dfd4a6b00896920d5ef8dab3477cf1f0
Dioscorea bulbifera L.,DIOSCOREACEAE,"Ayurveda, Siddha, Unani, Folk, Sowa-Rigpa",Dioscorea crispata ROXB. Dioscorea sativa AUCT. NON L.,,https://www.medicinalplants.in/searchpage/showdetails/xplant_id/dfd4a6b00896920d5ef8dab3477cf1f0/xclkon/4fbfc1adbb6ceed17f96cf98d96b1552
Dioscorea hispida DENNST.,DIOSCOREACEAE,"Ayurveda, Folk",,,https://www.medicinalplants.in/searchpage/showdetails/xplant_id/2d0040698f764a73e55cc595a6b119fd/xclkon/0f0135f85d72b338b225411774502bde
,DIOSCOREACEAE,"Ayurveda, Siddha, Folk",,,https://www.medicinalplants.in/searchpage/showdetails/xplant_id/9c95aea5d88345b75c9f6230bc83a8f4
Dioscorea belophylla VOIGT EX HAINES,DIOSCOREACEAE,"Ayurveda, Folk",Dioscorea glabra AUCT. NON ROXB.,,https://www.medicinalplants.in/searchpage/showdetails/xplant_id/4daba113f453290ce1e9ededa3b91bd1/xclkon/ba06afad3f2ab89ccc863d1f26569868
,DIOSCOREACEAE,"Ayurveda, Siddha, Folk",,,https://www.medicinalplants.in/searchpage/showdetails/xplant_id/a7817c7b665e147d63907527195d6390/xclkon/5464a3a5753eec90ac8edbf6d81b14d0
Dioscorea hispida DENNST.,DIOSCOREACEAE,"Ayurveda, Folk",,,https://www.medicinalplants.in/searchpage/showdetails/xplant_id/2d0040698f764a73e55cc595a6b119fd/xclkon/6649bf3c436f5c5fa5ea526211adc0d3
Dioscorea hispida DENNST.,DIOSCOREACEAE,"Ayurveda, Folk",,,https://www.medicinalplants.in/searchpage/showdetails/xplant_id/2d0040698f764a73e55cc595a6b119fd
,DIOSCOREACEAE,,,,https://www.medicinalplants.in/searchpage/showdetails/xplant_id/0a70d022c0deda74d8a4374bc661e24b
Dioscorea pentaphylla L.,DIOSCOREACEAE,,,,https://www.medicinalplants.in/searchpage/showdetails/xplant_id/73676cdc95b8b8b51037ca0b166808c6
,DIOSCOREACEAE,,,,https://www.medicinalplants.in/searchpage/showdetails/xplant_id/fd93c451adce6323f6ccd896b7437352
Dioscorea puber BLUME,DIOSCOREACEAE,,,,https://www.medicinalplants.in/searchpage/showdetails/xplant_id/ad018737c8b6b195fc17bf37f56a2485
,DIOSCOREACEAE,"Ayurveda, Siddha, Folk",,,https://www.medicinalplants.in/searchpage/showdetails/xplant_id/a7817c7b665e147d63907527195d6390/xclkon/b0e7a003109cac06f3c8ec9127afa473
,DIOSCOREACEAE,"Ayurveda, Siddha, Folk",,,https://www.medicinalplants.in/searchpage/showdetails/xplant_id/a7817c7b665e147d63907527195d6390/xclkon/a820c36e359649f548d802c537071b01
Dioscorea bulbifera L.,DIOSCOREACEAE,"Ayurveda, Siddha, Unani, Folk, Sowa-Rigpa",Dioscorea crispata ROXB. Dioscorea sativa AUCT. NON L.,,https://www.medicinalplants.in/searchpage/showdetails/xplant_id/dfd4a6b00896920d5ef8dab3477cf1f0/xclkon/59bd7c08891430ca54919280a51a58aa
Dioscorea hispida DENNST.,DIOSCOREACEAE,"Ayurveda, Folk",,,https://www.medicinalplants.in/searchpage/showdetails/xplant_id/2d0040698f764a73e55cc595a6b119fd/xclkon/783b975a223c904811579e8f5deadf04
Diospyros candolleana WIGHT,EBENACEAE,,,,https://www.medicinalplants.in/searchpage/showdetails/xplant_id/cf29eb4c90c73ad83a256f8e13741ca8
Diospyros exsculpta BUCH.-HAM.,EBENACEAE,"Ayurveda, Siddha, Sowa-Rigpa",Diospyros tomentosa ROXB.,,https://www.medicinalplants.in/searchpage/showdetails/xplant_id/2102c41baf782c0ba6d4e7576c8a6f05
Diospyros glutinosa KOENIG,EBENACEAE,,,,https://www.medicinalplants.in/searchpage/showdetails/xplant_id/92afab5d1ac6ffb9edf30018afa558ff
Diospyros peregrina (GAERTN.) GURKE.,EBENACEAE,"Ayurveda, Siddha, Unani, Folk",Diospyros embryopteris PERS.,,https://www.medicinalplants.in/searchpage/showdetails/xplant_id/d3941028b6c5eefb0cce88aa2b672d52/xclkon/63650f9cbf0b91db92f726bdc84961fe
Diospyros melanoxylon ROXB.,EBENACEAE,,,,https://www.medicinalplants.in/searchpage/showdetails/xplant_id/3e840519e9ad28aeb0760051b97213ec
Diospyros montana ROXB.,EBENACEAE,,,,https://www.medicinalplants.in/searchpage/showdetails/xplant_id/450ebf885767a349d62389fdb0161406
Diospyros paniculata DALZ.,EBENACEAE,,,,https://www.medicinalplants.in/searchpage/showdetails/xplant_id/7f70f893f92feeb824ac9e616652a7c0
Diospyros peregrina (GAERTN.) GURKE.,EBENACEAE,"Ayurveda, Siddha, Unani, Folk",Diospyros embryopteris PERS.,,https://www.medicinalplants.in/searchpage/showdetails/xplant_id/d3941028b6c5eefb0cce88aa2b672d52
Diospyros exsculpta BUCH.-HAM.,EBENACEAE,"Ayurveda, Siddha, Sowa-Rigpa",Diospyros tomentosa ROXB.,,https://www.medicinalplants.in/searchpage/showdetails/xplant_id/2102c41baf782c0ba6d4e7576c8a6f05/xclkon/cc728dfa4dceec727a9d6a0784ccef4a
Diplocyclos palmatus (L.) JAFFREY,CUCURBITACEAE,"Ayurveda, Siddha, Folk",Bryonia laciniosa L.,,https://www.medicinalplants.in/searchpage/showdetails/xplant_id/1c7f618abeda5452a8a3079708727925
,SAPOTACEAE,"Ayurveda, Folk",,,https://www.medicinalplants.in/searchpage/showdetails/xplant_id/13abc384d83346dcb2ce617d255f4e77/xclkon/4ad30bc7e3461225abd2e292020b0954
Dipterocarpus alatus ROXB.,DIPTEROCARPACEAE,,,,https://www.medicinalplants.in/searchpage/showdetails/xplant_id/d9ff4bc13f5ff0e6620a49895b0100b0
Dipterocarpus turbinatus GAERTN. F.,DIPTEROCARPACEAE,,,,https://www.medicinalplants.in/searchpage/showdetails/xplant_id/c0079351bb60f9dd4362d867582c9cb8
Dodonaea viscosa (L.) JACQ.,SAPINDACEAE,,,,https://www.medicinalplants.in/searchpage/showdetails/xplant_id/6ed481b13abdae12cba10ed644f0129b
,BIGNONIACEAE,,,,https://www.medicinalplants.in/searchpage/showdetails/xplant_id/812ed115c585d63b8aea8971c1766024
Vigna unguiculata (L.) WALP. subsp. cylindrica (L.) ESELT.,FABACEAE,"Ayurveda, Siddha, Unani, Folk, Sowa-Rigpa",Dolichos catiang L. Dolichos catjang L.,,https://www.medicinalplants.in/searchpage/showdetails/xplant_id/c119f5f402c2eb87c8fbd6915b5bb359/xclkon/af3da932dd763a152c0da0a4012efbf5
Vigna unguiculata (L.) WALP. subsp. cylindrica (L.) ESELT.,FABACEAE,"Ayurveda, Siddha, Unani, Folk, Sowa-Rigpa",Dolichos catiang L. Dolichos catjang L.,,https://www.medicinalplants.in/searchpage/showdetails/xplant_id/c119f5f402c2eb87c8fbd6915b5bb359/xclkon/80ba9690065f8ffe89178a3ad4892b25
,FABACEAE,"Ayurveda, Siddha",,,https://www.medicinalplants.in/searchpage/showdetails/xplant_id/3b4655846cbe42dc6e7077bb62f44b4a/xclkon/571830bd26cdbca170f1173ea853ef38
,FABACEAE,,,,https://www.medicinalplants.in/searchpage/showdetails/xplant_id/d7a273327201ad5dcb276075872c4604
Jurinea dolomiaea BOISS,ASTERACEAE,"Ayurveda, Folk",Dolomaea macrocephala DC.,,https://www.medicinalplants.in/searchpage/showdetails/xplant_id/a6c5afbccbb866615ac2d1c060a2d726/xclkon/bc4dd21ae29b07bd95126eb72446a829
,APIACEAE,,,,https://www.medicinalplants.in/searchpage/showdetails/xplant_id/76be086f3aa543fbc83357c0fa53689e
,ARACEAE,,,,https://www.medicinalplants.in/searchpage/showdetails/xplant_id/ef81f135e83f3e2abfce5e2971a8de10
Wattakaka volubilis (L.F.) STAPF,ASCLEPIADACEAE,"Ayurveda, Siddha, Unani, Folk",Asclepias volubilis L.F.,,https://www.medicinalplants.in/searchpage/showdetails/xplant_id/66abd203e28e8a1260e62436cbe8a63d/xclkon/1f4cb82e430205d947721b5760784399
Drimia indica (ROXB.) J.P. JESSOP,LILIACEAE,"Ayurveda, Siddha, Unani, Folk",Urginea indica (ROXB) KUNTH.,,https://www.medicinalplants.in/searchpage/showdetails/xplant_id/6ddd9f01a806249ae8306064b767007a
,POLYPODIACEAE,,,,https://www.medicinalplants.in/searchpage/showdetails/xplant_id/7cf8848992502dce760e62eb2f6ab04d
,DIPTEROCARPACEAE,,,,https://www.medicinalplants.in/searchpage/showdetails/xplant_id/d990c2b2e5db48bb3a0e9122934bd2f7
,EUPHORBIACEAE,"Ayurveda, Folk",,,https://www.medicinalplants.in/searchpage/showdetails/xplant_id/a3fdec531b0fdbc289419d1b9fdde245
Dysoxylum malabaricum BEDD.,MELIACEAE,,,,https://www.medicinalplants.in/searchpage/showdetails/xplant_id/16e4b631d4ee3893d3ec903227832e2d
Ecbolium viride (FORSK.) ALSTON,ACANTHACEAE,"Ayurveda, Siddha, Folk",Ecbolium linneanum KURZ.,,https://www.medicinalplants.in/searchpage/showdetails/xplant_id/c19f369f2296014bbfabbf7bbde60cf1/xclkon/2517f758e7e709a2e7606a8cdba59028
Echinochloa frumentacea LINK,POACEAE,"Ayurveda, Siddha, Unani",,,https://www.medicinalplants.in/searchpage/showdetails/xplant_id/97f639ee183ac2a68331dc3b34623c1a
Echinops echinatus ROXB.,ASTERACEAE,,,,https://www.medicinalplants.in/searchpage/showdetails/xplant_id/4517a64f6d5d32607bac9502312643b9
Aganosma dichotoma (ROTH) K.SCHUM.,APOCYNACEAE,"Ayurveda, Folk, Sowa-Rigpa",Aganosma caryophyllata G.DON,,https://www.medicinalplants.in/searchpage/showdetails/xplant_id/897f3cdce4cd7d57d2544e7ae66b0bec/xclkon/be182c495cce9710579a592ec7e18f1d
Eclipta prostrata (L.) L.,ASTERACEAE,"Ayurveda, Siddha, Unani, Folk, Sowa-Rigpa",Eclipta alba HASSK.,,https://www.medicinalplants.in/searchpage/showdetails/xplant_id/ebdf4cc43c22f9b9ef56093a924611d9/xclkon/8eb2faa62f552ed9c850bb651d691938
Eclipta prostrata (L.) L.,ASTERACEAE,"Ayurveda, Siddha, Unani, Folk, Sowa-Rigpa",Eclipta alba HASSK.,,https://www.medicinalplants.in/searchpage/showdetails/xplant_id/ebdf4cc43c22f9b9ef56093a924611d9/xclkon/f75c6c07c4172e990fda766d4cd5ffe3
Eclipta prostrata (L.) L.,ASTERACEAE,"Ayurveda, Siddha, Unani, Folk, Sowa-Rigpa",Eclipta alba HASSK.,,https://www.medicinalplants.in/searchpage/showdetails/xplant_id/ebdf4cc43c22f9b9ef56093a924611d9
Ehretia laevis ROXB.,EHRETIACEAE,,,,https://www.medicinalplants.in/searchpage/showdetails/xplant_id/d329b135a1331fbffcfc9843b56582d8
,EHRETIACEAE,,,,https://www.medicinalplants.in/searchpage/showdetails/xplant_id/0abf412c508954b064537f2922fd8ac2
Eichhornia crassipes SOLMS,PONTEDERIACEAE,,,,https://www.medicinalplants.in/searchpage/showdetails/xplant_id/4b50a2c878a247d2558dff12b4e98c69
Elaeocarpus sphaericus (GAERTN.) K.SCHUM.,ELAEOCARPACEAE,"Ayurveda, Siddha, Folk",Elaeocarpus ganitrus ROXB.,,https://www.medicinalplants.in/searchpage/showdetails/xplant_id/db00a5be8316e8113e129c02292d72e9/xclkon/bf20b7ae2571f24bbbd8e72f8aca685d
Elaeocarpus serratus L.,ELAEOCARPACEAE,,,,https://www.medicinalplants.in/searchpage/showdetails/xplant_id/93223a8a195ffeb9942a56f67c871d4d
Elaeocarpus sphaericus (GAERTN.) K.SCHUM.,ELAEOCARPACEAE,"Ayurveda, Siddha, Folk",Elaeocarpus ganitrus ROXB.,,https://www.medicinalplants.in/searchpage/showdetails/xplant_id/db00a5be8316e8113e129c02292d72e9
Elaeocarpus tuberculatus ROXB.,ELAEOCARPACEAE,,,,https://www.medicinalplants.in/searchpage/showdetails/xplant_id/a7ce0e34360c25fb67e60817b6265f35
Cassine glauca (ROTTB.) O.KTZE.,CELASTRACEAE,"Ayurveda, Siddha, Folk",Elaeodendron glaucum PERS.,,https://www.medicinalplants.in/searchpage/showdetails/xplant_id/7727492ab9aa7dcdfa024d295d8072ae/xclkon/89fd92fe97aae8b3f6342686bbc8dacf
Cassine glauca (ROTTB.) O.KTZE.,CELASTRACEAE,"Ayurveda, Siddha, Folk",Elaeodendron glaucum PERS.,,https://www.medicinalplants.in/searchpage/showdetails/xplant_id/7727492ab9aa7dcdfa024d295d8072ae/xclkon/930688a66e3b344d25eb7f84bdb94188
Elephantopus scaber L.,ASTERACEAE,,,,https://www.medicinalplants.in/searchpage/showdetails/xplant_id/d033dab259cf3199674520640011fbcc
Elettaria cardamomum MATON,ZINGIBERACEAE,"Ayurveda, Siddha, Unani, Folk, Sowa-Rigpa",,,https://www.medicinalplants.in/searchpage/showdetails/xplant_id/dc9a36679c6be366058571f5b89a9d7e
Elettaria cardamomum MATON var. major THW.,ZINGIBERACEAE,,,,https://www.medicinalplants.in/searchpage/showdetails/xplant_id/8f1cb33eebc0873a3351c92ac42db7ae
,ZINGIBERACEAE,,,,https://www.medicinalplants.in/searchpage/showdetails/xplant_id/6909763f8615f8e6b04f4b6a7970c3cf
Elettaria cardamomum MATON,ZINGIBERACEAE,"Ayurveda, Siddha, Unani, Folk, Sowa-Rigpa",,,https://www.medicinalplants.in/searchpage/showdetails/xplant_id/dc9a36679c6be366058571f5b89a9d7e/xclkon/2e245b51eae99f09073ec83cd435b31f
Dactyloctenium aegyptium BEAUV.,POACEAE,"Ayurveda, Siddha, Folk",Eleusine aegyptiaca DESF.,,https://www.medicinalplants.in/searchpage/showdetails/xplant_id/2d561019cdc3054d595e12e34b7a47d3/xclkon/b7bad29b0bc55298b8138ceddd23b8ef
Eleusine coracana (L.) GAERTN.,POACEAE,"Ayurveda, Siddha, Unani, Folk, Sowa-Rigpa",,,https://www.medicinalplants.in/searchpage/showdetails/xplant_id/eefb1d85143ce59c4ed159c03abdefb0
Eleusine indica GAERTN.,POACEAE,,,,https://www.medicinalplants.in/searchpage/showdetails/xplant_id/a4bfc36d342cb82224e4e3567b8bf6a0
,MYRSINACEAE,,,,https://www.medicinalplants.in/searchpage/showdetails/xplant_id/ef2f0dcb2f1c1b3f3207b58c87efc8d7
Embelia ribes BURM.F.,MYRSINACEAE,,,,https://www.medicinalplants.in/searchpage/showdetails/xplant_id/ef3d02489c5b96418e218dcefab7e885
Embelia tsjeriam-cottam A.DC.,MYRSINACEAE,,,,https://www.medicinalplants.in/searchpage/showdetails/xplant_id/a56c30202a8ee64633d5d9f4df537632
Emblica officinalis GAERTN.,EUPHORBIACEAE,"Ayurveda, Siddha, Unani, Folk, Sowa-Rigpa",Phyllanthus emblica L.,,https://www.medicinalplants.in/searchpage/showdetails/xplant_id/479d2a25bb4439110c4f488df1dcb80d
Diospyros peregrina (GAERTN.) GURKE.,EBENACEAE,"Ayurveda, Siddha, Unani, Folk",Diospyros embryopteris PERS.,,https://www.medicinalplants.in/searchpage/showdetails/xplant_id/d3941028b6c5eefb0cce88aa2b672d52/xclkon/dcb52e7379b8847f564c0022d02ac89f
Emilia sonchifolia (L.) DC.,ASTERACEAE,"Ayurveda, Siddha, Folk",Cacalia sonchifolia L.,,https://www.medicinalplants.in/searchpage/showdetails/xplant_id/45c83f609b198414a52416fcda2148c6
Enhydra fluctuans LOUR.,ASTERACEAE,"Ayurveda, Folk",,,https://www.medicinalplants.in/searchpage/showdetails/xplant_id/e22e0dc725df3b12dc3a69b30f15b9aa
Enhydra fluctuans LOUR.,ASTERACEAE,"Ayurveda, Folk",,,https://www.medicinalplants.in/searchpage/showdetails/xplant_id/e22e0dc725df3b12dc3a69b30f15b9aa/xclkon/62d1156ccc1a167e8f04339a4b837c6b
,MIMOSACEAE,"Ayurveda, Siddha, Folk",,,https://www.medicinalplants.in/searchpage/showdetails/xplant_id/866f4a7d571c9da93c321934849f1953/xclkon/2cf7db7022bcb283f075c98329ee388e
Enicostemma axillare (LAM.) RAYNAL,GENTIANACEAE,"Ayurveda, Siddha, Folk",Adenema hyssopifolium G. DON Enicostemma hyssopifolium (WILLD.) VERDOORN,,https://www.medicinalplants.in/searchpage/showdetails/xplant_id/0487812b0cc32dc0742a1efb484b6759
Enicostemma axillare (LAM.) RAYNAL,GENTIANACEAE,"Ayurveda, Siddha, Folk",Adenema hyssopifolium G. DON Enicostemma hyssopifolium (WILLD.) VERDOORN,,https://www.medicinalplants.in/searchpage/showdetails/xplant_id/0487812b0cc32dc0742a1efb484b6759/xclkon/ac665fc7bd62e0aa6dfcb2f1c8b02fcb
Enicostemma axillare (LAM.) RAYNAL,GENTIANACEAE,"Ayurveda, Siddha, Folk",Adenema hyssopifolium G. DON Enicostemma hyssopifolium (WILLD.) VERDOORN,,https://www.medicinalplants.in/searchpage/showdetails/xplant_id/0487812b0cc32dc0742a1efb484b6759/xclkon/4616c13b6cdcf30b2790cdb511889aa6
Enicostemma axillare (LAM.) RAYNAL,GENTIANACEAE,"Ayurveda, Siddha, Folk",Adenema hyssopifolium G. DON Enicostemma hyssopifolium (WILLD.) VERDOORN,,https://www.medicinalplants.in/searchpage/showdetails/xplant_id/0487812b0cc32dc0742a1efb484b6759/xclkon/8dcbc8be9dc1f819bf5aca921df61e50
,MIMOSACEAE,"Ayurveda, Siddha, Folk",,,https://www.medicinalplants.in/searchpage/showdetails/xplant_id/866f4a7d571c9da93c321934849f1953
,POACEAE,,,,https://www.medicinalplants.in/searchpage/showdetails/xplant_id/e0e8b42fbb5212c892c30b6f737c2a71
Ephedra gerardiana WALL.,EPHEDRACEAE,"Ayurveda, Homeopathy",,,https://www.medicinalplants.in/searchpage/showdetails/xplant_id/4dc35ede014981b367c7c8982e4b4892
Ephedra gerardiana WALL.,EPHEDRACEAE,"Ayurveda, Homeopathy",,,https://www.medicinalplants.in/searchpage/showdetails/xplant_id/4dc35ede014981b367c7c8982e4b4892/xclkon/711ae1acf251dbe4b267eaa583f6c27b
Desmostachya bipinnata STAPF,POACEAE,"Ayurveda, Siddha, Unani, Sowa-Rigpa",Eragrostis cynosuroides BEAUV.,,https://www.medicinalplants.in/searchpage/showdetails/xplant_id/5d5c75320e8249891ff513bfbd3f1008/xclkon/a99827b54b2f5d4beb733b637b4da37e
Eragrostis tremula HOCHST.,POACEAE,,,,https://www.medicinalplants.in/searchpage/showdetails/xplant_id/9a0716b27b21e0d3116a6e70f6b1d6db
,POACEAE,"Ayurveda, Sowa-Rigpa",,,https://www.medicinalplants.in/searchpage/showdetails/xplant_id/439cc48348a7576c65cb3b3a1e53b94b/xclkon/c7dce125d3f3b857c3b619022cee77e7
Eriobotrya japonica LINDL.,ROSACEAE,,,,https://www.medicinalplants.in/searchpage/showdetails/xplant_id/c58ae4e6fa281da81b143e9fef0adb9a
Ceiba pentandra (L.) GAERTN.,BOMBACACEAE,"Ayurveda, Siddha, Unani, Folk",Eriodendron anfractuosum BC.,,https://www.medicinalplants.in/searchpage/showdetails/xplant_id/f8a3e874c6fc54d081c50263ce5a27c2/xclkon/f63f46f53ea75d595820c56762f3699c
Eruca sativa GARS.,BRASSICACEAE,,,,https://www.medicinalplants.in/searchpage/showdetails/xplant_id/3b849a4aa2deed808558ec37cedae016
Tabernaemontana divaricata (L.) ROEM. & SCHULT.,APOCYNACEAE,"Ayurveda, Siddha, Folk",Ervatamia coronaria (JACQ.) STAPF.,,https://www.medicinalplants.in/searchpage/showdetails/xplant_id/5f8bfd4196998db48c75cf43cc008be3/xclkon/290f45645b89faa727285804b33c993e
Tabernaemontana divaricata (L.) ROEM. & SCHULT.,APOCYNACEAE,"Ayurveda, Siddha, Folk",Ervatamia coronaria (JACQ.) STAPF.,,https://www.medicinalplants.in/searchpage/showdetails/xplant_id/5f8bfd4196998db48c75cf43cc008be3/xclkon/25bdb469b72c790fb54edb5a38a36f4c
,CONVOLVULACEAE,,,,https://www.medicinalplants.in/searchpage/showdetails/xplant_id/08881b138837b1539bb51f3685be0cd3
"Centaurium roxburghii (G.DON) DRUCE X Family - GENTIANACEAE System(s) of Indian Medicine - Ayurveda, Folk Botanical Synonyms (2) - Centaurium centaurioides (ROXB.) ROLLA RAO Erythraea roxburghii G.DON",GENTIANACEAE,"Ayurveda, Folk",Centaurium centaurioides (ROXB.) ROLLA RAO Erythraea roxburghii G.DON,,https://www.medicinalplants.in/searchpage/showdetails/xplant_id/45ee92f9353217d7b2f65d20ff42ed68/xclkon/21ae8e6aae44d0fa4bd84b818cd833ec
Erythrina variegata L.,FABACEAE,"Ayurveda, Siddha, Folk, Sowa-Rigpa",Erythrina indica LAM.,,https://www.medicinalplants.in/searchpage/showdetails/xplant_id/9da4a2d302421acdaade99983bef319d/xclkon/ffef96b012fd8b5ae25a48a954e3c5df
Erythrina stricta ROXB.,FABACEAE,,,,https://www.medicinalplants.in/searchpage/showdetails/xplant_id/34f74ad35e37f74577b6332a6bc7bc18
Erythrina variegata L.,FABACEAE,"Ayurveda, Siddha, Folk, Sowa-Rigpa",Erythrina indica LAM.,,https://www.medicinalplants.in/searchpage/showdetails/xplant_id/9da4a2d302421acdaade99983bef319d
,FABACEAE,,,,https://www.medicinalplants.in/searchpage/showdetails/xplant_id/9744e983619bfb69ceb1860b2aeaa469
,ERYTHROXYLACEAE,,,,https://www.medicinalplants.in/searchpage/showdetails/xplant_id/2c8a522c2dc42087ff477be0a16c6007
Eucalyptus globulus LABILL,MYRTACEAE,,,,https://www.medicinalplants.in/searchpage/showdetails/xplant_id/eeb0f6081ccf54f31818fe441d374ff7
Syzygium aromaticum (L.) MERRILL & PERRY,MYRTACEAE,"Ayurveda, Siddha, Unani, Folk, Sowa-Rigpa",Caryophyllus aromaticus L.,,https://www.medicinalplants.in/searchpage/showdetails/xplant_id/bce5381d0e29d38670508eacc491b6fd/xclkon/10fb25692cd7f55fe38b705006a21852
Syzygium caryophyllatum (L.) ALSTON,MYRTACEAE,"Ayurveda, Siddha, Unani",Eugenia caryophyllaea WIGHT,,https://www.medicinalplants.in/searchpage/showdetails/xplant_id/093b03a0efaab52e275a0c9758b65611/xclkon/886f26340b203eb5fad7125a982b1a01
Syzygium cumini (L.) SKEELS,MYRTACEAE,"Ayurveda, Siddha, Unani, Homeopathy, Folk, Sowa-Rigpa",Calyptranthes jambolana MOON. Eugenia jambolana LAM.,,https://www.medicinalplants.in/searchpage/showdetails/xplant_id/d5469b2ff22373aaaa14897e42ad27ef/xclkon/4238e8c05562f93249f1a830f36652de
Syzygium jambos (L.) ALSTON,MYRTACEAE,"Ayurveda, Siddha, Unani, Homeopathy, Folk",Eugenia jambos L.,,https://www.medicinalplants.in/searchpage/showdetails/xplant_id/9adbf18a4ccfab843085149dff116ec3/xclkon/d329cb507395ddc35a34f08fc7fc08bb
,MYRTACEAE,"Ayurveda, Siddha, Folk",,,https://www.medicinalplants.in/searchpage/showdetails/xplant_id/4efa3c8ab8470683e4fdd873f89452c4/xclkon/923679e1c031e8f4046bb7f2728c4130
Barringtonia racemosa (L.) K.SPRENG.,BARINGTONIACEAE,"Ayurveda, Siddha, Folk",Eugenia racemosa L.,,https://www.medicinalplants.in/searchpage/showdetails/xplant_id/b14490a3c7c4c893d2ba90b25a5c499e/xclkon/a80656cd18fdebec9552952ce43de543
Eulaliopsis binata (RETZ.) C.E. HUBBARD,POACEAE,,,,https://www.medicinalplants.in/searchpage/showdetails/xplant_id/c35204ade11bae51d579a1cd451a2fbf
,ORCHIDACEAE,,,,https://www.medicinalplants.in/searchpage/showdetails/xplant_id/1f07cd3aad9c08de84245c9d1ffa41a7
Eulophia dabia (D.DON) HOCHR.,ORCHIDACEAE,,,,https://www.medicinalplants.in/searchpage/showdetails/xplant_id/958d6f7b41b629e69a2ab04c9d177377
Eulophia herbacea LINDL.,ORCHIDACEAE,,,,https://www.medicinalplants.in/searchpage/showdetails/xplant_id/e2ae590bf349b449c4be0661dbeefb93
,ORCHIDACEAE,"Ayurveda, Sowa-Rigpa",,,https://www.medicinalplants.in/searchpage/showdetails/xplant_id/697fbfc95cc7e52a46c4a53e7ae1f1c6/xclkon/6fd057e92f78960ff47f742b759a9a10
,ORCHIDACEAE,"Ayurveda, Sowa-Rigpa",,,https://www.medicinalplants.in/searchpage/showdetails/xplant_id/697fbfc95cc7e52a46c4a53e7ae1f1c6
,RUTACEAE,"Ayurveda, Folk",,,https://www.medicinalplants.in/searchpage/showdetails/xplant_id/9eebd01f8ac0230d97370f0603c88e65/xclkon/32094848580d286882239557c2ef9dca
Eupatorium triplinerve VAHL,ASTERACEAE,"Ayurveda, Siddha, Folk",Eupatorium ayapana VENT.,,https://www.medicinalplants.in/searchpage/showdetails/xplant_id/5b59b1be20119e838a4aa24944e75e04/xclkon/8f40a30b109a05fb2211ea5b414ee24e
Eupatorium triplinerve VAHL,ASTERACEAE,"Ayurveda, Siddha, Folk",Eupatorium ayapana VENT.,,https://www.medicinalplants.in/searchpage/showdetails/xplant_id/5b59b1be20119e838a4aa24944e75e04
Euphorbia acaulis ROXB.,EUPHORBIACEAE,"Ayurveda, Folk",,,https://www.medicinalplants.in/searchpage/showdetails/xplant_id/a64ac9a5bbe52e06ed81d388de20a7a2
Euphorbia antiquorum L.,EUPHORBIACEAE,,,,https://www.medicinalplants.in/searchpage/showdetails/xplant_id/4d2cb44cd163454d6da065437a8434bf
Euphorbia dracunculoides LAM.,EUPHORBIACEAE,,,,https://www.medicinalplants.in/searchpage/showdetails/xplant_id/b55972fcf5e9efdd711a015e4ddfb5d5
Euphorbia acaulis ROXB.,EUPHORBIACEAE,"Ayurveda, Folk",,,https://www.medicinalplants.in/searchpage/showdetails/xplant_id/a64ac9a5bbe52e06ed81d388de20a7a2/xclkon/a4efacf7b791ae93afc3a700476f29f2
Euphorbia hirta L.,EUPHORBIACEAE,"Ayurveda, Siddha, Unani, Folk",Euphorbia pilulifera L.,,https://www.medicinalplants.in/searchpage/showdetails/xplant_id/2e0ced1066486c34d420d287ac7cb0da
Euphorbia hypericifolia L.,EUPHORBIACEAE,,,,https://www.medicinalplants.in/searchpage/showdetails/xplant_id/82f13c7c2f496be68410a6f54dd5b901
Euphorbia neriifolia L.,EUPHORBIACEAE,"Ayurveda, Siddha, Unani, Folk, Sowa-Rigpa",Euphorbia ligularia ROXB.,,https://www.medicinalplants.in/searchpage/showdetails/xplant_id/24690dc57b78b6e616afd381ad275dfd/xclkon/68b7dbd02b37433ed91dd635f18c463f
,EUPHORBIACEAE,,,,https://www.medicinalplants.in/searchpage/showdetails/xplant_id/abc9c7ceef61fde3b7ab6134463a6798
,EUPHORBIACEAE,"Ayurveda, Folk",,,https://www.medicinalplants.in/searchpage/showdetails/xplant_id/59ea8037b22d6815fe304a212a39cd8a
Euphorbia neriifolia L.,EUPHORBIACEAE,"Ayurveda, Siddha, Unani, Folk, Sowa-Rigpa",Euphorbia ligularia ROXB.,,https://www.medicinalplants.in/searchpage/showdetails/xplant_id/24690dc57b78b6e616afd381ad275dfd
Euphorbia nivulia BUCH.-HAM.,EUPHORBIACEAE,,,,https://www.medicinalplants.in/searchpage/showdetails/xplant_id/e43878eaf24531c77e3a4e6193e262b2
,EUPHORBIACEAE,"Ayurveda, Folk",,,https://www.medicinalplants.in/searchpage/showdetails/xplant_id/59ea8037b22d6815fe304a212a39cd8a/xclkon/d5f842064d5932ab4adbe8916e7a84ab
Euphorbia pilosa L.,EUPHORBIACEAE,,,,https://www.medicinalplants.in/searchpage/showdetails/xplant_id/419869698262358336114a996f3862a6
Euphorbia hirta L.,EUPHORBIACEAE,"Ayurveda, Siddha, Unani, Folk",Euphorbia pilulifera L.,,https://www.medicinalplants.in/searchpage/showdetails/xplant_id/2e0ced1066486c34d420d287ac7cb0da/xclkon/2ccca8c16650bce5a6094a01406d3e4a
Euphorbia royleana BOISS.,EUPHORBIACEAE,,,,https://www.medicinalplants.in/searchpage/showdetails/xplant_id/b7a93b1cb5aa11bdabb3db783e064edb
Euphorbia thomsoniana BOISS.,EUPHORBIACEAE,,,,https://www.medicinalplants.in/searchpage/showdetails/xplant_id/f6247acf4b9c1a98718e17c0a49d09be
Euphorbia thymifolia L.,EUPHORBIACEAE,,,,https://www.medicinalplants.in/searchpage/showdetails/xplant_id/21e26bb85bbab718a7f8ca66e21cd10e
Euphorbia tirucalli L.,EUPHORBIACEAE,,,,https://www.medicinalplants.in/searchpage/showdetails/xplant_id/286afce510671abfbbf606395906a9c0
Euphorbia tortilis ROTTLER,EUPHORBIACEAE,,,,https://www.medicinalplants.in/searchpage/showdetails/xplant_id/e5d2a658f9c0c295a216859ed744145e
Euphorbia trigona HAW.,EUPHORBIACEAE,,,,https://www.medicinalplants.in/searchpage/showdetails/xplant_id/9b62b9d5ab60bd83b76e13a0f467a574
Euryale ferox SALISB.,NYMPHAEACEAE,,,,https://www.medicinalplants.in/searchpage/showdetails/xplant_id/22db21f1ed2d93adc974613f2ed29738
,APIACEAE,"Ayurveda, Unani, Homeopathy",,,https://www.medicinalplants.in/searchpage/showdetails/xplant_id/d276b9d74966e73518edea5d0db61003/xclkon/eef382b51352ea2a4c8df1fc620ab0c3
,RUTACEAE,"Ayurveda, Folk",,,https://www.medicinalplants.in/searchpage/showdetails/xplant_id/9eebd01f8ac0230d97370f0603c88e65
,RUTACEAE,,,,https://www.medicinalplants.in/searchpage/showdetails/xplant_id/227cd8327ae3b411313845150bed2b1b
,RUTACEAE,"Ayurveda, Folk",,,https://www.medicinalplants.in/searchpage/showdetails/xplant_id/9eebd01f8ac0230d97370f0603c88e65/xclkon/bc63cf900fb2efe17facafa5c55f0614
Evolvulus alsinoides L.,CONVOLVULACEAE,,,,https://www.medicinalplants.in/searchpage/showdetails/xplant_id/21c00fe82db738aa6348ba257cd281e0
,CONVOLVULACEAE,"Ayurveda, Siddha, Unani, Sowa-Rigpa",,,https://www.medicinalplants.in/searchpage/showdetails/xplant_id/f914465bab5b5ed0307908b9d8856abd/xclkon/954a4e4313856a48ffa009e9306c407f
Evolvulus nummularius L.,CONVOLVULACEAE,,,,https://www.medicinalplants.in/searchpage/showdetails/xplant_id/72c50cf4194abca091300b0bdc9ec335
Excoecaria agallocha L.,EUPHORBIACEAE,,,,https://www.medicinalplants.in/searchpage/showdetails/xplant_id/311859be0b9c62810103d1964445c910
"Fagonia cretica L. X Family - ZYGOPHYLLACEAE System(s) of Indian Medicine - Ayurveda, Unani, Sowa-Rigpa Botanical Synonyms (2) - Fagonia arabica L.",ZYGOPHYLLACEAE,"Ayurveda, Unani, Sowa-Rigpa",Fagonia arabica L.,,https://www.medicinalplants.in/searchpage/showdetails/xplant_id/08d2d4c84f2c73308d0f9d970c1567c0/xclkon/359663ac25d7af5aaf1cf8f46d87170d
"Fagonia cretica L. X Family - ZYGOPHYLLACEAE System(s) of Indian Medicine - Ayurveda, Unani, Sowa-Rigpa Botanical Synonyms (2) - Fagonia arabica L.",ZYGOPHYLLACEAE,"Ayurveda, Unani, Sowa-Rigpa",Fagonia arabica L.,,https://www.medicinalplants.in/searchpage/showdetails/xplant_id/08d2d4c84f2c73308d0f9d970c1567c0
"Fagonia cretica L. X Family - ZYGOPHYLLACEAE System(s) of Indian Medicine - Ayurveda, Unani, Sowa-Rigpa Botanical Synonyms (2) - Fagonia arabica L.",ZYGOPHYLLACEAE,"Ayurveda, Unani, Sowa-Rigpa",Fagonia arabica L.,,https://www.medicinalplants.in/searchpage/showdetails/xplant_id/08d2d4c84f2c73308d0f9d970c1567c0/xclkon/d155bc7a8ad776b754a94d9776585885
Fagopyrum tataricum (L.) GAERTN.,POLYGONACEAE,,,,https://www.medicinalplants.in/searchpage/showdetails/xplant_id/16dba29598ef4204b7a6c4e803b3cc81
Limonia acidissima L.,RUTACEAE,"Ayurveda, Siddha, Unani, Folk",Feronia elephantum CORREA,,https://www.medicinalplants.in/searchpage/showdetails/xplant_id/11190a784a6fa132fd4ad578e337bcea/xclkon/85e6eb8ac0369f8103ccdf40ea2dfa15
Limonia acidissima L.,RUTACEAE,"Ayurveda, Siddha, Unani, Folk",Feronia elephantum CORREA,,https://www.medicinalplants.in/searchpage/showdetails/xplant_id/11190a784a6fa132fd4ad578e337bcea/xclkon/73478502c2de2f9303690dcb5367b40d
,APIACEAE,,,,https://www.medicinalplants.in/searchpage/showdetails/xplant_id/d7905f95d38bcd80eb8a6bbfca95c8ed
Ferula assa-foetida L.,APIACEAE,,,,https://www.medicinalplants.in/searchpage/showdetails/xplant_id/00335c344635765232143e3a1763bc09
,APIACEAE,,,,https://www.medicinalplants.in/searchpage/showdetails/xplant_id/da147094b4608b3d22920bcc25a9da64
,APIACEAE,,,,https://www.medicinalplants.in/searchpage/showdetails/xplant_id/f56e5fd7114d573435eb12c0ceae5c64
Ferula jaeschkeana VATKE,APIACEAE,,,,https://www.medicinalplants.in/searchpage/showdetails/xplant_id/1936f618ecaa85cce3eeffd0d18518fa
Ferula narthex BOISS.,APIACEAE,,,,https://www.medicinalplants.in/searchpage/showdetails/xplant_id/4d26c4f62fa0e1101cbda3fc2a349ff6
,APIACEAE,,,,https://www.medicinalplants.in/searchpage/showdetails/xplant_id/7ad82659a8a7510b3b64f4d8531fdd74
,APIACEAE,,,,https://www.medicinalplants.in/searchpage/showdetails/xplant_id/ed2b6f88c6b437b107d42996c088a54f
,APIACEAE,"Ayurveda, Unani, Homeopathy",,,https://www.medicinalplants.in/searchpage/showdetails/xplant_id/d276b9d74966e73518edea5d0db61003
Ferula thomsoni C.B.CLARKE,APIACEAE,,,,https://www.medicinalplants.in/searchpage/showdetails/xplant_id/afa070fce3d087bba81240ae41f9a6f9
,MORACEAE,,,,https://www.medicinalplants.in/searchpage/showdetails/xplant_id/d6278598f20a17066fe44bb1b1f8e3b1
,MORACEAE,"Ayurveda, Siddha, Folk",,,https://www.medicinalplants.in/searchpage/showdetails/xplant_id/1fb5c94f12851039e66ecebe57fb40c2/xclkon/1720ff70ba85fb4aa78077c68ef431b9
Ficus arnottiana (MIQ.) MIQ.,MORACEAE,,,,https://www.medicinalplants.in/searchpage/showdetails/xplant_id/82816eacf84ab123e30324dd7f1815e8
,MORACEAE,"Ayurveda, Siddha, Folk",,,https://www.medicinalplants.in/searchpage/showdetails/xplant_id/e2a461ed830f9db29c245f2ad1069fdb/xclkon/4bffeb0d34322479041b6d9dd000992e
Ficus bengalensis L.,MORACEAE,,,,https://www.medicinalplants.in/searchpage/showdetails/xplant_id/86cd19a52dc5a7a46f7861db7b69d700
,MORACEAE,,,,https://www.medicinalplants.in/searchpage/showdetails/xplant_id/6789105993e26a315cae8a69d6d516a1
Ficus semicordata BUCH. EX  J. E. SMITH var. conglomerata (ROXB.) CORNER,MORACEAE,"Ayurveda, Folk",,,https://www.medicinalplants.in/searchpage/showdetails/xplant_id/d2b93a9ada387510b79141919cfc3fcf/xclkon/0c84bb615d7d9a3c0eb1949373cdd4e6
,MORACEAE,,,,https://www.medicinalplants.in/searchpage/showdetails/xplant_id/923d81a367ef927b15dde7c60c60bffb
,MORACEAE,"Ayurveda, Siddha, Folk",,,https://www.medicinalplants.in/searchpage/showdetails/xplant_id/e2a461ed830f9db29c245f2ad1069fdb
,MORACEAE,"Ayurveda, Folk",,,https://www.medicinalplants.in/searchpage/showdetails/xplant_id/222ae93bf5a75ea37613c012ed88412f
Ficus racemosa L.,MORACEAE,"Ayurveda, Siddha, Unani, Folk, Sowa-Rigpa",Ficus glomerata ROXB.,,https://www.medicinalplants.in/searchpage/showdetails/xplant_id/b22339bd7b08169fb15e7da6dfbc9aa7/xclkon/0a6fc1518f767f06ed6e96b6fa1bb8f8
Ficus heterophylla L. F.,MORACEAE,,,,https://www.medicinalplants.in/searchpage/showdetails/xplant_id/ab6093455f79f04ea2477ec2861f6a4c
Ficus hispida L.F.,MORACEAE,"Ayurveda, Siddha, Unani, Folk, Sowa-Rigpa",Ficus oppositifolia ROXB.,,https://www.medicinalplants.in/searchpage/showdetails/xplant_id/beb7b03016ba03863ff74fddf3e0d0d0
,MORACEAE,"Ayurveda, Siddha, Sowa-Rigpa",,,https://www.medicinalplants.in/searchpage/showdetails/xplant_id/d735665e53d34c0b612c79b7aebcb3e0/xclkon/aea4601c9d6bc0309df22c0b8f058961
Ficus virens AIT.,MORACEAE,"Ayurveda, Siddha, Folk",Ficus infectoria SENSU ROXB.,,https://www.medicinalplants.in/searchpage/showdetails/xplant_id/2b67df12042187957f78a5d746f39a25/xclkon/5c57d3393cb64ca2749b90e9c86ed314
,MORACEAE,"Ayurveda, Siddha, Sowa-Rigpa",,,https://www.medicinalplants.in/searchpage/showdetails/xplant_id/d735665e53d34c0b612c79b7aebcb3e0
Ficus virens AIT.,MORACEAE,"Ayurveda, Siddha, Folk",Ficus infectoria SENSU ROXB.,,https://www.medicinalplants.in/searchpage/showdetails/xplant_id/2b67df12042187957f78a5d746f39a25/xclkon/2a11f3c1c22c4fd4bd51606c3b562016
,MORACEAE,,,,https://www.medicinalplants.in/searchpage/showdetails/xplant_id/0cc68c21221ac92b6ae0d4260e4f5527
Ficus microcarpa L.F.,MORACEAE,"Ayurveda, Siddha, Folk",Ficus retusa AUCT. NON L.,,https://www.medicinalplants.in/searchpage/showdetails/xplant_id/3719e478e95b8cb9f9c878eca7a7e893
Ficus hispida L.F.,MORACEAE,"Ayurveda, Siddha, Unani, Folk, Sowa-Rigpa",Ficus oppositifolia ROXB.,,https://www.medicinalplants.in/searchpage/showdetails/xplant_id/beb7b03016ba03863ff74fddf3e0d0d0/xclkon/35c1f3a5d7a7cf8db6d6576087067ebb
Ficus racemosa L.,MORACEAE,"Ayurveda, Siddha, Unani, Folk, Sowa-Rigpa",Ficus glomerata ROXB.,,https://www.medicinalplants.in/searchpage/showdetails/xplant_id/b22339bd7b08169fb15e7da6dfbc9aa7
Ficus religiosa L.,MORACEAE,,,,https://www.medicinalplants.in/searchpage/showdetails/xplant_id/c9206123b72aebbce3bfd5030761c172
Ficus microcarpa L.F.,MORACEAE,"Ayurveda, Siddha, Folk",Ficus retusa AUCT. NON L.,,https://www.medicinalplants.in/searchpage/showdetails/xplant_id/3719e478e95b8cb9f9c878eca7a7e893/xclkon/0a6b22a0bd35ea31fb2c60b3431bd7be
Ficus semicordata BUCH. EX  J. E. SMITH var. conglomerata (ROXB.) CORNER,MORACEAE,"Ayurveda, Folk",,,https://www.medicinalplants.in/searchpage/showdetails/xplant_id/d2b93a9ada387510b79141919cfc3fcf
,MORACEAE,,,,https://www.medicinalplants.in/searchpage/showdetails/xplant_id/8573aec452d552b86ea2d5cc47069cc7
,MORACEAE,,,,https://www.medicinalplants.in/searchpage/showdetails/xplant_id/8bdf528af461eadcb8dc3d45515c17e3
,MORACEAE,"Ayurveda, Siddha, Folk",,,https://www.medicinalplants.in/searchpage/showdetails/xplant_id/1fb5c94f12851039e66ecebe57fb40c2
,MORACEAE,,,,https://www.medicinalplants.in/searchpage/showdetails/xplant_id/ce775ddd32cbdd059970f9be52827716
,MORACEAE,"Ayurveda, Folk",,,https://www.medicinalplants.in/searchpage/showdetails/xplant_id/222ae93bf5a75ea37613c012ed88412f/xclkon/b25ed014e758d71edfc2d25cdbfcad86
Fioria vitifolia (L.) MATTEI,MALVACEAE,"Ayurveda, Siddha, Folk",Hibiscus vitifolias L.,,https://www.medicinalplants.in/searchpage/showdetails/xplant_id/1b534dbbe7e64e9c9b017fe294dc50a9
Flacourtia jangomas (LOUR.) RAEUSCH.,FLACOURTIACEAE,"Ayurveda, Siddha, Unani",Flacourtia cataphracta ROXB. EX WILLD.,,https://www.medicinalplants.in/searchpage/showdetails/xplant_id/d39c57b5c8a2087f65aa443a7f693124/xclkon/e6dd14dbaf7214338e2d33554f3a4c05
Flacourtia indica (BURM.F.),FLACOURTIACEAE,"Ayurveda, Siddha, Folk, Sowa-Rigpa",Flacourtia sepiaria ROXB.,,https://www.medicinalplants.in/searchpage/showdetails/xplant_id/0a51b919c7926844e164c464ec8d28e2
Flacourtia jangomas (LOUR.) RAEUSCH.,FLACOURTIACEAE,"Ayurveda, Siddha, Unani",Flacourtia cataphracta ROXB. EX WILLD.,,https://www.medicinalplants.in/searchpage/showdetails/xplant_id/d39c57b5c8a2087f65aa443a7f693124
,FLACOURTIACEAE,,,,https://www.medicinalplants.in/searchpage/showdetails/xplant_id/13ca53d3c478a7b7ec4a2a99454f46d8
Flacourtia indica (BURM.F.),FLACOURTIACEAE,"Ayurveda, Siddha, Folk, Sowa-Rigpa",Flacourtia sepiaria ROXB.,,https://www.medicinalplants.in/searchpage/showdetails/xplant_id/0a51b919c7926844e164c464ec8d28e2/xclkon/dd7d4036a32c36b7fc7182560be7f1c2
Flemingia macrophylla (WILLD.) O.KTZE. EX MERR.,FABACEAE,"Ayurveda, Folk",Flemingia congesta ROXB.,,https://www.medicinalplants.in/searchpage/showdetails/xplant_id/c4fd710deae0988e5328cd75b89cbf1c/xclkon/37af9d39c3f2f5cc13a49d399dc6b900
Flemingia macrophylla (WILLD.) O.KTZE. EX MERR.,FABACEAE,"Ayurveda, Folk",Flemingia congesta ROXB.,,https://www.medicinalplants.in/searchpage/showdetails/xplant_id/c4fd710deae0988e5328cd75b89cbf1c
Flemingia paniculata WALL.,FABACEAE,,,,https://www.medicinalplants.in/searchpage/showdetails/xplant_id/261e7ed8e8e545e75b1db6b2ef05d5ce
Flemingia macrophylla (WILLD.) O.KTZE. EX MERR.,FABACEAE,"Ayurveda, Folk",Flemingia congesta ROXB.,,https://www.medicinalplants.in/searchpage/showdetails/xplant_id/c4fd710deae0988e5328cd75b89cbf1c/xclkon/88363fc96a0c12c5395e8cbbaaf89d2f
,ORCHIDACEAE,,,,https://www.medicinalplants.in/searchpage/showdetails/xplant_id/85171ab5aa98d4f593aba0149266cff1
,ORCHIDACEAE,,,,https://www.medicinalplants.in/searchpage/showdetails/xplant_id/14e3564ad3c13f53f68015ec29836ef8
Securinega leucopyrus (WILLD.) MUELL.-ARG.,EUPHORBIACEAE,"Ayurveda, Siddha, Folk",Fluegea leucopyrus WIGHT. Flueggea leucopyrus WILLD.,,https://www.medicinalplants.in/searchpage/showdetails/xplant_id/bd37746fb8a4bc88912d0f8c80639529/xclkon/d69a1e8b1d18a31128df0d42e144e313
Securinega leucopyrus (WILLD.) MUELL.-ARG.,EUPHORBIACEAE,"Ayurveda, Siddha, Folk",Fluegea leucopyrus WIGHT. Flueggea leucopyrus WILLD.,,https://www.medicinalplants.in/searchpage/showdetails/xplant_id/bd37746fb8a4bc88912d0f8c80639529/xclkon/c06e4f3a8226bf8d40fad7e7b3e27096
Securinega virosa BAILL.,EUPHORBIACEAE,"Ayurveda, Folk",Flueggea microcarpa BLUME,,https://www.medicinalplants.in/searchpage/showdetails/xplant_id/05581ea181890a20a3cd01ce956b2c70/xclkon/969b1dc1b3a4545e39f83ac014c7ab9e
Securinega virosa BAILL.,EUPHORBIACEAE,"Ayurveda, Folk",Flueggea microcarpa BLUME,,https://www.medicinalplants.in/searchpage/showdetails/xplant_id/05581ea181890a20a3cd01ce956b2c70/xclkon/ac4836e899ff8765c87a8c24b1cafd7f
Foeniculum vulgare GAERTN,APIACEAE,"Ayurveda, Siddha, Unani, Folk, Sowa-Rigpa",Anethum foeniculum L.,,https://www.medicinalplants.in/searchpage/showdetails/xplant_id/8ce8fe98c599dce3a2b0dd2970cdb0a4/xclkon/fb060b2f1511f35c03929900c038d705
Foeniculum vulgare GAERTN,APIACEAE,"Ayurveda, Siddha, Unani, Folk, Sowa-Rigpa",Anethum foeniculum L.,,https://www.medicinalplants.in/searchpage/showdetails/xplant_id/8ce8fe98c599dce3a2b0dd2970cdb0a4
,OLEACEAE,,,,https://www.medicinalplants.in/searchpage/showdetails/xplant_id/f38c04ada8cc4eede20a5eae87b23efd
,LILIACEAE,,,,https://www.medicinalplants.in/searchpage/showdetails/xplant_id/4fcd1260487c784f5832d15ecf226e56
Fumaria vaillantii LOISEL,FUMARIACEAE,"Ayurveda, Siddha, Unani, Sowa-Rigpa",Fumaria indica PUGSLEY,,https://www.medicinalplants.in/searchpage/showdetails/xplant_id/dec41b8a5572d1c4acbdc909f89a8248/xclkon/1ecde723108465eda012594612add28c
,FUMARIACEAE,,,,https://www.medicinalplants.in/searchpage/showdetails/xplant_id/8d44528602c63cc6a2a7b5f7339fe767
Fumaria vaillantii LOISEL,FUMARIACEAE,"Ayurveda, Siddha, Unani, Sowa-Rigpa",Fumaria indica PUGSLEY,,https://www.medicinalplants.in/searchpage/showdetails/xplant_id/dec41b8a5572d1c4acbdc909f89a8248/xclkon/07e931baad360fecb11f0d2634aff041
Fumaria vaillantii LOISEL,FUMARIACEAE,"Ayurveda, Siddha, Unani, Sowa-Rigpa",Fumaria indica PUGSLEY,,https://www.medicinalplants.in/searchpage/showdetails/xplant_id/dec41b8a5572d1c4acbdc909f89a8248
Tephrosia purpurea PERS.,FABACEAE,"Ayurveda, Siddha, Unani, Folk",Galega purpurea L.,,https://www.medicinalplants.in/searchpage/showdetails/xplant_id/c8ed3ad40516a2873cf00155bc39949c/xclkon/a8bdda61255b09fc495ae2f32b5dee5d
,FABACEAE,"Ayurveda, Siddha",,,https://www.medicinalplants.in/searchpage/showdetails/xplant_id/25f06264b7839a4ed3da205ea71d0af7/xclkon/0bc0e2960d3440cb214af98c7745fa74
Garcinia cambogia GAERTN. DESR.,CLUSIACEAE,"Ayurveda, Siddha, Folk",Garcinia gummi-gutta (L.) ROBS.,,https://www.medicinalplants.in/searchpage/showdetails/xplant_id/ceec640ff97cce7e1924aa9f6e2209ae
Garcinia cowa ROXB. EX  DC.,CLUSIACEAE,"Ayurveda, Folk",Garcinia kydia ROXB.,,https://www.medicinalplants.in/searchpage/showdetails/xplant_id/15f0724866331d238de92cbc096eb7fd
Garcinia cambogia GAERTN. DESR.,CLUSIACEAE,"Ayurveda, Siddha, Folk",Garcinia gummi-gutta (L.) ROBS.,,https://www.medicinalplants.in/searchpage/showdetails/xplant_id/ceec640ff97cce7e1924aa9f6e2209ae/xclkon/8a85c276e18ec0b31ac2d81b08a60dd5
,CLUSIACEAE,,,,https://www.medicinalplants.in/searchpage/showdetails/xplant_id/b3fe39d14456134b97ffecbf880a128b
Garcinia indica (DUP.) CHOISY,CLUSIACEAE,"Ayurveda, Folk, Sowa-Rigpa",Garcinia purpurea G.DON.,,https://www.medicinalplants.in/searchpage/showdetails/xplant_id/09d1703fdd745c90602cb35cffbba7a7
Garcinia cowa ROXB. EX  DC.,CLUSIACEAE,"Ayurveda, Folk",Garcinia kydia ROXB.,,https://www.medicinalplants.in/searchpage/showdetails/xplant_id/15f0724866331d238de92cbc096eb7fd/xclkon/883ce65ab8edd8d1c71c9d6e60d63eba
Garcinia morella (GAERTN.) DESR.,CLUSIACEAE,,,,https://www.medicinalplants.in/searchpage/showdetails/xplant_id/a3e6f8691986cdca6ffe150c459f9754
Garcinia pedunculata ROXB.,CLUSIACEAE,,,,https://www.medicinalplants.in/searchpage/showdetails/xplant_id/4363b8d76a07b506e416768ec9f1e085
Garcinia pictoria ROXB.,CLUSIACEAE,,,,https://www.medicinalplants.in/searchpage/showdetails/xplant_id/b75ec74db0565fe2745951df1c658eba
Garcinia indica (DUP.) CHOISY,CLUSIACEAE,"Ayurveda, Folk, Sowa-Rigpa",Garcinia purpurea G.DON.,,https://www.medicinalplants.in/searchpage/showdetails/xplant_id/09d1703fdd745c90602cb35cffbba7a7/xclkon/ea9736520ad351e60f909f4ae3853a7c
Garcinia xanthochymus HOOK.F.,CLUSIACEAE,"Ayurveda, Siddha, Folk",Garcinia tinctoria (DC.) W.F. WIGHT,,https://www.medicinalplants.in/searchpage/showdetails/xplant_id/3c2d246d5d14903cf86fba6db2a05c01/xclkon/61b6915e3a70d1c34a226df7ec5f1b35
Garcinia xanthochymus HOOK.F.,CLUSIACEAE,"Ayurveda, Siddha, Folk",Garcinia tinctoria (DC.) W.F. WIGHT,,https://www.medicinalplants.in/searchpage/showdetails/xplant_id/3c2d246d5d14903cf86fba6db2a05c01
Gardenia augusta (L.) MERR,RUBIACEAE,"Ayurveda, Siddha, Folk",Gardenia florida L.,,https://www.medicinalplants.in/searchpage/showdetails/xplant_id/3f58b52f2ab4c0749457843ba2c40d81
Catunaregum spinosa (THUNB.) TIRVENGADUM,RUBIACEAE,"Ayurveda, Siddha, Unani, Folk, Sowa-Rigpa",Gardenia dumetorum RETZ. Gardenia floribunda ROXB. Randia dumetorum LAM.,,https://www.medicinalplants.in/searchpage/showdetails/xplant_id/1b163f98a9315a49f346598f315cbf73/xclkon/aec392636c2fd7ad0165cb4605e9af16
Catunaregum spinosa (THUNB.) TIRVENGADUM,RUBIACEAE,"Ayurveda, Siddha, Unani, Folk, Sowa-Rigpa",Gardenia dumetorum RETZ. Gardenia floribunda ROXB. Randia dumetorum LAM.,,https://www.medicinalplants.in/searchpage/showdetails/xplant_id/1b163f98a9315a49f346598f315cbf73/xclkon/f91d81b7dee32666b96ec439edf0956b
Gardenia augusta (L.) MERR,RUBIACEAE,"Ayurveda, Siddha, Folk",Gardenia florida L.,,https://www.medicinalplants.in/searchpage/showdetails/xplant_id/3f58b52f2ab4c0749457843ba2c40d81/xclkon/2db38acfdb69a59b0763901b61357d34
Gardenia gummifera L.F.,RUBIACEAE,,,,https://www.medicinalplants.in/searchpage/showdetails/xplant_id/b458f6084bfd1560dc9847485bbba2a3
,RUBIACEAE,,,,https://www.medicinalplants.in/searchpage/showdetails/xplant_id/622147c97f08a73b8e1068c0ab322e4d
Gardenia augusta (L.) MERR,RUBIACEAE,"Ayurveda, Siddha, Folk",Gardenia florida L.,,https://www.medicinalplants.in/searchpage/showdetails/xplant_id/3f58b52f2ab4c0749457843ba2c40d81/xclkon/429b0e8debbfe76653e8902de353a096
Gardenia latifolia AITON,RUBIACEAE,,,,https://www.medicinalplants.in/searchpage/showdetails/xplant_id/b8eef072980be60b64f6d38b7b526a90
Gardenia resinifera ROTH.,RUBIACEAE,"Ayurveda, Siddha, Folk",Gardenia lucida ROXB.,,https://www.medicinalplants.in/searchpage/showdetails/xplant_id/c598ff0a6d4684d0cc75767a62ccd544/xclkon/40019bb2e2d492c9e486a1e5ed4ec811
Gardenia resinifera ROTH.,RUBIACEAE,"Ayurveda, Siddha, Folk",Gardenia lucida ROXB.,,https://www.medicinalplants.in/searchpage/showdetails/xplant_id/c598ff0a6d4684d0cc75767a62ccd544
Ceriscoides turgida (ROXB.) TIRUV.,RUBIACEAE,"Ayurveda, Siddha, Folk",Gardenia turgida ROXB.,,https://www.medicinalplants.in/searchpage/showdetails/xplant_id/6bb9d3aea548d0c03d32110a380503f0/xclkon/26f3f8ddeba2ef7e2b3e6f57b63aef8c
Garuga pinnata ROXB.,BURSERACEAE,,,,https://www.medicinalplants.in/searchpage/showdetails/xplant_id/d78735e5f127ec133f6ab1b671115c09
,ERICACEAE,,,,https://www.medicinalplants.in/searchpage/showdetails/xplant_id/32169f2aa58b8e8c7eef61f945a9728b
Justicia gendarussa BURM.,ACANTHACEAE,"Ayurveda, Siddha, Unani, Folk",Gendarussa vulgaris NEES,,https://www.medicinalplants.in/searchpage/showdetails/xplant_id/ebe9cdee8d3de7da772f0fad90dede9d/xclkon/48eb69eada25e61912d53d7ca19fed38
"Swertia chirayita ROXB. EX  (FLEMING) KARST. X Family - GENTIANACEAE System(s) of Indian Medicine - Ayurveda, Siddha, Unani, Homeopathy, Folk, Sowa-Rigpa Botanical Synonyms (3) - Gentiana chirayta ROXB.",GENTIANACEAE,"Ayurveda, Siddha, Unani, Homeopathy, Folk, Sowa-Rigpa",Gentiana chirayta ROXB.,,https://www.medicinalplants.in/searchpage/showdetails/xplant_id/694eb1f52999a025e8a35b35aa3d4935/xclkon/5443dd5a69caccd09c349d5210d50a00
,GENTIANACEAE,,,,https://www.medicinalplants.in/searchpage/showdetails/xplant_id/030b802608c0a351bd4a7f2a1c716cf0
,GENTIANACEAE,,,,https://www.medicinalplants.in/searchpage/showdetails/xplant_id/3a1173338ce102678f92053ae94ff3ee
Geophila repens (L.) I.M.JOHNSTON,RUBIACEAE,"Ayurveda, Folk",,,https://www.medicinalplants.in/searchpage/showdetails/xplant_id/541dcc8bf0a102f94f85789de265f4f5/xclkon/10c20a85718c6343a985623fa8e3669b
Geophila repens (L.) I.M.JOHNSTON,RUBIACEAE,"Ayurveda, Folk",,,https://www.medicinalplants.in/searchpage/showdetails/xplant_id/541dcc8bf0a102f94f85789de265f4f5/xclkon/215bb94a8f84b086a61b2e45d7813438
Geophila repens (L.) I.M.JOHNSTON,RUBIACEAE,"Ayurveda, Folk",,,https://www.medicinalplants.in/searchpage/showdetails/xplant_id/541dcc8bf0a102f94f85789de265f4f5
Gisekia pharnaceoides L.,MOLLUGINACEAE,"Ayurveda, Siddha, Folk",,,https://www.medicinalplants.in/searchpage/showdetails/xplant_id/bd26bfac7f14463e301ef8fb001bf537/xclkon/d0772551b9c2b9fced2ce7463d95cfd5
Gisekia pharnaceoides L.,MOLLUGINACEAE,"Ayurveda, Siddha, Folk",,,https://www.medicinalplants.in/searchpage/showdetails/xplant_id/bd26bfac7f14463e301ef8fb001bf537
Glinus lotoides L.,AIZOACEAE,"Ayurveda, Siddha, Folk",Glinus dictamnoides BURM.F. Mollugo hirta THUNB.,,https://www.medicinalplants.in/searchpage/showdetails/xplant_id/67349d031267ee6d717be88c91b873eb/xclkon/446c3611b2d09eea385c124e302df590
Gloriosa superba L.,LILIACEAE,,,,https://www.medicinalplants.in/searchpage/showdetails/xplant_id/b974a750fdc40827fd7e167dcb88e2ba
Glossocardia bosvallea DC.,ASTERACEAE,Ayurveda,Glossocardia linearifolia CASS.,,https://www.medicinalplants.in/searchpage/showdetails/xplant_id/e5e44004d667a3b8b8dc4d0a2dc783f7
Glossocardia bosvallea DC.,ASTERACEAE,Ayurveda,Glossocardia linearifolia CASS.,,https://www.medicinalplants.in/searchpage/showdetails/xplant_id/e5e44004d667a3b8b8dc4d0a2dc783f7/xclkon/4044fe862183f273b388f532be8255cd
Teramnus labialis (L.F.) SPRENG.,FABACEAE,"Ayurveda, Siddha, Folk, Sowa-Rigpa",Glycine labialis L.F.,,https://www.medicinalplants.in/searchpage/showdetails/xplant_id/4aea6ebfaefe12f31f04100b9c6edbe3/xclkon/5d18cee261ea8fa944303b1b39300214
Glycosmis arborea (ROXB.) DC.,RUTACEAE,,,,https://www.medicinalplants.in/searchpage/showdetails/xplant_id/902ee34a7ee8144f026b9df716e698ff
Glycosmis pentaphylla (RETZ.) DC,RUTACEAE,,,,https://www.medicinalplants.in/searchpage/showdetails/xplant_id/d2fe48add9b199f674a345247e7876a8
,FABACEAE,"Ayurveda, Siddha, Unani, Folk, Sowa-Rigpa",,,https://www.medicinalplants.in/searchpage/showdetails/xplant_id/dac1a2e0cbaf230775c55a864aa5eaed
,FABACEAE,,,,https://www.medicinalplants.in/searchpage/showdetails/xplant_id/90bf8bc227d06d423a966eda24ad09b1
,FABACEAE,"Ayurveda, Siddha, Unani, Folk, Sowa-Rigpa",,,https://www.medicinalplants.in/searchpage/showdetails/xplant_id/dac1a2e0cbaf230775c55a864aa5eaed/xclkon/75e81d33a2d2c623a0fdfbbfdee6b7b7
Gmelina arborea L.,VERBENACEAE,,,,https://www.medicinalplants.in/searchpage/showdetails/xplant_id/2f7b5cf8d3bddfdbf51e2ed742280d51
Gmelina asiatica L.,VERBENACEAE,,,,https://www.medicinalplants.in/searchpage/showdetails/xplant_id/87cc442ff5f92b36ee0bddaf61dab219
,GNETACEAE,,,,https://www.medicinalplants.in/searchpage/showdetails/xplant_id/f09f0454167c12a5bca011fbb66c040c
Gossypium arboreum L.,MALVACEAE,"Ayurveda, Siddha, Unani, Folk",,,https://www.medicinalplants.in/searchpage/showdetails/xplant_id/44706a0b7c307ec6ca0827237f53ee2f
Gossypium barbadense L.,MALVACEAE,,,,https://www.medicinalplants.in/searchpage/showdetails/xplant_id/2e9de53dda2afa55e7504f65322d6946
Gossypium herbaceum L.,MALVACEAE,,,,https://www.medicinalplants.in/searchpage/showdetails/xplant_id/a6527974ce4181cbac2dcae4b26ee0d0
Gossypium arboreum L.,MALVACEAE,"Ayurveda, Siddha, Unani, Folk",,,https://www.medicinalplants.in/searchpage/showdetails/xplant_id/44706a0b7c307ec6ca0827237f53ee2f/xclkon/77bb28f835c383ae8d53d4890bb1caa4
Bacopa monnieri (L.) PENNELL,SCROPHULARIACEAE,"Ayurveda, Siddha, Unani, Homeopathy, Folk",Gratiola monnieria L.,,https://www.medicinalplants.in/searchpage/showdetails/xplant_id/297fcf5c215cc8b1a93d83ac1763b38b/xclkon/ca7d4b3720e026bbebb7aeeb35fd3ebd
Grewia subinaequalis DC.,TILIACEAE,"Ayurveda, Siddha, Unani, Folk, Sowa-Rigpa",Grewia asiatica MAST.,,https://www.medicinalplants.in/searchpage/showdetails/xplant_id/f86843597b52b356132f6003035afafc/xclkon/3a743b97d0192dc8b2aed9418d30e39c
Grewia elastica ROYLE,TILIACEAE,Ayurveda,Grewia asiatica L. var. vestita MASTERS,,https://www.medicinalplants.in/searchpage/showdetails/xplant_id/4f2f35f777bce1f1f2b425ffcfb0ad7f/xclkon/64c28bebfc292e9bfa41783d0b474cf4
Grewia elastica ROYLE,TILIACEAE,Ayurveda,Grewia asiatica L. var. vestita MASTERS,,https://www.medicinalplants.in/searchpage/showdetails/xplant_id/4f2f35f777bce1f1f2b425ffcfb0ad7f
Grewia helicterifolia WALL. EX G.DON,TILIACEAE,,,,https://www.medicinalplants.in/searchpage/showdetails/xplant_id/a2fad3f7bb9057cc16deb0005f6db0f7
Grewia hirsuta VAHL,TILIACEAE,,,,https://www.medicinalplants.in/searchpage/showdetails/xplant_id/f6bc8eecacb4603ff55b517bd520ce35
Grewia optiva DRUMMOND,TILIACEAE,"Ayurveda, Folk",Grewia oppositifolia ROXB.,,https://www.medicinalplants.in/searchpage/showdetails/xplant_id/6a9ba5f60d638c3123d46f9fbfd01169/xclkon/dce9abe9b197c255fff761da032b7cc9
Grewia optiva DRUMMOND,TILIACEAE,"Ayurveda, Folk",Grewia oppositifolia ROXB.,,https://www.medicinalplants.in/searchpage/showdetails/xplant_id/6a9ba5f60d638c3123d46f9fbfd01169
Grewia tenax (FORSK.) FIORI,TILIACEAE,"Ayurveda, Siddha, Sowa-Rigpa",Grewia populifolia VAHL,,https://www.medicinalplants.in/searchpage/showdetails/xplant_id/0d55d68ad98158b6b396e904b383e423/xclkon/66feb0515459f30cab7f7c55edb2b2a9
Grewia subinaequalis DC.,TILIACEAE,"Ayurveda, Siddha, Unani, Folk, Sowa-Rigpa",Grewia asiatica MAST.,,https://www.medicinalplants.in/searchpage/showdetails/xplant_id/f86843597b52b356132f6003035afafc
Grewia tenax (FORSK.) FIORI,TILIACEAE,"Ayurveda, Siddha, Sowa-Rigpa",Grewia populifolia VAHL,,https://www.medicinalplants.in/searchpage/showdetails/xplant_id/0d55d68ad98158b6b396e904b383e423
Grewia tiliaefolia VAHL,TILIACEAE,,,,https://www.medicinalplants.in/searchpage/showdetails/xplant_id/fd1ba4c8b33bed15c89de85bd0fef5ce
,RUBIACEAE,,,,https://www.medicinalplants.in/searchpage/showdetails/xplant_id/8788ac9bc43d3350b4e3e9f689b6a139
Caesalpinia bonduc (L.) ROXB.,CAESALPINIACEAE,"Ayurveda, Siddha, Unani, Homeopathy",Caesalpinia bonducella (L.) FLEMING,,https://www.medicinalplants.in/searchpage/showdetails/xplant_id/8771ef45a4117aec066c75b5b5a8f76a/xclkon/cf21fb1458298b21145fa1821e90d04d
Guizotia abyssinica CASS,ASTERACEAE,,,,https://www.medicinalplants.in/searchpage/showdetails/xplant_id/0148ab6fd1941b9a26c41ab6f649ac77
Leptadenia reticulata (RETZ.) WIGHT & ARN.,ASCLEPIADACEAE,"Ayurveda, Siddha, Sowa-Rigpa",,,https://www.medicinalplants.in/searchpage/showdetails/xplant_id/5d5a5809b66f48a72e7fd20abfe12443/xclkon/30f5e46c3bd3910eb3c4e2e67f33ce5f
,ASCLEPIADACEAE,,,,https://www.medicinalplants.in/searchpage/showdetails/xplant_id/267d8ada92cf453ee88056e5d6cefaca
Gymnema lactiferum R.BR.,ASCLEPIADACEAE,,,,https://www.medicinalplants.in/searchpage/showdetails/xplant_id/aa00ea8d28f787fbf196c90c710feada
Leptadenia spartium WIGHT,ASCLEPIADACEAE,Ayurveda,Gymnema spartium WALL. Leptadenia pyrotechnica DCNE,,https://www.medicinalplants.in/searchpage/showdetails/xplant_id/be2415ffb71cfbb5651d00611a2ffcd7/xclkon/5016b9a983871816b349f1c158371513
Gymnema sylvestre R.BR.,ASCLEPIADACEAE,"Ayurveda, Siddha, Unani, Homeopathy, Folk, Sowa-Rigpa",Periploca sylvestris RETZ.,,https://www.medicinalplants.in/searchpage/showdetails/xplant_id/59a883322a70a566044a436da0136c5b
Maytenus senegalensis (LAM.) EXELL.,CELASTRACEAE,"Ayurveda, Siddha, Folk",Gymnosporia montana (ROTH.) BENTH.,,https://www.medicinalplants.in/searchpage/showdetails/xplant_id/58404bfed44cb6699fa1efc8821009da/xclkon/1ace11ca87d4e618491f21a8c4ebf59c
Maytenus senegalensis (LAM.) EXELL.,CELASTRACEAE,"Ayurveda, Siddha, Folk",Gymnosporia montana (ROTH.) BENTH.,,https://www.medicinalplants.in/searchpage/showdetails/xplant_id/58404bfed44cb6699fa1efc8821009da/xclkon/2a03328c206c3c13d1b4eb94cab05a0c
Cleome gynandra L.,CLEOMACEAE,"Ayurveda, Siddha, Folk, Sowa-Rigpa",Cleome pentaphylla L. Gynandropsis gynandra BRIQUET,,https://www.medicinalplants.in/searchpage/showdetails/xplant_id/be71e62bf02d88c81ae5ce1101fa92f6/xclkon/037d5a51f00073cebf73cf5af61a91ed
Cleome gynandra L.,CLEOMACEAE,"Ayurveda, Siddha, Folk, Sowa-Rigpa",Cleome pentaphylla L. Gynandropsis gynandra BRIQUET,,https://www.medicinalplants.in/searchpage/showdetails/xplant_id/be71e62bf02d88c81ae5ce1101fa92f6/xclkon/f821de3649c8eea1bb9d14596b384b8c
Gynocardia odorata R.BR.,FLACOURTIACEAE,,,,https://www.medicinalplants.in/searchpage/showdetails/xplant_id/0b682b23be62586333f26e284d8be6c2
,CUCURBITACEAE,,,,https://www.medicinalplants.in/searchpage/showdetails/xplant_id/4555b66dd1d870aabb3498b5cf291038
Habenaria diphylla DALZ.,ORCHIDACEAE,,,,https://www.medicinalplants.in/searchpage/showdetails/xplant_id/0d7d44b6835ff48d0de4b4872dfdc618
Habenaria edgeworthii HOOK. F. EX COLLETT,ORCHIDACEAE,,,,https://www.medicinalplants.in/searchpage/showdetails/xplant_id/13fdb7fcffc9e5ba0c39336bdeec50bf
,ORCHIDACEAE,Ayurveda,,,https://www.medicinalplants.in/searchpage/showdetails/xplant_id/5b77142e28dbc521fd9322ea9369524a/xclkon/e0fa5c8082da718771033d27ea0eda33
Habenaria intermedia DON.,ORCHIDACEAE,,,,https://www.medicinalplants.in/searchpage/showdetails/xplant_id/602b311fe405f38049610c24c895d557
,ORCHIDACEAE,Ayurveda,,,https://www.medicinalplants.in/searchpage/showdetails/xplant_id/5b77142e28dbc521fd9322ea9369524a
Hackelochloa granularis (L.) KUNTZE,POACEAE,"Ayurveda, Folk",Manisuris granularis L.,,https://www.medicinalplants.in/searchpage/showdetails/xplant_id/e304d978335d8cc5affab2bb2315585f
Haematoxylon campechianum L.,CAESALPINIACEAE,,,,https://www.medicinalplants.in/searchpage/showdetails/xplant_id/f7a92feb65444575f56ccc62b270ccae
Haldina cordifolia (ROXB.) RIDSDALE,RUBIACEAE,"Ayurveda, Siddha, Folk",Adina cordifolia BENTH. & HOOK.F.,,https://www.medicinalplants.in/searchpage/showdetails/xplant_id/87d4a9ba28abca7e82c489685da8d49f
Hardwickia binata ROXB.,CAESALPINIACEAE,,,,https://www.medicinalplants.in/searchpage/showdetails/xplant_id/65b4d66e9985b680dd52893f6e47fb5f
Hedychium spicatum BUCH.-HAM.,ZINGIBERACEAE,,,,https://www.medicinalplants.in/searchpage/showdetails/xplant_id/86da902d72336fd05c674e47ca98f36c
Hedyotis auricularia L.,RUBIACEAE,"Ayurveda, Folk",Oldenlandia auricularia K.SCHUM.,,https://www.medicinalplants.in/searchpage/showdetails/xplant_id/e5ad29811aa0c0ab4271578f6537206f
Hedyotis brachypoda (DC.) SIVAR. ET AL.,RUBIACEAE,,,,https://www.medicinalplants.in/searchpage/showdetails/xplant_id/e76b28b78c1bae447cbba807e0ae18da
Hedyotis corymbosa (L.) LAM.,RUBIACEAE,"Ayurveda, Siddha",Oldenlandia corymbosa L.,,https://www.medicinalplants.in/searchpage/showdetails/xplant_id/0f9d83e517e44168951d5f8cf8b92163
Hedyotis diffusa WILLD.,RUBIACEAE,"Ayurveda, Folk",Oldenlandia diffusa ROXB.,,https://www.medicinalplants.in/searchpage/showdetails/xplant_id/89fada738009fb9cd2499640cddf3772
Hedyotis herbacea L.,RUBIACEAE,"Ayurveda, Siddha, Homeopathy, Folk",Oldenlandia herbacea (L.) ROXB.,,https://www.medicinalplants.in/searchpage/showdetails/xplant_id/eaa77b9691b1c32f2a8fe0320dd05aae
Hedyotis puberula R.BR.,RUBIACEAE,"Ayurveda, Siddha, Folk",Hedyotis umbellata (L.) LAM.,,https://www.medicinalplants.in/searchpage/showdetails/xplant_id/fddb937a845387c0310fc8cca4407993
Hedyotis puberula R.BR.,RUBIACEAE,"Ayurveda, Siddha, Folk",Hedyotis umbellata (L.) LAM.,,https://www.medicinalplants.in/searchpage/showdetails/xplant_id/fddb937a845387c0310fc8cca4407993/xclkon/248c3e7865c076ffaa5085234109487b
,FABACEAE,"Ayurveda, Siddha, Folk",,,https://www.medicinalplants.in/searchpage/showdetails/xplant_id/c5765e0811887ee6d8b9b4df2dc50624/xclkon/0b7762fbee22a14525eaf5fd7f158009
Alhagi pseudalhagi (BIEB.) DESV.,FABACEAE,"Ayurveda, Siddha, Unani, Folk, Sowa-Rigpa",Alhagi camelorum FISCH.,,https://www.medicinalplants.in/searchpage/showdetails/xplant_id/52bffa110beee75c92ccb1744d96145e/xclkon/4f29e1cf411fc38ad2564ed70e0f94d1
Desmodium gangeticum (L.) DC.,FABACEAE,"Ayurveda, Siddha, Unani, Homeopathy, Folk, Sowa-Rigpa",Hedysarum gangeticum L.,,https://www.medicinalplants.in/searchpage/showdetails/xplant_id/71688619ee80ca1586b852585d848fdf/xclkon/f39c1465ed30ebb421e804e35e1b8e33
,FABACEAE,"Ayurveda, Siddha, Folk",,,https://www.medicinalplants.in/searchpage/showdetails/xplant_id/c5765e0811887ee6d8b9b4df2dc50624/xclkon/283f584bea7ddde33a4f75fd1b9d91e8
Desmodium triflorum DC.,FABACEAE,"Ayurveda, Siddha, Folk",,,https://www.medicinalplants.in/searchpage/showdetails/xplant_id/231e68323920aa2c4369036a6c8072d4/xclkon/4adfe040f84fc949136ebecbd6507944
Pueraria tuberosa (ROXB. EX. WILLD.) DC.,FABACEAE,"Ayurveda, Unani, Folk, Sowa-Rigpa",,,https://www.medicinalplants.in/searchpage/showdetails/xplant_id/5e61a3ccb898ce34f62ec050b012b2f2/xclkon/7fd5c89a3ade7b69dd277b23568b0b39
Helianthus annuus L.,ASTERACEAE,,,,https://www.medicinalplants.in/searchpage/showdetails/xplant_id/f2959c0a634d9bf6dc03583e31d9c980
Helianthus tuberosus L.,ASTERACEAE,,,,https://www.medicinalplants.in/searchpage/showdetails/xplant_id/9207ae81a3796436ee059db442836b68
,LORANTHACEAE,"Ayurveda, Folk",,,https://www.medicinalplants.in/searchpage/showdetails/xplant_id/51ea9880bd0805916903c69e32a0555a
,STERCULIACEAE,"Ayurveda, Siddha, Unani, Folk",,,https://www.medicinalplants.in/searchpage/showdetails/xplant_id/38a584df4e3681cfcec0c76b9237291c
Helicteres isora L. var. glabrescens,STERCULIACEAE,,,,https://www.medicinalplants.in/searchpage/showdetails/xplant_id/d5897d4dbed7f7a8d72b1cec2aa3ef05
,STERCULIACEAE,"Ayurveda, Siddha, Unani, Folk",,,https://www.medicinalplants.in/searchpage/showdetails/xplant_id/38a584df4e3681cfcec0c76b9237291c/xclkon/e16a62c046c22af7c915a5a56e55e637
,BORAGINACEAE,,,,https://www.medicinalplants.in/searchpage/showdetails/xplant_id/9e239661b5dc122de29728cdd9358706
Heliotropium rariflorum STOCKS,BORAGINACEAE,,,,https://www.medicinalplants.in/searchpage/showdetails/xplant_id/d624c7f60d75ccd0dbfdb5fffe80534a
,POLYPODIACEAE,,,,https://www.medicinalplants.in/searchpage/showdetails/xplant_id/7bebe9fb5a39cb147421e230b5b1f483
,IRIDACEAE,,,,https://www.medicinalplants.in/searchpage/showdetails/xplant_id/6a3ca7647136002722213e6fe2830205
Bacopa monnieri (L.) PENNELL,SCROPHULARIACEAE,"Ayurveda, Siddha, Unani, Homeopathy, Folk",Gratiola monnieria L.,,https://www.medicinalplants.in/searchpage/showdetails/xplant_id/297fcf5c215cc8b1a93d83ac1763b38b/xclkon/e66dbbb0773e468b07d30f61f284ef53
Naringi crenulata (ROXB.) NICOLSON,RUTACEAE,"Ayurveda, Siddha, Folk",Hesperethusa crenulata (ROXB.) M. ROEM.,,https://www.medicinalplants.in/searchpage/showdetails/xplant_id/88b6416bfbb3910dc4dbcde8c2703e96/xclkon/a8cc32ce423d91e2f80558aef7937348
Abelmoschus moschatus MEDIK.,MALVACEAE,"Ayurveda, Siddha, Unani, Folk",Hibiscus abelmoschus L.,,https://www.medicinalplants.in/searchpage/showdetails/xplant_id/5ec3070af3c6e21d7cf6cf4ebd3c61b1/xclkon/0df6612050fc9893fe521b521be38f95
Hibiscus aculeatus ROXB.,MALVACEAE,"Ayurveda, Siddha, Folk",Hibiscus furcatus ROXB. EX DC.,,https://www.medicinalplants.in/searchpage/showdetails/xplant_id/d7ebe467cfadbe18fbce75f3d47b5d94
Abelmoschus crinitus WALL.,MALVACEAE,"Ayurveda, Folk",Hibiscus cancellatus ROXB.,,https://www.medicinalplants.in/searchpage/showdetails/xplant_id/abe65b2e409317659131e47d5b7fa402/xclkon/bbfd6a91927f3260981223b8f9a98479
Hibiscus cannabinus L.,MALVACEAE,,,,https://www.medicinalplants.in/searchpage/showdetails/xplant_id/f5ac4ac0df18faf0f3690fcbc62b47bb
Hibiscus aculeatus ROXB.,MALVACEAE,"Ayurveda, Siddha, Folk",Hibiscus furcatus ROXB. EX DC.,,https://www.medicinalplants.in/searchpage/showdetails/xplant_id/d7ebe467cfadbe18fbce75f3d47b5d94/xclkon/2762afb2c8bbde98c55a69df31de482d
Thespesia lampas (CAV.) DALZ. EX DALZ.,MALVACEAE,"Ayurveda, Siddha, Folk",Azanza lampas (CAV.) ALEF.,,https://www.medicinalplants.in/searchpage/showdetails/xplant_id/dce52209e08745bc3ad7912e59b35047/xclkon/682f3799fea3d548d8529120bb9ab7d7
Hibiscus mutabilis L.,MALVACEAE,,,,https://www.medicinalplants.in/searchpage/showdetails/xplant_id/dd0b4fb1f59c37e789861b6f48596f24
Hibiscus rosa-sinensis L.,MALVACEAE,,,,https://www.medicinalplants.in/searchpage/showdetails/xplant_id/5769056afed91cbb4b41b2da6a52b5c7
Hibiscus sabdariffa L.,MALVACEAE,,,,https://www.medicinalplants.in/searchpage/showdetails/xplant_id/30d71aea4bc8db17df84a453055d7e95
Hibiscus tiliaceus L.,MALVACEAE,,,,https://www.medicinalplants.in/searchpage/showdetails/xplant_id/c065f61f544f6a5f42ce48fd05901c76
Fioria vitifolia (L.) MATTEI,MALVACEAE,"Ayurveda, Siddha, Folk",Hibiscus vitifolias L.,,https://www.medicinalplants.in/searchpage/showdetails/xplant_id/1b534dbbe7e64e9c9b017fe294dc50a9/xclkon/ba8ec788a75d965292b3d1f3427c9b35
Hiptage benghalensis (L.) KURZ,MALPIGHIACEAE,"Ayurveda, Siddha, Folk, Sowa-Rigpa",Hiptage madablota GAERTN,,https://www.medicinalplants.in/searchpage/showdetails/xplant_id/4d0ae3b25c382375dad0c0e6935416ed
Hiptage benghalensis (L.) KURZ,MALPIGHIACEAE,"Ayurveda, Siddha, Folk, Sowa-Rigpa",Hiptage madablota GAERTN,,https://www.medicinalplants.in/searchpage/showdetails/xplant_id/4d0ae3b25c382375dad0c0e6935416ed/xclkon/356dce9c0754b40e77f8698259fb04ca
Holarrhena pubescens (BUCH.-HAM.) WALLICH EX DO,APOCYNACEAE,"Ayurveda, Siddha, Unani, Homeopathy, Folk, Sowa-Rigpa",Holarrhena antidysenterica (ROTH.) A.DC.,,https://www.medicinalplants.in/searchpage/showdetails/xplant_id/d82e0c372c58e441f83c65a700ed4d85/xclkon/d85c17a78537df90d7a732a0a6457f45
Holarrhena pubescens (BUCH.-HAM.) WALLICH EX DO,APOCYNACEAE,"Ayurveda, Siddha, Unani, Homeopathy, Folk, Sowa-Rigpa",Holarrhena antidysenterica (ROTH.) A.DC.,,https://www.medicinalplants.in/searchpage/showdetails/xplant_id/d82e0c372c58e441f83c65a700ed4d85
Holoptelea integrifolia (ROXB.) PLANCHON,ULMACEAE,,,,https://www.medicinalplants.in/searchpage/showdetails/xplant_id/cc770f24c1495e96320e0cc11f45ed25
Holostemma ada-kodien SCHULT.,ASCLEPIADACEAE,"Ayurveda, Folk",Holostemma annulare (ROXB.) K.SCHUM.,,https://www.medicinalplants.in/searchpage/showdetails/xplant_id/2f42783f900654860eeaaf874ba4b205
Holostemma ada-kodien SCHULT.,ASCLEPIADACEAE,"Ayurveda, Folk",Holostemma annulare (ROXB.) K.SCHUM.,,https://www.medicinalplants.in/searchpage/showdetails/xplant_id/2f42783f900654860eeaaf874ba4b205/xclkon/5cd8f2df6a0511b125d894f68cdd3ea7
Holostemma ada-kodien SCHULT.,ASCLEPIADACEAE,"Ayurveda, Folk",Holostemma annulare (ROXB.) K.SCHUM.,,https://www.medicinalplants.in/searchpage/showdetails/xplant_id/2f42783f900654860eeaaf874ba4b205/xclkon/48420e9ab7301696a2d8d6296d9769df
Holostemma ada-kodien SCHULT.,ASCLEPIADACEAE,"Ayurveda, Folk",Holostemma annulare (ROXB.) K.SCHUM.,,https://www.medicinalplants.in/searchpage/showdetails/xplant_id/2f42783f900654860eeaaf874ba4b205/xclkon/2b68c57dcb3302798b350e3802f57152
Homonoia riparia LOUR.,EUPHORBIACEAE,,,,https://www.medicinalplants.in/searchpage/showdetails/xplant_id/6ca9c69c4e0805177adcfdb46e5c4c09
Hordeum vulgare L.,POACEAE,,,,https://www.medicinalplants.in/searchpage/showdetails/xplant_id/027f16366dcc94147b4b9c8fc0bd09ee
Wattakaka volubilis (L.F.) STAPF,ASCLEPIADACEAE,"Ayurveda, Siddha, Unani, Folk",Asclepias volubilis L.F.,,https://www.medicinalplants.in/searchpage/showdetails/xplant_id/66abd203e28e8a1260e62436cbe8a63d/xclkon/bca98ea1b3b46a58f56203113e710862
Hugonia mystax L.,LINACEAE,,,,https://www.medicinalplants.in/searchpage/showdetails/xplant_id/b05b224f0bc47b0e8935bf5154f16a0e
,CAESALPINIACEAE,,,,https://www.medicinalplants.in/searchpage/showdetails/xplant_id/6c6fc8d83e3526a67bf47378f6fd45c6
Hybanthus enneaspermus (L.F.) MUELL.,VIOLACEAE,"Ayurveda, Siddha, Folk",Ionidium enneaspermum VENT. Ionidium suffruticosum GING.,,https://www.medicinalplants.in/searchpage/showdetails/xplant_id/2dea32d37f9403d1614f5226856341be
Hydnocarpus pentandra (BUCH.-HAM.) OKEN,FLACOURTIACEAE,"Ayurveda, Siddha, Folk",Hydnocarpus inebrians VAHL Hydnocarpus laurifolia (DENNST.) STEUM.,,https://www.medicinalplants.in/searchpage/showdetails/xplant_id/11b926cc135658fac2c427ce4c420acc/xclkon/6d72d19a3709bb83b809aaa46fcd4e7b
Hydnocarpus kurzii (KING) WARB.,FLACOURTIACEAE,"Ayurveda, Siddha, Folk",Taraktogenos kurzii KING,,https://www.medicinalplants.in/searchpage/showdetails/xplant_id/c978bf24ff9aa78a5834419188d62bbf
Hydnocarpus pentandra (BUCH.-HAM.) OKEN,FLACOURTIACEAE,"Ayurveda, Siddha, Folk",Hydnocarpus inebrians VAHL Hydnocarpus laurifolia (DENNST.) STEUM.,,https://www.medicinalplants.in/searchpage/showdetails/xplant_id/11b926cc135658fac2c427ce4c420acc/xclkon/f349c1fb521ee086c4eb87d3b82c1309
Hydnocarpus pentandra (BUCH.-HAM.) OKEN,FLACOURTIACEAE,"Ayurveda, Siddha, Folk",Hydnocarpus inebrians VAHL Hydnocarpus laurifolia (DENNST.) STEUM.,,https://www.medicinalplants.in/searchpage/showdetails/xplant_id/11b926cc135658fac2c427ce4c420acc
Hydnocarpus pentandra (BUCH.-HAM.) OKEN,FLACOURTIACEAE,"Ayurveda, Siddha, Folk",Hydnocarpus inebrians VAHL Hydnocarpus laurifolia (DENNST.) STEUM.,,https://www.medicinalplants.in/searchpage/showdetails/xplant_id/11b926cc135658fac2c427ce4c420acc/xclkon/e500d850d59145138a81017534588aa7
Centella asiatica (L.) URBAN,APIACEAE,"Ayurveda, Siddha, Unani, Homeopathy, Folk, Sowa-Rigpa",Hydrocotyle asiatica L.,,https://www.medicinalplants.in/searchpage/showdetails/xplant_id/530fa0427b8083e0804865ed9412308e/xclkon/f68828469836572adb56e32b1329e6fb
Hydrolea zeylanica VAHL,HYDROPHYLLACEAE,,,,https://www.medicinalplants.in/searchpage/showdetails/xplant_id/b4c4abe7d7e63c5a46f256c8ee77c8e7
Hygrophila schulli (HAM.) M.R. & S.M. ALMEIDA,ACANTHACEAE,"Ayurveda, Siddha, Unani, Homeopathy, Folk, Sowa-Rigpa",Asteracantha longifolia (L.) NEES,,https://www.medicinalplants.in/searchpage/showdetails/xplant_id/f2a716233e942c22d7165568a5a1341d/xclkon/d9f79ca6177ecbd49615df6165825577
Hygrophila ringens (L.) R.BR. EX STEUDEL,ACANTHACEAE,"Ayurveda, Siddha",Hygrophila salicifolia NEES,,https://www.medicinalplants.in/searchpage/showdetails/xplant_id/f7ef210270ba2b0f343db6b76da14da1
Hygrophila ringens (L.) R.BR. EX STEUDEL,ACANTHACEAE,"Ayurveda, Siddha",Hygrophila salicifolia NEES,,https://www.medicinalplants.in/searchpage/showdetails/xplant_id/f7ef210270ba2b0f343db6b76da14da1/xclkon/24d4507be20e1c8e15c19289287ce619
Hygrophila schulli (HAM.) M.R. & S.M. ALMEIDA,ACANTHACEAE,"Ayurveda, Siddha, Unani, Homeopathy, Folk, Sowa-Rigpa",Asteracantha longifolia (L.) NEES,,https://www.medicinalplants.in/searchpage/showdetails/xplant_id/f2a716233e942c22d7165568a5a1341d
Hygrophila schulli (HAM.) M.R. & S.M. ALMEIDA,ACANTHACEAE,"Ayurveda, Siddha, Unani, Homeopathy, Folk, Sowa-Rigpa",Asteracantha longifolia (L.) NEES,,https://www.medicinalplants.in/searchpage/showdetails/xplant_id/f2a716233e942c22d7165568a5a1341d/xclkon/bc7fe16422873c7a10bc549b62dd50a1
,POACEAE,,,,https://www.medicinalplants.in/searchpage/showdetails/xplant_id/d95ab7bd1991c2e7c03962d07e5b1f57
,SOLANACEAE,,,,https://www.medicinalplants.in/searchpage/showdetails/xplant_id/d8b745914f9f86094b34439a77d11583
,SOLANACEAE,,,,https://www.medicinalplants.in/searchpage/showdetails/xplant_id/88e1d06b17b4a58028081693f16d2239
Moringa oleifera LAM.,MORINGACEAE,"Ayurveda, Siddha, Unani, Folk, Sowa-Rigpa",Hyperanthera moringa VAHL Moringa pterygosperma GAERTN,,https://www.medicinalplants.in/searchpage/showdetails/xplant_id/4c45dd2346e183a1b3eb331f170875e4/xclkon/bd43407ecde9e23c933259192df7aad4
Hyptis suaveolens POIT.,LAMIACEAE,,,,https://www.medicinalplants.in/searchpage/showdetails/xplant_id/1656cb1b511a149d9533ff43a5d68eda
Ichnocarpus frutescens R.BR.,APOCYNACEAE,,,,https://www.medicinalplants.in/searchpage/showdetails/xplant_id/1cddcd30fb0baf1a8330adbd833350f4
Aerva lanata (L.) JUSS. EX SCHULT.,AMARANTHACEAE,"Ayurveda, Siddha, Folk",Achyranthes lanata L.,,https://www.medicinalplants.in/searchpage/showdetails/xplant_id/dd17f379b080d5226a4174ddbd477a84/xclkon/13e5aaee60ee998f6a31d367e0a7db3a
Impatiens balsamina L.,BALSAMINACEAE,,,,https://www.medicinalplants.in/searchpage/showdetails/xplant_id/cbd7b60cfa86f558434aa5eeb6d63886
Imperata cylindrica (L.) RAEUSCH.,POACEAE,"Ayurveda, Siddha",Imperata arundinacea CYR.,,https://www.medicinalplants.in/searchpage/showdetails/xplant_id/c620ecc4b2b2cb4bfb6ca2386c95648e/xclkon/3283951d6828b361f6cc05d42faa22cb
Imperata cylindrica (L.) RAEUSCH.,POACEAE,"Ayurveda, Siddha",Imperata arundinacea CYR.,,https://www.medicinalplants.in/searchpage/showdetails/xplant_id/c620ecc4b2b2cb4bfb6ca2386c95648e
,FABACEAE,,,,https://www.medicinalplants.in/searchpage/showdetails/xplant_id/334dba2acaf2c772b565a3254ae8c7d7
Indigofera argentea BURM.F.,FABACEAE,,,,https://www.medicinalplants.in/searchpage/showdetails/xplant_id/86259b01201b0a989783a084ca59ae06
Indigofera articulata GONAN,FABACEAE,,,,https://www.medicinalplants.in/searchpage/showdetails/xplant_id/2a053aec41a10ed89b77c194bb7cf84c
Indigofera aspalathoides VAHL. EX DC.,FABACEAE,,,,https://www.medicinalplants.in/searchpage/showdetails/xplant_id/730e33863566deac41ba5f0d2acc7cbe
Indigofera caerulea ROXB. var. caerulea,FABACEAE,,,,https://www.medicinalplants.in/searchpage/showdetails/xplant_id/184623705663bae6d3bdd854394f7d51
Indigofera linnaei ALI,FABACEAE,"Ayurveda, Siddha, Folk",Indigofera ennaephylla L.,,https://www.medicinalplants.in/searchpage/showdetails/xplant_id/8b9a75d7b0fcc34467dd4e4f39a77d27/xclkon/22fed5fd87d3cf929e922d5fb65fdb41
Indigofera linnaei ALI,FABACEAE,"Ayurveda, Siddha, Folk",Indigofera ennaephylla L.,,https://www.medicinalplants.in/searchpage/showdetails/xplant_id/8b9a75d7b0fcc34467dd4e4f39a77d27
,FABACEAE,,,,https://www.medicinalplants.in/searchpage/showdetails/xplant_id/84b4b99add91a272b5fd09c2f327e059
Indigofera oblongifolia FORSK.,FABACEAE,"Ayurveda, Siddha, Folk",Indigofera paucifolia DELILE,,https://www.medicinalplants.in/searchpage/showdetails/xplant_id/bf7163ea7caa26db04597f038c2e5165
Indigofera oblongifolia FORSK.,FABACEAE,"Ayurveda, Siddha, Folk",Indigofera paucifolia DELILE,,https://www.medicinalplants.in/searchpage/showdetails/xplant_id/bf7163ea7caa26db04597f038c2e5165/xclkon/6cf463ea8fb713acb209b4ebace7915d
Indigofera sumatrana GAERTN.,FABACEAE,,,,https://www.medicinalplants.in/searchpage/showdetails/xplant_id/85ef94d3664790dfdbdc3a74e0ad99c9
Indigofera tinctoria L.,FABACEAE,,,,https://www.medicinalplants.in/searchpage/showdetails/xplant_id/b741a4f3f94c534e33af5925404fab5d
,ASTERACEAE,,,,https://www.medicinalplants.in/searchpage/showdetails/xplant_id/ec0cbe73db9a5eca11fd74b0d18ad1db
Inula racemosa HOOK. F.,ASTERACEAE,,,,https://www.medicinalplants.in/searchpage/showdetails/xplant_id/4595d7db5e25450b6071b36ba81e5af3
Inula royleana DC.,ASTERACEAE,,,,https://www.medicinalplants.in/searchpage/showdetails/xplant_id/9c720ebab793f517c0a79126247a1b92
Hybanthus enneaspermus (L.F.) MUELL.,VIOLACEAE,"Ayurveda, Siddha, Folk",Ionidium enneaspermum VENT. Ionidium suffruticosum GING.,,https://www.medicinalplants.in/searchpage/showdetails/xplant_id/2dea32d37f9403d1614f5226856341be/xclkon/6084ca36fe607e46f42da45c98b02c26
Ipomoea alba L.,CONVOLVULACEAE,"Ayurveda, Siddha, Folk",Calonyction bona-nox BOJER,,https://www.medicinalplants.in/searchpage/showdetails/xplant_id/6d41ae8af1894f85189fe615b8ec4def
Ipomoea aquatica FORSK.,CONVOLVULACEAE,"Ayurveda, Siddha, Folk",,,https://www.medicinalplants.in/searchpage/showdetails/xplant_id/ac5061ae3543c0dde7c0f30fab00cc30
Ipomoea batatas (L.) LAM.,CONVOLVULACEAE,,,,https://www.medicinalplants.in/searchpage/showdetails/xplant_id/ba3c07ea37f43abafe116c5de420a02c
,CONVOLVULACEAE,"Ayurveda, Siddha, Folk",,,https://www.medicinalplants.in/searchpage/showdetails/xplant_id/cd17d767c8804c44d255f80bc72e82a7/xclkon/a28c7eeceee8fb4db259407947006dbe
Ipomoea alba L.,CONVOLVULACEAE,"Ayurveda, Siddha, Folk",Calonyction bona-nox BOJER,,https://www.medicinalplants.in/searchpage/showdetails/xplant_id/6d41ae8af1894f85189fe615b8ec4def/xclkon/708a87b5ccc59aa50947c6300d614a39
,CONVOLVULACEAE,"Ayurveda, Siddha, Folk, Sowa-Rigpa",,,https://www.medicinalplants.in/searchpage/showdetails/xplant_id/0eea12e18ef517673797af576487de00/xclkon/637fda7ad883b696da4f83dfbb28faad
Ipomoea eriocarpa R. BR.,CONVOLVULACEAE,Ayurveda,Ipomoea hispida ROEM. & SCH.,,https://www.medicinalplants.in/searchpage/showdetails/xplant_id/9bc92c3119ea0723a250f849c17205c1
Ipomoea alba L.,CONVOLVULACEAE,"Ayurveda, Siddha, Folk",Calonyction bona-nox BOJER,,https://www.medicinalplants.in/searchpage/showdetails/xplant_id/6d41ae8af1894f85189fe615b8ec4def/xclkon/71e604538dc1c08d03405de24b5bb868
Ipomoea nil (L.) ROTH.,CONVOLVULACEAE,"Ayurveda, Siddha, Unani, Folk",Convolvulus nil L. Ipomoea hederacea AUCT. NON JACQ.,,https://www.medicinalplants.in/searchpage/showdetails/xplant_id/9f13d5c4cf5dd852153786e862ccb1e6/xclkon/9451fee415a015d3ffc717eb3c944225
Ipomoea eriocarpa R. BR.,CONVOLVULACEAE,Ayurveda,Ipomoea hispida ROEM. & SCH.,,https://www.medicinalplants.in/searchpage/showdetails/xplant_id/9bc92c3119ea0723a250f849c17205c1/xclkon/a38f053eb05a07db76fe57cb0ad2930c
,CONVOLVULACEAE,Ayurveda,,,https://www.medicinalplants.in/searchpage/showdetails/xplant_id/e70ca93e1f2ff0bc86f0d7f2f9a66dfc
,CONVOLVULACEAE,"Ayurveda, Siddha, Folk, Sowa-Rigpa",,,https://www.medicinalplants.in/searchpage/showdetails/xplant_id/0eea12e18ef517673797af576487de00
,CONVOLVULACEAE,Ayurveda,,,https://www.medicinalplants.in/searchpage/showdetails/xplant_id/e70ca93e1f2ff0bc86f0d7f2f9a66dfc/xclkon/f2b8c25324356021ca20630f258c5d67
Ipomoea nil (L.) ROTH.,CONVOLVULACEAE,"Ayurveda, Siddha, Unani, Folk",Convolvulus nil L. Ipomoea hederacea AUCT. NON JACQ.,,https://www.medicinalplants.in/searchpage/showdetails/xplant_id/9f13d5c4cf5dd852153786e862ccb1e6
,CONVOLVULACEAE,"Ayurveda, Siddha, Folk",,,https://www.medicinalplants.in/searchpage/showdetails/xplant_id/fc3d56fcd332c03fa2a4ac666b35df4a
,CONVOLVULACEAE,"Ayurveda, Siddha, Folk, Sowa-Rigpa",,,https://www.medicinalplants.in/searchpage/showdetails/xplant_id/0eea12e18ef517673797af576487de00/xclkon/47f5ace321b1ada6084eee82a017716f
,CONVOLVULACEAE,"Ayurveda, Siddha, Folk",,,https://www.medicinalplants.in/searchpage/showdetails/xplant_id/cd17d767c8804c44d255f80bc72e82a7
Ipomoea pes-tigridis L.,CONVOLVULACEAE,,,,https://www.medicinalplants.in/searchpage/showdetails/xplant_id/7964945060b854a2fa5e04840253ffc6
,CONVOLVULACEAE,"Ayurveda, Folk",,,https://www.medicinalplants.in/searchpage/showdetails/xplant_id/b11d6d5a8db2c5a1497cafc0eccc1511/xclkon/be30a0144281d371f0a0c4a732e3450d
Ipomoea quamoclit L.,CONVOLVULACEAE,"Ayurveda, Siddha, Folk",Quamoclit pinnata BOJER,,https://www.medicinalplants.in/searchpage/showdetails/xplant_id/4beb91b607e30da1acbab0ed8686ff4c
,CONVOLVULACEAE,"Ayurveda, Siddha, Unani, Sowa-Rigpa",,,https://www.medicinalplants.in/searchpage/showdetails/xplant_id/f914465bab5b5ed0307908b9d8856abd/xclkon/919accc8f51788781ae03eef778e1b23
Ipomoea aquatica FORSK.,CONVOLVULACEAE,"Ayurveda, Siddha, Folk",,,https://www.medicinalplants.in/searchpage/showdetails/xplant_id/ac5061ae3543c0dde7c0f30fab00cc30/xclkon/12c3e401618c342ad8fcae407977a1e0
,CONVOLVULACEAE,,,,https://www.medicinalplants.in/searchpage/showdetails/xplant_id/aa0558d433b5aff8dfc3876a1ea2eee8
,CONVOLVULACEAE,"Ayurveda, Siddha, Folk",,,https://www.medicinalplants.in/searchpage/showdetails/xplant_id/6f24338806010a2b77bde76427c5eaf9/xclkon/053a7d9ae1f328e1a5850e55bf3516e1
,CONVOLVULACEAE,"Ayurveda, Siddha, Unani, Homeopathy, Folk, Sowa-Rigpa",,,https://www.medicinalplants.in/searchpage/showdetails/xplant_id/9890fa63f0b4bfe4a0edb46f014acca3/xclkon/d881ebfd760ea21287019276126e8839
,IRIDACEAE,,,,https://www.medicinalplants.in/searchpage/showdetails/xplant_id/17d9ad4cdc84b5351797987cde65a379
,IRIDACEAE,,,,https://www.medicinalplants.in/searchpage/showdetails/xplant_id/a4272e987628c83c8d91dba2cdecf1d2
,IRIDACEAE,,,,https://www.medicinalplants.in/searchpage/showdetails/xplant_id/3a4923c2765cc4258e9d72b856df7252
,IRIDACEAE,,,,https://www.medicinalplants.in/searchpage/showdetails/xplant_id/c786c3f7982846b3b59721924a152991
,RUBIACEAE,"Ayurveda, Folk",,,https://www.medicinalplants.in/searchpage/showdetails/xplant_id/c3dc94508279fa6d1a80d8b521c6414b
Ixora coccinea L.,RUBIACEAE,,,,https://www.medicinalplants.in/searchpage/showdetails/xplant_id/dbc37763b20b8237b789f37f64e107e8
,RUBIACEAE,"Ayurveda, Folk",,,https://www.medicinalplants.in/searchpage/showdetails/xplant_id/c3dc94508279fa6d1a80d8b521c6414b/xclkon/7a4fdbee03912da541a4aab6e404d541
,ACANTHACEAE,,,,https://www.medicinalplants.in/searchpage/showdetails/xplant_id/7edbc25b9828e58bd093978857c6e254
,OLEACEAE,,,,https://www.medicinalplants.in/searchpage/showdetails/xplant_id/2d89ae501fc28e79c3342e0891487bc0
Jasminum arborescens ROXB.,OLEACEAE,,,,https://www.medicinalplants.in/searchpage/showdetails/xplant_id/7eb30490aa0ab1c39d644135162735b4
Jasminum auriculatum VAHL,OLEACEAE,,,,https://www.medicinalplants.in/searchpage/showdetails/xplant_id/521667df5d056ab61748974be037e097
Jasminum azoricum L. var. azoricum,OLEACEAE,"Ayurveda, Siddha, Folk",Jasminum flexile VAHL,,https://www.medicinalplants.in/searchpage/showdetails/xplant_id/062dcaaf6200c561de37c679c4c15dcc
"Jasminum bignoniaceum WALL. EX. G. DON X Family - OLEACEAE System(s) of Indian Medicine - Ayurveda, Siddha, Homeopathy, Folk, Sowa-Rigpa Botanical Synonyms (1) - Jasminum humile SENSU CL.",OLEACEAE,"Ayurveda, Siddha, Homeopathy, Folk, Sowa-Rigpa",Jasminum humile SENSU CL.,,https://www.medicinalplants.in/searchpage/showdetails/xplant_id/9f914c9dbff729343e157f3fc7fa035d
Jasminum azoricum L. var. azoricum,OLEACEAE,"Ayurveda, Siddha, Folk",Jasminum flexile VAHL,,https://www.medicinalplants.in/searchpage/showdetails/xplant_id/062dcaaf6200c561de37c679c4c15dcc/xclkon/63f34fc5fd3a18c17f70a6aafa222e6f
Jasminum grandiflorum L.,OLEACEAE,,,,https://www.medicinalplants.in/searchpage/showdetails/xplant_id/ff311478b3d5af8dacbbe6a4b3de3b54
"Jasminum bignoniaceum WALL. EX. G. DON X Family - OLEACEAE System(s) of Indian Medicine - Ayurveda, Siddha, Homeopathy, Folk, Sowa-Rigpa Botanical Synonyms (1) - Jasminum humile SENSU CL.",OLEACEAE,"Ayurveda, Siddha, Homeopathy, Folk, Sowa-Rigpa",Jasminum humile SENSU CL.,,https://www.medicinalplants.in/searchpage/showdetails/xplant_id/9f914c9dbff729343e157f3fc7fa035d/xclkon/de1a0f1c0bc3ce90ca65ee3be2152e4c
Jasminum malabaricum WIGHT,OLEACEAE,,,,https://www.medicinalplants.in/searchpage/showdetails/xplant_id/cf51fe6f7a30459e205ef56576a92f15
Jasminum multiflorum (BURM.F.) ANDR.,OLEACEAE,"Ayurveda, Siddha, Folk, Sowa-Rigpa",Jasminum pubescens (RETZ.) WILLD.,,https://www.medicinalplants.in/searchpage/showdetails/xplant_id/13c5e57966efeeeee22ad5138e8b25a1
Jasminum officinale L.,OLEACEAE,,,,https://www.medicinalplants.in/searchpage/showdetails/xplant_id/8b6b54f801cb2e72f8a5c62d7ccccb36
Jasminum multiflorum (BURM.F.) ANDR.,OLEACEAE,"Ayurveda, Siddha, Folk, Sowa-Rigpa",Jasminum pubescens (RETZ.) WILLD.,,https://www.medicinalplants.in/searchpage/showdetails/xplant_id/13c5e57966efeeeee22ad5138e8b25a1/xclkon/1c8c80b0c50656c1e15aba6585ef1b94
Jasminum rottlerianum WALL.,OLEACEAE,,,,https://www.medicinalplants.in/searchpage/showdetails/xplant_id/2735e2cb119747747eeffa4233b817a0
Jasminum sambac (L.) AIT.,OLEACEAE,"Ayurveda, Siddha, Unani, Folk, Sowa-Rigpa",,,https://www.medicinalplants.in/searchpage/showdetails/xplant_id/1bdc4942b0b3c49e17f20da87a4ec52a
Jasminum sambac (L.) AIT.,OLEACEAE,"Ayurveda, Siddha, Unani, Folk, Sowa-Rigpa",,,https://www.medicinalplants.in/searchpage/showdetails/xplant_id/1bdc4942b0b3c49e17f20da87a4ec52a/xclkon/c3403387a98c317faa8134cc953fd959
,MENISPERMACEAE,"Ayurveda, Siddha, Folk",,,https://www.medicinalplants.in/searchpage/showdetails/xplant_id/c5c7fcd1c728c05e501410bfc1b22f73
Jatropha curcas L.,EUPHORBIACEAE,,,,https://www.medicinalplants.in/searchpage/showdetails/xplant_id/6ecdf68855a0364e6eb3661e83dccb60
Jatropha glandulifera ROXB.,EUPHORBIACEAE,"Ayurveda, Siddha, Unani, Folk",,,https://www.medicinalplants.in/searchpage/showdetails/xplant_id/c69af243f98885334b7cda8ad2f13324
,EUPHORBIACEAE,,,,https://www.medicinalplants.in/searchpage/showdetails/xplant_id/b5d277be44e0c8595ccfcd177b88bae4
Jatropha glandulifera ROXB.,EUPHORBIACEAE,"Ayurveda, Siddha, Unani, Folk",,,https://www.medicinalplants.in/searchpage/showdetails/xplant_id/c69af243f98885334b7cda8ad2f13324/xclkon/ca78fde9bdf687f22a3f75a88a3f56f4
Jatropha gossypifolia L.,EUPHORBIACEAE,,,,https://www.medicinalplants.in/searchpage/showdetails/xplant_id/2023fca93d2c4f4b3739fc57c064b3eb
Baliospermum solanifolium (J.BURM.) SURESH,EUPHORBIACEAE,"Ayurveda, Siddha, Unani, Folk, Sowa-Rigpa",Baliospermum axillare BLUME,,https://www.medicinalplants.in/searchpage/showdetails/xplant_id/f6de86c1e86de21e2adc9d900f6090cd/xclkon/7d6d7b9ba0e302d5656f99319ec7eb68
Jatropha multifida L.,EUPHORBIACEAE,,,,https://www.medicinalplants.in/searchpage/showdetails/xplant_id/bcbd75b9c534752a71f4d47085d235c3
Juglans regia L.,JUGLANDACEAE,,,,https://www.medicinalplants.in/searchpage/showdetails/xplant_id/11e4cbea9f5182fa889b1fcadffdc016
Juglans regia L. var. kumaonia DC.,JUGLANDACEAE,,,,https://www.medicinalplants.in/searchpage/showdetails/xplant_id/d1ca431c822ffb88448f3f3196c86474
,CUPRESSACEAE,"Ayurveda, Folk",,,https://www.medicinalplants.in/searchpage/showdetails/xplant_id/ae00c08dc6dc53386a453b9b5ef0c790/xclkon/1965a0dd561a72a71bce72ee6841f907
,CUPRESSACEAE,"Ayurveda, Folk",,,https://www.medicinalplants.in/searchpage/showdetails/xplant_id/ae00c08dc6dc53386a453b9b5ef0c790
Jurinea dolomiaea BOISS,ASTERACEAE,"Ayurveda, Folk",Dolomaea macrocephala DC.,,https://www.medicinalplants.in/searchpage/showdetails/xplant_id/a6c5afbccbb866615ac2d1c060a2d726
Jurinea dolomiaea BOISS,ASTERACEAE,"Ayurveda, Folk",Dolomaea macrocephala DC.,,https://www.medicinalplants.in/searchpage/showdetails/xplant_id/a6c5afbccbb866615ac2d1c060a2d726/xclkon/4f1b1a6b6397fc824f015886e05bb4e9
Jurinea dolomiaea BOISS,ASTERACEAE,"Ayurveda, Folk",Dolomaea macrocephala DC.,,https://www.medicinalplants.in/searchpage/showdetails/xplant_id/a6c5afbccbb866615ac2d1c060a2d726/xclkon/790bae1f4e643c5fe418261c933146db
Ludwigia octovalvis (JACQ.) RAVEN,ONAGRACEAE,"Ayurveda, Siddha, Folk",Jussiaea suffruticosa L.,,https://www.medicinalplants.in/searchpage/showdetails/xplant_id/d1e4264a6fef33d869ce7c1f035e522b/xclkon/582ab8f4de0475593e7081159f532f05
Justicia adhatoda L.,ACANTHACEAE,"Ayurveda, Siddha, Unani, Homeopathy, Folk, Sowa-Rigpa",Adhatoda vasica NEES,,https://www.medicinalplants.in/searchpage/showdetails/xplant_id/6af02657ecf8d4b1d3e0f08206e91314
Justicia beddomei (CL.) BENNET,ACANTHACEAE,Ayurveda,Adhatoda beddomei C.B.CLARKE,,https://www.medicinalplants.in/searchpage/showdetails/xplant_id/408b4c4d43c5287670c593e0d995740c
Justicia betonica L.,ACANTHACEAE,,,,https://www.medicinalplants.in/searchpage/showdetails/xplant_id/a4a319441823e88412c83d4014b147b0
Peristrophe paniculata (FORSK.) BRUMMITT,ACANTHACEAE,"Ayurveda, Siddha, Folk",Justicia bicalyculata VAHL. Peristrophe bicalyculata NEES,,https://www.medicinalplants.in/searchpage/showdetails/xplant_id/e51a53a5f7a18b8f9399a34ec44d5228/xclkon/a21883e09a0bfd4ddf1c79cc838e5369
Justicia bilvalvis L.,ACANTHACEAE,,,,https://www.medicinalplants.in/searchpage/showdetails/xplant_id/16ea9ff04abba80bd716c1e6cc36acb7
Ecbolium viride (FORSK.) ALSTON,ACANTHACEAE,"Ayurveda, Siddha, Folk",Ecbolium linneanum KURZ.,,https://www.medicinalplants.in/searchpage/showdetails/xplant_id/c19f369f2296014bbfabbf7bbde60cf1/xclkon/2cb3241d0e34afd090dba7383f82bca2
Justicia gendarussa BURM.,ACANTHACEAE,"Ayurveda, Siddha, Unani, Folk",Gendarussa vulgaris NEES,,https://www.medicinalplants.in/searchpage/showdetails/xplant_id/ebe9cdee8d3de7da772f0fad90dede9d
Rhinacanthus nasuta (L.) KURZ.,ACANTHACEAE,"Ayurveda, Siddha, Folk",Justicia nasuta L.,,https://www.medicinalplants.in/searchpage/showdetails/xplant_id/8fed9b52bb4c1275b5366616ad17b2f6/xclkon/5f9cf83edc86176d10979fd69403b211
Andrographis paniculata (BURM.F.)WALLICH EX NEES.,ACANTHACEAE,"Ayurveda, Siddha, Unani, Homeopathy, Folk",Justicia paniculata (VAHL) CL.,,https://www.medicinalplants.in/searchpage/showdetails/xplant_id/74fd26aaa5ce2fc2932d2d8056aaf796/xclkon/7b68014f02d652a7415d5c4bc45694fe
Justicia procumbens L.,ACANTHACEAE,"Ayurveda, Siddha",Rostellularia procumbens (L.) NEES.,,https://www.medicinalplants.in/searchpage/showdetails/xplant_id/482ec2e8fa12c967dd3f7f2df646a992
Rungia repens (L.) NEES,ACANTHACEAE,"Ayurveda, Siddha, Folk",Justicia repens DELESS. EX NEES.,,https://www.medicinalplants.in/searchpage/showdetails/xplant_id/ac1ae5531797f88862a32cc8b7698504/xclkon/d7c1db1c13a80880e318cfdcd13dabaf
Justicia tranquebariensis L.F.,ACANTHACEAE,,,,https://www.medicinalplants.in/searchpage/showdetails/xplant_id/0142c23b1b00d45b6a2c8d8d4298c0ea
Kaempferia galanga L.,ZINGIBERACEAE,,,,https://www.medicinalplants.in/searchpage/showdetails/xplant_id/8e57117e035d8d301b719f86f8ebfbf4
Kaempferia rotunda L.,ZINGIBERACEAE,,,,https://www.medicinalplants.in/searchpage/showdetails/xplant_id/c4bf490a088d2e9c4f5761502461ff56
Kalanchoe integra (MEDIK.) KUNTZE.,CRASSULACEAE,"Ayurveda, Folk",Kalanchoe spathulata DC.,,https://www.medicinalplants.in/searchpage/showdetails/xplant_id/26abd53a61097e10227894fe3bc79223
Kalanchoe laciniata (L.) DC.,CRASSULACEAE,,,,https://www.medicinalplants.in/searchpage/showdetails/xplant_id/28fcf18da78d6242da90c99e9f7824a5
Kalanchoe pinnata (LAM.) PERS.,CRASSULACEAE,"Ayurveda, Siddha, Folk",Bryophyllum calicynum SALISB.,,https://www.medicinalplants.in/searchpage/showdetails/xplant_id/f1eaa4296cc16c448d8039c9cc138d25
Kalanchoe integra (MEDIK.) KUNTZE.,CRASSULACEAE,"Ayurveda, Folk",Kalanchoe spathulata DC.,,https://www.medicinalplants.in/searchpage/showdetails/xplant_id/26abd53a61097e10227894fe3bc79223/xclkon/96e1992ce74b4be263d933b02aa41c5f
Phyllanthus reticulatus POIR.,EUPHORBIACEAE,"Ayurveda, Siddha, Folk",Kirganelia reticulata BAILL.,,https://www.medicinalplants.in/searchpage/showdetails/xplant_id/9041b178b962733ce86d171a48cee1cb/xclkon/087d77509e50f2d7cdb1eded3f16c11c
Cyperus kyllingia ENDL.,CYPERACEAE,"Ayurveda, Folk",Kyllinga monocephala ROTTB. Kyllinga nemoralis HUTCH. & DALZ.,,https://www.medicinalplants.in/searchpage/showdetails/xplant_id/0749962ba0489a599f0f4d94fc60ddc2/xclkon/1dbbeee715f03d16f890daf901ac6304
Cyperus kyllingia ENDL.,CYPERACEAE,"Ayurveda, Folk",Kyllinga monocephala ROTTB. Kyllinga nemoralis HUTCH. & DALZ.,,https://www.medicinalplants.in/searchpage/showdetails/xplant_id/0749962ba0489a599f0f4d94fc60ddc2/xclkon/f2912f3cd4ae0b9a70ae543060356dff
Cyperus triceps (ROTTB.) ENDL.,CYPERACEAE,"Ayurveda, Folk",Kyllinga triceps ROTTB.,,https://www.medicinalplants.in/searchpage/showdetails/xplant_id/a35e02b34a8afbbc4a1e47bfe83e7a13/xclkon/2547c26b349dc3ffa5b7a1b04ad2c501
Lablab purpureus L.,FABACEAE,,,,https://www.medicinalplants.in/searchpage/showdetails/xplant_id/c31242f6caf4afb1bbf74cf4007e1f44
Lactuca serriola L.,ASTERACEAE,"Ayurveda, Unani, Folk",Lactuca scariola L.,,https://www.medicinalplants.in/searchpage/showdetails/xplant_id/31cb8f51eb070b06fc9e54a00102bc2b/xclkon/b5021c27e3b735c1bb8d74a839d4990c
Lactuca serriola L.,ASTERACEAE,"Ayurveda, Unani, Folk",Lactuca scariola L.,,https://www.medicinalplants.in/searchpage/showdetails/xplant_id/31cb8f51eb070b06fc9e54a00102bc2b
,ARACEAE,"Ayurveda, Folk",,,https://www.medicinalplants.in/searchpage/showdetails/xplant_id/a1eafb2fe48f9cda892d55c11fbf4b46
,ARACEAE,"Ayurveda, Folk",,,https://www.medicinalplants.in/searchpage/showdetails/xplant_id/a1eafb2fe48f9cda892d55c11fbf4b46/xclkon/89d4a166bc19c3a7ae62489aedc0e180
Lagenaria siceraria (MOLINA) STANDLEY,CUCURBITACEAE,"Ayurveda, Siddha, Unani, Folk, Sowa-Rigpa",Cucumis lagenarius DUM. Cucurbita lagenaria L.,,https://www.medicinalplants.in/searchpage/showdetails/xplant_id/5e94437cadafc8b817a3bd21f1e4b408/xclkon/6c6dcbd25a20b0c7532c99a2ae8f9b73
Lagenaria siceraria (MOLINA) STANDLEY,CUCURBITACEAE,"Ayurveda, Siddha, Unani, Folk, Sowa-Rigpa",Cucumis lagenarius DUM. Cucurbita lagenaria L.,,https://www.medicinalplants.in/searchpage/showdetails/xplant_id/5e94437cadafc8b817a3bd21f1e4b408
Lagenaria siceraria (MOLINA) STANDLEY,CUCURBITACEAE,"Ayurveda, Siddha, Unani, Folk, Sowa-Rigpa",Cucumis lagenarius DUM. Cucurbita lagenaria L.,,https://www.medicinalplants.in/searchpage/showdetails/xplant_id/5e94437cadafc8b817a3bd21f1e4b408/xclkon/7e9789e6983b6c018811a3d7166ea41d
,LYTHRACEAE,"Ayurveda, Siddha, Folk",,,https://www.medicinalplants.in/searchpage/showdetails/xplant_id/68d8e18e3d38533f90e80c159a6dc8f5/xclkon/6781ba7d29cc29fae0a91e340419e751
Lagerstroemia indica L.,LYTHRACEAE,,,,https://www.medicinalplants.in/searchpage/showdetails/xplant_id/8b8aec06a93539cfad735c55ee4bd412
,LYTHRACEAE,"Ayurveda, Siddha, Folk",,,https://www.medicinalplants.in/searchpage/showdetails/xplant_id/68d8e18e3d38533f90e80c159a6dc8f5
Lamprachaenium microcephalum BENTH.,ASTERACEAE,,,,https://www.medicinalplants.in/searchpage/showdetails/xplant_id/665a261edb2d1045f2634fe812dadcbb
Lannea coromandelica (HOUTT.) MERRILL,ANACARDIACEAE,"Ayurveda, Siddha, Folk, Sowa-Rigpa",Lannea grandis (DENNST.) ENGL.,,https://www.medicinalplants.in/searchpage/showdetails/xplant_id/ce649c9b00910b5bc2e1f3e8b02ca0de
Lannea coromandelica (HOUTT.) MERRILL,ANACARDIACEAE,"Ayurveda, Siddha, Folk, Sowa-Rigpa",Lannea grandis (DENNST.) ENGL.,,https://www.medicinalplants.in/searchpage/showdetails/xplant_id/ce649c9b00910b5bc2e1f3e8b02ca0de/xclkon/e465cb5437e4dc93479de2f06660d391
Lantana camara L.,VERBENACEAE,"Ayurveda, Folk",Lantana aculeata L.,,https://www.medicinalplants.in/searchpage/showdetails/xplant_id/9789dc17ec561185e8fb588223950f73/xclkon/54ae65a2c52054c8e06d815094a71547
Lantana camara L.,VERBENACEAE,"Ayurveda, Folk",Lantana aculeata L.,,https://www.medicinalplants.in/searchpage/showdetails/xplant_id/9789dc17ec561185e8fb588223950f73
Lantana camara L.,VERBENACEAE,"Ayurveda, Folk",Lantana aculeata L.,,https://www.medicinalplants.in/searchpage/showdetails/xplant_id/9789dc17ec561185e8fb588223950f73/xclkon/6aa5247d2c1e3524218f8114dd224be9
,ARACEAE,,,,https://www.medicinalplants.in/searchpage/showdetails/xplant_id/12498af454c684db03d297ae71cb0c41
Lathyrus sativus L.,FABACEAE,,,,https://www.medicinalplants.in/searchpage/showdetails/xplant_id/c17b959a5b1e5adc4a69c2971497f68d
,LAURACEAE,"Ayurveda, Siddha, Unani, Homeopathy, Folk, Sowa-Rigpa",,,https://www.medicinalplants.in/searchpage/showdetails/xplant_id/c28e0da32f82e38f233cc690e98d4788/xclkon/896db3dd89283ff19dbf809760b2aeba
,LAMIACEAE,"Ayurveda, Folk",,,https://www.medicinalplants.in/searchpage/showdetails/xplant_id/6e3829c0c66130ddc56e5a8449cf6e53
,LAMIACEAE,"Ayurveda, Folk",,,https://www.medicinalplants.in/searchpage/showdetails/xplant_id/6e3829c0c66130ddc56e5a8449cf6e53/xclkon/ae2fb297ce748f75ba75f302b15e464e
Anisochilus carnosus WALL.,LAMIACEAE,"Ayurveda, Siddha, Folk",Anisochilus camosus WALL. Lavandula carnosa L.,,https://www.medicinalplants.in/searchpage/showdetails/xplant_id/88237f29fe01d1ec5688272c8439b082/xclkon/794abe269d3987cd6e370f78ad5ce951
Lawsonia inermis L.,LYTHRACEAE,"Ayurveda, Siddha, Unani, Folk, Sowa-Rigpa",Lawsonia alba LAM.,,https://www.medicinalplants.in/searchpage/showdetails/xplant_id/87ff7185526f449e897125584c3d7fe5/xclkon/a0f858b2149eab23619c1cefd0625178
Lawsonia inermis L.,LYTHRACEAE,"Ayurveda, Siddha, Unani, Folk, Sowa-Rigpa",Lawsonia alba LAM.,,https://www.medicinalplants.in/searchpage/showdetails/xplant_id/87ff7185526f449e897125584c3d7fe5
Lawsonia inermis L.,LYTHRACEAE,"Ayurveda, Siddha, Unani, Folk, Sowa-Rigpa",Lawsonia alba LAM.,,https://www.medicinalplants.in/searchpage/showdetails/xplant_id/87ff7185526f449e897125584c3d7fe5/xclkon/d7f7b3d4ccc4ef36c9d7ca4362a93788
Leea aequata L.,LEEACEAE,"Ayurveda, Siddha, Folk",Leea arguata L. Leea hirta ROXB EX HORNEIM,,https://www.medicinalplants.in/searchpage/showdetails/xplant_id/d2ca687e3aa5c4746a78a057aa3f6e75
Leea aequata L.,LEEACEAE,"Ayurveda, Siddha, Folk",Leea arguata L. Leea hirta ROXB EX HORNEIM,,https://www.medicinalplants.in/searchpage/showdetails/xplant_id/d2ca687e3aa5c4746a78a057aa3f6e75/xclkon/5dc840a0ad8499f2f338baf83d917fc9
Leea aequata L.,LEEACEAE,"Ayurveda, Siddha, Folk",Leea arguata L. Leea hirta ROXB EX HORNEIM,,https://www.medicinalplants.in/searchpage/showdetails/xplant_id/d2ca687e3aa5c4746a78a057aa3f6e75/xclkon/5a0cba24c5ccb29f6b6f5b6e607352b6
Leea indica MERILL,LEEACEAE,"Ayurveda, Siddha, Folk",Leea sambucina BENTH.,,https://www.medicinalplants.in/searchpage/showdetails/xplant_id/642f49ea271f121aaa7aaf11a721245a
Leea macrophylla ROXB. EX HORN.,LEEACEAE,"Ayurveda, Folk",Leea robusta ROXB. HORT. BENG.,,https://www.medicinalplants.in/searchpage/showdetails/xplant_id/bf139623c345de113aa95d9aee260869
Leea macrophylla ROXB. EX HORN.,LEEACEAE,"Ayurveda, Folk",Leea robusta ROXB. HORT. BENG.,,https://www.medicinalplants.in/searchpage/showdetails/xplant_id/bf139623c345de113aa95d9aee260869/xclkon/74edac2ead4f9d84d9271be8e7fc587e
Leea indica MERILL,LEEACEAE,"Ayurveda, Siddha, Folk",Leea sambucina BENTH.,,https://www.medicinalplants.in/searchpage/showdetails/xplant_id/642f49ea271f121aaa7aaf11a721245a/xclkon/5e5ad653ac1ac8665a43b7b7777f37cf
Wolffia globosa (ROXB.) HARTOG & PLAS,LEMNACEAE,"Ayurveda, Folk",Lemna globosa ROXB.,,https://www.medicinalplants.in/searchpage/showdetails/xplant_id/69187ed4c69f42fd55e943f0c5e47a94/xclkon/e5f3833ac6149fb814f12f52f4faf3fd
Lens culinaris MEDIC.,FABACEAE,"Ayurveda, Siddha, Unani, Folk",Lens esculenta MOENCH,,https://www.medicinalplants.in/searchpage/showdetails/xplant_id/5e6e9064b1e2255ae069f638135e0d46
Lens culinaris MEDIC.,FABACEAE,"Ayurveda, Siddha, Unani, Folk",Lens esculenta MOENCH,,https://www.medicinalplants.in/searchpage/showdetails/xplant_id/5e6e9064b1e2255ae069f638135e0d46/xclkon/2c61d5d0b73867702c16438b774e8ab1
Leonotis nepetaefolia R.BR.,LAMIACEAE,,,,https://www.medicinalplants.in/searchpage/showdetails/xplant_id/c8a37987cdcbc9dbae0e797c04080c5e
Lepidium sativum L.,BRASSICACEAE,,,,https://www.medicinalplants.in/searchpage/showdetails/xplant_id/b9bf5471eb2d105f4354cba4cac4dd74
Leptadenia spartium WIGHT,ASCLEPIADACEAE,Ayurveda,Gymnema spartium WALL. Leptadenia pyrotechnica DCNE,,https://www.medicinalplants.in/searchpage/showdetails/xplant_id/be2415ffb71cfbb5651d00611a2ffcd7/xclkon/e95d1c53e4ee85cfe5ca77c617b990e1
Leptadenia reticulata (RETZ.) WIGHT & ARN.,ASCLEPIADACEAE,"Ayurveda, Siddha, Sowa-Rigpa",,,https://www.medicinalplants.in/searchpage/showdetails/xplant_id/5d5a5809b66f48a72e7fd20abfe12443
Leptadenia spartium WIGHT,ASCLEPIADACEAE,Ayurveda,Gymnema spartium WALL. Leptadenia pyrotechnica DCNE,,https://www.medicinalplants.in/searchpage/showdetails/xplant_id/be2415ffb71cfbb5651d00611a2ffcd7
,CONVOLVULACEAE,,,,https://www.medicinalplants.in/searchpage/showdetails/xplant_id/df506e30bce99efcef6e689f81d2ba4a
Argyreia nervosa (BURM.F.) BOJ.,CONVOLVULACEAE,"Ayurveda, Siddha, Unani, Folk, Sowa-Rigpa",Argyreia speciosa SWEET,,https://www.medicinalplants.in/searchpage/showdetails/xplant_id/607d1f5c66e7f3b95ed1190ae2e627e0/xclkon/70fc69ea9940b7447ffbeefa12ecd006
,CONVOLVULACEAE,"Ayurveda, Siddha",,,https://www.medicinalplants.in/searchpage/showdetails/xplant_id/19b26d637c9700cd448e8e1a5f3b01ce/xclkon/835397b5a119b56d9c405df9d8c12e5c
Leucas plukenetii (ROTH) SPRENG.,LAMIACEAE,"Ayurveda, Siddha, Homeopathy, Folk",Leucas aspera (WILLD.) SPRENG.,,https://www.medicinalplants.in/searchpage/showdetails/xplant_id/afe44c6c60dec559b333cc33a2a80fbc/xclkon/60bdbfc3aa618131f8631923ed780d11
Leucas cephalotes (ROTH.) SPR.,LAMIACEAE,"Ayurveda, Siddha, Folk, Sowa-Rigpa",Leucas capitata DESF.,,https://www.medicinalplants.in/searchpage/showdetails/xplant_id/f7a4c676664865e9c0c3e257933d566e/xclkon/914cf0f3d99809bfad8a5b066e896d9a
Leucas cephalotes (ROTH.) SPR.,LAMIACEAE,"Ayurveda, Siddha, Folk, Sowa-Rigpa",Leucas capitata DESF.,,https://www.medicinalplants.in/searchpage/showdetails/xplant_id/f7a4c676664865e9c0c3e257933d566e
Leucas lavandulifolia J.E. SM.,LAMIACEAE,"Ayurveda, Siddha, Folk",Leucas indica (L.) R.BR. EX VATKE,,https://www.medicinalplants.in/searchpage/showdetails/xplant_id/ee308457cb89396ca4964bb9413988fc/xclkon/f3692175190ffa3f1c46c6b391a9b6e3
Leucas lavandulifolia J.E. SM.,LAMIACEAE,"Ayurveda, Siddha, Folk",Leucas indica (L.) R.BR. EX VATKE,,https://www.medicinalplants.in/searchpage/showdetails/xplant_id/ee308457cb89396ca4964bb9413988fc
Leucas lavandulifolia J.E. SM.,LAMIACEAE,"Ayurveda, Siddha, Folk",Leucas indica (L.) R.BR. EX VATKE,,https://www.medicinalplants.in/searchpage/showdetails/xplant_id/ee308457cb89396ca4964bb9413988fc/xclkon/7c753e476944a6dda69ca570a3c5375c
Leucas plukenetii (ROTH) SPRENG.,LAMIACEAE,"Ayurveda, Siddha, Homeopathy, Folk",Leucas aspera (WILLD.) SPRENG.,,https://www.medicinalplants.in/searchpage/showdetails/xplant_id/afe44c6c60dec559b333cc33a2a80fbc
Leucas stricta BENTH.,LAMIACEAE,,,,https://www.medicinalplants.in/searchpage/showdetails/xplant_id/51ef763030311836a565cba8407de5d1
Nymphoides hydrophylla (LOUR.) KUNTZE,MENYANTHACEAE,"Ayurveda, Siddha, Folk",Limnanthemum cristatum GRISEB.,,https://www.medicinalplants.in/searchpage/showdetails/xplant_id/6d297870cc3cc448dac4f1ba6bfd6b44/xclkon/672297211d64f8bc9e605638b40fa630
,SCROPHULARIACEAE,"Ayurveda, Folk",,,https://www.medicinalplants.in/searchpage/showdetails/xplant_id/570910d7322452b271c911493c3939b9
Limnophila indica (L.) DRUCE,SCROPHULARIACEAE,"Ayurveda, Folk",Limnophila gratioloides R.BR.,,https://www.medicinalplants.in/searchpage/showdetails/xplant_id/a2b7f58641626a5cf7bec92927c70877/xclkon/a6391a27969d673c6bb9042cc581dedd
,SCROPHULARIACEAE,"Ayurveda, Folk",,,https://www.medicinalplants.in/searchpage/showdetails/xplant_id/570910d7322452b271c911493c3939b9/xclkon/e92c02e91b43829eb449945dbdbdfd08
Limnophila indica (L.) DRUCE,SCROPHULARIACEAE,"Ayurveda, Folk",Limnophila gratioloides R.BR.,,https://www.medicinalplants.in/searchpage/showdetails/xplant_id/a2b7f58641626a5cf7bec92927c70877
Limnophila indica (L.) DRUCE,SCROPHULARIACEAE,"Ayurveda, Folk",Limnophila gratioloides R.BR.,,https://www.medicinalplants.in/searchpage/showdetails/xplant_id/a2b7f58641626a5cf7bec92927c70877/xclkon/eac29b4e905819b1268b131915f383a0
,ORCHIDACEAE,,,,https://www.medicinalplants.in/searchpage/showdetails/xplant_id/62e48f4f53ec30c9d4317706cba8db29
Limonia acidissima L.,RUTACEAE,"Ayurveda, Siddha, Unani, Folk",Feronia elephantum CORREA,,https://www.medicinalplants.in/searchpage/showdetails/xplant_id/11190a784a6fa132fd4ad578e337bcea
Naringi crenulata (ROXB.) NICOLSON,RUTACEAE,"Ayurveda, Siddha, Folk",Hesperethusa crenulata (ROXB.) M. ROEM.,,https://www.medicinalplants.in/searchpage/showdetails/xplant_id/88b6416bfbb3910dc4dbcde8c2703e96/xclkon/0312fbdd9006634079d7473884dd4c7d
Linum usitatissimum L.,LINACEAE,,,,https://www.medicinalplants.in/searchpage/showdetails/xplant_id/adb4f68599320ec4cc508da6b4bc430d
Phyla nodiflora (L.) GREENE,VERBENACEAE,"Ayurveda, Siddha, Unani, Folk",Lippia nodiflora MICH.,,https://www.medicinalplants.in/searchpage/showdetails/xplant_id/0168ddb652e357ac3bf768a36264f947/xclkon/93433ae3241998392139c08cf476ecee
,HAMAMELIDACEAE,,,,https://www.medicinalplants.in/searchpage/showdetails/xplant_id/b4cbed0e0d264b831d09c49efdeb9c54
,HAMAMELIDACEAE,,,,https://www.medicinalplants.in/searchpage/showdetails/xplant_id/bb3bf1e7d6efb2d196a542ef3afa446e
Litsea glutinosa (LOUR.) ROBINSON,LAURACEAE,"Ayurveda, Siddha, Unani, Folk",Litsea chinensis LAM.,,https://www.medicinalplants.in/searchpage/showdetails/xplant_id/0637eb3e4addf2dee845ceecd804ae77/xclkon/10bde176ead13d3400989e7609b63041
,LAURACEAE,"Ayurveda, Folk",,,https://www.medicinalplants.in/searchpage/showdetails/xplant_id/e7824c5e8f04961408b83a0f533eb36a/xclkon/0e524daae180ea4762c86770375994ae
,LAURACEAE,"Ayurveda, Folk",,,https://www.medicinalplants.in/searchpage/showdetails/xplant_id/e7824c5e8f04961408b83a0f533eb36a
Litsea glutinosa (LOUR.) ROBINSON,LAURACEAE,"Ayurveda, Siddha, Unani, Folk",Litsea chinensis LAM.,,https://www.medicinalplants.in/searchpage/showdetails/xplant_id/0637eb3e4addf2dee845ceecd804ae77/xclkon/408aa8d0996e53cf57374e9968508379
Litsea glutinosa (LOUR.) ROBINSON,LAURACEAE,"Ayurveda, Siddha, Unani, Folk",Litsea chinensis LAM.,,https://www.medicinalplants.in/searchpage/showdetails/xplant_id/0637eb3e4addf2dee845ceecd804ae77
Litsea monopetala (ROXB.) PERS.,LAURACEAE,"Ayurveda, Siddha, Folk",Litsea polyantha JUSS.,,https://www.medicinalplants.in/searchpage/showdetails/xplant_id/e24163c4d6fcf2180358ba5a23da9e47
Litsea monopetala (ROXB.) PERS.,LAURACEAE,"Ayurveda, Siddha, Folk",Litsea polyantha JUSS.,,https://www.medicinalplants.in/searchpage/showdetails/xplant_id/e24163c4d6fcf2180358ba5a23da9e47/xclkon/b1f3b793e18841fe25a2012483ec94fb
Litsea glutinosa (LOUR.) ROBINSON,LAURACEAE,"Ayurveda, Siddha, Unani, Folk",Litsea chinensis LAM.,,https://www.medicinalplants.in/searchpage/showdetails/xplant_id/0637eb3e4addf2dee845ceecd804ae77/xclkon/17503f6bcc87e9a5699950bef2859a87
Lobelia nicotianaefolia ROTH. EX. R. & S.,LOBELIACEAE,,,,https://www.medicinalplants.in/searchpage/showdetails/xplant_id/72c80a5a5d4643db16ecd64e09d00f26
Catharanthus pusillus (MURR.) G. DON,APOCYNACEAE,"Ayurveda, Siddha, Folk",Lochnera pusilla K.SCHUM.,,https://www.medicinalplants.in/searchpage/showdetails/xplant_id/be52ef142a4bf30adacec5315f0ee7e5/xclkon/7b01c268d6be73ea6b355eb0cb9ecd6a
Catharanthus roseus (L.) G.DON,APOCYNACEAE,"Ayurveda, Siddha, Folk",Lochnera rosea REICHB.,,https://www.medicinalplants.in/searchpage/showdetails/xplant_id/6d9f8e9bebdec421ee02eb5709bbca66/xclkon/8f8b3bf29623526b943200b3d53f7464
,ARECACEAE,"Ayurveda, Siddha, Unani, Folk",,,https://www.medicinalplants.in/searchpage/showdetails/xplant_id/770f328a0c95044142db38382574f2af
,ARECACEAE,"Ayurveda, Siddha, Unani, Folk",,,https://www.medicinalplants.in/searchpage/showdetails/xplant_id/770f328a0c95044142db38382574f2af/xclkon/a72dd7e0f465169f00ec49f0b779f0b3
,LORANTHACEAE,,,,https://www.medicinalplants.in/searchpage/showdetails/xplant_id/e4bddd7b5c64671fddbef72add6504ce
,LORANTHACEAE,"Ayurveda, Folk",,,https://www.medicinalplants.in/searchpage/showdetails/xplant_id/51ea9880bd0805916903c69e32a0555a/xclkon/6f388937960bd3e61d5b601e57ed5363
Dendrophthoe falcata (L.F) ETTING.,LORANTHACEAE,"Ayurveda, Siddha, Folk",Loranthus falcatus L.F.,,https://www.medicinalplants.in/searchpage/showdetails/xplant_id/c90f8a2b28b3cbebb4cd1fb3068ad5a7/xclkon/c2165a3b69cc4aee04953d7aad5be930
Dendrophthoe falcata (L.F) ETTING.,LORANTHACEAE,"Ayurveda, Siddha, Folk",Loranthus falcatus L.F.,,https://www.medicinalplants.in/searchpage/showdetails/xplant_id/c90f8a2b28b3cbebb4cd1fb3068ad5a7/xclkon/821c2a98f003cd27fe4d9718022ac47c
Dendrophthoe falcata (L.F) ETTING.,LORANTHACEAE,"Ayurveda, Siddha, Folk",Loranthus falcatus L.F.,,https://www.medicinalplants.in/searchpage/showdetails/xplant_id/c90f8a2b28b3cbebb4cd1fb3068ad5a7/xclkon/6b0e30c2a3f7be69fc9562c123447a64
Ludwigia octovalvis (JACQ.) RAVEN,ONAGRACEAE,"Ayurveda, Siddha, Folk",Jussiaea suffruticosa L.,,https://www.medicinalplants.in/searchpage/showdetails/xplant_id/d1e4264a6fef33d869ce7c1f035e522b
Ludwigia octovalvis (JACQ.) RAVEN,ONAGRACEAE,"Ayurveda, Siddha, Folk",Jussiaea suffruticosa L.,,https://www.medicinalplants.in/searchpage/showdetails/xplant_id/d1e4264a6fef33d869ce7c1f035e522b/xclkon/d2a4ce9b3e9eda7e8a222bee8babe5e8
Luffa acutangula (L.) ROXB.,CUCURBITACEAE,,,,https://www.medicinalplants.in/searchpage/showdetails/xplant_id/f723ab5d64bea1511a90c43317cb5697
Luffa acutangula ROXB. var. amara (ROXB.) CL.,CUCURBITACEAE,"Ayurveda, Siddha, Homeopathy",Luffa amara ROXB.,,https://www.medicinalplants.in/searchpage/showdetails/xplant_id/6fbfce690f7bad8fd142e27835f7bf4a
Luffa cylindrica (L.) M.J. ROEM.,CUCURBITACEAE,"Ayurveda, Siddha, Unani, Folk, Sowa-Rigpa",Luffa aegyptiaca MILL. EX. HOOK.F.,,https://www.medicinalplants.in/searchpage/showdetails/xplant_id/42a309fa9378a8bdc2426fa5e4ddf16f/xclkon/778e472c354c2b6c27bdbc24e2692eed
Luffa acutangula ROXB. var. amara (ROXB.) CL.,CUCURBITACEAE,"Ayurveda, Siddha, Homeopathy",Luffa amara ROXB.,,https://www.medicinalplants.in/searchpage/showdetails/xplant_id/6fbfce690f7bad8fd142e27835f7bf4a/xclkon/a31e687c8cf997c7ba0f576cd8ae0033
Luffa cylindrica (L.) M.J. ROEM.,CUCURBITACEAE,"Ayurveda, Siddha, Unani, Folk, Sowa-Rigpa",Luffa aegyptiaca MILL. EX. HOOK.F.,,https://www.medicinalplants.in/searchpage/showdetails/xplant_id/42a309fa9378a8bdc2426fa5e4ddf16f
Luffa echinata ROXB.,CUCURBITACEAE,,,,https://www.medicinalplants.in/searchpage/showdetails/xplant_id/517e75a67d453c30d1fb46f62bc5d87e
Luffa graveolens ROXB.,CUCURBITACEAE,,,,https://www.medicinalplants.in/searchpage/showdetails/xplant_id/180009dcf3f64171795122deb79c7be9
,CUCURBITACEAE,,,,https://www.medicinalplants.in/searchpage/showdetails/xplant_id/a7d1e1c988e599ac88cc9bd5a4960b0e
Luffa cylindrica (L.) M.J. ROEM.,CUCURBITACEAE,"Ayurveda, Siddha, Unani, Folk, Sowa-Rigpa",Luffa aegyptiaca MILL. EX. HOOK.F.,,https://www.medicinalplants.in/searchpage/showdetails/xplant_id/42a309fa9378a8bdc2426fa5e4ddf16f/xclkon/d28b78907024a493e092dd6b95889287
Luvunga scandens (BLUME) KURZ.,RUTACEAE,,,,https://www.medicinalplants.in/searchpage/showdetails/xplant_id/a64e94f7d8c221b0536b6c8703252af0
,BORAGINACEAE,"Ayurveda, Folk",,,https://www.medicinalplants.in/searchpage/showdetails/xplant_id/cd30c7824407b5b2e6b5a148bc973708/xclkon/5af4fbd840250035a30a7b6b7faf11bc
Macrotyloma uniflorum (LAM.) VERDC.,FABACEAE,"Ayurveda, Siddha, Unani, Folk, Sowa-Rigpa",Dolichos biflorus SENSU AUCT.,,https://www.medicinalplants.in/searchpage/showdetails/xplant_id/16e1d08182cf90b7c5f7cc027e6ccbfd
,SAPOTACEAE,"Ayurveda, Folk",,,https://www.medicinalplants.in/searchpage/showdetails/xplant_id/13abc384d83346dcb2ce617d255f4e77/xclkon/3ff4adb60ccba96c944ebff4d146d791
,SAPOTACEAE,,,,https://www.medicinalplants.in/searchpage/showdetails/xplant_id/e3fcc9689d388df7e1e5be34ebefce8d
Madhuca longifolia (KOEN.) MACLER,SAPOTACEAE,"Ayurveda, Siddha, Folk",Bassia latifolia ROXB.,,https://www.medicinalplants.in/searchpage/showdetails/xplant_id/ec2a2de5f7117118a08d489c667667a7
Maerua oblongifolia (FORSK.) A.RICH,CAPPARACEAE,"Ayurveda, Siddha, Folk, Sowa-Rigpa",Maerua arenaria HOOK,,https://www.medicinalplants.in/searchpage/showdetails/xplant_id/bc77c2aa87e1ff114f907d3113143778/xclkon/ac6ea730c6dfc3398882309d2305a899
Maerua oblongifolia (FORSK.) A.RICH,CAPPARACEAE,"Ayurveda, Siddha, Folk, Sowa-Rigpa",Maerua arenaria HOOK,,https://www.medicinalplants.in/searchpage/showdetails/xplant_id/bc77c2aa87e1ff114f907d3113143778
,LAMIACEAE,"Ayurveda, Siddha, Unani, Homeopathy, Sowa-Rigpa",,,https://www.medicinalplants.in/searchpage/showdetails/xplant_id/84e4b831f506c0fdda468af246ecea3a
"Crepidium acuminatum (D.DON) SZLAC. X Family - ORCHIDACEAE System(s) of Indian Medicine - Ayurveda, Folk Botanical Synonyms (3) - Malaxis acuminata D.DON",ORCHIDACEAE,"Ayurveda, Folk",Malaxis acuminata D.DON,,https://www.medicinalplants.in/searchpage/showdetails/xplant_id/9cb904855a72c0103ad947cad38c467d/xclkon/abf16a32e47a7e2de821c8aeda3f4fc4
"Crepidium acuminatum (D.DON) SZLAC. X Family - ORCHIDACEAE System(s) of Indian Medicine - Ayurveda, Folk Botanical Synonyms (3) - Malaxis acuminata D.DON",ORCHIDACEAE,"Ayurveda, Folk",Malaxis acuminata D.DON,,https://www.medicinalplants.in/searchpage/showdetails/xplant_id/9cb904855a72c0103ad947cad38c467d/xclkon/5f094693baa20ce3d5f3250e2add0aed
Malaxis muscifera (LINDLEY) KUNTZE,ORCHIDACEAE,"Ayurveda, Folk, Sowa-Rigpa",,,https://www.medicinalplants.in/searchpage/showdetails/xplant_id/381cef2ef3f0adfdd22eb31d60c0c0bf
Mallotus philippensis (LAM.) MUELL.-ARG.,EUPHORBIACEAE,,,,https://www.medicinalplants.in/searchpage/showdetails/xplant_id/fa0da0533b2e7dd6174428ddf3b49a08
"Malus pumila MILL. X Family - ROSACEAE System(s) of Indian Medicine - Ayurveda, Siddha, Unani, Sowa-Rigpa Botanical Synonyms (1) - Pyrus malus L.",ROSACEAE,"Ayurveda, Siddha, Unani, Sowa-Rigpa",Pyrus malus L.,,https://www.medicinalplants.in/searchpage/showdetails/xplant_id/ebc61e9fd917afa9686a83901f4e38e7
Malva rotundifolia L.,MALVACEAE,"Ayurveda, Siddha, Folk",Malva neglecta WALL.,,https://www.medicinalplants.in/searchpage/showdetails/xplant_id/01a432273760799f30363f6cbe9c261a/xclkon/7bc3aca916d12aa5efd48d60da273e7d
Malva rotundifolia L.,MALVACEAE,"Ayurveda, Siddha, Folk",Malva neglecta WALL.,,https://www.medicinalplants.in/searchpage/showdetails/xplant_id/01a432273760799f30363f6cbe9c261a
Mammea suriga (BUCH.-HAM. EX ROXB.),CLUSIACEAE,"Ayurveda, Siddha, Folk",Mammea longifolia PLANCH. & TRIANA.,,https://www.medicinalplants.in/searchpage/showdetails/xplant_id/20538932dc67840fe5313c4b4b3d8bb9/xclkon/0cba081211e98101038748f166dc0838
Mammea suriga (BUCH.-HAM. EX ROXB.),CLUSIACEAE,"Ayurveda, Siddha, Folk",Mammea longifolia PLANCH. & TRIANA.,,https://www.medicinalplants.in/searchpage/showdetails/xplant_id/20538932dc67840fe5313c4b4b3d8bb9
,SOLANACEAE,"Ayurveda, Folk",,,https://www.medicinalplants.in/searchpage/showdetails/xplant_id/ddade919c7ce0fa66821e9482e5d83e4
,SOLANACEAE,"Ayurveda, Folk",,,https://www.medicinalplants.in/searchpage/showdetails/xplant_id/ddade919c7ce0fa66821e9482e5d83e4/xclkon/04e5d221197d4d405e70b7fdc766639d
Mangifera indica L.,ANACARDIACEAE,"Ayurveda, Siddha, Unani, Homeopathy, Folk, Sowa-Rigpa",,,https://www.medicinalplants.in/searchpage/showdetails/xplant_id/8a83ef9a6450c46b4347fb66fd4858d4/xclkon/528e0ffee6613210aa5f75c78d35f842
Mangifera indica L.,ANACARDIACEAE,"Ayurveda, Siddha, Unani, Homeopathy, Folk, Sowa-Rigpa",,,https://www.medicinalplants.in/searchpage/showdetails/xplant_id/8a83ef9a6450c46b4347fb66fd4858d4
Mangifera sylvatica ROXB.,ANACARDIACEAE,,,,https://www.medicinalplants.in/searchpage/showdetails/xplant_id/b351270dcc0cf9357d1b8bccd8265ddd
Manihot esculenta CRANTZ,EUPHORBIACEAE,"Ayurveda, Siddha, Homeopathy",Manihot utilissima POHL,,https://www.medicinalplants.in/searchpage/showdetails/xplant_id/3f3a1acacee5a1e5a84d6d3412622e43
Manihot esculenta CRANTZ,EUPHORBIACEAE,"Ayurveda, Siddha, Homeopathy",Manihot utilissima POHL,,https://www.medicinalplants.in/searchpage/showdetails/xplant_id/3f3a1acacee5a1e5a84d6d3412622e43/xclkon/c80e8c56413f52855ab6f284b8cc0565
Manilkara hexandra (ROXB.) DUBARD,SAPOTACEAE,"Ayurveda, Siddha, Unani, Folk, Sowa-Rigpa",Mimusops hexandra ROXB.,,https://www.medicinalplants.in/searchpage/showdetails/xplant_id/17104b3b47f47163e185684f28288000
"Manilkara kauki (L.) DUBJ. X Family - SAPOTACEAE System(s) of Indian Medicine - Ayurveda, Siddha, Unani, Folk Botanical Synonyms (1) - Mimusops kauki L.",SAPOTACEAE,"Ayurveda, Siddha, Unani, Folk",Mimusops kauki L.,,https://www.medicinalplants.in/searchpage/showdetails/xplant_id/49d8109eef180fea9951f7daf4312d5d
Hackelochloa granularis (L.) KUNTZE,POACEAE,"Ayurveda, Folk",Manisuris granularis L.,,https://www.medicinalplants.in/searchpage/showdetails/xplant_id/e304d978335d8cc5affab2bb2315585f/xclkon/f16a06544e4ca8b6ef0611917b42b520
,MARANTACEAE,"Ayurveda, Siddha, Folk",,,https://www.medicinalplants.in/searchpage/showdetails/xplant_id/1ef3674b851bafc5cc4e79c5ffe69d09/xclkon/88cb05697348dcf5419b53dd39955f2c
,MARANTACEAE,"Ayurveda, Siddha, Folk",,,https://www.medicinalplants.in/searchpage/showdetails/xplant_id/1ef3674b851bafc5cc4e79c5ffe69d09
Marsdenia roylei WIGHT,ASCLEPIADACEAE,,,,https://www.medicinalplants.in/searchpage/showdetails/xplant_id/bb62a225489176c0a23ba1afa52dc7a3
Marsdenia tenacissima (ROXB.) MOON,ASCLEPIADACEAE,,,,https://www.medicinalplants.in/searchpage/showdetails/xplant_id/55932a997069277821e1beb2addca1f5
Wattakaka volubilis (L.F.) STAPF,ASCLEPIADACEAE,"Ayurveda, Siddha, Unani, Folk",Asclepias volubilis L.F.,,https://www.medicinalplants.in/searchpage/showdetails/xplant_id/66abd203e28e8a1260e62436cbe8a63d/xclkon/8a849307e97e175a2d269d8136ad1d43
,MARSILEACEAE,,,,https://www.medicinalplants.in/searchpage/showdetails/xplant_id/f487751e4ee70be818ae559375e6c306
,MARSILEACEAE,,,,https://www.medicinalplants.in/searchpage/showdetails/xplant_id/9c15fb23de218f7f200e7f2d57247b9f
,MARSILEACEAE,,,,https://www.medicinalplants.in/searchpage/showdetails/xplant_id/c9945fc62f09276aad3562d367dab6d6
Martynia annua L.,PEDALIACEAE,"Ayurveda, Siddha, Folk",Martnia diandra GLOX. Martynia diandra GLOX.,,https://www.medicinalplants.in/searchpage/showdetails/xplant_id/95a099dc5b93175361cf6464f11c1c08/xclkon/ff33b1f47728301a131b2f0be3543362
Martynia annua L.,PEDALIACEAE,"Ayurveda, Siddha, Folk",Martnia diandra GLOX. Martynia diandra GLOX.,,https://www.medicinalplants.in/searchpage/showdetails/xplant_id/95a099dc5b93175361cf6464f11c1c08
Martynia annua L.,PEDALIACEAE,"Ayurveda, Siddha, Folk",Martnia diandra GLOX. Martynia diandra GLOX.,,https://www.medicinalplants.in/searchpage/showdetails/xplant_id/95a099dc5b93175361cf6464f11c1c08/xclkon/953967b7d49d297b9d071b53c6b3620e
Matthiola incana R.BR.,BRASSICACEAE,"Ayurveda, Unani, Folk",,,https://www.medicinalplants.in/searchpage/showdetails/xplant_id/8599920e8176f8764424b5be51d2d298/xclkon/dba87cf84e989649759313275320cde7
Matthiola incana R.BR.,BRASSICACEAE,"Ayurveda, Unani, Folk",,,https://www.medicinalplants.in/searchpage/showdetails/xplant_id/8599920e8176f8764424b5be51d2d298
Maytenus senegalensis (LAM.) EXELL.,CELASTRACEAE,"Ayurveda, Siddha, Folk",Gymnosporia montana (ROTH.) BENTH.,,https://www.medicinalplants.in/searchpage/showdetails/xplant_id/58404bfed44cb6699fa1efc8821009da
Medicago sativa L.,FABACEAE,,,,https://www.medicinalplants.in/searchpage/showdetails/xplant_id/c2c8956b2c58f59d80b279ce50f568d6
,MELASTOMATACEAE,"Ayurveda, Siddha",,,https://www.medicinalplants.in/searchpage/showdetails/xplant_id/0c94615806e9078053d290d169517719/xclkon/e4f88fbe4cbc1f7cb30fd40fc77529df
Melastoma malabathricum L.,MELASTOMATACEAE,,,,https://www.medicinalplants.in/searchpage/showdetails/xplant_id/7752f43283e3b2b1db04169c4f80c9e6
Azadirachta indica A. JUSS.,MELIACEAE,"Ayurveda, Siddha, Unani, Homeopathy, Folk, Sowa-Rigpa",Melia azadirachta L.,,https://www.medicinalplants.in/searchpage/showdetails/xplant_id/824a2c2219788b48e2a3bb1633d43370/xclkon/000d3b45b23e8d5511c0100bd4f75875
Melia azedarach L.,MELIACEAE,,,,https://www.medicinalplants.in/searchpage/showdetails/xplant_id/7329b8a791768adea566d3281881f4fe
"Melia dubia HIERN, NON CAV.",MELIACEAE,"Ayurveda, Siddha, Folk",Melia composita WILLD.,,https://www.medicinalplants.in/searchpage/showdetails/xplant_id/3c6a389f01cb3f8ebfa0be70fe987c25/xclkon/2053988d906a6e8680160aecd49c0c8d
"Melia dubia HIERN, NON CAV.",MELIACEAE,"Ayurveda, Siddha, Folk",Melia composita WILLD.,,https://www.medicinalplants.in/searchpage/showdetails/xplant_id/3c6a389f01cb3f8ebfa0be70fe987c25
Melilotus indica (L.) ALL.,FABACEAE,Ayurveda,Melilotus parviflora BENTH.,,https://www.medicinalplants.in/searchpage/showdetails/xplant_id/6a5b2cb08bba465bda3575cea801ee97
,FABACEAE,"Ayurveda, Unani, Homeopathy",,,https://www.medicinalplants.in/searchpage/showdetails/xplant_id/1772cff74942c87775cdd487df44d3d2
Melilotus indica (L.) ALL.,FABACEAE,Ayurveda,Melilotus parviflora BENTH.,,https://www.medicinalplants.in/searchpage/showdetails/xplant_id/6a5b2cb08bba465bda3575cea801ee97/xclkon/ba5f1baa83853ae173323fccd920551c
Solena amplexicaulis (LAM.) GANDHI,CUCURBITACEAE,"Ayurveda, Siddha, Folk",Bryonia umbellata KLEIN EX WILLD. Melothria heterophylla COGN.,,https://www.medicinalplants.in/searchpage/showdetails/xplant_id/a305f7a3643b184951c143e66f95bc3d/xclkon/0437bcbda70a4a762ed0d1a20d9c6e4d
Mukia maderaspatana (L.) M.ROEMER,CUCURBITACEAE,"Ayurveda, Siddha, Folk",Cucumis madraspatanus L.,,https://www.medicinalplants.in/searchpage/showdetails/xplant_id/7b164f9386d6b8aa15acfa6926c57a64/xclkon/6f06ecf95ab32edaf419e62154749d93
Zehneria scabra (L.F.) SOND.,CUCURBITACEAE,"Ayurveda, Siddha, Folk",Bryonia scaber L.,,https://www.medicinalplants.in/searchpage/showdetails/xplant_id/07a86c171bbe7f7dbb67957d94f55cf1/xclkon/ea94167577c8aa9d216132d679b9cf56
,MELASTOMATACEAE,,,,https://www.medicinalplants.in/searchpage/showdetails/xplant_id/6ed61af70b746598b3530fc7b748e842
Memecylon umbellatum BURM. F.,MELASTOMATACEAE,,,,https://www.medicinalplants.in/searchpage/showdetails/xplant_id/030d1cf3714610a5dc8d0f85d823fa04
,MENISPERMACEAE,"Ayurveda, Siddha, Folk",,,https://www.medicinalplants.in/searchpage/showdetails/xplant_id/c5c7fcd1c728c05e501410bfc1b22f73/xclkon/52392d4a61f636266105b49209c7a3b7
Mentha arvensis L.,LAMIACEAE,"Ayurveda, Siddha, Unani, Folk",,,https://www.medicinalplants.in/searchpage/showdetails/xplant_id/56be43c50319a8a710457bf85835d944
,LAMIACEAE,"Ayurveda, Homeopathy, Folk",,,https://www.medicinalplants.in/searchpage/showdetails/xplant_id/8562d20fe43df853f2084537e894be46/xclkon/afae11da6bd25cf63abb812f7ca10bbf
Mentha arvensis L.,LAMIACEAE,"Ayurveda, Siddha, Unani, Folk",,,https://www.medicinalplants.in/searchpage/showdetails/xplant_id/56be43c50319a8a710457bf85835d944/xclkon/024346dd9df50a6fd92433b0d37317c3
Mentha longifolia (L.) HUDS.,LAMIACEAE,,,,https://www.medicinalplants.in/searchpage/showdetails/xplant_id/bdcf3a36a2c95f35bdd48d4f80ff222f
,LAMIACEAE,"Ayurveda, Homeopathy, Folk",,,https://www.medicinalplants.in/searchpage/showdetails/xplant_id/8562d20fe43df853f2084537e894be46
,LAMIACEAE,,,,https://www.medicinalplants.in/searchpage/showdetails/xplant_id/1d4e7c332ddca0bcb81a2e8defa10671
,LAMIACEAE,"Ayurveda, Homeopathy, Folk",,,https://www.medicinalplants.in/searchpage/showdetails/xplant_id/8562d20fe43df853f2084537e894be46/xclkon/b546e19e471fddc2626aaa51619b0c4e
,CONVOLVULACEAE,"Ayurveda, Siddha, Unani, Sowa-Rigpa",,,https://www.medicinalplants.in/searchpage/showdetails/xplant_id/f914465bab5b5ed0307908b9d8856abd
,CONVOLVULACEAE,"Ayurveda, Siddha, Unani, Sowa-Rigpa",,,https://www.medicinalplants.in/searchpage/showdetails/xplant_id/f914465bab5b5ed0307908b9d8856abd/xclkon/1ba3dd13a446173a5d880520acedb420
,CONVOLVULACEAE,"Ayurveda, Siddha, Folk",,,https://www.medicinalplants.in/searchpage/showdetails/xplant_id/6f24338806010a2b77bde76427c5eaf9/xclkon/d6f6470b419eba2a40a7da4f92388131
,CONVOLVULACEAE,"Ayurveda, Siddha, Folk",,,https://www.medicinalplants.in/searchpage/showdetails/xplant_id/6f24338806010a2b77bde76427c5eaf9/xclkon/178f5b4975f17697bc1f058da7e91839
,CONVOLVULACEAE,"Ayurveda, Siddha, Folk",,,https://www.medicinalplants.in/searchpage/showdetails/xplant_id/6f24338806010a2b77bde76427c5eaf9/xclkon/97fe06621ade71efb8edce8935d267f0
,CONVOLVULACEAE,"Ayurveda, Siddha, Folk",,,https://www.medicinalplants.in/searchpage/showdetails/xplant_id/6f24338806010a2b77bde76427c5eaf9
,CONVOLVULACEAE,"Ayurveda, Siddha, Unani, Homeopathy, Folk, Sowa-Rigpa",,,https://www.medicinalplants.in/searchpage/showdetails/xplant_id/9890fa63f0b4bfe4a0edb46f014acca3/xclkon/a20af9e33e3c50b75771165f1f5e16a2
Mesua nagassarium (BURM.F.) KOSTERM.,CLUSIACEAE,"Ayurveda, Siddha, Unani, Homeopathy, Folk, Sowa-Rigpa",Mesua ferrea L.,,https://www.medicinalplants.in/searchpage/showdetails/xplant_id/b6d6c1d42d9f0e734974f13a160553b0/xclkon/186a824bd1fbae66409ba12aab6593be
Mesua nagassarium (BURM.F.) KOSTERM.,CLUSIACEAE,"Ayurveda, Siddha, Unani, Homeopathy, Folk, Sowa-Rigpa",Mesua ferrea L.,,https://www.medicinalplants.in/searchpage/showdetails/xplant_id/b6d6c1d42d9f0e734974f13a160553b0
Meyna laxiflora ROBYNS,RUBIACEAE,Ayurveda,Vangueria spinosa SENSU HOOK.F.,,https://www.medicinalplants.in/searchpage/showdetails/xplant_id/98c810ae2787dceac870f83ad3b436de
Michelia champaca L.,MAGNOLIACEAE,,,,https://www.medicinalplants.in/searchpage/showdetails/xplant_id/8582ec2fd3dc3aefecd75589825be340
Malaxis muscifera (LINDLEY) KUNTZE,ORCHIDACEAE,"Ayurveda, Folk, Sowa-Rigpa",,,https://www.medicinalplants.in/searchpage/showdetails/xplant_id/381cef2ef3f0adfdd22eb31d60c0c0bf/xclkon/d20379e910c1971c50474e26b2b1b357
"Crepidium acuminatum (D.DON) SZLAC. X Family - ORCHIDACEAE System(s) of Indian Medicine - Ayurveda, Folk Botanical Synonyms (3) - Malaxis acuminata D.DON",ORCHIDACEAE,"Ayurveda, Folk",Malaxis acuminata D.DON,,https://www.medicinalplants.in/searchpage/showdetails/xplant_id/9cb904855a72c0103ad947cad38c467d/xclkon/56ab45dcc2515ed07be7b7a0485c23e5
Miliusa velutina HOOK. F. & TH.,ANNONACEAE,,,,https://www.medicinalplants.in/searchpage/showdetails/xplant_id/4f467d0f495fbae9d7d1cedec1cbb437
"Acacia sinuata (LOUR.) MERR. X Family - MIMOSACEAE System(s) of Indian Medicine - Ayurveda, Siddha, Unani, Folk, Sowa-Rigpa Botanical Synonyms (3) - Acacia concinna (WILLD.) DC.",MIMOSACEAE,"Ayurveda, Siddha, Unani, Folk, Sowa-Rigpa",Acacia concinna (WILLD.) DC.,,https://www.medicinalplants.in/searchpage/showdetails/xplant_id/f07e3b8351810aafdef5ffd5c917230f/xclkon/e2a9059b63c34c990b7bb8cb2b7dcfad
Albizia amara (ROXB.) BOIVIN,MIMOSACEAE,"Ayurveda, Siddha, Folk",Mimosa amara ROXB.,,https://www.medicinalplants.in/searchpage/showdetails/xplant_id/083045b34fb297d9f9c7ec281604a98f/xclkon/927eb7520ebce80ecbf0d4e7190dad58
,MIMOSACEAE,"Ayurveda, Siddha, Folk, Sowa-Rigpa",,,https://www.medicinalplants.in/searchpage/showdetails/xplant_id/4aeec20f8a1c00709f2199482bfd71b2/xclkon/45b02bbd2d221c6959db63d4fc4a890e
,MIMOSACEAE,,,,https://www.medicinalplants.in/searchpage/showdetails/xplant_id/72f782f5e600ec5fa00849205592bf84
Acacia pennata (L.) WILLD.,MIMOSACEAE,"Ayurveda, Siddha, Folk",,,https://www.medicinalplants.in/searchpage/showdetails/xplant_id/0bb1c32b6a6a2631466a0bdf9fb07fb7/xclkon/49d7fe57f41f23e225b6c9fe084a8461
Mimosa hamata WILLD.,MIMOSACEAE,,,,https://www.medicinalplants.in/searchpage/showdetails/xplant_id/a0df4859e2caa5a319840242f9c04a85
Mimosa pudica L.,MIMOSACEAE,,,,https://www.medicinalplants.in/searchpage/showdetails/xplant_id/3127a1ac87d4540d9e298e05642e0c0b
,MIMOSACEAE,,,,https://www.medicinalplants.in/searchpage/showdetails/xplant_id/0e1f0f42a242b26abf07cab74b36a6cf
,MIMOSACEAE,,,,https://www.medicinalplants.in/searchpage/showdetails/xplant_id/8dadbe82a29faeda96f335b6b7b0c7f3
,MIMOSACEAE,,,,https://www.medicinalplants.in/searchpage/showdetails/xplant_id/45e76d98319f7bfca5ffb3af1bc5cc10
,MIMOSACEAE,"Ayurveda, Siddha",,,https://www.medicinalplants.in/searchpage/showdetails/xplant_id/7b1e3b5b115df495e95202fa51b07200
,MIMOSACEAE,"Ayurveda, Siddha",,,https://www.medicinalplants.in/searchpage/showdetails/xplant_id/7b1e3b5b115df495e95202fa51b07200/xclkon/f756a87f9aa026bb6d3ff2f9d16b1e39
,MIMOSACEAE,"Ayurveda, Siddha",,,https://www.medicinalplants.in/searchpage/showdetails/xplant_id/7b1e3b5b115df495e95202fa51b07200/xclkon/a43b5b21d7f9b28e92710f92afc93d23
,MIMOSACEAE,"Ayurveda, Siddha, Folk, Sowa-Rigpa",,,https://www.medicinalplants.in/searchpage/showdetails/xplant_id/83056fd67495bdba1f0a16b9b55de29f/xclkon/f5107e309271e1967a8441373bfabc30
Manilkara hexandra (ROXB.) DUBARD,SAPOTACEAE,"Ayurveda, Siddha, Unani, Folk, Sowa-Rigpa",Mimusops hexandra ROXB.,,https://www.medicinalplants.in/searchpage/showdetails/xplant_id/17104b3b47f47163e185684f28288000/xclkon/fb8928ef52b7a0915e63a1250033eb66
Manilkara hexandra (ROXB.) DUBARD,SAPOTACEAE,"Ayurveda, Siddha, Unani, Folk, Sowa-Rigpa",Mimusops hexandra ROXB.,,https://www.medicinalplants.in/searchpage/showdetails/xplant_id/17104b3b47f47163e185684f28288000/xclkon/24f1cc80157bc5997e611cd6ecf32fda
"Manilkara kauki (L.) DUBJ. X Family - SAPOTACEAE System(s) of Indian Medicine - Ayurveda, Siddha, Unani, Folk Botanical Synonyms (1) - Mimusops kauki L.",SAPOTACEAE,"Ayurveda, Siddha, Unani, Folk",Mimusops kauki L.,,https://www.medicinalplants.in/searchpage/showdetails/xplant_id/49d8109eef180fea9951f7daf4312d5d/xclkon/541b80d1fd48473a7748d6f2a959e215
Mirabilis jalapa L.,NYCTAGINACEAE,,,,https://www.medicinalplants.in/searchpage/showdetails/xplant_id/813edc3a7c3b227c3fb29dfc7f2f1daa
Mitragyna parvifolia KORTH.,RUBIACEAE,"Ayurveda, Siddha, Folk",,,https://www.medicinalplants.in/searchpage/showdetails/xplant_id/c63b9d4de6eebc46bbc1d65059f2ac0a
Mitragyna parvifolia KORTH.,RUBIACEAE,"Ayurveda, Siddha, Folk",,,https://www.medicinalplants.in/searchpage/showdetails/xplant_id/c63b9d4de6eebc46bbc1d65059f2ac0a/xclkon/019e62a1ce757b8550700e2215b1a51c
,RUBIACEAE,,,,https://www.medicinalplants.in/searchpage/showdetails/xplant_id/d400836b80fe3d7136251c0c365716e6
Adenia hondala (GAERTN.) W.J.DE WILDE,PASSIFLORACEAE,"Ayurveda, Folk",Adenia palmata ENGL. Modecca palmata LAM.,,https://www.medicinalplants.in/searchpage/showdetails/xplant_id/04200a938c5e6bb2df9798dc3f74dc76/xclkon/e36fa2d7196c57dca907fc47ab36dd83
Flemingia macrophylla (WILLD.) O.KTZE. EX MERR.,FABACEAE,"Ayurveda, Folk",Flemingia congesta ROXB.,,https://www.medicinalplants.in/searchpage/showdetails/xplant_id/c4fd710deae0988e5328cd75b89cbf1c/xclkon/ce5d8f2a87155922f06d8f26ad7e342e
Mollugo cerviana SER.,MOLLUGINACEAE,"Ayurveda, Siddha, Folk",Pharnaceum cerviana L.,,https://www.medicinalplants.in/searchpage/showdetails/xplant_id/9f4e367511a4b37c7dbb1734f71bb44a
Glinus lotoides L.,AIZOACEAE,"Ayurveda, Siddha, Folk",Glinus dictamnoides BURM.F. Mollugo hirta THUNB.,,https://www.medicinalplants.in/searchpage/showdetails/xplant_id/67349d031267ee6d717be88c91b873eb/xclkon/cec6d03d0e1bbe969c56f2e457d35f35
Glinus oppositifolius (L.) A.DC.,AIZOACEAE,"Ayurveda, Siddha, Folk",Mollugo oppositifolia L.,,https://www.medicinalplants.in/searchpage/showdetails/xplant_id/28c3dc1e341a3546b10d37e26e480b04/xclkon/226377e8bb692c19da6a1d1e506ebb36
Glinus oppositifolius (L.) A.DC.,AIZOACEAE,"Ayurveda, Siddha, Folk",Mollugo oppositifolia L.,,https://www.medicinalplants.in/searchpage/showdetails/xplant_id/28c3dc1e341a3546b10d37e26e480b04/xclkon/a79c1c9a01b999f12ef145bd15908fb4
Momordica charantia L.,CUCURBITACEAE,,,,https://www.medicinalplants.in/searchpage/showdetails/xplant_id/bdcb3ce6b2cde8dee6f0b137f8ce0c83
Momordica charantia L. var. charantia,CUCURBITACEAE,,,,https://www.medicinalplants.in/searchpage/showdetails/xplant_id/f5a62fb5cbd3f63f75c86ffbaf6663fe
Momordica charantia L. var. muricata (WILLD.) CHAKR.,CUCURBITACEAE,,,,https://www.medicinalplants.in/searchpage/showdetails/xplant_id/235b8810d6592e98396d3a6d70339a18
Momordica cochinchinensis SPR.,CUCURBITACEAE,"Ayurveda, Folk",Muricia cochinchinensis LOUR.,,https://www.medicinalplants.in/searchpage/showdetails/xplant_id/c93babdb741aa570c2222c11589827a2
"Momordica tuberosa COGN. X Family - CUCURBITACEAE System(s) of Indian Medicine - Ayurveda, Folk Botanical Synonyms (1) - Momordica cymbalaria HK.F.",CUCURBITACEAE,"Ayurveda, Folk",Momordica cymbalaria HK.F.,,https://www.medicinalplants.in/searchpage/showdetails/xplant_id/783ee2892dc89d642a91097466acbac6/xclkon/7e2fbabde0b5a33b86153e08001cd208
Momordica dioica ROXB. EX WILLD.,CUCURBITACEAE,"Ayurveda, Siddha, Folk",,,https://www.medicinalplants.in/searchpage/showdetails/xplant_id/d7e1fad86b641084f389683f5160e659
,CUCURBITACEAE,,,,https://www.medicinalplants.in/searchpage/showdetails/xplant_id/a9ebce011e88200b7d3bc4ed1c6533f5
"Momordica tuberosa COGN. X Family - CUCURBITACEAE System(s) of Indian Medicine - Ayurveda, Folk Botanical Synonyms (1) - Momordica cymbalaria HK.F.",CUCURBITACEAE,"Ayurveda, Folk",Momordica cymbalaria HK.F.,,https://www.medicinalplants.in/searchpage/showdetails/xplant_id/783ee2892dc89d642a91097466acbac6
Azima tetracantha LAM.,SALVADORACEAE,"Ayurveda, Siddha, Folk",,,https://www.medicinalplants.in/searchpage/showdetails/xplant_id/94e90e4e6e353db4638d4f9f52816cc9/xclkon/048ffcb151b72354bd975c621eb0bde2
Bacopa monnieri (L.) PENNELL,SCROPHULARIACEAE,"Ayurveda, Siddha, Unani, Homeopathy, Folk",Gratiola monnieria L.,,https://www.medicinalplants.in/searchpage/showdetails/xplant_id/297fcf5c215cc8b1a93d83ac1763b38b/xclkon/6bca410369ae5c403dd56622720395df
Bacopa monnieri (L.) PENNELL,SCROPHULARIACEAE,"Ayurveda, Siddha, Unani, Homeopathy, Folk",Gratiola monnieria L.,,https://www.medicinalplants.in/searchpage/showdetails/xplant_id/297fcf5c215cc8b1a93d83ac1763b38b/xclkon/fda561bf16dbac60d7c27b25111e619d
Monochoria hastata SOLMS,PONTEDERIACEAE,"Ayurveda, Siddha, Folk",,,https://www.medicinalplants.in/searchpage/showdetails/xplant_id/ff3292f97744ba5a278bde7e9865b57a/xclkon/d9341d485d4e83006baf68b96b596dee
Monochoria hastata SOLMS,PONTEDERIACEAE,"Ayurveda, Siddha, Folk",,,https://www.medicinalplants.in/searchpage/showdetails/xplant_id/ff3292f97744ba5a278bde7e9865b57a
Monochoria vaginalis PRESL.,PONTEDERIACEAE,,,,https://www.medicinalplants.in/searchpage/showdetails/xplant_id/c0c02d565b62310311682f02ee8900dc
Morinda citrifolia L.,RUBIACEAE,,,,https://www.medicinalplants.in/searchpage/showdetails/xplant_id/eb46359f40f1f340ce03ae8c626ccf51
Morinda pubescens SM.,RUBIACEAE,"Ayurveda, Siddha, Folk",Morinda coreia BUCH.-HAM. Morinda pubescens J.E.SMITH IN REES var. pubescens VERDC. Morinda tinctoria ROXB. var. tomentosa (ROTH) HK.F.,,https://www.medicinalplants.in/searchpage/showdetails/xplant_id/d880bd02d3f20d29c4b2349028ac9771/xclkon/8000d14555500e2a572e668f497cc32a
Morinda pubescens SM.,RUBIACEAE,"Ayurveda, Siddha, Folk",Morinda coreia BUCH.-HAM. Morinda pubescens J.E.SMITH IN REES var. pubescens VERDC. Morinda tinctoria ROXB. var. tomentosa (ROTH) HK.F.,,https://www.medicinalplants.in/searchpage/showdetails/xplant_id/d880bd02d3f20d29c4b2349028ac9771
Morinda pubescens SM.,RUBIACEAE,"Ayurveda, Siddha, Folk",Morinda coreia BUCH.-HAM. Morinda pubescens J.E.SMITH IN REES var. pubescens VERDC. Morinda tinctoria ROXB. var. tomentosa (ROTH) HK.F.,,https://www.medicinalplants.in/searchpage/showdetails/xplant_id/d880bd02d3f20d29c4b2349028ac9771/xclkon/3e306069ca527c9964c81ea5e12d82a9
Morinda pubescens SM.,RUBIACEAE,"Ayurveda, Siddha, Folk",Morinda coreia BUCH.-HAM. Morinda pubescens J.E.SMITH IN REES var. pubescens VERDC. Morinda tinctoria ROXB. var. tomentosa (ROTH) HK.F.,,https://www.medicinalplants.in/searchpage/showdetails/xplant_id/d880bd02d3f20d29c4b2349028ac9771/xclkon/70d372d3a394a201f3c13b154c20d3ef
Morinda pubescens SM.,RUBIACEAE,"Ayurveda, Siddha, Folk",Morinda coreia BUCH.-HAM. Morinda pubescens J.E.SMITH IN REES var. pubescens VERDC. Morinda tinctoria ROXB. var. tomentosa (ROTH) HK.F.,,https://www.medicinalplants.in/searchpage/showdetails/xplant_id/d880bd02d3f20d29c4b2349028ac9771/xclkon/87a235c658914a787d121232232c198d
,RUBIACEAE,,,,https://www.medicinalplants.in/searchpage/showdetails/xplant_id/e575dbf25c601ebf2630a3788643f556
Moringa concanensis NIMMO EX DALZ. & GIBSON,MORINGACEAE,"Ayurveda, Siddha, Folk, Sowa-Rigpa",,,https://www.medicinalplants.in/searchpage/showdetails/xplant_id/786351fdbb2de896617a4b2c7624b1ad
Moringa concanensis NIMMO EX DALZ. & GIBSON,MORINGACEAE,"Ayurveda, Siddha, Folk, Sowa-Rigpa",,,https://www.medicinalplants.in/searchpage/showdetails/xplant_id/786351fdbb2de896617a4b2c7624b1ad/xclkon/9df6f3dc601b85407c3ca61f04426de3
Moringa oleifera LAM.,MORINGACEAE,"Ayurveda, Siddha, Unani, Folk, Sowa-Rigpa",Hyperanthera moringa VAHL Moringa pterygosperma GAERTN,,https://www.medicinalplants.in/searchpage/showdetails/xplant_id/4c45dd2346e183a1b3eb331f170875e4
Moringa oleifera LAM.,MORINGACEAE,"Ayurveda, Siddha, Unani, Folk, Sowa-Rigpa",Hyperanthera moringa VAHL Moringa pterygosperma GAERTN,,https://www.medicinalplants.in/searchpage/showdetails/xplant_id/4c45dd2346e183a1b3eb331f170875e4/xclkon/133bff390fc0bdf0183cb65fb14062f4
Morus alba L.,MORACEAE,,,,https://www.medicinalplants.in/searchpage/showdetails/xplant_id/9ad2a56a28b798991edd21321202356a
Morus australis POIRET,MORACEAE,"Ayurveda, Siddha, Unani, Sowa-Rigpa",Morus indica L.,,https://www.medicinalplants.in/searchpage/showdetails/xplant_id/42706b8c53e9046dc41149cd7267bb68
Morus australis POIRET,MORACEAE,"Ayurveda, Siddha, Unani, Sowa-Rigpa",Morus indica L.,,https://www.medicinalplants.in/searchpage/showdetails/xplant_id/42706b8c53e9046dc41149cd7267bb68/xclkon/905561313057d630b76bea3a474f74dd
Mucuna monosperma DC.,FABACEAE,,,,https://www.medicinalplants.in/searchpage/showdetails/xplant_id/286ecb716d01ab4dc3ac6abb8f116ed6
Mucuna pruriens (L.) DC.,FABACEAE,"Ayurveda, Siddha, Unani, Homeopathy, Folk, Sowa-Rigpa","Carpopogon pruriens ROXB. Dolichos pruriens (L,)",,https://www.medicinalplants.in/searchpage/showdetails/xplant_id/8b22b64302e1857bf8ef9d889912e544
Mucuna pruriens (L.) DC.,FABACEAE,"Ayurveda, Siddha, Unani, Homeopathy, Folk, Sowa-Rigpa","Carpopogon pruriens ROXB. Dolichos pruriens (L,)",,https://www.medicinalplants.in/searchpage/showdetails/xplant_id/8b22b64302e1857bf8ef9d889912e544/xclkon/571cbf77cc7d7792510bafead68d18c4
Mukia maderaspatana (L.) M.ROEMER,CUCURBITACEAE,"Ayurveda, Siddha, Folk",Cucumis madraspatanus L.,,https://www.medicinalplants.in/searchpage/showdetails/xplant_id/7b164f9386d6b8aa15acfa6926c57a64
Mukia maderaspatana (L.) M.ROEMER,CUCURBITACEAE,"Ayurveda, Siddha, Folk",Cucumis madraspatanus L.,,https://www.medicinalplants.in/searchpage/showdetails/xplant_id/7b164f9386d6b8aa15acfa6926c57a64/xclkon/28569c851f29543eb5943f8b24aeaeae
Murdannia nudiflora (L.) BRENAN,COMMELINACEAE,"Ayurveda, Folk",Aneilema nudiflorum BR. Commelina nudiflora (L.) BRENAN,,https://www.medicinalplants.in/searchpage/showdetails/xplant_id/90fba550a9d5aba7b94ca61aac5606cc
Momordica cochinchinensis SPR.,CUCURBITACEAE,"Ayurveda, Folk",Muricia cochinchinensis LOUR.,,https://www.medicinalplants.in/searchpage/showdetails/xplant_id/c93babdb741aa570c2222c11589827a2/xclkon/b6f92b46a8b40003b1910cb85224d613
Murraya paniculata (L.) JACK.,RUTACEAE,"Ayurveda, Siddha",Murraya exotica L.,,https://www.medicinalplants.in/searchpage/showdetails/xplant_id/1fd75fe739a49c6dc17426edc2bf33db/xclkon/42fa738381eaa603f22b12fcc767f8a9
Murraya koenigii (L.) SPR.,RUTACEAE,"Ayurveda, Siddha, Folk",Bergera koenigii L.,,https://www.medicinalplants.in/searchpage/showdetails/xplant_id/af44637aa5f0732b104e377cf264567e
Murraya paniculata (L.) JACK.,RUTACEAE,"Ayurveda, Siddha",Murraya exotica L.,,https://www.medicinalplants.in/searchpage/showdetails/xplant_id/1fd75fe739a49c6dc17426edc2bf33db
Musa balbisiana COLLA,MUSACEAE,,,,https://www.medicinalplants.in/searchpage/showdetails/xplant_id/f4f8046d55a09b6ba5cd7ceba38ab1eb
,MUSACEAE,,,,https://www.medicinalplants.in/searchpage/showdetails/xplant_id/36fd1eaaa9cc232c37fc32f777ae27e9
,MUSACEAE,"Ayurveda, Siddha, Unani, Folk",,,https://www.medicinalplants.in/searchpage/showdetails/xplant_id/d3ec47e42e41664a74034fbe598163f0
,MUSACEAE,"Ayurveda, Siddha, Unani, Folk",,,https://www.medicinalplants.in/searchpage/showdetails/xplant_id/d3ec47e42e41664a74034fbe598163f0/xclkon/44e39bf6477535cde9d50bebaa16b448
Mussaenda frondosa L.,RUBIACEAE,,,,https://www.medicinalplants.in/searchpage/showdetails/xplant_id/7a7ef09aea2a5f7610a8085a51b82082
"Mussaenda glabra VAHL. X Family - RUBIACEAE System(s) of Indian Medicine - Ayurveda, Folk Botanical Synonyms (1) - Mussaenda glabrata VAHL",RUBIACEAE,"Ayurveda, Folk",Mussaenda glabrata VAHL,,https://www.medicinalplants.in/searchpage/showdetails/xplant_id/2602af81de50a2fdc4ab2e2cb15bd81b
"Mussaenda glabra VAHL. X Family - RUBIACEAE System(s) of Indian Medicine - Ayurveda, Folk Botanical Synonyms (1) - Mussaenda glabrata VAHL",RUBIACEAE,"Ayurveda, Folk",Mussaenda glabrata VAHL,,https://www.medicinalplants.in/searchpage/showdetails/xplant_id/2602af81de50a2fdc4ab2e2cb15bd81b/xclkon/4c904ed6d782e11b31e5920279f3ece3
,HYMENOPTERA(FAUNA),,,,https://www.medicinalplants.in/searchpage/showdetails/xplant_id/afb7e35a0a13dc930f45a85b1a697ca2
Myrica esculenta BUCH.-HAM.,MYRICACEAE,"Ayurveda, Siddha, Unani, Folk",,,https://www.medicinalplants.in/searchpage/showdetails/xplant_id/e91f8bc5c0c19bd158ce4d2f69c5daf8
,MYRICACEAE,,,,https://www.medicinalplants.in/searchpage/showdetails/xplant_id/8d3491a161f15fefb4ea92a4c82c5381
Myrica esculenta BUCH.-HAM.,MYRICACEAE,"Ayurveda, Siddha, Unani, Folk",,,https://www.medicinalplants.in/searchpage/showdetails/xplant_id/e91f8bc5c0c19bd158ce4d2f69c5daf8/xclkon/b2a25666de2d3e6df82589803091e0fc
,MYRISTICACEAE,,,,https://www.medicinalplants.in/searchpage/showdetails/xplant_id/ad65d99cb4a788c5e5bc0be077e0a424
,MYRISTICACEAE,,,,https://www.medicinalplants.in/searchpage/showdetails/xplant_id/0e770ac99600e5d747025f22c8ed49e9
,MYRISTICACEAE,"Ayurveda, Siddha, Unani, Homeopathy, Folk, Sowa-Rigpa",,,https://www.medicinalplants.in/searchpage/showdetails/xplant_id/6123efdc0a6955373bfc88ea0729d1e3
,MYRISTICACEAE,,,,https://www.medicinalplants.in/searchpage/showdetails/xplant_id/c1c0c1b959d80e02c5f4d9b527bedc6e
,MYRISTICACEAE,"Ayurveda, Siddha, Unani, Homeopathy, Folk, Sowa-Rigpa",,,https://www.medicinalplants.in/searchpage/showdetails/xplant_id/6123efdc0a6955373bfc88ea0729d1e3/xclkon/75d89f24b77597216325035df88e3b39
,MYRISTICACEAE,"Ayurveda, Siddha, Unani, Homeopathy, Folk, Sowa-Rigpa",,,https://www.medicinalplants.in/searchpage/showdetails/xplant_id/6123efdc0a6955373bfc88ea0729d1e3/xclkon/69d6bdd7d736ebd65a6c181003e4d393
Myrsine africana L.,MYRSINACEAE,,,,https://www.medicinalplants.in/searchpage/showdetails/xplant_id/7734aa94d23846889ada1e8d43673a50
Syzygium caryophyllatum (L.) ALSTON,MYRTACEAE,"Ayurveda, Siddha, Unani",Eugenia caryophyllaea WIGHT,,https://www.medicinalplants.in/searchpage/showdetails/xplant_id/093b03a0efaab52e275a0c9758b65611/xclkon/8845638f17c20b929ebf86e3e4a5201a
,OLEACEAE,,,,https://www.medicinalplants.in/searchpage/showdetails/xplant_id/3f8992e1481266f62812cf96504b3283
Naravelia zeylanica DC.,RANUNCULACEAE,,,,https://www.medicinalplants.in/searchpage/showdetails/xplant_id/f095bd32759215e338618dcfc7948449
,VALERIANACEAE,"Ayurveda, Siddha, Unani, Sowa-Rigpa",,,https://www.medicinalplants.in/searchpage/showdetails/xplant_id/a61ff660a6025d0e7740a7b7553fc537
,VALERIANACEAE,"Ayurveda, Siddha, Unani, Sowa-Rigpa",,,https://www.medicinalplants.in/searchpage/showdetails/xplant_id/a61ff660a6025d0e7740a7b7553fc537/xclkon/8e51c170f7947f9e380b1062cc0d0a9f
Naregamia alata WIGHT & ARN.,MELIACEAE,,,,https://www.medicinalplants.in/searchpage/showdetails/xplant_id/5bf7679ac3d6d79e5b8c28bb0c860d5d
Naringi crenulata (ROXB.) NICOLSON,RUTACEAE,"Ayurveda, Siddha, Folk",Hesperethusa crenulata (ROXB.) M. ROEM.,,https://www.medicinalplants.in/searchpage/showdetails/xplant_id/88b6416bfbb3910dc4dbcde8c2703e96
Neolamarckia cadamba (ROXB.) BOSSER,RUBIACEAE,"Ayurveda, Siddha, Folk, Sowa-Rigpa",Anthocephalus cadamba MIQ..,,https://www.medicinalplants.in/searchpage/showdetails/xplant_id/84b3ccebf56292e28d68c311540dc57b/xclkon/ecf2ed1bbb7c1e082fc448ce7800308e
Nelumbo nucifera GAERTN.,NELUMBONACEAE,"Ayurveda, Siddha, Unani, Folk, Sowa-Rigpa",Nelumbium speciosum WILLD.,,https://www.medicinalplants.in/searchpage/showdetails/xplant_id/d2caa8f1b1c034456016bafd49cc97ae
Neolamarckia cadamba (ROXB.) BOSSER,RUBIACEAE,"Ayurveda, Siddha, Folk, Sowa-Rigpa",Anthocephalus cadamba MIQ..,,https://www.medicinalplants.in/searchpage/showdetails/xplant_id/84b3ccebf56292e28d68c311540dc57b
,LAMIACEAE,"Ayurveda, Siddha, Folk",,,https://www.medicinalplants.in/searchpage/showdetails/xplant_id/2d83861693b8e3998a96fa747adc1a31/xclkon/886d3d84ce7c7f51a4683a83a15ed63f
,MIMOSACEAE,"Ayurveda, Siddha, Folk",,,https://www.medicinalplants.in/searchpage/showdetails/xplant_id/660961673f8c6ebaad7e9fa0e1674c42
,MIMOSACEAE,"Ayurveda, Siddha, Folk",,,https://www.medicinalplants.in/searchpage/showdetails/xplant_id/660961673f8c6ebaad7e9fa0e1674c42/xclkon/cfb181cf651ab08f3c37584fde289fa9
Holarrhena pubescens (BUCH.-HAM.) WALLICH EX DO,APOCYNACEAE,"Ayurveda, Siddha, Unani, Homeopathy, Folk, Sowa-Rigpa",Holarrhena antidysenterica (ROTH.) A.DC.,,https://www.medicinalplants.in/searchpage/showdetails/xplant_id/d82e0c372c58e441f83c65a700ed4d85/xclkon/4de4246194156b57c9e9fb5c9ac9275d
Tabernaemontana divaricata (L.) ROEM. & SCHULT.,APOCYNACEAE,"Ayurveda, Siddha, Folk",Ervatamia coronaria (JACQ.) STAPF.,,https://www.medicinalplants.in/searchpage/showdetails/xplant_id/5f8bfd4196998db48c75cf43cc008be3/xclkon/e09009867045bb1ec687822f24b8c89d
Nerium oleander L.,APOCYNACEAE,"Ayurveda, Siddha, Unani, Homeopathy, Folk, Sowa-Rigpa",Nerium indicum MILLER,,https://www.medicinalplants.in/searchpage/showdetails/xplant_id/c18a72505452a7ec576c3d5ea3e43ba6
,ORCHIDACEAE,,,,https://www.medicinalplants.in/searchpage/showdetails/xplant_id/36a6b92cd594b4e2065c588c09314ac0
,ORCHIDACEAE,,,,https://www.medicinalplants.in/searchpage/showdetails/xplant_id/7b38976f80593f571c62347c11aa30cb
Nervilia prainiana (KING & PANTL) SCIDEN.F,ORCHIDACEAE,,,,https://www.medicinalplants.in/searchpage/showdetails/xplant_id/f26c0cdd0ce1d90238bc6a3ee107bef9
Nicotiana tabacum L.,SOLANACEAE,"Ayurveda, Siddha, Unani, Homeopathy, Folk",,,https://www.medicinalplants.in/searchpage/showdetails/xplant_id/804efeea6d3ce587dd4d1428888dcca0/xclkon/cce6a66ccdd41d3dc801626382ee2a92
Nicotiana tabacum L.,SOLANACEAE,"Ayurveda, Siddha, Unani, Homeopathy, Folk",,,https://www.medicinalplants.in/searchpage/showdetails/xplant_id/804efeea6d3ce587dd4d1428888dcca0
Nigella sativa L.,RANUNCULACEAE,,,,https://www.medicinalplants.in/searchpage/showdetails/xplant_id/ed0b15f829b92995cea577af6486bd1f
Nilgirianthus ciliatus (NEES) BREMEK.,ACANTHACEAE,"Ayurveda, Folk",Strobilanthes ciliatus NEES,,https://www.medicinalplants.in/searchpage/showdetails/xplant_id/dd1b1600cfdfa3e3949a254c79db28a8
Nothosaerva brachiata WIGHT.,AMARANTHACEAE,,,,https://www.medicinalplants.in/searchpage/showdetails/xplant_id/fa8876a9467d37261b1201514a233dad
Nyctanthes arbor-tristis L.,OLEACEAE,,,,https://www.medicinalplants.in/searchpage/showdetails/xplant_id/1fbf96782c22d2fe4a001d4ed9be0c9b
Nymphaea alba L.,NYMPHAEACEAE,,,,https://www.medicinalplants.in/searchpage/showdetails/xplant_id/df390e69fd59e26c8d68780d1bf5dc19
,NYMPHAEACEAE,,,,https://www.medicinalplants.in/searchpage/showdetails/xplant_id/49e67c4e3c11a29f25a21be8b067707e
,NYMPHAEACEAE,"Ayurveda, Siddha",,,https://www.medicinalplants.in/searchpage/showdetails/xplant_id/fb4c8aec945aa09dd1153b117b026d85
Nymphaea nouchali BURM. F.,NYMPHAEACEAE,"Ayurveda, Siddha, Unani, Folk, Sowa-Rigpa",Nymphaea lotus HOOK. F.( NON L).,,https://www.medicinalplants.in/searchpage/showdetails/xplant_id/0459d5bd9c193f238f01385c30b35165/xclkon/4b5ececd3567dde1408f954376c35a0b
Nymphaea nouchali BURM. F.,NYMPHAEACEAE,"Ayurveda, Siddha, Unani, Folk, Sowa-Rigpa",Nymphaea lotus HOOK. F.( NON L).,,https://www.medicinalplants.in/searchpage/showdetails/xplant_id/0459d5bd9c193f238f01385c30b35165
,NYMPHAEACEAE,,,,https://www.medicinalplants.in/searchpage/showdetails/xplant_id/e0d0012d1df27e5a5ba77278ed391f02
Nymphaea nouchali BURM. F.,NYMPHAEACEAE,"Ayurveda, Siddha, Unani, Folk, Sowa-Rigpa",Nymphaea lotus HOOK. F.( NON L).,,https://www.medicinalplants.in/searchpage/showdetails/xplant_id/0459d5bd9c193f238f01385c30b35165/xclkon/9ada1cbd246a45a2dcace2f525968a7f
Nymphaea nouchali BURM. F.,NYMPHAEACEAE,"Ayurveda, Siddha, Unani, Folk, Sowa-Rigpa",Nymphaea lotus HOOK. F.( NON L).,,https://www.medicinalplants.in/searchpage/showdetails/xplant_id/0459d5bd9c193f238f01385c30b35165/xclkon/8c61940c2b90c0f19ac81e88fad98490
,NYMPHAEACEAE,,,,https://www.medicinalplants.in/searchpage/showdetails/xplant_id/55669346cfc88ce051fbd6c2951c4147
,NYMPHAEACEAE,"Ayurveda, Siddha",,,https://www.medicinalplants.in/searchpage/showdetails/xplant_id/fb4c8aec945aa09dd1153b117b026d85/xclkon/05b5108976c5725ef32c84865fad755a
Nymphaea tetragona GEORGI,NYMPHAEACEAE,,,,https://www.medicinalplants.in/searchpage/showdetails/xplant_id/f3fbcea91abaeeacf01aab5859e5b3ac
Nymphoides hydrophylla (LOUR.) KUNTZE,MENYANTHACEAE,"Ayurveda, Siddha, Folk",Limnanthemum cristatum GRISEB.,,https://www.medicinalplants.in/searchpage/showdetails/xplant_id/6d297870cc3cc448dac4f1ba6bfd6b44/xclkon/f8a6e8ba9142f528d05f12227d09395d
Nymphoides hydrophylla (LOUR.) KUNTZE,MENYANTHACEAE,"Ayurveda, Siddha, Folk",Limnanthemum cristatum GRISEB.,,https://www.medicinalplants.in/searchpage/showdetails/xplant_id/6d297870cc3cc448dac4f1ba6bfd6b44
,MENYANTHACEAE,,,,https://www.medicinalplants.in/searchpage/showdetails/xplant_id/d6ef1c79ba1e25e0911d92e149b3057c
Ochna obtusata DC.,OCHNACEAE,"Ayurveda, Siddha, Folk",Ochna jabotapita L. Ochna squarrosa L.,,https://www.medicinalplants.in/searchpage/showdetails/xplant_id/597837c6befc5ae1f5705ce5b026227d/xclkon/51e379f28a34fda1e3d3b81d2d38b51a
Ochna obtusata DC.,OCHNACEAE,"Ayurveda, Siddha, Folk",Ochna jabotapita L. Ochna squarrosa L.,,https://www.medicinalplants.in/searchpage/showdetails/xplant_id/597837c6befc5ae1f5705ce5b026227d
Ochna obtusata DC.,OCHNACEAE,"Ayurveda, Siddha, Folk",Ochna jabotapita L. Ochna squarrosa L.,,https://www.medicinalplants.in/searchpage/showdetails/xplant_id/597837c6befc5ae1f5705ce5b026227d/xclkon/a5c5c698f8a5bacfb1283d81b7a66706
Mammea suriga (BUCH.-HAM. EX ROXB.),CLUSIACEAE,"Ayurveda, Siddha, Folk",Mammea longifolia PLANCH. & TRIANA.,,https://www.medicinalplants.in/searchpage/showdetails/xplant_id/20538932dc67840fe5313c4b4b3d8bb9/xclkon/a8275aef309c1fb7902d725be4896afb
Ocimum basilicum L.,LAMIACEAE,"Ayurveda, Siddha, Unani, Homeopathy, Folk, Sowa-Rigpa",,,https://www.medicinalplants.in/searchpage/showdetails/xplant_id/ac85a1dcb3ffc32786f88e3307605202/xclkon/97ce9fe7cc31f18af5e3b2d7dce2ca71
Ocimum americanum L.,LAMIACEAE,"Ayurveda, Siddha, Homeopathy, Folk",Ocimum canum SIMS.,,https://www.medicinalplants.in/searchpage/showdetails/xplant_id/16562534d77643625eaab1f108606b1e
Ocimum basilicum L.,LAMIACEAE,"Ayurveda, Siddha, Unani, Homeopathy, Folk, Sowa-Rigpa",,,https://www.medicinalplants.in/searchpage/showdetails/xplant_id/ac85a1dcb3ffc32786f88e3307605202
Ocimum basilicum L.,LAMIACEAE,"Ayurveda, Siddha, Unani, Homeopathy, Folk, Sowa-Rigpa",,,https://www.medicinalplants.in/searchpage/showdetails/xplant_id/ac85a1dcb3ffc32786f88e3307605202/xclkon/daae509f4ca3bec31936f989894fea63
,LAMIACEAE,,,,https://www.medicinalplants.in/searchpage/showdetails/xplant_id/62464a85aa0b8472b689bc3a34e0d9b5
,LAMIACEAE,,,,https://www.medicinalplants.in/searchpage/showdetails/xplant_id/c7487fe3f5ea2f53c9a25ee06a3024e3
,LAMIACEAE,,,,https://www.medicinalplants.in/searchpage/showdetails/xplant_id/4cc30ee3dcab7e307da03a9d7af24cef
Ocimum americanum L.,LAMIACEAE,"Ayurveda, Siddha, Homeopathy, Folk",Ocimum canum SIMS.,,https://www.medicinalplants.in/searchpage/showdetails/xplant_id/16562534d77643625eaab1f108606b1e/xclkon/1152f23669492f409b87465af0b2c877
Ocimum basilicum L.,LAMIACEAE,"Ayurveda, Siddha, Unani, Homeopathy, Folk, Sowa-Rigpa",,,https://www.medicinalplants.in/searchpage/showdetails/xplant_id/ac85a1dcb3ffc32786f88e3307605202/xclkon/fe612d2ecb6796577bcf0ba3b091691c
Ocimum gratissimum L.,LAMIACEAE,,,,https://www.medicinalplants.in/searchpage/showdetails/xplant_id/894fdf8bd1c5d0213b26d907179a3120
,LAMIACEAE,,,,https://www.medicinalplants.in/searchpage/showdetails/xplant_id/2674c17f481b2a9a1f9f1cf7ef66b8e7
Ocimum tenuiflorum L.,LAMIACEAE,"Ayurveda, Siddha, Unani, Homeopathy, Folk, Sowa-Rigpa",Geniosporum tenuiflorum (L.) MERRILL Ocimum sanctum L.,,https://www.medicinalplants.in/searchpage/showdetails/xplant_id/b3faedcb64cd0f9a51be4c9d54acaf69/xclkon/70fe8f0f9c2b14cf8f0862e6637ffe50
,ANACARDIACEAE,,,,https://www.medicinalplants.in/searchpage/showdetails/xplant_id/84d6e67e9fb41d756b745c9fad9eaff6
Lannea coromandelica (HOUTT.) MERRILL,ANACARDIACEAE,"Ayurveda, Siddha, Folk, Sowa-Rigpa",Lannea grandis (DENNST.) ENGL.,,https://www.medicinalplants.in/searchpage/showdetails/xplant_id/ce649c9b00910b5bc2e1f3e8b02ca0de/xclkon/cb2c4f65a95faedcf3085587cf30a73c
Hedyotis auricularia L.,RUBIACEAE,"Ayurveda, Folk",Oldenlandia auricularia K.SCHUM.,,https://www.medicinalplants.in/searchpage/showdetails/xplant_id/e5ad29811aa0c0ab4271578f6537206f/xclkon/d9fce4b837a7c7f6d6bf612064499c3c
Hedyotis corymbosa (L.) LAM.,RUBIACEAE,"Ayurveda, Siddha",Oldenlandia corymbosa L.,,https://www.medicinalplants.in/searchpage/showdetails/xplant_id/0f9d83e517e44168951d5f8cf8b92163/xclkon/a95d13d7b4812eea65dbfb6f0f93fb64
Hedyotis diffusa WILLD.,RUBIACEAE,"Ayurveda, Folk",Oldenlandia diffusa ROXB.,,https://www.medicinalplants.in/searchpage/showdetails/xplant_id/89fada738009fb9cd2499640cddf3772/xclkon/2bf9480d14046f07f377aad6550a41fc
Hedyotis herbacea L.,RUBIACEAE,"Ayurveda, Siddha, Homeopathy, Folk",Oldenlandia herbacea (L.) ROXB.,,https://www.medicinalplants.in/searchpage/showdetails/xplant_id/eaa77b9691b1c32f2a8fe0320dd05aae/xclkon/d6dd12c82f70d7e1b3b28b53da527a78
Hedyotis herbacea L.,RUBIACEAE,"Ayurveda, Siddha, Homeopathy, Folk",Oldenlandia herbacea (L.) ROXB.,,https://www.medicinalplants.in/searchpage/showdetails/xplant_id/eaa77b9691b1c32f2a8fe0320dd05aae/xclkon/8904bda72aea3a52ed8576395d3d6e56
Hedyotis puberula R.BR.,RUBIACEAE,"Ayurveda, Siddha, Folk",Hedyotis umbellata (L.) LAM.,,https://www.medicinalplants.in/searchpage/showdetails/xplant_id/fddb937a845387c0310fc8cca4407993/xclkon/10e6227fdafbcf3a196056e9294a58ff
,BORAGINACEAE,,,,https://www.medicinalplants.in/searchpage/showdetails/xplant_id/ae4f268a86839c883fea3508b4da1ad8
,BORAGINACEAE,,,,https://www.medicinalplants.in/searchpage/showdetails/xplant_id/46afe71d910c8cee56ed1f20fba96d82
,CONVOLVULACEAE,"Ayurveda, Folk",,,https://www.medicinalplants.in/searchpage/showdetails/xplant_id/b11d6d5a8db2c5a1497cafc0eccc1511
,CONVOLVULACEAE,"Ayurveda, Siddha, Unani, Homeopathy, Folk, Sowa-Rigpa",,,https://www.medicinalplants.in/searchpage/showdetails/xplant_id/9890fa63f0b4bfe4a0edb46f014acca3
Swertia angustifolia HAM.,GENTIANACEAE,"Ayurveda, Unani, Folk",,,https://www.medicinalplants.in/searchpage/showdetails/xplant_id/0c1543c8c26dc2d082d8d18a25bb166a/xclkon/b8af65b233e8c35cf82f86953af5069c
"Swertia chirayita ROXB. EX  (FLEMING) KARST. X Family - GENTIANACEAE System(s) of Indian Medicine - Ayurveda, Siddha, Unani, Homeopathy, Folk, Sowa-Rigpa Botanical Synonyms (3) - Gentiana chirayta ROXB.",GENTIANACEAE,"Ayurveda, Siddha, Unani, Homeopathy, Folk, Sowa-Rigpa",Gentiana chirayta ROXB.,,https://www.medicinalplants.in/searchpage/showdetails/xplant_id/694eb1f52999a025e8a35b35aa3d4935/xclkon/4bb4ae644f4b8eaebd17c45a2fa3684b
,GENTIANACEAE,,,,https://www.medicinalplants.in/searchpage/showdetails/xplant_id/a1a7145c7d3dd9ade6baa657c36b22ab
"Swertia densiflora (GRISEB.) KASHYAPPA X Family - GENTIANACEAE System(s) of Indian Medicine - Ayurveda, Unani, Folk Botanical Synonyms (2) - Ophelia multiflora DATZ.",GENTIANACEAE,"Ayurveda, Unani, Folk",Ophelia multiflora DATZ.,,https://www.medicinalplants.in/searchpage/showdetails/xplant_id/fce685990b9a57dd587ff62a38ca2e53/xclkon/7c1cdd4c9cba8835317164c425689b07
,FISH(FAUNA),,,,https://www.medicinalplants.in/searchpage/showdetails/xplant_id/1f1560b303a65b2a005f434fd95b94fe
,RUBIACEAE,,,,https://www.medicinalplants.in/searchpage/showdetails/xplant_id/f4ae3036c3bc5d24c50cde781aa09fa9
Oplismenus burmannii (RETZ.) BEAUV.,POACEAE,,,,https://www.medicinalplants.in/searchpage/showdetails/xplant_id/aed207a01dbbe0f18fa3b13379a2d5f5
Opuntia stricta (HAW.) HAW. var. dillenii (KER.-GAWL)BENSON,CACTACEAE,"Ayurveda, Siddha, Folk",Cactus ficus-indica L. Opuntia dillenii (KER-GAMIER) HAW.,,https://www.medicinalplants.in/searchpage/showdetails/xplant_id/21082b86c79bbd4dc88576617720b377/xclkon/e2a216ae3ce40f5d5f5c1119cf41d615
Opuntia stricta (HAW.) HAW. var. dillenii (KER.-GAWL)BENSON,CACTACEAE,"Ayurveda, Siddha, Folk",Cactus ficus-indica L. Opuntia dillenii (KER-GAMIER) HAW.,,https://www.medicinalplants.in/searchpage/showdetails/xplant_id/21082b86c79bbd4dc88576617720b377
,ORCHIDACEAE,"Ayurveda, Unani, Folk",,,https://www.medicinalplants.in/searchpage/showdetails/xplant_id/2ff75f5e20a8394b5638a00e923d5e75/xclkon/c94472dcaad102a13bdaa425e81c51fb
,LAMIACEAE,"Ayurveda, Siddha, Unani, Homeopathy, Sowa-Rigpa",,,https://www.medicinalplants.in/searchpage/showdetails/xplant_id/84e4b831f506c0fdda468af246ecea3a/xclkon/073507649417c5fc48c69fe9f602e52d
Origanum vulgare L.,LAMIACEAE,,,,https://www.medicinalplants.in/searchpage/showdetails/xplant_id/6c0232afcae9216a8b8e6ca71dadbee1
,FABACEAE,"Ayurveda, Siddha, Folk",,,https://www.medicinalplants.in/searchpage/showdetails/xplant_id/c5765e0811887ee6d8b9b4df2dc50624
,FABACEAE,"Ayurveda, Siddha, Folk",,,https://www.medicinalplants.in/searchpage/showdetails/xplant_id/c5765e0811887ee6d8b9b4df2dc50624/xclkon/eceed82cf820501cc526b27733602af5
,LAMIACEAE,"Ayurveda, Folk",,,https://www.medicinalplants.in/searchpage/showdetails/xplant_id/260a35c48387acc67d9e0a6a542ff730/xclkon/983a134a68509bb78cdcbf636a725c22
,LAMIACEAE,,,,https://www.medicinalplants.in/searchpage/showdetails/xplant_id/3d0fb65c05e574a8e8075055678894b2
Oryza sativa L.,POACEAE,,,,https://www.medicinalplants.in/searchpage/showdetails/xplant_id/50a88a84c96f84eac60a122e7745fa20
,MELASTOMATACEAE,"Ayurveda, Siddha",,,https://www.medicinalplants.in/searchpage/showdetails/xplant_id/0c94615806e9078053d290d169517719
Osmanthus fragrans LOUR.,OLEACEAE,,,,https://www.medicinalplants.in/searchpage/showdetails/xplant_id/3dcb90e58c555ab05253bed522d49c12
Ougeinia oojeinensis (ROXB.) HOCHR.,FABACEAE,"Ayurveda, Siddha, Folk, Sowa-Rigpa",Dalbergia oogeinensis ROXB.,,https://www.medicinalplants.in/searchpage/showdetails/xplant_id/e7084a3daf2834d5df7afcfe80421299/xclkon/d780944b65730d491057e41d31d7106f
Ougeinia oojeinensis (ROXB.) HOCHR.,FABACEAE,"Ayurveda, Siddha, Folk, Sowa-Rigpa",Dalbergia oogeinensis ROXB.,,https://www.medicinalplants.in/searchpage/showdetails/xplant_id/e7084a3daf2834d5df7afcfe80421299
Oxalis acetosella L.,OXALIDACEAE,,,,https://www.medicinalplants.in/searchpage/showdetails/xplant_id/7896558b58b3f1c2797dd9aa72ed8b84
Oxalis corniculata L.,OXALIDACEAE,,,,https://www.medicinalplants.in/searchpage/showdetails/xplant_id/0ef91fd7704967eb83c9addd59ecd7ed
,OXALIDACEAE,,,,https://www.medicinalplants.in/searchpage/showdetails/xplant_id/4f57f757094dd4166b1b3d3f7301a020
Oxystelma secamone (L.) KARST.,ASCLEPIADACEAE,"Ayurveda, Siddha, Folk",Oxystelma esculentum R.BR.,,https://www.medicinalplants.in/searchpage/showdetails/xplant_id/927f9af83f41778daad0a571c3809345/xclkon/11423cf908b521057be54c2c12a1202f
Oxystelma secamone (L.) KARST.,ASCLEPIADACEAE,"Ayurveda, Siddha, Folk",Oxystelma esculentum R.BR.,,https://www.medicinalplants.in/searchpage/showdetails/xplant_id/927f9af83f41778daad0a571c3809345
"Pachyrrhizus erosus (L.) URBAN X Family - FABACEAE System(s) of Indian Medicine - Ayurveda, Folk Botanical Synonyms (2) - Dolichos bulbosus L. Pachyrrhizus angulatus RICH.",FABACEAE,"Ayurveda, Folk",Dolichos bulbosus L. Pachyrrhizus angulatus RICH.,,https://www.medicinalplants.in/searchpage/showdetails/xplant_id/1bb47ece4b06ddb61806079992faec40/xclkon/1d2ceb91f8a7a76c857da3da8618b732
"Pachyrrhizus erosus (L.) URBAN X Family - FABACEAE System(s) of Indian Medicine - Ayurveda, Folk Botanical Synonyms (2) - Dolichos bulbosus L. Pachyrrhizus angulatus RICH.",FABACEAE,"Ayurveda, Folk",Dolichos bulbosus L. Pachyrrhizus angulatus RICH.,,https://www.medicinalplants.in/searchpage/showdetails/xplant_id/1bb47ece4b06ddb61806079992faec40
,RUBIACEAE,,,,https://www.medicinalplants.in/searchpage/showdetails/xplant_id/dd191b2256841c0623f45a5a76465bc3
Paeonia emodi WALL. EX. ROYLE,PAEONIACEAE,,,,https://www.medicinalplants.in/searchpage/showdetails/xplant_id/81843b403cd259b30527d8873b196422
Pandanus fascicularis LAM.,PANDANACEAE,"Ayurveda, Siddha, Unani, Folk",Pandanus odoratissimus L.F.,,https://www.medicinalplants.in/searchpage/showdetails/xplant_id/32cdafdc0cbbd3417dd00e715e6d596f
,PANDANACEAE,,,,https://www.medicinalplants.in/searchpage/showdetails/xplant_id/869f61e2102dc858d5dba8530039fbce
,PANDANACEAE,,,,https://www.medicinalplants.in/searchpage/showdetails/xplant_id/ba45ceedd4b8b003e00691933158b7cb
Pandanus fascicularis LAM.,PANDANACEAE,"Ayurveda, Siddha, Unani, Folk",Pandanus odoratissimus L.F.,,https://www.medicinalplants.in/searchpage/showdetails/xplant_id/32cdafdc0cbbd3417dd00e715e6d596f/xclkon/6b59cdb5f7a8d28187225e1846d05193
Pandanus fascicularis LAM.,PANDANACEAE,"Ayurveda, Siddha, Unani, Folk",Pandanus odoratissimus L.F.,,https://www.medicinalplants.in/searchpage/showdetails/xplant_id/32cdafdc0cbbd3417dd00e715e6d596f/xclkon/2d069fa55240aae0a906977f2a26e8d5
,PANDANACEAE,,,,https://www.medicinalplants.in/searchpage/showdetails/xplant_id/9ca53d0d89bdca6381d3bc0fd5cb0c90
Echinochloa frumentacea LINK,POACEAE,"Ayurveda, Siddha, Unani",,,https://www.medicinalplants.in/searchpage/showdetails/xplant_id/97f639ee183ac2a68331dc3b34623c1a/xclkon/16b2d35dcb2f03afa8a9d73fdfce447a
,POACEAE,,,,https://www.medicinalplants.in/searchpage/showdetails/xplant_id/e76d62b80ea5cafa30ac2bbf9a5d5d8b
Setaria italica (L.) BEAUV,POACEAE,"Ayurveda, Siddha, Unani, Folk, Sowa-Rigpa",Panicum italicum L.,,https://www.medicinalplants.in/searchpage/showdetails/xplant_id/531a08f076a25952ab592dbcd554bd1d/xclkon/a1a3704be25100f7b7ce5b48f4ab5109
Panicum miliaceum L.,POACEAE,,,,https://www.medicinalplants.in/searchpage/showdetails/xplant_id/d2a417478f87b9f6ca986577f43c9ac7
Panicum sumatrense ROTH EX ROEM. ET SCHULT.,POACEAE,"Ayurveda, Siddha, Unani, Folk",,,https://www.medicinalplants.in/searchpage/showdetails/xplant_id/08eb2e712a04c3537f4d292febf713b9/xclkon/1c0b3c6ae073a9c5d14d11c9bcf134a3
,POACEAE,Ayurveda,,,https://www.medicinalplants.in/searchpage/showdetails/xplant_id/864f83f261520afa8e2011d02228a1f3
,POACEAE,Ayurveda,,,https://www.medicinalplants.in/searchpage/showdetails/xplant_id/864f83f261520afa8e2011d02228a1f3/xclkon/6020162f52e9ffded1641b3bf1e8c2cd
Panicum sumatrense ROTH EX ROEM. ET SCHULT.,POACEAE,"Ayurveda, Siddha, Unani, Folk",,,https://www.medicinalplants.in/searchpage/showdetails/xplant_id/08eb2e712a04c3537f4d292febf713b9
Papaver rhoeas L.,PAPAVERACEAE,,,,https://www.medicinalplants.in/searchpage/showdetails/xplant_id/5ee97fa83f7f6f6da37704211af9262e
Papaver somniferum L.,PAPAVERACEAE,,,,https://www.medicinalplants.in/searchpage/showdetails/xplant_id/2da509a18fd50f0095c074399509c34b
Paracalyx scariosa (ROXB.) ALI,FABACEAE,"Ayurveda, Folk",Cylista scariosa ROXB.,,https://www.medicinalplants.in/searchpage/showdetails/xplant_id/a13f107077606e81674b0f52923b191e
Paris polyphylla SMITH,LILIACEAE,,,,https://www.medicinalplants.in/searchpage/showdetails/xplant_id/51708232e57f53fb4580f867a845bc58
,PARMELIACEAE(LICHEN),,,,https://www.medicinalplants.in/searchpage/showdetails/xplant_id/99689369e21f6fa415956370772fdc52
,PARMELIACEAE(LICHEN),,,,https://www.medicinalplants.in/searchpage/showdetails/xplant_id/51b266bd8a3811512899bf3fe93784d3
Paspalum scrobiculatum L.,POACEAE,"Ayurveda, Siddha, Unani, Folk, Sowa-Rigpa",,,https://www.medicinalplants.in/searchpage/showdetails/xplant_id/afd4de13278615f13cf5bc7aa1c36ad2
Paspalum scrobiculatum L.,POACEAE,"Ayurveda, Siddha, Unani, Folk, Sowa-Rigpa",,,https://www.medicinalplants.in/searchpage/showdetails/xplant_id/afd4de13278615f13cf5bc7aa1c36ad2/xclkon/d5b1b7d476fe278c20d0f5f6899de8c6
Passiflora foetida L.,PASSIFLORACEAE,,,,https://www.medicinalplants.in/searchpage/showdetails/xplant_id/b3acae1d00af39e57756c02368f1689b
Pavetta indica L.,RUBIACEAE,,,,https://www.medicinalplants.in/searchpage/showdetails/xplant_id/d41bc28a5e8bbf1b988b7a27b93e1ceb
,RUBIACEAE,,,,https://www.medicinalplants.in/searchpage/showdetails/xplant_id/6ffa4c58cfc47ee762ef20acd22812b6
Pavetta tomentosa ROXB. EX SMITH,RUBIACEAE,,,,https://www.medicinalplants.in/searchpage/showdetails/xplant_id/a46f3da2677130efe624560465e0957d
Pavonia odorata WILLD.,MALVACEAE,,,,https://www.medicinalplants.in/searchpage/showdetails/xplant_id/d55a05ca48b7334d7a1601cbef693833
Pavonia zeylanica CAV.,MALVACEAE,,,,https://www.medicinalplants.in/searchpage/showdetails/xplant_id/e398992852f0af96367b77f900c304f9
,PEDALIACEAE,,,,https://www.medicinalplants.in/searchpage/showdetails/xplant_id/433d10cb897d470b0e460215a7c8f2cb
Peganum harmala L.,ZYGOPHYLLACEAE,,,,https://www.medicinalplants.in/searchpage/showdetails/xplant_id/ba37b5fb483bc18f5d567a99fb7f395a
Pentapetes phoenicea L.,STERCULIACEAE,,,,https://www.medicinalplants.in/searchpage/showdetails/xplant_id/7c7037565523923a4f80c7c40784ce52
,STERCULIACEAE,,,,https://www.medicinalplants.in/searchpage/showdetails/xplant_id/40b891b4d834912f601e5daf62bda94e
Pentatropis capensis (L.F.) BULLOCK,ASCLEPIADACEAE,"Ayurveda, Siddha, Folk, Sowa-Rigpa",Pentatropis microphylla (ROXB.) WIGHT & ARN.,,https://www.medicinalplants.in/searchpage/showdetails/xplant_id/7800a267dc3815c7d887b8a14ed39fa9
Pentatropis cynanchoides R.BR.,ASCLEPIADACEAE,,,,https://www.medicinalplants.in/searchpage/showdetails/xplant_id/4845515f81fa4c14731f60ebeea9629b
Pentatropis capensis (L.F.) BULLOCK,ASCLEPIADACEAE,"Ayurveda, Siddha, Folk, Sowa-Rigpa",Pentatropis microphylla (ROXB.) WIGHT & ARN.,,https://www.medicinalplants.in/searchpage/showdetails/xplant_id/7800a267dc3815c7d887b8a14ed39fa9/xclkon/32748a2358caf9f87d98f7af702c1890
Pentatropis nivalis (GMEL.) FIELD & WOOD.,ASCLEPIADACEAE,"Ayurveda, Folk",Pentatropis spiralis DECNE.,,https://www.medicinalplants.in/searchpage/showdetails/xplant_id/47ce1706410b3043d474fb91e3cc4603
Pentatropis nivalis (GMEL.) FIELD & WOOD.,ASCLEPIADACEAE,"Ayurveda, Folk",Pentatropis spiralis DECNE.,,https://www.medicinalplants.in/searchpage/showdetails/xplant_id/47ce1706410b3043d474fb91e3cc4603/xclkon/e1b3aae883d8160746058ae8f53e48c0
Pergularia daemia (FORSK.) CHOIV.,ASCLEPIADACEAE,"Ayurveda, Siddha, Folk, Sowa-Rigpa",Cynanchum extensum JACQ.,,https://www.medicinalplants.in/searchpage/showdetails/xplant_id/3b65c96aefba323b04e893b2f48c8bd9/xclkon/5b046480d4077e7440da7789eff764c6
Pergularia daemia (FORSK.) CHOIV.,ASCLEPIADACEAE,"Ayurveda, Siddha, Folk, Sowa-Rigpa",Cynanchum extensum JACQ.,,https://www.medicinalplants.in/searchpage/showdetails/xplant_id/3b65c96aefba323b04e893b2f48c8bd9
Pergularia daemia (FORSK.) CHOIV.,ASCLEPIADACEAE,"Ayurveda, Siddha, Folk, Sowa-Rigpa",Cynanchum extensum JACQ.,,https://www.medicinalplants.in/searchpage/showdetails/xplant_id/3b65c96aefba323b04e893b2f48c8bd9/xclkon/7d4db5872a4e19347d0f36a01d4b40f4
Periploca aphylla DECNE.,ASCLEPIADACEAE,,,,https://www.medicinalplants.in/searchpage/showdetails/xplant_id/c2d8c7bb3768d0f3ab45f14c389de351
Hemidesmus indicus (L.) SCHULT.,ASCLEPIADACEAE,"Ayurveda, Siddha, Unani, Folk, Sowa-Rigpa",Periploca indica L.,,https://www.medicinalplants.in/searchpage/showdetails/xplant_id/e2d232e3dcd00751bdf511c1ac0d0195/xclkon/88f964fb06ac8318357936ef9737e815
Gymnema sylvestre R.BR.,ASCLEPIADACEAE,"Ayurveda, Siddha, Unani, Homeopathy, Folk, Sowa-Rigpa",Periploca sylvestris RETZ.,,https://www.medicinalplants.in/searchpage/showdetails/xplant_id/59a883322a70a566044a436da0136c5b/xclkon/c2558e1e70edf427d30a8913c51d82a4
Peristrophe paniculata (FORSK.) BRUMMITT,ACANTHACEAE,"Ayurveda, Siddha, Folk",Justicia bicalyculata VAHL. Peristrophe bicalyculata NEES,,https://www.medicinalplants.in/searchpage/showdetails/xplant_id/e51a53a5f7a18b8f9399a34ec44d5228/xclkon/3d64e75fec6f091f6614f457c062d7b4
Peristrophe paniculata (FORSK.) BRUMMITT,ACANTHACEAE,"Ayurveda, Siddha, Folk",Justicia bicalyculata VAHL. Peristrophe bicalyculata NEES,,https://www.medicinalplants.in/searchpage/showdetails/xplant_id/e51a53a5f7a18b8f9399a34ec44d5228
Peucedanum grande CL.,APIACEAE,,,,https://www.medicinalplants.in/searchpage/showdetails/xplant_id/4ec87b98039205e1dd3bf6d7946178a9
Peucedanum graveolens BENTH. EX  HOOK.F.,APIACEAE,,,,https://www.medicinalplants.in/searchpage/showdetails/xplant_id/c394d40c4d2ae8fbf998c7b030253c17
Ipomoea nil (L.) ROTH.,CONVOLVULACEAE,"Ayurveda, Siddha, Unani, Folk",Convolvulus nil L. Ipomoea hederacea AUCT. NON JACQ.,,https://www.medicinalplants.in/searchpage/showdetails/xplant_id/9f13d5c4cf5dd852153786e862ccb1e6/xclkon/da8791f62b07444f7013bb676fd7d8ce
Mollugo cerviana SER.,MOLLUGINACEAE,"Ayurveda, Siddha, Folk",Pharnaceum cerviana L.,,https://www.medicinalplants.in/searchpage/showdetails/xplant_id/9f4e367511a4b37c7dbb1734f71bb44a/xclkon/3e378883ddb81c0a1731c7a924c6df93
Glinus oppositifolius (L.) A.DC.,AIZOACEAE,"Ayurveda, Siddha, Folk",Mollugo oppositifolia L.,,https://www.medicinalplants.in/searchpage/showdetails/xplant_id/28c3dc1e341a3546b10d37e26e480b04/xclkon/1bec27a21fbe016e7c74d20a5e17d842
Vigna aconitifolia (JACQ.) MARECHAL,FABACEAE,"Ayurveda, Siddha, Unani, Folk",Phaseolus aconitifolius L.,,https://www.medicinalplants.in/searchpage/showdetails/xplant_id/d0bd15dbcb4d37c93a9179136cb41564/xclkon/f073cf83d5d261931ca77b2eb007703f
Vigna adenantha (MEYER) MARECHAI,FABACEAE,"Ayurveda, Siddha",Phaseolus adenanthus G.F. MEYER,,https://www.medicinalplants.in/searchpage/showdetails/xplant_id/d5e1300c5b1810630f7329fc167f2a24/xclkon/a06ebf31bb483a550f8d095c4e07a8c1
Vigna radiata (L.) R. WILCZEK,FABACEAE,"Ayurveda, Siddha, Unani, Folk, Sowa-Rigpa",Phaseolus aureus ROXB. Phaseolus radiatus L.,,https://www.medicinalplants.in/searchpage/showdetails/xplant_id/34e0474aa06f7828206ad2cc03c7fb36/xclkon/623fc13f6f226fe9493bc12e9ca71b00
Vigna dalzelliana (O.KTZE ) VERDC.,FABACEAE,Ayurveda,Phaseolus dalzellii COOKE,,https://www.medicinalplants.in/searchpage/showdetails/xplant_id/9f390228ca3104a0d8c73c3e067454c0/xclkon/382ee71d1de70d9422999b13727c209d
Phaseolus lunatus L.,FABACEAE,,,,https://www.medicinalplants.in/searchpage/showdetails/xplant_id/68082995869e371287e15f5af82cfbb7
,FABACEAE,,,,https://www.medicinalplants.in/searchpage/showdetails/xplant_id/4fa5110bd919175102d9218d50a1336c
Vigna mungo (L.) HEPPER,FABACEAE,"Ayurveda, Siddha, Unani, Folk",Phaseolus mungo (L) MANT.,,https://www.medicinalplants.in/searchpage/showdetails/xplant_id/b1f8104caf3cd03763188a39cf068079/xclkon/3acda78020a479b75afcc3cfb3a728fd
Vigna dalzelliana (O.KTZE ) VERDC.,FABACEAE,Ayurveda,Phaseolus dalzellii COOKE,,https://www.medicinalplants.in/searchpage/showdetails/xplant_id/9f390228ca3104a0d8c73c3e067454c0/xclkon/a7719b631b0e76afc969ff1090f10361
Vigna radiata (L.) R. WILCZEK,FABACEAE,"Ayurveda, Siddha, Unani, Folk, Sowa-Rigpa",Phaseolus aureus ROXB. Phaseolus radiatus L.,,https://www.medicinalplants.in/searchpage/showdetails/xplant_id/34e0474aa06f7828206ad2cc03c7fb36/xclkon/861966854b6f061d45d7d5b7ca0eee42
Vigna radiata (L.) R. WILCZEK,FABACEAE,"Ayurveda, Siddha, Unani, Folk, Sowa-Rigpa",Phaseolus aureus ROXB. Phaseolus radiatus L.,,https://www.medicinalplants.in/searchpage/showdetails/xplant_id/34e0474aa06f7828206ad2cc03c7fb36/xclkon/705ff56d2d0bc9e0c89679aab5295136
,FABACEAE,"Ayurveda, Siddha",,,https://www.medicinalplants.in/searchpage/showdetails/xplant_id/acc4bbb2876b0ab0dd51e4be3f330da3/xclkon/7d4d72fc6724e19f11fc829a81b589df
Vigna trilobata (L.) VERDCOURT,FABACEAE,"Ayurveda, Siddha, Folk, Sowa-Rigpa",Dolichos trilobus (L.) AIT.,,https://www.medicinalplants.in/searchpage/showdetails/xplant_id/d25559119de667b997e29e594c5fe377/xclkon/4235761c7cd7bcee37b6309bd47623ed
Phoenix acaulis ROXB.,ARECACEAE,,,,https://www.medicinalplants.in/searchpage/showdetails/xplant_id/8dcedc198f3e7da66ecaf45e38223830
,ARECACEAE,,,,https://www.medicinalplants.in/searchpage/showdetails/xplant_id/54c150a398e3ca472cc8b7ff6fd20f3d
,ARECACEAE,,,,https://www.medicinalplants.in/searchpage/showdetails/xplant_id/796b4aade7258c28b6a3b3e1b035b032
,ARECACEAE,,,,https://www.medicinalplants.in/searchpage/showdetails/xplant_id/15da4c3aac02e874ba6937587601b8b1
Phragmites karka TRIN. EX STEUD.,POACEAE,"Ayurveda, Siddha, Folk, Sowa-Rigpa",Arundo karka RETZ.,,https://www.medicinalplants.in/searchpage/showdetails/xplant_id/130721dc95f6a7e5434c31359fc34c32
Phragmites karka TRIN. EX STEUD.,POACEAE,"Ayurveda, Siddha, Folk, Sowa-Rigpa",Arundo karka RETZ.,,https://www.medicinalplants.in/searchpage/showdetails/xplant_id/130721dc95f6a7e5434c31359fc34c32/xclkon/88e1880a90e63e7e12391cd7dee811a0
Phragmites karka TRIN. EX STEUD.,POACEAE,"Ayurveda, Siddha, Folk, Sowa-Rigpa",Arundo karka RETZ.,,https://www.medicinalplants.in/searchpage/showdetails/xplant_id/130721dc95f6a7e5434c31359fc34c32/xclkon/94202be2bd60a579b6d7d1ba38314ca5
,MARANTACEAE,"Ayurveda, Folk",,,https://www.medicinalplants.in/searchpage/showdetails/xplant_id/f42629f5fad23c76e914089a1d51ef14/xclkon/feabb1216518cccba28a11d8430b5c1d
Phyla nodiflora (L.) GREENE,VERBENACEAE,"Ayurveda, Siddha, Unani, Folk",Lippia nodiflora MICH.,,https://www.medicinalplants.in/searchpage/showdetails/xplant_id/0168ddb652e357ac3bf768a36264f947
Phyllanthus acidus (L.) SKEELS,EUPHORBIACEAE,"Ayurveda, Siddha, Folk",Cicca acida MERRILL,,https://www.medicinalplants.in/searchpage/showdetails/xplant_id/bcb5a0832a219a36158651a64f5a920b
Phyllanthus airy-shawii BRUNEL & ROUX,EUPHORBIACEAE,"Ayurveda, Folk",Phyllanthus debilis KLEIN EX WILLD.,,https://www.medicinalplants.in/searchpage/showdetails/xplant_id/d5a8d16e2cf93b6c13c9352c3be134c2
Phyllanthus amarus SCHUM. & THENN.,EUPHORBIACEAE,"Ayurveda, Siddha, Folk, Sowa-Rigpa",Phyllanthus fraternus WEBSTER,,https://www.medicinalplants.in/searchpage/showdetails/xplant_id/9e9ee1b9797378a2017dccfbe718c6dc
Phyllanthus airy-shawii BRUNEL & ROUX,EUPHORBIACEAE,"Ayurveda, Folk",Phyllanthus debilis KLEIN EX WILLD.,,https://www.medicinalplants.in/searchpage/showdetails/xplant_id/d5a8d16e2cf93b6c13c9352c3be134c2/xclkon/99557fa8a9b0d61d1e65b373d74c9d2c
Phyllanthus acidus (L.) SKEELS,EUPHORBIACEAE,"Ayurveda, Siddha, Folk",Cicca acida MERRILL,,https://www.medicinalplants.in/searchpage/showdetails/xplant_id/bcb5a0832a219a36158651a64f5a920b/xclkon/7defaa1caf7360c875976449d9e9df77
Emblica officinalis GAERTN.,EUPHORBIACEAE,"Ayurveda, Siddha, Unani, Folk, Sowa-Rigpa",Phyllanthus emblica L.,,https://www.medicinalplants.in/searchpage/showdetails/xplant_id/479d2a25bb4439110c4f488df1dcb80d/xclkon/72e7afb752fb06cccaeb56d9c6c2fd76
Phyllanthus amarus SCHUM. & THENN.,EUPHORBIACEAE,"Ayurveda, Siddha, Folk, Sowa-Rigpa",Phyllanthus fraternus WEBSTER,,https://www.medicinalplants.in/searchpage/showdetails/xplant_id/9e9ee1b9797378a2017dccfbe718c6dc/xclkon/ab69e0b52792413f6f99ceb82a6c27af
Phyllanthus maderaspatensis L.,EUPHORBIACEAE,,,,https://www.medicinalplants.in/searchpage/showdetails/xplant_id/4028a993e9ac1d6ed3765dd4e834ae06
Phyllanthus reticulatus POIR.,EUPHORBIACEAE,"Ayurveda, Siddha, Folk",Kirganelia reticulata BAILL.,,https://www.medicinalplants.in/searchpage/showdetails/xplant_id/9041b178b962733ce86d171a48cee1cb/xclkon/1820e14dac843ace27d050b604e783fe
Phyllanthus amarus SCHUM. & THENN.,EUPHORBIACEAE,"Ayurveda, Siddha, Folk, Sowa-Rigpa",Phyllanthus fraternus WEBSTER,,https://www.medicinalplants.in/searchpage/showdetails/xplant_id/9e9ee1b9797378a2017dccfbe718c6dc/xclkon/c1665807fa241eb60cd019d4eae5d121
Phyllanthus reticulatus POIR.,EUPHORBIACEAE,"Ayurveda, Siddha, Folk",Kirganelia reticulata BAILL.,,https://www.medicinalplants.in/searchpage/showdetails/xplant_id/9041b178b962733ce86d171a48cee1cb
Sauropus quadrangularis MUELL. -ARG.,EUPHORBIACEAE,Ayurveda,Phyllanthus rhamnoides WILLD,,https://www.medicinalplants.in/searchpage/showdetails/xplant_id/a679f33c86649ada7aa9ecd9d7d64d07/xclkon/e5a37db9072eb27f3185588bb0c99e26
Phyllanthus urinaria L.,EUPHORBIACEAE,,,,https://www.medicinalplants.in/searchpage/showdetails/xplant_id/55a5adee3303b062f867bdd9c73aa21d
,SOLANACEAE,"Ayurveda, Unani, Homeopathy",,,https://www.medicinalplants.in/searchpage/showdetails/xplant_id/0aace821778b8f532c4c28c591637906
,SOLANACEAE,"Ayurveda, Unani, Homeopathy",,,https://www.medicinalplants.in/searchpage/showdetails/xplant_id/0aace821778b8f532c4c28c591637906/xclkon/cbd04d9ba9b8bd16ae5336739f39a26e
Withania somnifera DUNAL,SOLANACEAE,"Ayurveda, Siddha, Unani, Homeopathy, Folk, Sowa-Rigpa",,,https://www.medicinalplants.in/searchpage/showdetails/xplant_id/f420a8ab57a668675b6825cc58f4f881/xclkon/ec54a2b544a76ad5cc7334ed43d67dc5
,SOLANACEAE,"Ayurveda, Siddha, Folk, Sowa-Rigpa",,,https://www.medicinalplants.in/searchpage/showdetails/xplant_id/5ff9145d6e604e401343c4d074dd47fc/xclkon/1cd020d07bbbcaa762290284f6268c16
,SOLANACEAE,"Ayurveda, Siddha, Folk, Sowa-Rigpa",,,https://www.medicinalplants.in/searchpage/showdetails/xplant_id/5ff9145d6e604e401343c4d074dd47fc
Physalis peruviana L.,SOLANACEAE,,,,https://www.medicinalplants.in/searchpage/showdetails/xplant_id/b97141629b7cfc13da7e7af51ac8dbd3
Picrasma quassioides BENNET,SIMAROUBACEAE,"Ayurveda, Unani",,,https://www.medicinalplants.in/searchpage/showdetails/xplant_id/1aae8891c6df4b711d19e75adb4dff29/xclkon/138b8c462a28ef31bc8213d6b69440be
Picrasma quassioides BENNET,SIMAROUBACEAE,"Ayurveda, Unani",,,https://www.medicinalplants.in/searchpage/showdetails/xplant_id/1aae8891c6df4b711d19e75adb4dff29
,SCROPHULARIACEAE,"Ayurveda, Siddha, Unani, Folk, Sowa-Rigpa",,,https://www.medicinalplants.in/searchpage/showdetails/xplant_id/3ddfaf61bf4ae28a0eae6a0c86c12fca
,SCROPHULARIACEAE,,,,https://www.medicinalplants.in/searchpage/showdetails/xplant_id/46509d2d2a2def4f28c6939a0170a00e
,SCROPHULARIACEAE,"Ayurveda, Siddha, Unani, Folk, Sowa-Rigpa",,,https://www.medicinalplants.in/searchpage/showdetails/xplant_id/3ddfaf61bf4ae28a0eae6a0c86c12fca/xclkon/7aa0b3c39c9d80062a16d2860895786d
Bauhinia malabarica ROXB.,CAESALPINIACEAE,"Ayurveda, Siddha, Folk",Piliostigma malabaricum (ROXB.) BENTH.,,https://www.medicinalplants.in/searchpage/showdetails/xplant_id/af2ce0dc28ca3530302c33ad673efb7f/xclkon/52be681dda3a65065088d65c0f48da21
,APIACEAE,,,,https://www.medicinalplants.in/searchpage/showdetails/xplant_id/3fb9b194db24fc95ce76759ee3119dce
"Schultzia benthami C.B.CLARKE X Family - APIACEAE System(s) of Indian Medicine - Ayurveda, Siddha Botanical Synonyms (1) - Pimpinella involucrata MIQ.",APIACEAE,"Ayurveda, Siddha",Pimpinella involucrata MIQ.,,https://www.medicinalplants.in/searchpage/showdetails/xplant_id/80e6a783d8286349d13d3f91122781a8/xclkon/3c44f8a23b9c971a90b06cbf60572a5d
,PINACEAE,,,,https://www.medicinalplants.in/searchpage/showdetails/xplant_id/79a721a6f88a5b5081379b824982518d
Cedrus deodara (ROXB.) LOUD.,PINACEAE,"Ayurveda, Siddha, Unani, Folk, Sowa-Rigpa",Cedrus libani BARREL var. deodara HOOK.,,https://www.medicinalplants.in/searchpage/showdetails/xplant_id/89b7f1eb2eb5a832b7a26aa6a24e9bf0/xclkon/5cdd6b48c9ac921ca8f8311457909767
,PINACEAE,,,,https://www.medicinalplants.in/searchpage/showdetails/xplant_id/a5694af47b9b29d0368c373570911eec
Pinus roxburghii SARG.,PINACEAE,"Ayurveda, Siddha, Unani, Folk, Sowa-Rigpa",Pinus longifolia ROXB.,,https://www.medicinalplants.in/searchpage/showdetails/xplant_id/5c592c064b9567277c71857fa99918e3/xclkon/8dd249de9bd0e593c326f7af795248a8
Abies spectabilis (D.DON) SPACH,PINACEAE,"Ayurveda, Unani, Folk, Sowa-Rigpa",Abies webbiana LINDL.,,https://www.medicinalplants.in/searchpage/showdetails/xplant_id/370db2f049bec54fb27849be813c4013/xclkon/a0959e9defa7c00fad354854b7e21f66
,PIPERACEAE,"Ayurveda, Siddha, Folk, Sowa-Rigpa",,,https://www.medicinalplants.in/searchpage/showdetails/xplant_id/2e04ae962e94c90e067a94c5eb8b334a/xclkon/9f420f63249043c8c43e3ea572fe3b58
,PIPERACEAE,"Ayurveda, Siddha, Folk, Sowa-Rigpa",,,https://www.medicinalplants.in/searchpage/showdetails/xplant_id/2e04ae962e94c90e067a94c5eb8b334a/xclkon/158786d03968cebf4a79e21a94f97200
,PIPERACEAE,"Ayurveda, Siddha, Unani, Homeopathy, Folk, Sowa-Rigpa",,,https://www.medicinalplants.in/searchpage/showdetails/xplant_id/ba0f1ced98218e0dfa2295cff395acdd/xclkon/4cf52023cb1cd4c58b795f10ace28fce
Piper mullesua D.DON,PIPERACEAE,Ayurveda,Piper bachystachyum WALL.,,https://www.medicinalplants.in/searchpage/showdetails/xplant_id/6c5ebaad6f440fde3229bae3cca136fa/xclkon/bf8b2ac331f790342f127a5decfae5f9
,PIPERACEAE,,,,https://www.medicinalplants.in/searchpage/showdetails/xplant_id/9504a919c4f5e6e46621d4843c7f8c5c
,PIPERACEAE,"Ayurveda, Siddha, Unani, Sowa-Rigpa",,,https://www.medicinalplants.in/searchpage/showdetails/xplant_id/fd9f5cb9d41fda0052cc6e85fd31c396/xclkon/28cc4ca56beebaf750ac2335c5c27c4f
,PIPERACEAE,,,,https://www.medicinalplants.in/searchpage/showdetails/xplant_id/d6d7e98329f98ada314a0af053fdc9b1
,PIPERACEAE,"Ayurveda, Siddha, Unani, Homeopathy, Folk, Sowa-Rigpa",,,https://www.medicinalplants.in/searchpage/showdetails/xplant_id/38599335cef650b6064a59bda99b11c3
Piper mullesua D.DON,PIPERACEAE,Ayurveda,Piper bachystachyum WALL.,,https://www.medicinalplants.in/searchpage/showdetails/xplant_id/6c5ebaad6f440fde3229bae3cca136fa
,PIPERACEAE,"Ayurveda, Siddha, Unani, Sowa-Rigpa",,,https://www.medicinalplants.in/searchpage/showdetails/xplant_id/fd9f5cb9d41fda0052cc6e85fd31c396/xclkon/833f2849974c593828b4347b5ebf1d30
,PIPERACEAE,"Ayurveda, Siddha, Unani, Sowa-Rigpa",,,https://www.medicinalplants.in/searchpage/showdetails/xplant_id/fd9f5cb9d41fda0052cc6e85fd31c396
,PIPERACEAE,,,,https://www.medicinalplants.in/searchpage/showdetails/xplant_id/fd0eb1636ac8c3f3684bd4da95fc9c42
,PIPERACEAE,"Ayurveda, Siddha, Folk, Sowa-Rigpa",,,https://www.medicinalplants.in/searchpage/showdetails/xplant_id/2e04ae962e94c90e067a94c5eb8b334a
,PISTACIACEAE,,,,https://www.medicinalplants.in/searchpage/showdetails/xplant_id/ff7d50607b6e3e5df76cf4bd5ea5069f
Pistacia integerrima STEW. EX BRANDIS,PISTACIACEAE,"Ayurveda, Unani, Folk",Pistacia chinensis BUNGE subsp. integerrima (STEW) RECH.F.,,https://www.medicinalplants.in/searchpage/showdetails/xplant_id/4f76fffb0b3c4ac79cc13436883172f8/xclkon/acd362018655e596e4503535645a3af6
Pistacia integerrima STEW. EX BRANDIS,PISTACIACEAE,"Ayurveda, Unani, Folk",Pistacia chinensis BUNGE subsp. integerrima (STEW) RECH.F.,,https://www.medicinalplants.in/searchpage/showdetails/xplant_id/4f76fffb0b3c4ac79cc13436883172f8
Pistacia integerrima STEW. EX BRANDIS,PISTACIACEAE,"Ayurveda, Unani, Folk",Pistacia chinensis BUNGE subsp. integerrima (STEW) RECH.F.,,https://www.medicinalplants.in/searchpage/showdetails/xplant_id/4f76fffb0b3c4ac79cc13436883172f8/xclkon/2752eb315ecc9c0cc5e27736fcce9197
,PISTACIACEAE,,,,https://www.medicinalplants.in/searchpage/showdetails/xplant_id/dc62463177e8e26330cece87dadc8810
,PISTACIACEAE,,,,https://www.medicinalplants.in/searchpage/showdetails/xplant_id/962afd4bfe6a603a4a8379ea094fb088
,ARACEAE,,,,https://www.medicinalplants.in/searchpage/showdetails/xplant_id/53073686747245295f650f8f5f359bd7
Pisum sativum L.,FABACEAE,"Ayurveda, Siddha, Unani",Pisum arvense L.,,https://www.medicinalplants.in/searchpage/showdetails/xplant_id/8e337518dc894d8004c5f6f98471627f/xclkon/e53dc3fce7676307df5529301c369a32
Pisum sativum L.,FABACEAE,"Ayurveda, Siddha, Unani",Pisum arvense L.,,https://www.medicinalplants.in/searchpage/showdetails/xplant_id/8e337518dc894d8004c5f6f98471627f
,MIMOSACEAE,"Ayurveda, Siddha, Folk",,,https://www.medicinalplants.in/searchpage/showdetails/xplant_id/833e44c1915d313c4bd44f3f289ccbe9
,PLANTAGINACEAE,"Ayurveda, Folk",,,https://www.medicinalplants.in/searchpage/showdetails/xplant_id/d6bb2a156595d4fbe4fb28e9598c13c8
Plantago major L.,PLANTAGINACEAE,"Ayurveda, Siddha, Unani, Homeopathy, Folk",Plantago erosa WALL. IN ROXB.,,https://www.medicinalplants.in/searchpage/showdetails/xplant_id/eb8ef6385927a7c8d1a7cc599169f808/xclkon/3c65be4c06ccd73210c7eaa1901591de
,PLANTAGINACEAE,,,,https://www.medicinalplants.in/searchpage/showdetails/xplant_id/9c1f73a2b603bb21e0e776773a34c41a
Plantago lanceolata L.,PLANTAGINACEAE,,,,https://www.medicinalplants.in/searchpage/showdetails/xplant_id/4dde89f3b1f61d86b86c99d12b7cddca
Plantago major L.,PLANTAGINACEAE,"Ayurveda, Siddha, Unani, Homeopathy, Folk",Plantago erosa WALL. IN ROXB.,,https://www.medicinalplants.in/searchpage/showdetails/xplant_id/eb8ef6385927a7c8d1a7cc599169f808
Plantago major L.,PLANTAGINACEAE,"Ayurveda, Siddha, Unani, Homeopathy, Folk",Plantago erosa WALL. IN ROXB.,,https://www.medicinalplants.in/searchpage/showdetails/xplant_id/eb8ef6385927a7c8d1a7cc599169f808/xclkon/4416155e980fcf2ff34c6edfe852e5ba
,PLANTAGINACEAE,,,,https://www.medicinalplants.in/searchpage/showdetails/xplant_id/d368a65149a1cb54e3722ebc66ff3407
,PLANTAGINACEAE,"Ayurveda, Folk",,,https://www.medicinalplants.in/searchpage/showdetails/xplant_id/d6bb2a156595d4fbe4fb28e9598c13c8/xclkon/2a08b1c5fbae352d4b1fd4a1a03cac31
,LAMIACEAE,"Ayurveda, Siddha, Homeopathy, Folk",,,https://www.medicinalplants.in/searchpage/showdetails/xplant_id/3d0e3feab4b454d5fc3c3b8213f6d55e
Plectranthus barbatus ANDR.,LAMIACEAE,"Ayurveda, Folk",Coleus barbatus (ANDR.) BENTH.,,https://www.medicinalplants.in/searchpage/showdetails/xplant_id/d475270c2bb8c41834fbbf90657ec8b8
,LAMIACEAE,"Ayurveda, Siddha, Sowa-Rigpa",,,https://www.medicinalplants.in/searchpage/showdetails/xplant_id/6007c870591a343a9b7fd10100c6a673
,RUBIACEAE,,,,https://www.medicinalplants.in/searchpage/showdetails/xplant_id/a0c7b7765f26dd30d845ca8c03f976dd
Pluchea lanceolata OLIVER & HIERN.,ASTERACEAE,,,,https://www.medicinalplants.in/searchpage/showdetails/xplant_id/01f48d7c7f63fb49ecdfc58d4d352ecf
Pluchea tomentosa DC.,ASTERACEAE,,,,https://www.medicinalplants.in/searchpage/showdetails/xplant_id/64e1e324b42aa66bca2242b20eddaae7
Plumbago auriculata LAM.,PLUMBAGINACEAE,"Ayurveda, Siddha",Plumbago capensis THUNB.,,https://www.medicinalplants.in/searchpage/showdetails/xplant_id/2170b3c5bc674471fe4d42f5b13f4855
Plumbago auriculata LAM.,PLUMBAGINACEAE,"Ayurveda, Siddha",Plumbago capensis THUNB.,,https://www.medicinalplants.in/searchpage/showdetails/xplant_id/2170b3c5bc674471fe4d42f5b13f4855/xclkon/92eadf0b2b53171a8757322853dfbeb1
Plumbago indica L.,PLUMBAGINACEAE,"Ayurveda, Siddha, Unani, Folk",,,https://www.medicinalplants.in/searchpage/showdetails/xplant_id/83837ff5d724f0fb1f964041ebc9926e
Plumbago indica L.,PLUMBAGINACEAE,"Ayurveda, Siddha, Unani, Folk",,,https://www.medicinalplants.in/searchpage/showdetails/xplant_id/83837ff5d724f0fb1f964041ebc9926e/xclkon/4f4519b9e97e1b36dd2280de591a2090
Plumbago zeylanica L.,PLUMBAGINACEAE,,,,https://www.medicinalplants.in/searchpage/showdetails/xplant_id/4e26d09c1e6acf5635e3706863976684
Plumeria acuminata R.BR.,APOCYNACEAE,"Ayurveda, Siddha, Folk",Plumeria acutifolia POIR.,,https://www.medicinalplants.in/searchpage/showdetails/xplant_id/c4f1bb7f58e13ec209a63a4d89c54e3f
Plumeria acuminata R.BR.,APOCYNACEAE,"Ayurveda, Siddha, Folk",Plumeria acutifolia POIR.,,https://www.medicinalplants.in/searchpage/showdetails/xplant_id/c4f1bb7f58e13ec209a63a4d89c54e3f/xclkon/a2f0fc39b0ea0990e885aafa0e27fc21
Plumeria alba L.,APOCYNACEAE,"Ayurveda, Siddha, Folk",,,https://www.medicinalplants.in/searchpage/showdetails/xplant_id/1a06843b65a9f6a0c370c1c17bda030f
Plumeria acuminata R.BR.,APOCYNACEAE,"Ayurveda, Siddha, Folk",Plumeria acutifolia POIR.,,https://www.medicinalplants.in/searchpage/showdetails/xplant_id/c4f1bb7f58e13ec209a63a4d89c54e3f/xclkon/77d770ccc90bf44a5d22b2e746d152b7
Plumeria acuminata R.BR.,APOCYNACEAE,"Ayurveda, Siddha, Folk",Plumeria acutifolia POIR.,,https://www.medicinalplants.in/searchpage/showdetails/xplant_id/c4f1bb7f58e13ec209a63a4d89c54e3f/xclkon/7ceed988027dde3baa6817664e571e5d
Plumeria alba L.,APOCYNACEAE,"Ayurveda, Siddha, Folk",,,https://www.medicinalplants.in/searchpage/showdetails/xplant_id/1a06843b65a9f6a0c370c1c17bda030f/xclkon/6697c12989c7b46fef80d4af3284e423
Plumeria acuminata R.BR.,APOCYNACEAE,"Ayurveda, Siddha, Folk",Plumeria acutifolia POIR.,,https://www.medicinalplants.in/searchpage/showdetails/xplant_id/c4f1bb7f58e13ec209a63a4d89c54e3f/xclkon/3643eb4a111dabcdde2dd70ec2409e14
Desmostachya bipinnata STAPF,POACEAE,"Ayurveda, Siddha, Unani, Sowa-Rigpa",Eragrostis cynosuroides BEAUV.,,https://www.medicinalplants.in/searchpage/showdetails/xplant_id/5d5c75320e8249891ff513bfbd3f1008/xclkon/2b7188507b55203086f2c22f3b23166b
Podophyllum hexandrum ROYLE,BERBERIDACEAE,Ayurveda,Podophyllum emodi WALL.,,https://www.medicinalplants.in/searchpage/showdetails/xplant_id/3c92bf1ce2c1338e2114f10dc835c2e6
,LAMIACEAE,"Ayurveda, Folk",,,https://www.medicinalplants.in/searchpage/showdetails/xplant_id/9aacb504af9f247f5e0d91d23027211c
,LAMIACEAE,,,,https://www.medicinalplants.in/searchpage/showdetails/xplant_id/a897818be825acfe7dcac7b5ed7402b2
,LAMIACEAE,"Ayurveda, Folk",,,https://www.medicinalplants.in/searchpage/showdetails/xplant_id/9aacb504af9f247f5e0d91d23027211c/xclkon/9d54d6d3bec522606d6e154302631dee
Delonix elata (L.) GAMBLE,CAESALPINIACEAE,"Ayurveda, Siddha, Folk",,,https://www.medicinalplants.in/searchpage/showdetails/xplant_id/ff72525a4cbfadacf5864e7e479eae0f/xclkon/ad067cd3c3f473208370158ae9b38ae9
Caesalpinia pulcherrima (L.) SW.,CAESALPINIACEAE,"Ayurveda, Siddha, Folk",Poinciana pulcherrima L.,,https://www.medicinalplants.in/searchpage/showdetails/xplant_id/d2b7aeb7bb871219d7dd53174dc3bb2a/xclkon/b8e3d42e0d68e2450eb716e5c0390cff
Cleome felina L. F.,CLEOMACEAE,"Ayurveda, Siddha, Folk",Polanisia felina DC.,,https://www.medicinalplants.in/searchpage/showdetails/xplant_id/1f541a9303cd1c2c06ea35f2e69137c5/xclkon/74742c130b454186fa15653c7b921e91
Cleome viscosa L.,CLEOMACEAE,"Ayurveda, Siddha, Unani, Folk",Cleome icosandra L.,,https://www.medicinalplants.in/searchpage/showdetails/xplant_id/b7f630b552d8b61583d0338e65f95129/xclkon/0d99241470fd229b598990768bce8656
,AGAVACEAE,"Ayurveda, Siddha, Folk",,,https://www.medicinalplants.in/searchpage/showdetails/xplant_id/6cb42bd611b509f816d0f7b132843cb8
Polyalthia longifolia BENTH. & HOOK. F.,ANNONACEAE,,,,https://www.medicinalplants.in/searchpage/showdetails/xplant_id/b18658531a09aac570466283f6779739
,AGAVACEAE,"Ayurveda, Siddha, Folk",,,https://www.medicinalplants.in/searchpage/showdetails/xplant_id/6cb42bd611b509f816d0f7b132843cb8/xclkon/45317b0cfb9950afd564345b69d9a233
Polycarpaea corymbosa LAM.,CARYOPHYLLACEAE,,,,https://www.medicinalplants.in/searchpage/showdetails/xplant_id/a68d0c37ea25eeabac9c6120bbc518de
Polygonatum cirrhifolium ROYLE,LILIACEAE,,,,https://www.medicinalplants.in/searchpage/showdetails/xplant_id/40336a5dd6c10c7a2b9ddb78eb52d023
Polygonatum verticillatum (L.) ALL.,LILIACEAE,,,,https://www.medicinalplants.in/searchpage/showdetails/xplant_id/e9533607221db30df824b83bbba23b46
,POLYGONACEAE,,,,https://www.medicinalplants.in/searchpage/showdetails/xplant_id/9dc5c3fd971631cd36bbe7c7eb4ad068
Pongamia pinnata (L.) PIERRE,FABACEAE,"Ayurveda, Siddha, Unani, Folk, Sowa-Rigpa",Derris indica (LAM.) BENNET,,https://www.medicinalplants.in/searchpage/showdetails/xplant_id/43842c8edcd45ca1ca952945109884e5/xclkon/98ae87223cbbfcec245500c92ed85628
Pongamia pinnata (L.) PIERRE,FABACEAE,"Ayurveda, Siddha, Unani, Folk, Sowa-Rigpa",Derris indica (LAM.) BENNET,,https://www.medicinalplants.in/searchpage/showdetails/xplant_id/43842c8edcd45ca1ca952945109884e5
Monochoria hastata SOLMS,PONTEDERIACEAE,"Ayurveda, Siddha, Folk",,,https://www.medicinalplants.in/searchpage/showdetails/xplant_id/ff3292f97744ba5a278bde7e9865b57a/xclkon/8d209d5748405c2fcc500f0417e1619f
Porana paniculata ROXB.,CONVOLVULACEAE,,,,https://www.medicinalplants.in/searchpage/showdetails/xplant_id/740f5a06cc95eb3ea60f291d5e6c83ea
Portulaca quadrifida L.,PORTULACACEAE,"Ayurveda, Siddha, Unani, Folk",,,https://www.medicinalplants.in/searchpage/showdetails/xplant_id/db24e0e78aef3a7e6e0d10c4f97f5779/xclkon/ff4f5d619664f2d9c887ccd2312856be
Portulaca oleracea L.,PORTULACACEAE,,,,https://www.medicinalplants.in/searchpage/showdetails/xplant_id/3cc2bca5b45aedfda571996b3573cccf
Portulaca quadrifida L.,PORTULACACEAE,"Ayurveda, Siddha, Unani, Folk",,,https://www.medicinalplants.in/searchpage/showdetails/xplant_id/db24e0e78aef3a7e6e0d10c4f97f5779
,ROSACEAE,,,,https://www.medicinalplants.in/searchpage/showdetails/xplant_id/b87b0fa94c9b0e00fed0a995ae86295b
Scindapsus officinalis SCHOTT.,ARACEAE,"Ayurveda, Siddha, Unani, Folk, Sowa-Rigpa",Pothos officinalis ROXB.,,https://www.medicinalplants.in/searchpage/showdetails/xplant_id/312284a17b66b7954b1450c51bf9f9ea/xclkon/9ddf481389c7735ec761877cc27ae8de
Cachrys pabularia (LINDL.) HERRNST.,APIACEAE,"Ayurveda, Unani, Folk",Prangos pabularia LINDL.,,https://www.medicinalplants.in/searchpage/showdetails/xplant_id/9de7f0ea1ee75324fe10ebaf3d9c387e/xclkon/5f5da6cfdfedefc871ade2b8d994ba80
Premna barbata WALL.,VERBENACEAE,,,,https://www.medicinalplants.in/searchpage/showdetails/xplant_id/e718dfa73689e820c75289c52d1bce2e
Pygmaeopremna herbacea (ROXB.) MOLD.,VERBENACEAE,"Ayurveda, Siddha, Unani, Folk, Sowa-Rigpa",Premna herbacea ROXB.,,https://www.medicinalplants.in/searchpage/showdetails/xplant_id/9c48ca77a9908748268302def511b2fd/xclkon/52fa30b5df253887ecdd13f575f5a359
Premna serratifolia L.,VERBENACEAE,"Ayurveda, Siddha, Folk",Premna integrifolia L.,,https://www.medicinalplants.in/searchpage/showdetails/xplant_id/8fc11e5625b0f5fed76e2cf94077badf/xclkon/909b06e753c2bd0afc7083883e1e057b
Premna latifolia ROXB. var. mucronata C.B. CLARKE,VERBENACEAE,"Ayurveda, Folk",Premna mucronata ROXB.,,https://www.medicinalplants.in/searchpage/showdetails/xplant_id/12370f71eed869823b3dd9ee8c2e6872
Premna latifolia ROXB. var. mucronata C.B. CLARKE,VERBENACEAE,"Ayurveda, Folk",Premna mucronata ROXB.,,https://www.medicinalplants.in/searchpage/showdetails/xplant_id/12370f71eed869823b3dd9ee8c2e6872/xclkon/b0cac0a544fb082997b8a21d69c887a9
Premna serratifolia L.,VERBENACEAE,"Ayurveda, Siddha, Folk",Premna integrifolia L.,,https://www.medicinalplants.in/searchpage/showdetails/xplant_id/8fc11e5625b0f5fed76e2cf94077badf/xclkon/a0b3d6fe4822fc7b2045787189c83af5
Premna serratifolia L.,VERBENACEAE,"Ayurveda, Siddha, Folk",Premna integrifolia L.,,https://www.medicinalplants.in/searchpage/showdetails/xplant_id/8fc11e5625b0f5fed76e2cf94077badf
Premna serratifolia L.,VERBENACEAE,"Ayurveda, Siddha, Folk",Premna integrifolia L.,,https://www.medicinalplants.in/searchpage/showdetails/xplant_id/8fc11e5625b0f5fed76e2cf94077badf/xclkon/c2ea578dc8654b79aa922aaddb3d5a28
,MIMOSACEAE,"Ayurveda, Siddha, Folk, Sowa-Rigpa",,,https://www.medicinalplants.in/searchpage/showdetails/xplant_id/4aeec20f8a1c00709f2199482bfd71b2
,MIMOSACEAE,,,,https://www.medicinalplants.in/searchpage/showdetails/xplant_id/d7fb5a66041550e764ca1cd7b10f6963
,MIMOSACEAE,"Ayurveda, Siddha, Folk, Sowa-Rigpa",,,https://www.medicinalplants.in/searchpage/showdetails/xplant_id/4aeec20f8a1c00709f2199482bfd71b2/xclkon/477d0c454752dc64ea66edf61e0c0f1f
,BURSERACEAE,"Ayurveda, Siddha, Unani",,,https://www.medicinalplants.in/searchpage/showdetails/xplant_id/8053682e1350e81d159c941958baac0d
"Prunus dulcis (MILLER) D.A. WEBB. X Family - ROSACEAE System(s) of Indian Medicine - Ayurveda, Siddha, Unani, Homeopathy, Folk Botanical Synonyms (1) - Prunus amygdalus BATSCH",ROSACEAE,"Ayurveda, Siddha, Unani, Homeopathy, Folk",Prunus amygdalus BATSCH,,https://www.medicinalplants.in/searchpage/showdetails/xplant_id/7d57e91d4ba99981148afbcb8af8094c/xclkon/c5908bf1970dba1886a96f815d82cfbb
Prunus armeniaca L.,ROSACEAE,,,,https://www.medicinalplants.in/searchpage/showdetails/xplant_id/9bf02cf42ae0025a11c2d5cff0e712f8
,ROSACEAE,,,,https://www.medicinalplants.in/searchpage/showdetails/xplant_id/e740b7a5625f2cc733b8d6a4d78101fe
Prunus cerasoides D.DON,ROSACEAE,"Ayurveda, Unani, Folk, Sowa-Rigpa",Prunus puddum (WALL.) ROXB. EX BRANDIS,,https://www.medicinalplants.in/searchpage/showdetails/xplant_id/5522ff065cc5f789461e2a2a48bb6ca1
,ROSACEAE,,,,https://www.medicinalplants.in/searchpage/showdetails/xplant_id/397ed2aea5b7f7b59968dd8d3d010582
"Prunus domestica L. X Family - ROSACEAE System(s) of Indian Medicine - Ayurveda, Siddha, Unani, Folk Botanical Synonyms (2) - Prunus communis FRITSCH",ROSACEAE,"Ayurveda, Siddha, Unani, Folk",Prunus communis FRITSCH,,https://www.medicinalplants.in/searchpage/showdetails/xplant_id/7d16ba6afd98028ff082f01e8c97fd18
,ROSACEAE,,,,https://www.medicinalplants.in/searchpage/showdetails/xplant_id/dff2e8ad33d628712bd1dc39f455b572
Prunus mahaleb L.,ROSACEAE,,,,https://www.medicinalplants.in/searchpage/showdetails/xplant_id/c28ef0095af12549def683fc1a04f1b5
Prunus persica BATSCH,ROSACEAE,,,,https://www.medicinalplants.in/searchpage/showdetails/xplant_id/2bf56a0d5e41aedc5b6c3540f9851c05
,AGARICACEAE,"Ayurveda, Siddha, Unani, Homeopathy, Folk",,,https://www.medicinalplants.in/searchpage/showdetails/xplant_id/cf287e196320e52c1b7acb05d65234fb/xclkon/9e128fb42ad9422541bd6d305c23a2a8
Pseudarthria viscida WIGHT & ARN.,FABACEAE,,,,https://www.medicinalplants.in/searchpage/showdetails/xplant_id/b47a06886c3cab1c6a18e709acb4d932
,MYRTACEAE,"Ayurveda, Siddha, Unani, Folk",,,https://www.medicinalplants.in/searchpage/showdetails/xplant_id/3fdda2688c27df3027657e00882c20d6
,MYRTACEAE,"Ayurveda, Siddha, Unani, Folk",,,https://www.medicinalplants.in/searchpage/showdetails/xplant_id/3fdda2688c27df3027657e00882c20d6/xclkon/975930e0996cae25e596c9af45e3c4f4
,RUBIACEAE,Ayurveda,,,https://www.medicinalplants.in/searchpage/showdetails/xplant_id/002aa6cec840babc1f9a7de6a7fdbf5b
,FABACEAE,,,,https://www.medicinalplants.in/searchpage/showdetails/xplant_id/7d5c64dd141617fa93021990a4463e04
,FABACEAE,,,,https://www.medicinalplants.in/searchpage/showdetails/xplant_id/b63968ae90aa39420e06f177001d16a8
Cyamopsis tetragonoloba (L.) TAUB.,FABACEAE,"Ayurveda, Siddha, Unani, Folk",Cyamopsis psoralioides (LAM). DC.,,https://www.medicinalplants.in/searchpage/showdetails/xplant_id/da5bde4598f3497d698f099ec563ced5/xclkon/3a5100714af174f7781c9f40f6babce8
Pterocarpus marsupium ROXB.,FABACEAE,,,,https://www.medicinalplants.in/searchpage/showdetails/xplant_id/cde24b212ae1e7d501b49de188e18766
Pterocarpus santalinus L.F.,FABACEAE,,,,https://www.medicinalplants.in/searchpage/showdetails/xplant_id/7ad2e15c6824666f30999d5a3856a7ab
Pterospermum acerifolium WILLD.,STERCULIACEAE,,,,https://www.medicinalplants.in/searchpage/showdetails/xplant_id/1b4081e222b0b912a46ae0f86016b991
Pterospermum suberifolium (L.) LAM.,STERCULIACEAE,"Ayurveda, Siddha, Unani, Folk",Pterospermum canescens ROXB.,,https://www.medicinalplants.in/searchpage/showdetails/xplant_id/51126f098d000139264adcbc683b963e/xclkon/9d44864894f073a87a9fae970ddf5827
Trachyspermum ammi (L.) SPRAGUE,APIACEAE,"Ayurveda, Siddha, Unani, Folk, Sowa-Rigpa",Carum copticum BENTH.,,https://www.medicinalplants.in/searchpage/showdetails/xplant_id/30456577a3723bdb91e400b8b7993f8c/xclkon/9b3a63038f13d5cd1c8a733e36d4aca7
Pueraria lobata (WILLD.) OHWI.,FABACEAE,,,,https://www.medicinalplants.in/searchpage/showdetails/xplant_id/52ba8255c4383597ad2620498fe766e7
Pueraria tuberosa (ROXB. EX. WILLD.) DC.,FABACEAE,"Ayurveda, Unani, Folk, Sowa-Rigpa",,,https://www.medicinalplants.in/searchpage/showdetails/xplant_id/5e61a3ccb898ce34f62ec050b012b2f2
,SOLANACEAE,"Ayurveda, Unani, Folk",,,https://www.medicinalplants.in/searchpage/showdetails/xplant_id/368e37bbb42235a573ef9f8e9fea60ea/xclkon/512b86a4c786cc02e3b2b0611040ca83
Punica granatum L.,PUNICACEAE,,,,https://www.medicinalplants.in/searchpage/showdetails/xplant_id/b10eb7ab305c42634ac64419f6ed0f43
Drypetes roxburghii (WALL.) HURUSAWA,EUPHORBIACEAE,"Ayurveda, Siddha, Folk, Sowa-Rigpa",Putranjiva roxburghii WALL.,,https://www.medicinalplants.in/searchpage/showdetails/xplant_id/17928fcffb05211bf2a50e20634bf2dd/xclkon/84adbed0a20d57bccc35fbabef337753
,EUPHORBIACEAE,"Ayurveda, Folk",,,https://www.medicinalplants.in/searchpage/showdetails/xplant_id/a3fdec531b0fdbc289419d1b9fdde245/xclkon/1d495346a5b4e637aab48b36d3df3942
Pygmaeopremna herbacea (ROXB.) MOLD.,VERBENACEAE,"Ayurveda, Siddha, Unani, Folk, Sowa-Rigpa",Premna herbacea ROXB.,,https://www.medicinalplants.in/searchpage/showdetails/xplant_id/9c48ca77a9908748268302def511b2fd
,ROSACEAE,"Ayurveda, Siddha, Unani, Folk",,,https://www.medicinalplants.in/searchpage/showdetails/xplant_id/fd5b25419bb4598994c89112b10727ad/xclkon/268406287cc9715b743897897c55e7d2
"Malus pumila MILL. X Family - ROSACEAE System(s) of Indian Medicine - Ayurveda, Siddha, Unani, Sowa-Rigpa Botanical Synonyms (1) - Pyrus malus L.",ROSACEAE,"Ayurveda, Siddha, Unani, Sowa-Rigpa",Pyrus malus L.,,https://www.medicinalplants.in/searchpage/showdetails/xplant_id/ebc61e9fd917afa9686a83901f4e38e7/xclkon/ae2836a9459e730216e0cf14735f80dd
Ipomoea quamoclit L.,CONVOLVULACEAE,"Ayurveda, Siddha, Folk",Quamoclit pinnata BOJER,,https://www.medicinalplants.in/searchpage/showdetails/xplant_id/4beb91b607e30da1acbab0ed8686ff4c/xclkon/b1e0e2761431435e97e21435461dbc23
Ipomoea quamoclit L.,CONVOLVULACEAE,"Ayurveda, Siddha, Folk",Quamoclit pinnata BOJER,,https://www.medicinalplants.in/searchpage/showdetails/xplant_id/4beb91b607e30da1acbab0ed8686ff4c/xclkon/252279587f8947ebc81eb10f5f3c175c
Quassia indica (GAERTN.) NOOTEBOOM,SIMAROUBACEAE,"Ayurveda, Siddha, Folk",Samadera indica GAERTN.,,https://www.medicinalplants.in/searchpage/showdetails/xplant_id/6afcf2cdab71dad7f0a80536b4bc4df7
Quercus leucotrichophora A. CAMUS,FAGACEAE,"Ayurveda, Unani, Folk",Quercus incana ROXB.,,https://www.medicinalplants.in/searchpage/showdetails/xplant_id/aaee5467c828b15ed651e924c2c52d2e/xclkon/ef603918a0d9ea8e12694124ebace690
,FAGACEAE,,,,https://www.medicinalplants.in/searchpage/showdetails/xplant_id/6d449075122ad5431210243c5b0409b7
Quercus leucotrichophora A. CAMUS,FAGACEAE,"Ayurveda, Unani, Folk",Quercus incana ROXB.,,https://www.medicinalplants.in/searchpage/showdetails/xplant_id/aaee5467c828b15ed651e924c2c52d2e
,BIGNONIACEAE,"Ayurveda, Siddha, Folk",,,https://www.medicinalplants.in/searchpage/showdetails/xplant_id/8eb5bffeca052079f62e14fa39ccdccb
Catunaregum spinosa (THUNB.) TIRVENGADUM,RUBIACEAE,"Ayurveda, Siddha, Unani, Folk, Sowa-Rigpa",Gardenia dumetorum RETZ. Gardenia floribunda ROXB. Randia dumetorum LAM.,,https://www.medicinalplants.in/searchpage/showdetails/xplant_id/1b163f98a9315a49f346598f315cbf73/xclkon/b78a1f9a78a09759c0265d85a325ab67
Catunaregum spinosa (THUNB.) TIRVENGADUM,RUBIACEAE,"Ayurveda, Siddha, Unani, Folk, Sowa-Rigpa",Gardenia dumetorum RETZ. Gardenia floribunda ROXB. Randia dumetorum LAM.,,https://www.medicinalplants.in/searchpage/showdetails/xplant_id/1b163f98a9315a49f346598f315cbf73/xclkon/404aea5d5b647a8d54188a803af47cb4
Catunaregum spinosa (THUNB.) TIRVENGADUM,RUBIACEAE,"Ayurveda, Siddha, Unani, Folk, Sowa-Rigpa",Gardenia dumetorum RETZ. Gardenia floribunda ROXB. Randia dumetorum LAM.,,https://www.medicinalplants.in/searchpage/showdetails/xplant_id/1b163f98a9315a49f346598f315cbf73/xclkon/e2dd8c6529e2eebb9b6fd7ba82cf3773
,RUBIACEAE,"Ayurveda, Siddha, Folk",,,https://www.medicinalplants.in/searchpage/showdetails/xplant_id/55a85aaf339f7ebe3210e3a60a443d86
Ranunculus sceleratus L.,RANUNCULACEAE,,,,https://www.medicinalplants.in/searchpage/showdetails/xplant_id/99cf4998ffc968cfd48186dc3836d3cc
Raphanus sativus L.,BRASSICACEAE,,,,https://www.medicinalplants.in/searchpage/showdetails/xplant_id/104dcba22ce93f46f2ea040e5d70ad29
Rauvolfia serpentina (L.) BENTH. EX KURZ,APOCYNACEAE,"Ayurveda, Siddha, Unani, Homeopathy, Folk, Sowa-Rigpa",Ophioxylon serpentinum L.,,https://www.medicinalplants.in/searchpage/showdetails/xplant_id/492d132b623b4394715c89e2cadf6fde
Remusatia vivipara SCHOTT.,ARACEAE,,,,https://www.medicinalplants.in/searchpage/showdetails/xplant_id/4fad94ea04f7e7e3771258a51246161f
Rotula aquatica LOUR.,BORAGINACEAE,"Ayurveda, Folk",Rhabdia lycioides SENU CL.,,https://www.medicinalplants.in/searchpage/showdetails/xplant_id/d2abdd6edd47dc6b62102a91c16bf1cd/xclkon/f24aa8d59c837fc42e013ef5ea15787c
Rhamnus wightii WIGHT & ARN.,RHAMNACEAE,,,,https://www.medicinalplants.in/searchpage/showdetails/xplant_id/7763cd826a319dae8fc34d064905a8a8
,ARACEAE,"Ayurveda, Siddha, Folk",,,https://www.medicinalplants.in/searchpage/showdetails/xplant_id/6988605dcbfd4b4f57dd04558b8d0d83/xclkon/e1260d41f4ee08a0e752c05d257fc22e
,ARACEAE,"Ayurveda, Siddha, Folk",,,https://www.medicinalplants.in/searchpage/showdetails/xplant_id/6988605dcbfd4b4f57dd04558b8d0d83
,POLYGONACEAE,"Ayurveda, Siddha, Unani",,,https://www.medicinalplants.in/searchpage/showdetails/xplant_id/ea4fb864aa3c10b37d96891780e8f80d
,POLYGONACEAE,,,,https://www.medicinalplants.in/searchpage/showdetails/xplant_id/0e315155b80eb1a65ebb3ffe44d6349b
,POLYGONACEAE,,,,https://www.medicinalplants.in/searchpage/showdetails/xplant_id/ffcdb9b41b8016ae5f68dd16c2401b8e
,POLYGONACEAE,,,,https://www.medicinalplants.in/searchpage/showdetails/xplant_id/14e79958793738ecf40d9bcc67572a1e
,POLYGONACEAE,"Ayurveda, Folk",,,https://www.medicinalplants.in/searchpage/showdetails/xplant_id/6f822c14910fcd41c589ce4fbac73638
,POLYGONACEAE,"Ayurveda, Folk",,,https://www.medicinalplants.in/searchpage/showdetails/xplant_id/6f822c14910fcd41c589ce4fbac73638/xclkon/35a9e02bdfd95ea830019a25a6f0a0e3
,POLYGONACEAE,,,,https://www.medicinalplants.in/searchpage/showdetails/xplant_id/806bdd3ef1e26ed56022f6420579b2aa
Rhinacanthus nasuta (L.) KURZ.,ACANTHACEAE,"Ayurveda, Siddha, Folk",Justicia nasuta L.,,https://www.medicinalplants.in/searchpage/showdetails/xplant_id/8fed9b52bb4c1275b5366616ad17b2f6/xclkon/c6bf82b06449132bb7dc1861913ec505
Rhinacanthus nasuta (L.) KURZ.,ACANTHACEAE,"Ayurveda, Siddha, Folk",Justicia nasuta L.,,https://www.medicinalplants.in/searchpage/showdetails/xplant_id/8fed9b52bb4c1275b5366616ad17b2f6
,ERICACEAE,,,,https://www.medicinalplants.in/searchpage/showdetails/xplant_id/392207e3c06b3995f04332d193c1dccd
Rhododendron arboreum SM.,ERICACEAE,,,,https://www.medicinalplants.in/searchpage/showdetails/xplant_id/79a47e638b287f45442a85aad8cde8c0
Rhus parviflora ROXB.,ANACARDIACEAE,,,,https://www.medicinalplants.in/searchpage/showdetails/xplant_id/7a68946aaa43a558aa8ccce94d4252fe
Rhus succedanea L.,ANACARDIACEAE,,,,https://www.medicinalplants.in/searchpage/showdetails/xplant_id/c86b1c4ad6d4106e89e232039488998c
,FABACEAE,,,,https://www.medicinalplants.in/searchpage/showdetails/xplant_id/ce8ac1c3d8a950c50ea9fe803bfd109e
,CONVOLVULACEAE,,,,https://www.medicinalplants.in/searchpage/showdetails/xplant_id/f279b92eac069ae5e907b8ad0f16a131
,ROSACEAE,,,,https://www.medicinalplants.in/searchpage/showdetails/xplant_id/4fe767025f92103b7ff341af5a4f760e
Rosa brunonii LINDL.,ROSACEAE,"Ayurveda, Siddha, Folk",Rosa moschata HERRM.,,https://www.medicinalplants.in/searchpage/showdetails/xplant_id/8be9312fdfcd1a853f95e4334d861161
,ROSACEAE,,,,https://www.medicinalplants.in/searchpage/showdetails/xplant_id/cf3f76e5710f9637fdfe23382653ef77
Rosa damascena MILL.,ROSACEAE,,,,https://www.medicinalplants.in/searchpage/showdetails/xplant_id/622411f34a645ec84255476dbe22f1ed
Rosa brunonii LINDL.,ROSACEAE,"Ayurveda, Siddha, Folk",Rosa moschata HERRM.,,https://www.medicinalplants.in/searchpage/showdetails/xplant_id/8be9312fdfcd1a853f95e4334d861161/xclkon/d7f82b84efd9ab450a978426594ddf86
Justicia procumbens L.,ACANTHACEAE,"Ayurveda, Siddha",Rostellularia procumbens (L.) NEES.,,https://www.medicinalplants.in/searchpage/showdetails/xplant_id/482ec2e8fa12c967dd3f7f2df646a992/xclkon/14be3b932e6d0823cb6b0e447d01fd36
Rotula aquatica LOUR.,BORAGINACEAE,"Ayurveda, Folk",Rhabdia lycioides SENU CL.,,https://www.medicinalplants.in/searchpage/showdetails/xplant_id/d2abdd6edd47dc6b62102a91c16bf1cd
Rubia cordifolia L.,RUBIACEAE,"Ayurveda, Siddha, Unani, Folk, Sowa-Rigpa",Rubia munjista ROXB.,,https://www.medicinalplants.in/searchpage/showdetails/xplant_id/4ec5c05469f4e92ee7f365922bee5353
Rubia cordifolia L.,RUBIACEAE,"Ayurveda, Siddha, Unani, Folk, Sowa-Rigpa",Rubia munjista ROXB.,,https://www.medicinalplants.in/searchpage/showdetails/xplant_id/4ec5c05469f4e92ee7f365922bee5353/xclkon/93079dbb16140f52be7f1aea25d1f173
,ACANTHACEAE,,,,https://www.medicinalplants.in/searchpage/showdetails/xplant_id/aa128f2957753814e00e0c951392d461
,POLYGONACEAE,,,,https://www.medicinalplants.in/searchpage/showdetails/xplant_id/a2f1b84b986ede45f62a55e81d167029
Rumex dentatus L.,POLYGONACEAE,,,,https://www.medicinalplants.in/searchpage/showdetails/xplant_id/5dc8eac3160b11183f98380fb555a60a
,POLYGONACEAE,,,,https://www.medicinalplants.in/searchpage/showdetails/xplant_id/0db4b5929dbba6d230cdd02a7aea92b2
,POLYGONACEAE,,,,https://www.medicinalplants.in/searchpage/showdetails/xplant_id/82ee479df7b71790d00d70335df36d1d
Rungia parviflora NEES,ACANTHACEAE,,,,https://www.medicinalplants.in/searchpage/showdetails/xplant_id/7adf7fd6aaaa3cd64cbb0a5e9029f7c6
Rungia repens (L.) NEES,ACANTHACEAE,"Ayurveda, Siddha, Folk",Justicia repens DELESS. EX NEES.,,https://www.medicinalplants.in/searchpage/showdetails/xplant_id/ac1ae5531797f88862a32cc8b7698504
Ruta chalepensis L.,RUTACEAE,"Ayurveda, Unani, Folk",Ruta angustifolia PERS.,,https://www.medicinalplants.in/searchpage/showdetails/xplant_id/0673c5c072978f0fe0687a85521bc3dd/xclkon/f8cdc0791005d3d46383ba849df016ff
Ruta chalepensis L.,RUTACEAE,"Ayurveda, Unani, Folk",Ruta angustifolia PERS.,,https://www.medicinalplants.in/searchpage/showdetails/xplant_id/0673c5c072978f0fe0687a85521bc3dd
,RUTACEAE,,,,https://www.medicinalplants.in/searchpage/showdetails/xplant_id/b7bc9b346e478e08cc42a7c383541740
,POACEAE,,,,https://www.medicinalplants.in/searchpage/showdetails/xplant_id/73a43799444806a97a890a8dac745dc5
,POACEAE,,,,https://www.medicinalplants.in/searchpage/showdetails/xplant_id/8885f5ffa61fdc6b89eb24c01edb2a01
,POACEAE,"Ayurveda, Sowa-Rigpa",,,https://www.medicinalplants.in/searchpage/showdetails/xplant_id/439cc48348a7576c65cb3b3a1e53b94b
Saccharum officinarum L.,POACEAE,,,,https://www.medicinalplants.in/searchpage/showdetails/xplant_id/36028586e0b75e3ae8f04a7d5ba70f81
,POACEAE,"Ayurveda, Sowa-Rigpa",,,https://www.medicinalplants.in/searchpage/showdetails/xplant_id/439cc48348a7576c65cb3b3a1e53b94b/xclkon/6154ade60b1d502af5f30458a78cc3eb
,POACEAE,,,,https://www.medicinalplants.in/searchpage/showdetails/xplant_id/22e4d4e89777df7b3155cd7e09a75409
Saccharum spontaneum L.,POACEAE,,,,https://www.medicinalplants.in/searchpage/showdetails/xplant_id/eb6ad1ac54a01c1ffaeddace467aa144
,ORCHIDACEAE,"Ayurveda, Folk",,,https://www.medicinalplants.in/searchpage/showdetails/xplant_id/b60d4a176044f52bdb5f7b5be6f8744f/xclkon/a6f5abbc09888a2de62556dad917ec9d
Salacia chinensis L.,CELASTRACEAE,,,,https://www.medicinalplants.in/searchpage/showdetails/xplant_id/cf4333baf9e3d5b4cb931b2cc787e240
Salacia reticulata WIGHT,CELASTRACEAE,,,,https://www.medicinalplants.in/searchpage/showdetails/xplant_id/bc177658f111e1f5e5ae34f8d56299fd
,CHENOPODIACEAE,"Ayurveda, Siddha, Folk",,,https://www.medicinalplants.in/searchpage/showdetails/xplant_id/020d7c9d590a49fa2a0268577153493f/xclkon/f21af2217c34303a364bd22ef0e96af5
,SALICACEAE,,,,https://www.medicinalplants.in/searchpage/showdetails/xplant_id/93518f240ef096d5a6df872d11cab36c
Salix tetrasperma ROXB.,SALICACEAE,,,,https://www.medicinalplants.in/searchpage/showdetails/xplant_id/202c38ee4b9c4d731da2ab5a4abd9f52
Bombax insigne WALL.,BOMBACACEAE,"Ayurveda, Siddha",Salmalia insignis (WALL.) SCHOTT & ENDL.,,https://www.medicinalplants.in/searchpage/showdetails/xplant_id/b1dc01e870fe41f5c58d6ab70f240a47/xclkon/24f8445f30870d6c05957eb08be40323
Bombax ceiba L.,BOMBACACEAE,"Ayurveda, Siddha, Unani, Folk, Sowa-Rigpa",Bombax malabaricum DC.,,https://www.medicinalplants.in/searchpage/showdetails/xplant_id/f4df3d740a26f6ad1fc5eec095132bff/xclkon/3cb86cbdb9510e8b57bb03383599897d
,SALVADORACEAE,,,,https://www.medicinalplants.in/searchpage/showdetails/xplant_id/298b308c16b211598a8b934e7127cc88
Salvadora persica L. var. wightiana (PLANCH EX THW.) VERDC.,SALVADORACEAE,"Ayurveda, Siddha, Unani, Folk",Salvadora persica L.,,https://www.medicinalplants.in/searchpage/showdetails/xplant_id/075b1ba44b6d5100c962e49f555de13f/xclkon/9d465fff1cb67579bd1fdb68eabadb47
Salvadora persica L. var. wightiana (PLANCH EX THW.) VERDC.,SALVADORACEAE,"Ayurveda, Siddha, Unani, Folk",Salvadora persica L.,,https://www.medicinalplants.in/searchpage/showdetails/xplant_id/075b1ba44b6d5100c962e49f555de13f
,LAMIACEAE,,,,https://www.medicinalplants.in/searchpage/showdetails/xplant_id/6de55667981e42e38acc081903432ec6
Salvia plebeia R.BR.,LAMIACEAE,,,,https://www.medicinalplants.in/searchpage/showdetails/xplant_id/7d71261a37d6badd7f8eb474073c634b
,SALVINIACEAE,,,,https://www.medicinalplants.in/searchpage/showdetails/xplant_id/03ca17870be6e5701e0df8ec0f00a5c7
Quassia indica (GAERTN.) NOOTEBOOM,SIMAROUBACEAE,"Ayurveda, Siddha, Folk",Samadera indica GAERTN.,,https://www.medicinalplants.in/searchpage/showdetails/xplant_id/6afcf2cdab71dad7f0a80536b4bc4df7/xclkon/1feff481b7c9f734f45dae5b04b99cfe
Quassia indica (GAERTN.) NOOTEBOOM,SIMAROUBACEAE,"Ayurveda, Siddha, Folk",Samadera indica GAERTN.,,https://www.medicinalplants.in/searchpage/showdetails/xplant_id/6afcf2cdab71dad7f0a80536b4bc4df7/xclkon/71b7bbc3bf48f72d3c9c7d4ebd9b57ba
,AGAVACEAE,Ayurveda,,,https://www.medicinalplants.in/searchpage/showdetails/xplant_id/2321b658c4473068df3516f2836eabe4
,AGAVACEAE,,,,https://www.medicinalplants.in/searchpage/showdetails/xplant_id/68a505a1dced9a8acba71c2d18d6b6b9
,AGAVACEAE,Ayurveda,,,https://www.medicinalplants.in/searchpage/showdetails/xplant_id/2321b658c4473068df3516f2836eabe4/xclkon/fac0646b7fafcca760dc4227d0924d88
Santalum album L.,SANTALACEAE,,,,https://www.medicinalplants.in/searchpage/showdetails/xplant_id/02a1bdae809d3173d78a248d4e65c0fe
,SANTALACEAE,,,,https://www.medicinalplants.in/searchpage/showdetails/xplant_id/d48b090b4469f7363866116e0cca60cc
Sapindus emarginatus VAHL.,SAPINDACEAE,,,,https://www.medicinalplants.in/searchpage/showdetails/xplant_id/38c4118c9a40ec12d417261a86e73f95
Sapindus trifoliatus L.,SAPINDACEAE,"Ayurveda, Siddha, Unani, Sowa-Rigpa",Sapindus laurifolia VAHL,,https://www.medicinalplants.in/searchpage/showdetails/xplant_id/3f06b66e8ce15124d085ee5eab60bbf4/xclkon/5adb929445a7b1afaba0b4599b89f355
Sapindus mukorossi GAERTN.,SAPINDACEAE,,,,https://www.medicinalplants.in/searchpage/showdetails/xplant_id/f34abf9c21d4c39fcd57b42d49d46f0b
Sapindus trifoliatus L.,SAPINDACEAE,"Ayurveda, Siddha, Unani, Sowa-Rigpa",Sapindus laurifolia VAHL,,https://www.medicinalplants.in/searchpage/showdetails/xplant_id/3f06b66e8ce15124d085ee5eab60bbf4
Sapium insigne TRIMEN,EUPHORBIACEAE,,,,https://www.medicinalplants.in/searchpage/showdetails/xplant_id/a0322789536146116bbbc1e7285d1de7
Sapium sebiferum ROXB.,EUPHORBIACEAE,,,,https://www.medicinalplants.in/searchpage/showdetails/xplant_id/32cfe1d1e1e30da044a8aaca0c1448b8
Saraca asoca (ROXB.) DE WILDE,CAESALPINIACEAE,"Ayurveda, Siddha, Unani, Homeopathy, Folk, Sowa-Rigpa",Saraca indica AUCT. NON L.,,https://www.medicinalplants.in/searchpage/showdetails/xplant_id/b7163d6d0033f6cd3fb15eb2bde54d42
Saraca asoca (ROXB.) DE WILDE,CAESALPINIACEAE,"Ayurveda, Siddha, Unani, Homeopathy, Folk, Sowa-Rigpa",Saraca indica AUCT. NON L.,,https://www.medicinalplants.in/searchpage/showdetails/xplant_id/b7163d6d0033f6cd3fb15eb2bde54d42/xclkon/d1b647103166d4e2f09762d792a45a49
"Sarcostemma acidum VOIGT X Family - ASCLEPIADACEAE System(s) of Indian Medicine - Ayurveda, Siddha, Folk Botanical Synonyms (2) - Sarcostemma acidium (ROXB.) VOIGT",ASCLEPIADACEAE,"Ayurveda, Siddha, Folk",Sarcostemma acidium (ROXB.) VOIGT,,https://www.medicinalplants.in/searchpage/showdetails/xplant_id/d9f128d8706fee68abedcdb44f709855/xclkon/d220e08eed5a14c1717248db4c75a8d5
"Sarcostemma acidum VOIGT X Family - ASCLEPIADACEAE System(s) of Indian Medicine - Ayurveda, Siddha, Folk Botanical Synonyms (2) - Sarcostemma acidium (ROXB.) VOIGT",ASCLEPIADACEAE,"Ayurveda, Siddha, Folk",Sarcostemma acidium (ROXB.) VOIGT,,https://www.medicinalplants.in/searchpage/showdetails/xplant_id/d9f128d8706fee68abedcdb44f709855
"Sarcostemma acidum VOIGT X Family - ASCLEPIADACEAE System(s) of Indian Medicine - Ayurveda, Siddha, Folk Botanical Synonyms (2) - Sarcostemma acidium (ROXB.) VOIGT",ASCLEPIADACEAE,"Ayurveda, Siddha, Folk",Sarcostemma acidium (ROXB.) VOIGT,,https://www.medicinalplants.in/searchpage/showdetails/xplant_id/d9f128d8706fee68abedcdb44f709855/xclkon/b401eba3bb6e9d125adf1db079e27366
Oxystelma secamone (L.) KARST.,ASCLEPIADACEAE,"Ayurveda, Siddha, Folk",Oxystelma esculentum R.BR.,,https://www.medicinalplants.in/searchpage/showdetails/xplant_id/927f9af83f41778daad0a571c3809345/xclkon/b6eb2a0803289cce8ae36c9f1ccbffaf
Sarcostigma kleinii WIGHT & ARN.,ICACINACEAE,,,,https://www.medicinalplants.in/searchpage/showdetails/xplant_id/580dcd12cf18ed511285ffcefb6eb778
Sauropus quadrangularis MUELL. -ARG.,EUPHORBIACEAE,Ayurveda,Phyllanthus rhamnoides WILLD,,https://www.medicinalplants.in/searchpage/showdetails/xplant_id/a679f33c86649ada7aa9ecd9d7d64d07
Saussurea auriculata (DC.) SCH.,ASTERACEAE,"Ayurveda, Folk",Aplotaxis auriculata DC.,,https://www.medicinalplants.in/searchpage/showdetails/xplant_id/ff51869d5308f41a86003fb8c05d7e05
Saussurea costus (FALC.) LIPSCH.,ASTERACEAE,"Ayurveda, Siddha, Unani, Folk, Sowa-Rigpa",Saussurea lappa C.B.CL.,,https://www.medicinalplants.in/searchpage/showdetails/xplant_id/a2699e66d5be442119735e8eff969a31
Saussurea gossypiphora DON,ASTERACEAE,,,,https://www.medicinalplants.in/searchpage/showdetails/xplant_id/2984026fc1751814d12e9abea822b4cb
Saussurea costus (FALC.) LIPSCH.,ASTERACEAE,"Ayurveda, Siddha, Unani, Folk, Sowa-Rigpa",Saussurea lappa C.B.CL.,,https://www.medicinalplants.in/searchpage/showdetails/xplant_id/a2699e66d5be442119735e8eff969a31/xclkon/325db44755404ee6df808902bab3d6d2
Bergenia ciliata (HOW.) STERN.,SAXIFRAGACEAE,"Ayurveda, Unani, Sowa-Rigpa",,,https://www.medicinalplants.in/searchpage/showdetails/xplant_id/f1d049b12746b9fcb10349f82b32d0ec/xclkon/4fa508162ca1e4deebac7737b57027f8
,POACEAE,,,,https://www.medicinalplants.in/searchpage/showdetails/xplant_id/40f44b7efe222e728d04df557a902ca1
Schleichera oleosa (LOUR.) OKEN,SAPINDACEAE,"Ayurveda, Siddha, Folk",Schleichera trijuga WILLD.,,https://www.medicinalplants.in/searchpage/showdetails/xplant_id/4d9b9ebe9aa91dc47dc6f0134138402f
Schleichera oleosa (LOUR.) OKEN,SAPINDACEAE,"Ayurveda, Siddha, Folk",Schleichera trijuga WILLD.,,https://www.medicinalplants.in/searchpage/showdetails/xplant_id/4d9b9ebe9aa91dc47dc6f0134138402f/xclkon/8cae4550b8d9cc4ffe4c6a83f881800d
Schleichera oleosa (LOUR.) OKEN,SAPINDACEAE,"Ayurveda, Siddha, Folk",Schleichera trijuga WILLD.,,https://www.medicinalplants.in/searchpage/showdetails/xplant_id/4d9b9ebe9aa91dc47dc6f0134138402f/xclkon/32fa759e14e0f113570a2d98d1d57a00
Schrebera swietenioides ROXB.,OLEACEAE,,,,https://www.medicinalplants.in/searchpage/showdetails/xplant_id/c7c0d57a4605cc69105b7f6970f990bc
"Schultzia benthami C.B.CLARKE X Family - APIACEAE System(s) of Indian Medicine - Ayurveda, Siddha Botanical Synonyms (1) - Pimpinella involucrata MIQ.",APIACEAE,"Ayurveda, Siddha",Pimpinella involucrata MIQ.,,https://www.medicinalplants.in/searchpage/showdetails/xplant_id/80e6a783d8286349d13d3f91122781a8
,SCROPHULARIACEAE,"Ayurveda, Folk",,,https://www.medicinalplants.in/searchpage/showdetails/xplant_id/9654c5f4b104bfb6f76cab23fb609d75
,SCROPHULARIACEAE,"Ayurveda, Folk",,,https://www.medicinalplants.in/searchpage/showdetails/xplant_id/9654c5f4b104bfb6f76cab23fb609d75/xclkon/009098e5d844988453ad04debecfbfb5
Scindapsus officinalis SCHOTT.,ARACEAE,"Ayurveda, Siddha, Unani, Folk, Sowa-Rigpa",Pothos officinalis ROXB.,,https://www.medicinalplants.in/searchpage/showdetails/xplant_id/312284a17b66b7954b1450c51bf9f9ea
,CYPERACEAE,,,,https://www.medicinalplants.in/searchpage/showdetails/xplant_id/89f67f6be2dcf28186fd57b047396e53
Toddalia asiatica (L.) LAM.,RUTACEAE,"Ayurveda, Siddha, Folk",Scolopia aculeata SM.,,https://www.medicinalplants.in/searchpage/showdetails/xplant_id/96f20205aea37f5df8b167fbe9761d22/xclkon/00738361461027d96f8f4feab7a13664
Securinega leucopyrus (WILLD.) MUELL.-ARG.,EUPHORBIACEAE,"Ayurveda, Siddha, Folk",Fluegea leucopyrus WIGHT. Flueggea leucopyrus WILLD.,,https://www.medicinalplants.in/searchpage/showdetails/xplant_id/bd37746fb8a4bc88912d0f8c80639529
Securinega virosa BAILL.,EUPHORBIACEAE,"Ayurveda, Folk",Flueggea microcarpa BLUME,,https://www.medicinalplants.in/searchpage/showdetails/xplant_id/05581ea181890a20a3cd01ce956b2c70
,SELAGINELLACEAE,,,,https://www.medicinalplants.in/searchpage/showdetails/xplant_id/14badd47ff39e56595bb23bebf35d2cc
Selinum candollei DC.,APIACEAE,"Ayurveda, Folk",Selinum tenuifolium WALL. EX DC.,,https://www.medicinalplants.in/searchpage/showdetails/xplant_id/141928dd4d61e6e1d1544843fb482794
Semecarpus anacardium L. F.,ANACARDIACEAE,,,,https://www.medicinalplants.in/searchpage/showdetails/xplant_id/56f6ea2d1adfb66a5efbdc15bffa898a
Sesamum indicum L.,PEDALIACEAE,"Ayurveda, Siddha, Unani, Folk, Sowa-Rigpa",Sesamum orientale L.,,https://www.medicinalplants.in/searchpage/showdetails/xplant_id/705add10c81b2324e15906c748d395db
Sesamum indicum L.,PEDALIACEAE,"Ayurveda, Siddha, Unani, Folk, Sowa-Rigpa",Sesamum orientale L.,,https://www.medicinalplants.in/searchpage/showdetails/xplant_id/705add10c81b2324e15906c748d395db/xclkon/36fe028c67fd96eee94c15dad42fc88f
,PEDALIACEAE,,,,https://www.medicinalplants.in/searchpage/showdetails/xplant_id/d12e52421386bad107d4d18701b43845
Sesbania bispinosa (JACQ.) W.F. WIGHT var. bispinosa,FABACEAE,"Ayurveda, Siddha, Folk",Sesbania aculeata PERS.,,https://www.medicinalplants.in/searchpage/showdetails/xplant_id/1a2168748b1d4dc55092c23faac64f70/xclkon/777cf5a59360d4e1c3c9c21fae2bdf90
Sesbania cannabina RETZ. POIRET,FABACEAE,Ayurveda,Sesbania aculeata PERS. var. cannabina (RETZ.) BAKER,,https://www.medicinalplants.in/searchpage/showdetails/xplant_id/1dd9c616c5be36e476c0cf5d66830466/xclkon/0e4fa2c048b43b3c70d1f78556968dbe
Sesbania sesban (L.) MERR.,FABACEAE,"Ayurveda, Siddha, Unani, Folk",Sesbania aegyptiaca POIR.,,https://www.medicinalplants.in/searchpage/showdetails/xplant_id/84f35349cc3375441fa3f0ee125fee16/xclkon/722d9473b6693dfb928f929226ded2f0
Sesbania bispinosa (JACQ.) W.F. WIGHT var. bispinosa,FABACEAE,"Ayurveda, Siddha, Folk",Sesbania aculeata PERS.,,https://www.medicinalplants.in/searchpage/showdetails/xplant_id/1a2168748b1d4dc55092c23faac64f70
Sesbania cannabina RETZ. POIRET,FABACEAE,Ayurveda,Sesbania aculeata PERS. var. cannabina (RETZ.) BAKER,,https://www.medicinalplants.in/searchpage/showdetails/xplant_id/1dd9c616c5be36e476c0cf5d66830466
Sesbania grandiflora (L.) POIRET,FABACEAE,"Ayurveda, Siddha, Unani, Folk, Sowa-Rigpa",Agati grandiflora (L.) DEN,,https://www.medicinalplants.in/searchpage/showdetails/xplant_id/69094b6f1ba1d0b9964388ec214b1e16
Sesbania sesban (L.) MERR.,FABACEAE,"Ayurveda, Siddha, Unani, Folk",Sesbania aegyptiaca POIR.,,https://www.medicinalplants.in/searchpage/showdetails/xplant_id/84f35349cc3375441fa3f0ee125fee16
,FABACEAE,,,,https://www.medicinalplants.in/searchpage/showdetails/xplant_id/f77e36070eadf597ca7a05e312156079
,FABACEAE,,,,https://www.medicinalplants.in/searchpage/showdetails/xplant_id/cc13fb95631555f0778c857021fbe8e2
,FABACEAE,,,,https://www.medicinalplants.in/searchpage/showdetails/xplant_id/ca69c1206a031694a53fdbdaff12267f
Sesbania sesban (L.) MERR.,FABACEAE,"Ayurveda, Siddha, Unani, Folk",Sesbania aegyptiaca POIR.,,https://www.medicinalplants.in/searchpage/showdetails/xplant_id/84f35349cc3375441fa3f0ee125fee16/xclkon/005aca73570729ee18c797566b1e8af8
Setaria glauca BEAUV,POACEAE,,,,https://www.medicinalplants.in/searchpage/showdetails/xplant_id/b6db18b5cccaf1ed83f8ba600f049b4a
Setaria italica (L.) BEAUV,POACEAE,"Ayurveda, Siddha, Unani, Folk, Sowa-Rigpa",Panicum italicum L.,,https://www.medicinalplants.in/searchpage/showdetails/xplant_id/531a08f076a25952ab592dbcd554bd1d
Shorea robusta GAERTN. F.,DIPTEROCARPACEAE,,,,https://www.medicinalplants.in/searchpage/showdetails/xplant_id/879ad1938f289a2bb39cd62cc8db3081
Sida acuta BURM. F.,MALVACEAE,"Ayurveda, Siddha, Folk",Sida carpinifolia L.,,https://www.medicinalplants.in/searchpage/showdetails/xplant_id/4af721d8784614f3c53d06bd68f96fbb
Sida alba L.,MALVACEAE,"Ayurveda, Siddha, Unani, Folk",Sida spinosa L.,,https://www.medicinalplants.in/searchpage/showdetails/xplant_id/7621992d08641c0676e7761e5775f25f
Sida acuta BURM. F.,MALVACEAE,"Ayurveda, Siddha, Folk",Sida carpinifolia L.,,https://www.medicinalplants.in/searchpage/showdetails/xplant_id/4af721d8784614f3c53d06bd68f96fbb/xclkon/0f7ad75f4a8eca1469fdda4dd53529fa
Sida cordata (BURM.F.) BOISS.,MALVACEAE,"Ayurveda, Siddha, Folk",Sida humilis CAV.,,https://www.medicinalplants.in/searchpage/showdetails/xplant_id/47d9f33c2a99b8b51b28030e753d04d0
Sida cordifolia L.,MALVACEAE,,,,https://www.medicinalplants.in/searchpage/showdetails/xplant_id/34446040e9133df970adbe916df9ce16
Sida cordata (BURM.F.) BOISS.,MALVACEAE,"Ayurveda, Siddha, Folk",Sida humilis CAV.,,https://www.medicinalplants.in/searchpage/showdetails/xplant_id/47d9f33c2a99b8b51b28030e753d04d0/xclkon/37e33f08cf23510b3b7b4473926666e9
Sida acuta BURM. F.,MALVACEAE,"Ayurveda, Siddha, Folk",Sida carpinifolia L.,,https://www.medicinalplants.in/searchpage/showdetails/xplant_id/4af721d8784614f3c53d06bd68f96fbb/xclkon/a3033eed498be4b7a023780d717e23e4
Abutilon theophrasti MEDIK.,MALVACEAE,"Ayurveda, Siddha",Abutilon avicennae GAETRN.,,https://www.medicinalplants.in/searchpage/showdetails/xplant_id/8f554222c3889bddf0f857028809cee9/xclkon/b98795e41ec651a822504abfd4a91cd4
Sida retusa L.,MALVACEAE,"Ayurveda, Unani",Sida rhombifolia L. subsp. retusa (L.) BORASSUM,,https://www.medicinalplants.in/searchpage/showdetails/xplant_id/f515ce55a8d91b689252333d88280a02
Sida rhombifolia L.,MALVACEAE,"Ayurveda, Siddha, Folk",Sida rhombifolia L. subsp. rhombifolia,,https://www.medicinalplants.in/searchpage/showdetails/xplant_id/66adc2910b86fe10b651ba566ad346f5
Sida retusa L.,MALVACEAE,"Ayurveda, Unani",Sida rhombifolia L. subsp. retusa (L.) BORASSUM,,https://www.medicinalplants.in/searchpage/showdetails/xplant_id/f515ce55a8d91b689252333d88280a02/xclkon/9d02db7e7f470c09d1899beb1bcb901f
Sida rhombifolia L.,MALVACEAE,"Ayurveda, Siddha, Folk",Sida rhombifolia L. subsp. rhombifolia,,https://www.medicinalplants.in/searchpage/showdetails/xplant_id/66adc2910b86fe10b651ba566ad346f5/xclkon/d5efd34eeee0f75f828ef42f9233838f
Sida rhomboidea ROXB. EX FLEM.,MALVACEAE,Ayurveda,Sida rhombifolia L. var. rhomboidea (DC.) MASTERS,,https://www.medicinalplants.in/searchpage/showdetails/xplant_id/a59ad7b740ff7371b28f807271147c82/xclkon/02307a37a57e90fc06088a1f28a8a9eb
Sida rhomboidea ROXB. EX FLEM.,MALVACEAE,Ayurveda,Sida rhombifolia L. var. rhomboidea (DC.) MASTERS,,https://www.medicinalplants.in/searchpage/showdetails/xplant_id/a59ad7b740ff7371b28f807271147c82
Sida alba L.,MALVACEAE,"Ayurveda, Siddha, Unani, Folk",Sida spinosa L.,,https://www.medicinalplants.in/searchpage/showdetails/xplant_id/7621992d08641c0676e7761e5775f25f/xclkon/5e97d527ce4dc1d2979d24bec30ac556
Sida cordata (BURM.F.) BOISS.,MALVACEAE,"Ayurveda, Siddha, Folk",Sida humilis CAV.,,https://www.medicinalplants.in/searchpage/showdetails/xplant_id/47d9f33c2a99b8b51b28030e753d04d0/xclkon/9c6177f2f60b2904e11a8cd2266f55ba
Sinapis alba L.,BRASSICACEAE,"Ayurveda, Siddha, Unani, Homeopathy",Brassica alba (L.) RABENH,,https://www.medicinalplants.in/searchpage/showdetails/xplant_id/97682f673c65290c43247757c6b4f361
Brassica juncea (L.) CZERN. SSP. JUNCEA,BRASSICACEAE,"Ayurveda, Siddha, Unani",,,https://www.medicinalplants.in/searchpage/showdetails/xplant_id/0b64049122ff5a51f040473e331c296a/xclkon/f57bbac8b5b18853d0560c4a8162bda3
"Brassica juncea (L.) CZERN. var. integrifolia (WEST) SINSKAJA X Family - BRASSICACEAE System(s) of Indian Medicine - Ayurveda, Siddha, Unani, Folk Botanical Synonyms (2) - Sinapis juncea L.",BRASSICACEAE,"Ayurveda, Siddha, Unani, Folk",Sinapis juncea L.,,https://www.medicinalplants.in/searchpage/showdetails/xplant_id/35b1b446f9c1865523515bc7cb4315ca/xclkon/d5de3d74eadc7c9de9a97a9592ebecc1
"Brassica juncea (L.) CZERN. var. integrifolia (WEST) SINSKAJA X Family - BRASSICACEAE System(s) of Indian Medicine - Ayurveda, Siddha, Unani, Folk Botanical Synonyms (2) - Sinapis juncea L.",BRASSICACEAE,"Ayurveda, Siddha, Unani, Folk",Sinapis juncea L.,,https://www.medicinalplants.in/searchpage/showdetails/xplant_id/35b1b446f9c1865523515bc7cb4315ca/xclkon/96a415c75eec1316925a1d7a8497e029
Trachyspermum ammi (L.) SPRAGUE,APIACEAE,"Ayurveda, Siddha, Unani, Folk, Sowa-Rigpa",Carum copticum BENTH.,,https://www.medicinalplants.in/searchpage/showdetails/xplant_id/30456577a3723bdb91e400b8b7993f8c/xclkon/f70c4cdb2d289f5036e172804d02a423
Smilax aspera L.,SMILACACEAE,,,,https://www.medicinalplants.in/searchpage/showdetails/xplant_id/3188d3c5f03ff72765b541495de0e231
,SMILACACEAE,,,,https://www.medicinalplants.in/searchpage/showdetails/xplant_id/548e2aa378038bef7b03daf4fe911fb7
,SMILACACEAE,,,,https://www.medicinalplants.in/searchpage/showdetails/xplant_id/752adf6fd39d666b4c30eae580e40873
,SMILACACEAE,,,,https://www.medicinalplants.in/searchpage/showdetails/xplant_id/043d2158b1783720e6473daad512c87d
Smilax ovalifolia ROXB.,SMILACACEAE,"Ayurveda, Folk",,,https://www.medicinalplants.in/searchpage/showdetails/xplant_id/c5bbd21c68d6600161b35db289954851/xclkon/e713a41ff2fe16edde4f92cb763b9326
Smilax ovalifolia ROXB.,SMILACACEAE,"Ayurveda, Folk",,,https://www.medicinalplants.in/searchpage/showdetails/xplant_id/c5bbd21c68d6600161b35db289954851
Smilax zeylanica L.,SMILACACEAE,,,,https://www.medicinalplants.in/searchpage/showdetails/xplant_id/f8c507db66708c7e8fc120d10205596c
Smithia conferta J.E. SMITH,FABACEAE,"Ayurveda, Folk",Smithia geminiflora ROTH,,https://www.medicinalplants.in/searchpage/showdetails/xplant_id/40424f0d8c3dec9d73d615955b47e52c
Smithia conferta J.E. SMITH,FABACEAE,"Ayurveda, Folk",Smithia geminiflora ROTH,,https://www.medicinalplants.in/searchpage/showdetails/xplant_id/40424f0d8c3dec9d73d615955b47e52c/xclkon/b7eaf1c5597ec96e2804b730980a8161
,SOLANACEAE,Ayurveda,,,https://www.medicinalplants.in/searchpage/showdetails/xplant_id/7ad6f5552a693d2834d7c3dee763b2d0/xclkon/b6214bf61cfeac8c17556b4271b2b857
Solanum nigrum L.,SOLANACEAE,"Ayurveda, Siddha, Unani, Homeopathy, Folk, Sowa-Rigpa",,,https://www.medicinalplants.in/searchpage/showdetails/xplant_id/8919b637dac8e5c0dee7284b93974959/xclkon/2d519a5a748ad20d90948163f5fae409
Solanum anguivi LAM.,SOLANACEAE,"Ayurveda, Siddha, Folk, Sowa-Rigpa",Solanum indicum L.,,https://www.medicinalplants.in/searchpage/showdetails/xplant_id/3557bcc2088029a90eab184cfd7ff1e2
,SOLANACEAE,Ayurveda,,,https://www.medicinalplants.in/searchpage/showdetails/xplant_id/7ad6f5552a693d2834d7c3dee763b2d0
,SOLANACEAE,,,,https://www.medicinalplants.in/searchpage/showdetails/xplant_id/ef4542ec2dde339b4d78a30e6a15e5ef
Solanum erianthum D.DON,SOLANACEAE,"Ayurveda, Siddha, Folk",Solanum verbascifolium AUCT NON L.,,https://www.medicinalplants.in/searchpage/showdetails/xplant_id/6f0fb6f20cdfc5e4c7c7386c01aa3f96
,SOLANACEAE,"Ayurveda, Siddha, Folk",,,https://www.medicinalplants.in/searchpage/showdetails/xplant_id/a37bb8784b81994d3f1c16653056e0fd
,SOLANACEAE,"Ayurveda, Siddha, Folk",,,https://www.medicinalplants.in/searchpage/showdetails/xplant_id/a37bb8784b81994d3f1c16653056e0fd/xclkon/1694a3cf7e01fd0421a98583beb777c2
"Solanum melongena L. var. incanum KUNTZE X Family - SOLANACEAE System(s) of Indian Medicine - Ayurveda, Siddha, Folk Botanical Synonyms (2) - Solanum incanum L.",SOLANACEAE,"Ayurveda, Siddha, Folk",Solanum incanum L.,,https://www.medicinalplants.in/searchpage/showdetails/xplant_id/f1b4d62fca64de2eb2eeaf1e6d3c61e1/xclkon/c1d5bcde7b5fcd07ba34095c228d8fed
Solanum anguivi LAM.,SOLANACEAE,"Ayurveda, Siddha, Folk, Sowa-Rigpa",Solanum indicum L.,,https://www.medicinalplants.in/searchpage/showdetails/xplant_id/3557bcc2088029a90eab184cfd7ff1e2/xclkon/014ee9436ba3b3b4d4dfff54fddddd72
"Solanum melongena L. var. incanum KUNTZE X Family - SOLANACEAE System(s) of Indian Medicine - Ayurveda, Siddha, Folk Botanical Synonyms (2) - Solanum incanum L.",SOLANACEAE,"Ayurveda, Siddha, Folk",Solanum incanum L.,,https://www.medicinalplants.in/searchpage/showdetails/xplant_id/f1b4d62fca64de2eb2eeaf1e6d3c61e1/xclkon/2fd77ce1b83df13257cebf1af142564d
"Solanum virginianum L. X Family - SOLANACEAE System(s) of Indian Medicine - Ayurveda, Siddha, Unani, Homeopathy, Folk, Sowa-Rigpa Botanical Synonyms (4) - Solanum jacquini WILLD. Solanum sarmentosum NEES Solanum surattense BURM. F.",SOLANACEAE,"Ayurveda, Siddha, Unani, Homeopathy, Folk, Sowa-Rigpa",Solanum jacquini WILLD. Solanum sarmentosum NEES Solanum surattense BURM. F.,,https://www.medicinalplants.in/searchpage/showdetails/xplant_id/2cb1e3bf00b5de22d891cdf07eeec4b7/xclkon/6c3200d6f713c91aaacfadb298f886fc
Solanum tuberosum L.,SOLANACEAE,"Ayurveda, Siddha, Unani, Homeopathy, Folk",,,https://www.medicinalplants.in/searchpage/showdetails/xplant_id/9c3167d1e5b9fabac59ac7b38467287e/xclkon/2573fc16a83e6e443134fc286cf20d93
Solanum melongena L.,SOLANACEAE,,,,https://www.medicinalplants.in/searchpage/showdetails/xplant_id/a688dcbdec0758a9bc0ed6b2f1ec52fd
"Solanum melongena L. var. incanum KUNTZE X Family - SOLANACEAE System(s) of Indian Medicine - Ayurveda, Siddha, Folk Botanical Synonyms (2) - Solanum incanum L.",SOLANACEAE,"Ayurveda, Siddha, Folk",Solanum incanum L.,,https://www.medicinalplants.in/searchpage/showdetails/xplant_id/f1b4d62fca64de2eb2eeaf1e6d3c61e1
Solanum nigrum L.,SOLANACEAE,"Ayurveda, Siddha, Unani, Homeopathy, Folk, Sowa-Rigpa",,,https://www.medicinalplants.in/searchpage/showdetails/xplant_id/8919b637dac8e5c0dee7284b93974959
"Solanum virginianum L. X Family - SOLANACEAE System(s) of Indian Medicine - Ayurveda, Siddha, Unani, Homeopathy, Folk, Sowa-Rigpa Botanical Synonyms (4) - Solanum jacquini WILLD. Solanum sarmentosum NEES Solanum surattense BURM. F.",SOLANACEAE,"Ayurveda, Siddha, Unani, Homeopathy, Folk, Sowa-Rigpa",Solanum jacquini WILLD. Solanum sarmentosum NEES Solanum surattense BURM. F.,,https://www.medicinalplants.in/searchpage/showdetails/xplant_id/2cb1e3bf00b5de22d891cdf07eeec4b7/xclkon/b414813f2d50d5ed793e2a592325c892
"Solanum virginianum L. X Family - SOLANACEAE System(s) of Indian Medicine - Ayurveda, Siddha, Unani, Homeopathy, Folk, Sowa-Rigpa Botanical Synonyms (4) - Solanum jacquini WILLD. Solanum sarmentosum NEES Solanum surattense BURM. F.",SOLANACEAE,"Ayurveda, Siddha, Unani, Homeopathy, Folk, Sowa-Rigpa",Solanum jacquini WILLD. Solanum sarmentosum NEES Solanum surattense BURM. F.,,https://www.medicinalplants.in/searchpage/showdetails/xplant_id/2cb1e3bf00b5de22d891cdf07eeec4b7/xclkon/849c0de64b7c66638ac1af96bf578c1f
Solanum torvum SWARTZ,SOLANACEAE,,,,https://www.medicinalplants.in/searchpage/showdetails/xplant_id/7b6dd3c6f37a291782a1fba746563e72
,SOLANACEAE,,,,https://www.medicinalplants.in/searchpage/showdetails/xplant_id/d0f015e923a8a7fecd21531b35aaf763
Solanum tuberosum L.,SOLANACEAE,"Ayurveda, Siddha, Unani, Homeopathy, Folk",,,https://www.medicinalplants.in/searchpage/showdetails/xplant_id/9c3167d1e5b9fabac59ac7b38467287e
Solanum erianthum D.DON,SOLANACEAE,"Ayurveda, Siddha, Folk",Solanum verbascifolium AUCT NON L.,,https://www.medicinalplants.in/searchpage/showdetails/xplant_id/6f0fb6f20cdfc5e4c7c7386c01aa3f96/xclkon/bb5dffdbd9f4632ecc9e32ba38d084ba
,SOLANACEAE,,,,https://www.medicinalplants.in/searchpage/showdetails/xplant_id/d47162c1b18a01462fc44de2517acd31
Solanum anguivi LAM.,SOLANACEAE,"Ayurveda, Siddha, Folk, Sowa-Rigpa",Solanum indicum L.,,https://www.medicinalplants.in/searchpage/showdetails/xplant_id/3557bcc2088029a90eab184cfd7ff1e2/xclkon/eb17c0288b708fcdb623b6f702d5042c
"Solanum virginianum L. X Family - SOLANACEAE System(s) of Indian Medicine - Ayurveda, Siddha, Unani, Homeopathy, Folk, Sowa-Rigpa Botanical Synonyms (4) - Solanum jacquini WILLD. Solanum sarmentosum NEES Solanum surattense BURM. F.",SOLANACEAE,"Ayurveda, Siddha, Unani, Homeopathy, Folk, Sowa-Rigpa",Solanum jacquini WILLD. Solanum sarmentosum NEES Solanum surattense BURM. F.,,https://www.medicinalplants.in/searchpage/showdetails/xplant_id/2cb1e3bf00b5de22d891cdf07eeec4b7
"Solanum virginianum L. X Family - SOLANACEAE System(s) of Indian Medicine - Ayurveda, Siddha, Unani, Homeopathy, Folk, Sowa-Rigpa Botanical Synonyms (4) - Solanum jacquini WILLD. Solanum sarmentosum NEES Solanum surattense BURM. F.",SOLANACEAE,"Ayurveda, Siddha, Unani, Homeopathy, Folk, Sowa-Rigpa",Solanum jacquini WILLD. Solanum sarmentosum NEES Solanum surattense BURM. F.,,https://www.medicinalplants.in/searchpage/showdetails/xplant_id/2cb1e3bf00b5de22d891cdf07eeec4b7/xclkon/22877e1bc77ab8bf1f5b0774374e53c2
Solena amplexicaulis (LAM.) GANDHI,CUCURBITACEAE,"Ayurveda, Siddha, Folk",Bryonia umbellata KLEIN EX WILLD. Melothria heterophylla COGN.,,https://www.medicinalplants.in/searchpage/showdetails/xplant_id/a305f7a3643b184951c143e66f95bc3d
Solena amplexicaulis (LAM.) GANDHI,CUCURBITACEAE,"Ayurveda, Siddha, Folk",Bryonia umbellata KLEIN EX WILLD. Melothria heterophylla COGN.,,https://www.medicinalplants.in/searchpage/showdetails/xplant_id/a305f7a3643b184951c143e66f95bc3d/xclkon/ef3117b1789ec0112483d116f4f86120
,POACEAE,,,,https://www.medicinalplants.in/searchpage/showdetails/xplant_id/aec3f4bbf64163015a26c4428fdaa883
Soymida febrifuga (ROXB.) A.JUSS.,MELIACEAE,"Ayurveda, Siddha, Unani, Folk, Sowa-Rigpa",Swietenia febrifuga ROXB.,,https://www.medicinalplants.in/searchpage/showdetails/xplant_id/9d1c44e2d233abc3e05fb6a63084cd5f
Borreria articularis (L.F.) WILLIAMS,RUBIACEAE,"Ayurveda, Folk",Spermacoce articularis L.F.,,https://www.medicinalplants.in/searchpage/showdetails/xplant_id/520660f62fadb81d3f3443bf8de8e24e/xclkon/dd235a497bd5425e7df599326341550d
,RUBIACEAE,"Ayurveda, Siddha, Folk",,,https://www.medicinalplants.in/searchpage/showdetails/xplant_id/83c0ece9d3c398114510aea8e6669d50/xclkon/30a11d06748d3862d40baf7d1f34fbc5
Sphaeranthus africanus L.,ASTERACEAE,Ayurveda,,,https://www.medicinalplants.in/searchpage/showdetails/xplant_id/62fb8654a949c413eac86d3de647a9c4
Sphaeranthus hirtus WILLD.,ASTERACEAE,"Ayurveda, Siddha, Unani, Folk, Sowa-Rigpa",Sphaeranthus indicus L.,,https://www.medicinalplants.in/searchpage/showdetails/xplant_id/ec08cd45797746e57adca9c7e0c516d7
Sphaeranthus hirtus WILLD.,ASTERACEAE,"Ayurveda, Siddha, Unani, Folk, Sowa-Rigpa",Sphaeranthus indicus L.,,https://www.medicinalplants.in/searchpage/showdetails/xplant_id/ec08cd45797746e57adca9c7e0c516d7/xclkon/85f71eab3c1210d29a3d7648f55163c1
Sphaeranthus africanus L.,ASTERACEAE,Ayurveda,,,https://www.medicinalplants.in/searchpage/showdetails/xplant_id/62fb8654a949c413eac86d3de647a9c4/xclkon/722ae23881e7a80d868b5da3e4691cae
Sphaeranthus senegalensis DC.,ASTERACEAE,,,,https://www.medicinalplants.in/searchpage/showdetails/xplant_id/0223a6bb39ccf57136b7a8536f5c5359
Spilanthes acmella MURR. var. olerace,ASTERACEAE,,,,https://www.medicinalplants.in/searchpage/showdetails/xplant_id/2161df0a19cb37c1eada43c3045026b4
Spilanthes oleracea L.,ASTERACEAE,,,,https://www.medicinalplants.in/searchpage/showdetails/xplant_id/4e92c607d8ed107c5b0c434aa75b255a
Spinacia oleracea L.,CHENOPODIACEAE,,,,https://www.medicinalplants.in/searchpage/showdetails/xplant_id/07066ef565edde9125663701f29a9ecd
Spondias pinnata (L.F.) KURZ.,ANACARDIACEAE,"Ayurveda, Siddha, Unani, Folk, Sowa-Rigpa",Spondias acuminata ROXB.,,https://www.medicinalplants.in/searchpage/showdetails/xplant_id/dc3cec560f8e0b621a87c3ccd6bd42c1/xclkon/2417acc8e57c776f706d70a26cd24ad7
Spondias pinnata (L.F.) KURZ.,ANACARDIACEAE,"Ayurveda, Siddha, Unani, Folk, Sowa-Rigpa",Spondias acuminata ROXB.,,https://www.medicinalplants.in/searchpage/showdetails/xplant_id/dc3cec560f8e0b621a87c3ccd6bd42c1/xclkon/103d633e5a0f69d7c965aa1d60f329e9
Spondias pinnata (L.F.) KURZ.,ANACARDIACEAE,"Ayurveda, Siddha, Unani, Folk, Sowa-Rigpa",Spondias acuminata ROXB.,,https://www.medicinalplants.in/searchpage/showdetails/xplant_id/dc3cec560f8e0b621a87c3ccd6bd42c1
Stephania glabra (THUNB.) MIERS.,MENISPERMACEAE,,,,https://www.medicinalplants.in/searchpage/showdetails/xplant_id/cc04a525af9be52f32c1b7c58ff850bb
Stephania japonica (THUNB.) MIERS.,MENISPERMACEAE,"Ayurveda, Siddha, Folk",Stephania hernandifolia (WILLD.) WALP.,,https://www.medicinalplants.in/searchpage/showdetails/xplant_id/41bb8e79ca9008863b51aee2e9b9ac0c/xclkon/3001c0837b219c672e4d6afe2a9d953a
Stephania japonica (THUNB.) MIERS.,MENISPERMACEAE,"Ayurveda, Siddha, Folk",Stephania hernandifolia (WILLD.) WALP.,,https://www.medicinalplants.in/searchpage/showdetails/xplant_id/41bb8e79ca9008863b51aee2e9b9ac0c/xclkon/3916703b2911721b5de07b2ef319a3f8
Stephania japonica (THUNB.) MIERS.,MENISPERMACEAE,"Ayurveda, Siddha, Folk",Stephania hernandifolia (WILLD.) WALP.,,https://www.medicinalplants.in/searchpage/showdetails/xplant_id/41bb8e79ca9008863b51aee2e9b9ac0c
Stephania japonica (THUNB.) MIERS.,MENISPERMACEAE,"Ayurveda, Siddha, Folk",Stephania hernandifolia (WILLD.) WALP.,,https://www.medicinalplants.in/searchpage/showdetails/xplant_id/41bb8e79ca9008863b51aee2e9b9ac0c/xclkon/0bfdcb2c5e1888717e88872407b4cefc
Mitragyna parvifolia KORTH.,RUBIACEAE,"Ayurveda, Siddha, Folk",,,https://www.medicinalplants.in/searchpage/showdetails/xplant_id/c63b9d4de6eebc46bbc1d65059f2ac0a/xclkon/2cab5f2308175f21b12a372627e5c0cf
Sterculia foetida L.,STERCULIACEAE,,,,https://www.medicinalplants.in/searchpage/showdetails/xplant_id/361a1529efe025c6910abe69819bdad9
Sterculia urens ROXB.,STERCULIACEAE,,,,https://www.medicinalplants.in/searchpage/showdetails/xplant_id/d2812c751d8ab321390af1b261bb465c
,BIGNONIACEAE,"Ayurveda, Siddha, Folk, Sowa-Rigpa",,,https://www.medicinalplants.in/searchpage/showdetails/xplant_id/313938af7d4fee70d5638abc68208358
,BIGNONIACEAE,"Ayurveda, Siddha, Folk, Sowa-Rigpa",,,https://www.medicinalplants.in/searchpage/showdetails/xplant_id/313938af7d4fee70d5638abc68208358/xclkon/4954a0c0ad0cc487ee7ad1a31fb72e5b
Stereospermum chelonoides (L.F.) DC.,BIGNONIACEAE,"Ayurveda, Siddha, Unani, Folk, Sowa-Rigpa",Bignonia chelonoides L.F.,,https://www.medicinalplants.in/searchpage/showdetails/xplant_id/81a7142da6d3e9316c713044dd02140d/xclkon/d0cb50c09044ca93fc581652ab7273db
,BIGNONIACEAE,"Ayurveda, Siddha, Folk, Sowa-Rigpa",,,https://www.medicinalplants.in/searchpage/showdetails/xplant_id/313938af7d4fee70d5638abc68208358/xclkon/80e9e02279c6d39c020f91ccdd2a8eca
,BIGNONIACEAE,"Ayurveda, Siddha, Folk",,,https://www.medicinalplants.in/searchpage/showdetails/xplant_id/8eb5bffeca052079f62e14fa39ccdccb/xclkon/fbff2c651359d39df2e8b3914c25fd2f
,ARACEAE,"Ayurveda, Folk",,,https://www.medicinalplants.in/searchpage/showdetails/xplant_id/75bbd308a2c6ab831c357551ad62b66e/xclkon/d66e00bc9a5767176824632ac52edd4e
Streblus asper LOUR.,MORACEAE,"Ayurveda, Siddha, Folk",,,https://www.medicinalplants.in/searchpage/showdetails/xplant_id/f4edbb3dc062cd9cf2e810d93a2163be
Striga asiatica (L.) KUNTZE,SCROPHULARIACEAE,"Ayurveda, Siddha",Striga lutea LOUR,,https://www.medicinalplants.in/searchpage/showdetails/xplant_id/44e68c8d967e0bc2f904d929be9942bb
Striga asiatica (L.) KUNTZE,SCROPHULARIACEAE,"Ayurveda, Siddha",Striga lutea LOUR,,https://www.medicinalplants.in/searchpage/showdetails/xplant_id/44e68c8d967e0bc2f904d929be9942bb/xclkon/7871473ff327b614b1034c6f9aadc046
Nilgirianthus ciliatus (NEES) BREMEK.,ACANTHACEAE,"Ayurveda, Folk",Strobilanthes ciliatus NEES,,https://www.medicinalplants.in/searchpage/showdetails/xplant_id/dd1b1600cfdfa3e3949a254c79db28a8/xclkon/77fb661cb557006e9b47bcc626bef0a4
,LOGANIACEAE,,,,https://www.medicinalplants.in/searchpage/showdetails/xplant_id/25e0dd121cb70c8593ee55a204ce27d3
Strychnos nux-vomica L.,LOGANIACEAE,,,,https://www.medicinalplants.in/searchpage/showdetails/xplant_id/f1deb6a97a7f8320dd2e75271d7d8f15
Strychnos potatorum L.,LOGANIACEAE,,,,https://www.medicinalplants.in/searchpage/showdetails/xplant_id/f7483e2d8671cc116f6d1cc75dfaf48c
,STYRACACEAE,,,,https://www.medicinalplants.in/searchpage/showdetails/xplant_id/6524416167c64ed6439eadc21e00b6f1
,STYRACACEAE,,,,https://www.medicinalplants.in/searchpage/showdetails/xplant_id/fafc502b1c8908fa9c00e1e91da76370
,STYRACACEAE,,,,https://www.medicinalplants.in/searchpage/showdetails/xplant_id/8988810ba31d0a4cdb0c9ca4b55340c2
Swertia alata ROYLE EX. D.DON,GENTIANACEAE,,,,https://www.medicinalplants.in/searchpage/showdetails/xplant_id/e8de6387d689453520d0efff1fb6c0ad
Swertia angustifolia HAM.,GENTIANACEAE,"Ayurveda, Unani, Folk",,,https://www.medicinalplants.in/searchpage/showdetails/xplant_id/0c1543c8c26dc2d082d8d18a25bb166a/xclkon/d04a45046c7e8ff4d06d9b75314765c0
Swertia angustifolia HAM.,GENTIANACEAE,"Ayurveda, Unani, Folk",,,https://www.medicinalplants.in/searchpage/showdetails/xplant_id/0c1543c8c26dc2d082d8d18a25bb166a
"Swertia chirayita ROXB. EX  (FLEMING) KARST. X Family - GENTIANACEAE System(s) of Indian Medicine - Ayurveda, Siddha, Unani, Homeopathy, Folk, Sowa-Rigpa Botanical Synonyms (3) - Gentiana chirayta ROXB.",GENTIANACEAE,"Ayurveda, Siddha, Unani, Homeopathy, Folk, Sowa-Rigpa",Gentiana chirayta ROXB.,,https://www.medicinalplants.in/searchpage/showdetails/xplant_id/694eb1f52999a025e8a35b35aa3d4935/xclkon/f7d394b037ec5505be0b04ad4350411b
"Swertia chirayita ROXB. EX  (FLEMING) KARST. X Family - GENTIANACEAE System(s) of Indian Medicine - Ayurveda, Siddha, Unani, Homeopathy, Folk, Sowa-Rigpa Botanical Synonyms (3) - Gentiana chirayta ROXB.",GENTIANACEAE,"Ayurveda, Siddha, Unani, Homeopathy, Folk, Sowa-Rigpa",Gentiana chirayta ROXB.,,https://www.medicinalplants.in/searchpage/showdetails/xplant_id/694eb1f52999a025e8a35b35aa3d4935
Swertia ciliata (G.DON) BURTT.,GENTIANACEAE,,,,https://www.medicinalplants.in/searchpage/showdetails/xplant_id/25169ad5f7e18e5014942f3d540b20fe
"Swertia densiflora (GRISEB.) KASHYAPPA X Family - GENTIANACEAE System(s) of Indian Medicine - Ayurveda, Unani, Folk Botanical Synonyms (2) - Ophelia multiflora DATZ.",GENTIANACEAE,"Ayurveda, Unani, Folk",Ophelia multiflora DATZ.,,https://www.medicinalplants.in/searchpage/showdetails/xplant_id/fce685990b9a57dd587ff62a38ca2e53/xclkon/73661e0c7a1b99f29b34a40956d4f2ea
"Swertia densiflora (GRISEB.) KASHYAPPA X Family - GENTIANACEAE System(s) of Indian Medicine - Ayurveda, Unani, Folk Botanical Synonyms (2) - Ophelia multiflora DATZ.",GENTIANACEAE,"Ayurveda, Unani, Folk",Ophelia multiflora DATZ.,,https://www.medicinalplants.in/searchpage/showdetails/xplant_id/fce685990b9a57dd587ff62a38ca2e53
Swertia lawii BURKILL,GENTIANACEAE,,,,https://www.medicinalplants.in/searchpage/showdetails/xplant_id/17c1cc9bcebc02d3be4057450a678fe1
Swertia paniculata WALL.,GENTIANACEAE,,,,https://www.medicinalplants.in/searchpage/showdetails/xplant_id/347ceeac4a1cc362ed84fd8a93777413
Swertia angustifolia HAM.,GENTIANACEAE,"Ayurveda, Unani, Folk",,,https://www.medicinalplants.in/searchpage/showdetails/xplant_id/0c1543c8c26dc2d082d8d18a25bb166a/xclkon/207a5d05f7c7510a44dadf46e6a7cf92
Soymida febrifuga (ROXB.) A.JUSS.,MELIACEAE,"Ayurveda, Siddha, Unani, Folk, Sowa-Rigpa",Swietenia febrifuga ROXB.,,https://www.medicinalplants.in/searchpage/showdetails/xplant_id/9d1c44e2d233abc3e05fb6a63084cd5f/xclkon/41fa9edf29a259f17765685187082610
Symplocos paniculata (THUNB.) MIQ.,SYMPLOCACEAE,"Ayurveda, Unani, Sowa-Rigpa",Symplocos crataegoides BUCH.-HAM. EX.DON,,https://www.medicinalplants.in/searchpage/showdetails/xplant_id/2dd10c79c17ceb302f76666246d1011f/xclkon/9f42d3acadc0985fbabc78d8acac118d
Symplocos paniculata (THUNB.) MIQ.,SYMPLOCACEAE,"Ayurveda, Unani, Sowa-Rigpa",Symplocos crataegoides BUCH.-HAM. EX.DON,,https://www.medicinalplants.in/searchpage/showdetails/xplant_id/2dd10c79c17ceb302f76666246d1011f
Symplocos racemosa ROXB.,SYMPLOCACEAE,"Ayurveda, Siddha, Unani, Folk, Sowa-Rigpa",,,https://www.medicinalplants.in/searchpage/showdetails/xplant_id/f19728e96d6246c0e2dcbe2d59406afc
Symplocos cochinchinensis S.MOORE subsp. laurina (RETZ.) NOOTEBOOM var. laurina,SYMPLOCACEAE,Ayurveda,Symplocos spicata ROXB.,,https://www.medicinalplants.in/searchpage/showdetails/xplant_id/cea7e394fde898d69c68bc053c1c4e35/xclkon/9c47a238935417a144a4b13d308de390
,SYMPLOCACEAE,,,,https://www.medicinalplants.in/searchpage/showdetails/xplant_id/aa67a582f89f480c97b66b7dae98ad79
,ARACEAE,"Ayurveda, Siddha, Folk",,,https://www.medicinalplants.in/searchpage/showdetails/xplant_id/e1bd9ee6d48fd0a3f77cede18ddaee29/xclkon/d4a48b7f57b914b0352d16ea7a54a0ed
,BRASSICACEAE,"Ayurveda, Unani",,,https://www.medicinalplants.in/searchpage/showdetails/xplant_id/11906f10a5e39aa8e0128d4f9e7a93ac/xclkon/6a31165d461972c0de7795b5e05a8457
Syzygium aromaticum (L.) MERRILL & PERRY,MYRTACEAE,"Ayurveda, Siddha, Unani, Folk, Sowa-Rigpa",Caryophyllus aromaticus L.,,https://www.medicinalplants.in/searchpage/showdetails/xplant_id/bce5381d0e29d38670508eacc491b6fd
Syzygium caryophyllatum (L.) ALSTON,MYRTACEAE,"Ayurveda, Siddha, Unani",Eugenia caryophyllaea WIGHT,,https://www.medicinalplants.in/searchpage/showdetails/xplant_id/093b03a0efaab52e275a0c9758b65611/xclkon/14669b72cf4fb79bdf85893f80bbb346
Syzygium caryophyllatum (L.) ALSTON,MYRTACEAE,"Ayurveda, Siddha, Unani",Eugenia caryophyllaea WIGHT,,https://www.medicinalplants.in/searchpage/showdetails/xplant_id/093b03a0efaab52e275a0c9758b65611
,MYRTACEAE,"Ayurveda, Siddha, Folk",,,https://www.medicinalplants.in/searchpage/showdetails/xplant_id/4efa3c8ab8470683e4fdd873f89452c4
Syzygium cumini (L.) SKEELS,MYRTACEAE,"Ayurveda, Siddha, Unani, Homeopathy, Folk, Sowa-Rigpa",Calyptranthes jambolana MOON. Eugenia jambolana LAM.,,https://www.medicinalplants.in/searchpage/showdetails/xplant_id/d5469b2ff22373aaaa14897e42ad27ef/xclkon/8570d386b0bd69493c9bd5ce0d74c115
Syzygium cumini (L.) SKEELS,MYRTACEAE,"Ayurveda, Siddha, Unani, Homeopathy, Folk, Sowa-Rigpa",Calyptranthes jambolana MOON. Eugenia jambolana LAM.,,https://www.medicinalplants.in/searchpage/showdetails/xplant_id/d5469b2ff22373aaaa14897e42ad27ef/xclkon/555ff86ef28f78419f94a88b4a9f421f
Syzygium jambos (L.) ALSTON,MYRTACEAE,"Ayurveda, Siddha, Unani, Homeopathy, Folk",Eugenia jambos L.,,https://www.medicinalplants.in/searchpage/showdetails/xplant_id/9adbf18a4ccfab843085149dff116ec3
Tabernaemontana alternifolia L.,APOCYNACEAE,,,,https://www.medicinalplants.in/searchpage/showdetails/xplant_id/af8b148950afdfa62dbff72f4710f1ad
Tabernaemontana divaricata (L.) ROEM. & SCHULT.,APOCYNACEAE,"Ayurveda, Siddha, Folk",Ervatamia coronaria (JACQ.) STAPF.,,https://www.medicinalplants.in/searchpage/showdetails/xplant_id/5f8bfd4196998db48c75cf43cc008be3/xclkon/5c7f553bf903a7526d122f802c99d498
Tabernaemontana crispa ROBT.,APOCYNACEAE,,,,https://www.medicinalplants.in/searchpage/showdetails/xplant_id/16997eafb84a101440688745610b944e
Tabernaemontana divaricata (L.) ROEM. & SCHULT.,APOCYNACEAE,"Ayurveda, Siddha, Folk",Ervatamia coronaria (JACQ.) STAPF.,,https://www.medicinalplants.in/searchpage/showdetails/xplant_id/5f8bfd4196998db48c75cf43cc008be3
,TACCACEAE,"Ayurveda, Folk",,,https://www.medicinalplants.in/searchpage/showdetails/xplant_id/4eae01bae77d3474410eee3844a23ae0/xclkon/219c67adddca069b4e42bb47b7d1de47
,TACCACEAE,"Ayurveda, Folk",,,https://www.medicinalplants.in/searchpage/showdetails/xplant_id/4eae01bae77d3474410eee3844a23ae0
Tagetes erecta L.,ASTERACEAE,,,,https://www.medicinalplants.in/searchpage/showdetails/xplant_id/4db09e7f672ba6fd75810ec84f6a2b15
Tamarindus indica L.,CAESALPINIACEAE,,,,https://www.medicinalplants.in/searchpage/showdetails/xplant_id/01649c8cebf19249351228352a1554c0
Tamarix aphylla (L.) KARST.,TAMARICACEAE,,,,https://www.medicinalplants.in/searchpage/showdetails/xplant_id/0750efa16d4c097c6f8f138e19e4548c
Tamarix dioica ROXB. EX. ROTH,TAMARICACEAE,,,,https://www.medicinalplants.in/searchpage/showdetails/xplant_id/568de93ec016020b4d23423056fc0759
Tamarix ericoides ROTTL.,TAMARICACEAE,,,,https://www.medicinalplants.in/searchpage/showdetails/xplant_id/c9e22ae8840541dd323dddc2366b7c51
Tamarix indica ROXB.,TAMARICACEAE,"Ayurveda, Siddha, Unani, Folk",Tamarix gallica AUCT. NON.L.,,https://www.medicinalplants.in/searchpage/showdetails/xplant_id/5d9a068c199a63264dd61b8ea1699c83/xclkon/ed8329df880c5f369e48a6062d530450
Tamarix indica ROXB.,TAMARICACEAE,"Ayurveda, Siddha, Unani, Folk",Tamarix gallica AUCT. NON.L.,,https://www.medicinalplants.in/searchpage/showdetails/xplant_id/5d9a068c199a63264dd61b8ea1699c83
Tamarix indica ROXB.,TAMARICACEAE,"Ayurveda, Siddha, Unani, Folk",Tamarix gallica AUCT. NON.L.,,https://www.medicinalplants.in/searchpage/showdetails/xplant_id/5d9a068c199a63264dd61b8ea1699c83/xclkon/fcfbd248725443b978f43146fbac8540
Hydnocarpus kurzii (KING) WARB.,FLACOURTIACEAE,"Ayurveda, Siddha, Folk",Taraktogenos kurzii KING,,https://www.medicinalplants.in/searchpage/showdetails/xplant_id/c978bf24ff9aa78a5834419188d62bbf/xclkon/654f5593575669857ab3a3c75be22f11
Taraxacum officinale WIGGERS,ASTERACEAE,"Ayurveda, Homeopathy, Folk",,,https://www.medicinalplants.in/searchpage/showdetails/xplant_id/2956190e7980e0334b6a89f146d99e11
Taraxacum officinale WIGGERS,ASTERACEAE,"Ayurveda, Homeopathy, Folk",,,https://www.medicinalplants.in/searchpage/showdetails/xplant_id/2956190e7980e0334b6a89f146d99e11/xclkon/a32921b96088d6a02773bf4fcf89ca6e
"Taxus wallichiana ZUCC. X Family - TAXACEAE System(s) of Indian Medicine - Ayurveda, Siddha, Unani, Homeopathy, Folk, Sowa-Rigpa Botanical Synonyms (1) - Taxus baccata L. subsp. wallichiana ZUCC.",TAXACEAE,"Ayurveda, Siddha, Unani, Homeopathy, Folk, Sowa-Rigpa",Taxus baccata L. subsp. wallichiana ZUCC.,,https://www.medicinalplants.in/searchpage/showdetails/xplant_id/8aa31f676d373d439a844b0cfc081853/xclkon/88ff95e12ea175e96fff7c57b2563984
"Taxus wallichiana ZUCC. X Family - TAXACEAE System(s) of Indian Medicine - Ayurveda, Siddha, Unani, Homeopathy, Folk, Sowa-Rigpa Botanical Synonyms (1) - Taxus baccata L. subsp. wallichiana ZUCC.",TAXACEAE,"Ayurveda, Siddha, Unani, Homeopathy, Folk, Sowa-Rigpa",Taxus baccata L. subsp. wallichiana ZUCC.,,https://www.medicinalplants.in/searchpage/showdetails/xplant_id/8aa31f676d373d439a844b0cfc081853
,BIGNONIACEAE,"Ayurveda, Folk",,,https://www.medicinalplants.in/searchpage/showdetails/xplant_id/f466bf653e4f8e96ab85828b892facc3/xclkon/53cccff00eded096ad7b1ccec6fe6f9e
,BIGNONIACEAE,"Ayurveda, Siddha, Sowa-Rigpa",,,https://www.medicinalplants.in/searchpage/showdetails/xplant_id/8b90e24bb8c514451b8da9271860c3e2/xclkon/ab9fbf4582fc880d27129a89dd0fff2d
,BIGNONIACEAE,"Ayurveda, Siddha, Sowa-Rigpa",,,https://www.medicinalplants.in/searchpage/showdetails/xplant_id/8b90e24bb8c514451b8da9271860c3e2
Tectona grandis L.F.,VERBENACEAE,,,,https://www.medicinalplants.in/searchpage/showdetails/xplant_id/c9c2d547fb6e13de08f4c2496e77b596
Cedrela toona ROXB.,MELIACEAE,"Ayurveda, Siddha, Unani, Folk",Teona ciliata ROEM. Toona ciliata ROEM.,,https://www.medicinalplants.in/searchpage/showdetails/xplant_id/52c82345cac6d02ebb5565290d2a1171/xclkon/f8257f77823e1ae9ad01644713583c09
Tephrosia candida DC.,ASTERACEAE,,,,https://www.medicinalplants.in/searchpage/showdetails/xplant_id/4eedf36025f14af72691c7b1a267459a
Tephrosia purpurea PERS.,FABACEAE,"Ayurveda, Siddha, Unani, Folk",Galega purpurea L.,,https://www.medicinalplants.in/searchpage/showdetails/xplant_id/c8ed3ad40516a2873cf00155bc39949c/xclkon/740118e91cbb338173ea00990c0358ac
Tephrosia uniflora PERS. subsp. petrosa (BLATT. & HALLB.) GILLETT & ALI,FABACEAE,"Ayurveda, Folk",Tephrosia petrosa BLATTER & HALBB.,,https://www.medicinalplants.in/searchpage/showdetails/xplant_id/ae23b3d74504872e5cfdebb00a729e1c/xclkon/8946b42a345f9b2c999041ddee41ad60
,FABACEAE,Ayurveda,,,https://www.medicinalplants.in/searchpage/showdetails/xplant_id/aad7ccb1f4daaf79338d2734eef09598/xclkon/2b2278037e9d04a5feea28059913d1c3
Tephrosia purpurea PERS.,FABACEAE,"Ayurveda, Siddha, Unani, Folk",Galega purpurea L.,,https://www.medicinalplants.in/searchpage/showdetails/xplant_id/c8ed3ad40516a2873cf00155bc39949c
,FABACEAE,Ayurveda,,,https://www.medicinalplants.in/searchpage/showdetails/xplant_id/aad7ccb1f4daaf79338d2734eef09598
,FABACEAE,"Ayurveda, Siddha",,,https://www.medicinalplants.in/searchpage/showdetails/xplant_id/25f06264b7839a4ed3da205ea71d0af7
Tephrosia uniflora PERS. subsp. petrosa (BLATT. & HALLB.) GILLETT & ALI,FABACEAE,"Ayurveda, Folk",Tephrosia petrosa BLATTER & HALBB.,,https://www.medicinalplants.in/searchpage/showdetails/xplant_id/ae23b3d74504872e5cfdebb00a729e1c
Tephrosia uniflora PERS. subsp. petrosa (BLATT. & HALLB.) GILLETT & ALI,FABACEAE,"Ayurveda, Folk",Tephrosia petrosa BLATTER & HALBB.,,https://www.medicinalplants.in/searchpage/showdetails/xplant_id/ae23b3d74504872e5cfdebb00a729e1c/xclkon/2ee1929c97b119f74dac6bf8d671de7a
Tephrosia villosa PERS.,FABACEAE,,,,https://www.medicinalplants.in/searchpage/showdetails/xplant_id/ab324720e5b92d715c72ef34772ff7dc
Teramnus labialis (L.F.) SPRENG.,FABACEAE,"Ayurveda, Siddha, Folk, Sowa-Rigpa",Glycine labialis L.F.,,https://www.medicinalplants.in/searchpage/showdetails/xplant_id/4aea6ebfaefe12f31f04100b9c6edbe3
Terminalia alata HEYNE EX ROTH.,COMBRETACEAE,"Ayurveda, Siddha, Folk, Sowa-Rigpa",Terminalia tomentosa (ROXB.) WIGHT. & ARN.,,https://www.medicinalplants.in/searchpage/showdetails/xplant_id/86057de192d9bbcf3e44e0e5333f2b64
Terminalia arjuna (ROXB.) WIGHT & ARN.,COMBRETACEAE,,,,https://www.medicinalplants.in/searchpage/showdetails/xplant_id/99fb9bdc36beb315723723c5c92057a3
"Terminalia bellirica (GAERTN.) ROXB. X Family - COMBRETACEAE System(s) of Indian Medicine - Ayurveda, Siddha, Unani, Folk Botanical Synonyms (2) - Terminalia bellerica ROXB. Terminalia bellerica ROXB. var. laurinoides CL.",COMBRETACEAE,"Ayurveda, Siddha, Unani, Folk",Terminalia bellerica ROXB. Terminalia bellerica ROXB. var. laurinoides CL.,,https://www.medicinalplants.in/searchpage/showdetails/xplant_id/74ea462d0dcfe9b55fde6363be35f860/xclkon/e7c274c1b5e01be0b009459d126eaa4d
"Terminalia bellirica (GAERTN.) ROXB. X Family - COMBRETACEAE System(s) of Indian Medicine - Ayurveda, Siddha, Unani, Folk Botanical Synonyms (2) - Terminalia bellerica ROXB. Terminalia bellerica ROXB. var. laurinoides CL.",COMBRETACEAE,"Ayurveda, Siddha, Unani, Folk",Terminalia bellerica ROXB. Terminalia bellerica ROXB. var. laurinoides CL.,,https://www.medicinalplants.in/searchpage/showdetails/xplant_id/74ea462d0dcfe9b55fde6363be35f860/xclkon/8ae1114f52cf96ea2bb2c928b89169bb
"Terminalia bellirica (GAERTN.) ROXB. X Family - COMBRETACEAE System(s) of Indian Medicine - Ayurveda, Siddha, Unani, Folk Botanical Synonyms (2) - Terminalia bellerica ROXB. Terminalia bellerica ROXB. var. laurinoides CL.",COMBRETACEAE,"Ayurveda, Siddha, Unani, Folk",Terminalia bellerica ROXB. Terminalia bellerica ROXB. var. laurinoides CL.,,https://www.medicinalplants.in/searchpage/showdetails/xplant_id/74ea462d0dcfe9b55fde6363be35f860
Terminalia catappa L.,COMBRETACEAE,,,,https://www.medicinalplants.in/searchpage/showdetails/xplant_id/b9880fdf888850fe2f4fc4134a4e94fa
Terminalia chebula RETZ. & WILLD.,COMBRETACEAE,"Ayurveda, Siddha, Unani, Homeopathy, Folk, Sowa-Rigpa",,,https://www.medicinalplants.in/searchpage/showdetails/xplant_id/1c090b5873f7cf6d85f730f4e934ce43
,COMBRETACEAE,,,,https://www.medicinalplants.in/searchpage/showdetails/xplant_id/c9cc216f61884c10613da2aca472512d
,COMBRETACEAE,,,,https://www.medicinalplants.in/searchpage/showdetails/xplant_id/6a861c7696903b246df02dc2554cedca
,COMBRETACEAE,,,,https://www.medicinalplants.in/searchpage/showdetails/xplant_id/930adffed454725cd819c95037643c44
Terminalia paniculata ROTH,COMBRETACEAE,,,,https://www.medicinalplants.in/searchpage/showdetails/xplant_id/456660426a4e4fe06fc14188081c3c62
Terminalia chebula RETZ. & WILLD.,COMBRETACEAE,"Ayurveda, Siddha, Unani, Homeopathy, Folk, Sowa-Rigpa",,,https://www.medicinalplants.in/searchpage/showdetails/xplant_id/1c090b5873f7cf6d85f730f4e934ce43/xclkon/eba3779f4cbccce0f2323fa4b903b6a4
Terminalia alata HEYNE EX ROTH.,COMBRETACEAE,"Ayurveda, Siddha, Folk, Sowa-Rigpa",Terminalia tomentosa (ROXB.) WIGHT. & ARN.,,https://www.medicinalplants.in/searchpage/showdetails/xplant_id/86057de192d9bbcf3e44e0e5333f2b64/xclkon/5cf3224103a3f496a17796df9c4cee99
Tetracera scandens (L.) MERR,DILLENIACEAE,"Ayurveda, Folk",,,https://www.medicinalplants.in/searchpage/showdetails/xplant_id/302b15d9541dfb162fbfdd1b15a2fe25
Thalictrum foliolosum DC.,RANUNCULACEAE,,,,https://www.medicinalplants.in/searchpage/showdetails/xplant_id/8329dbfc329003a3b3ad1161608b00ac
Thespesia lampas (CAV.) DALZ. EX DALZ.,MALVACEAE,"Ayurveda, Siddha, Folk",Azanza lampas (CAV.) ALEF.,,https://www.medicinalplants.in/searchpage/showdetails/xplant_id/dce52209e08745bc3ad7912e59b35047
Thespesia populnea (L.) SOL.EX. CORREA,MALVACEAE,"Ayurveda, Siddha, Unani, Folk",Hibiscus populneus L.,,https://www.medicinalplants.in/searchpage/showdetails/xplant_id/2cb098aab4546846e90d3847fd23c2b2
Cascabela thevetia (L.) LIPPOLD,APOCYNACEAE,"Ayurveda, Siddha, Homeopathy, Folk, Sowa-Rigpa",Thevetia neriifolia JUSS. EX. STEUDEL,,https://www.medicinalplants.in/searchpage/showdetails/xplant_id/5d98e136bf835caf4ca695c306d4299f/xclkon/b7ed09bfd52a6f46b3806c201d93e242
Cascabela thevetia (L.) LIPPOLD,APOCYNACEAE,"Ayurveda, Siddha, Homeopathy, Folk, Sowa-Rigpa",Thevetia neriifolia JUSS. EX. STEUDEL,,https://www.medicinalplants.in/searchpage/showdetails/xplant_id/5d98e136bf835caf4ca695c306d4299f/xclkon/f555ec23be2a626c6e279cccb93d0a68
,LAMIACEAE,"Ayurveda, Unani, Homeopathy, Folk",,,https://www.medicinalplants.in/searchpage/showdetails/xplant_id/864390e41471024ac71fcfada20e4a86/xclkon/cf1e879d6e0c4478328acc26a8c81fd9
Thysanolaena maxima (ROXB.) KUNTZE,POACEAE,"Ayurveda, Folk, Sowa-Rigpa",,,https://www.medicinalplants.in/searchpage/showdetails/xplant_id/ebd705058811d25aac1cbe75f327bd20/xclkon/8b0668e11db5354512cc8fa5c301231d
Thysanolaena maxima (ROXB.) KUNTZE,POACEAE,"Ayurveda, Folk, Sowa-Rigpa",,,https://www.medicinalplants.in/searchpage/showdetails/xplant_id/ebd705058811d25aac1cbe75f327bd20
,POACEAE,,,,https://www.medicinalplants.in/searchpage/showdetails/xplant_id/deb6873d4d874e7cbd3454703404ef0d
Heliotropium indicum L.,BORAGINACEAE,"Ayurveda, Siddha, Unani, Folk",,,https://www.medicinalplants.in/searchpage/showdetails/xplant_id/c9fb71a0860e0d8a65c8c53554b10171/xclkon/1f836623693cfa7306698e6c87911a07
Tinospora cordifolia (WILLD.) HOOK.F. & THOMS.,MENISPERMACEAE,"Ayurveda, Siddha, Unani, Homeopathy, Folk, Sowa-Rigpa",Cocculus cordifolius (WILLD.) DC. Menispermum cordifolium WILLD.,,https://www.medicinalplants.in/searchpage/showdetails/xplant_id/3a227d75a9ed29dd6632ef3de7bb0289
Tinospora sinensis (LOUR.) MERR.,MENISPERMACEAE,"Ayurveda, Siddha, Folk",Tinospora malabarica (LAM.) HOOK F. & THOMS.,,https://www.medicinalplants.in/searchpage/showdetails/xplant_id/6afe7a03ff6471d6d529a33af35f7db7/xclkon/197237f4ce6e52a222720e3d35c2a7de
Tinospora sinensis (LOUR.) MERR.,MENISPERMACEAE,"Ayurveda, Siddha, Folk",Tinospora malabarica (LAM.) HOOK F. & THOMS.,,https://www.medicinalplants.in/searchpage/showdetails/xplant_id/6afe7a03ff6471d6d529a33af35f7db7
Tinospora sinensis (LOUR.) MERR.,MENISPERMACEAE,"Ayurveda, Siddha, Folk",Tinospora malabarica (LAM.) HOOK F. & THOMS.,,https://www.medicinalplants.in/searchpage/showdetails/xplant_id/6afe7a03ff6471d6d529a33af35f7db7/xclkon/c00992191bf4df793d2dc9e2590167f2
Toddalia asiatica (L.) LAM.,RUTACEAE,"Ayurveda, Siddha, Folk",Scolopia aculeata SM.,,https://www.medicinalplants.in/searchpage/showdetails/xplant_id/96f20205aea37f5df8b167fbe9761d22/xclkon/40a881478e2ce829a5e5a8b362abfdd0
Toddalia asiatica (L.) LAM.,RUTACEAE,"Ayurveda, Siddha, Folk",Scolopia aculeata SM.,,https://www.medicinalplants.in/searchpage/showdetails/xplant_id/96f20205aea37f5df8b167fbe9761d22
Vepris bilocularis (WIGHT & ARN.) ENGL.,RUTACEAE,"Ayurveda, Folk",Toddalia bilocularis W. & A.,,https://www.medicinalplants.in/searchpage/showdetails/xplant_id/17b1d5dd40bb1607b80604cffca49b87/xclkon/fae55a68918641f19906aaf4109fa463
Cedrela toona ROXB.,MELIACEAE,"Ayurveda, Siddha, Unani, Folk",Teona ciliata ROEM. Toona ciliata ROEM.,,https://www.medicinalplants.in/searchpage/showdetails/xplant_id/52c82345cac6d02ebb5565290d2a1171/xclkon/296cfdd4a2e3d8aa9d79bb88bcc329ef
,SCROPHULARIACEAE,"Ayurveda, Siddha, Folk",,,https://www.medicinalplants.in/searchpage/showdetails/xplant_id/7697ed2f7614fc94766ad2f3c6601046/xclkon/3d703398c1bc8b178a951a593b820a39
,SCROPHULARIACEAE,"Ayurveda, Siddha, Folk",,,https://www.medicinalplants.in/searchpage/showdetails/xplant_id/7697ed2f7614fc94766ad2f3c6601046
Trachyspermum ammi (L.) SPRAGUE,APIACEAE,"Ayurveda, Siddha, Unani, Folk, Sowa-Rigpa",Carum copticum BENTH.,,https://www.medicinalplants.in/searchpage/showdetails/xplant_id/30456577a3723bdb91e400b8b7993f8c
Trachyspermum roxburghianum (DC.) CRAIB,APIACEAE,"Ayurveda, Siddha, Unani, Folk",Carum roxburghianum KURZ.,,https://www.medicinalplants.in/searchpage/showdetails/xplant_id/de4d1df014cf5312e958df4df1806039
Tragia bicolor MIQ.,EUPHORBIACEAE,,,,https://www.medicinalplants.in/searchpage/showdetails/xplant_id/8518028f4be71d092f7ec6ece0df1a6c
Tragia cannabina L.F.,EUPHORBIACEAE,,,,https://www.medicinalplants.in/searchpage/showdetails/xplant_id/07d3d8b18b5852b61d1de1edefcc060e
,EUPHORBIACEAE,,,,https://www.medicinalplants.in/searchpage/showdetails/xplant_id/76214503997a4763deaab22286aec85b
,EUPHORBIACEAE,,,,https://www.medicinalplants.in/searchpage/showdetails/xplant_id/b01a1fd60173f420a8968502cd3217e5
Tragia involucrata L.,EUPHORBIACEAE,,,,https://www.medicinalplants.in/searchpage/showdetails/xplant_id/203d31d36424aa51a59e67b391b11cd2
"Trapa natans L. X Family - TRAPACEAE System(s) of Indian Medicine - Ayurveda, Siddha, Unani, Folk Botanical Synonyms (3) - Trapa bicornis L. F. Trapa bispinosa ROXB.",TRAPACEAE,"Ayurveda, Siddha, Unani, Folk",Trapa bicornis L. F. Trapa bispinosa ROXB.,,https://www.medicinalplants.in/searchpage/showdetails/xplant_id/799e694af67e27103923c13b96c17c88/xclkon/8e0cb253d81f0e515da8f9b4fb5e8187
"Trapa natans L. X Family - TRAPACEAE System(s) of Indian Medicine - Ayurveda, Siddha, Unani, Folk Botanical Synonyms (3) - Trapa bicornis L. F. Trapa bispinosa ROXB.",TRAPACEAE,"Ayurveda, Siddha, Unani, Folk",Trapa bicornis L. F. Trapa bispinosa ROXB.,,https://www.medicinalplants.in/searchpage/showdetails/xplant_id/799e694af67e27103923c13b96c17c88/xclkon/6cd791fd69e9053cf6cbcb60d3adf819
"Trapa natans L. X Family - TRAPACEAE System(s) of Indian Medicine - Ayurveda, Siddha, Unani, Folk Botanical Synonyms (3) - Trapa bicornis L. F. Trapa bispinosa ROXB.",TRAPACEAE,"Ayurveda, Siddha, Unani, Folk",Trapa bicornis L. F. Trapa bispinosa ROXB.,,https://www.medicinalplants.in/searchpage/showdetails/xplant_id/799e694af67e27103923c13b96c17c88
"Trapa natans L. X Family - TRAPACEAE System(s) of Indian Medicine - Ayurveda, Siddha, Unani, Folk Botanical Synonyms (3) - Trapa bicornis L. F. Trapa bispinosa ROXB.",TRAPACEAE,"Ayurveda, Siddha, Unani, Folk",Trapa bicornis L. F. Trapa bispinosa ROXB.,,https://www.medicinalplants.in/searchpage/showdetails/xplant_id/799e694af67e27103923c13b96c17c88/xclkon/5067dba0b11cc4c27a497bd99e16be7c
Trema orientalis BL.,ULMACEAE,"Ayurveda, Siddha, Folk",,,https://www.medicinalplants.in/searchpage/showdetails/xplant_id/6386e337568c15d7b94fb65fb3857cfb
Trewia nudiflora L.,EUPHORBIACEAE,,,,https://www.medicinalplants.in/searchpage/showdetails/xplant_id/ceea966f718769aee7e35819054b4d07
Zaleya decandra (L.) BURM. F.,AIZOACEAE,"Ayurveda, Siddha, Folk",Trianthema decandra L. MANT.,,https://www.medicinalplants.in/searchpage/showdetails/xplant_id/1372e484a4544888cd653df753bfaf83/xclkon/c72ff456a59ea3b9fe163df8f041a0bd
Trianthema portulacastrum L.,AIZOACEAE,"Ayurveda, Siddha, Folk",Trianthema monogyna L.,,https://www.medicinalplants.in/searchpage/showdetails/xplant_id/2df78fec71f8a7390767f6a3406b4b8f/xclkon/9a0d5d2926de6d25f1bb70a5c4259d2b
Trianthema portulacastrum L.,AIZOACEAE,"Ayurveda, Siddha, Folk",Trianthema monogyna L.,,https://www.medicinalplants.in/searchpage/showdetails/xplant_id/2df78fec71f8a7390767f6a3406b4b8f
Tribulus lanuginosus L.,ZYGOPHYLLACEAE,,,,https://www.medicinalplants.in/searchpage/showdetails/xplant_id/8a31833a6d8d9c6be15e53a3491d27d8
Atalantia monophylla CORR.,RUTACEAE,"Ayurveda, Siddha, Folk",,,https://www.medicinalplants.in/searchpage/showdetails/xplant_id/03e6ba682e2d25c6bd3815a9202536d8/xclkon/4366c0ad5244dd461e05689c0c114e6c
Trichodesma indicum R.BR.,BORAGINACEAE,,,,https://www.medicinalplants.in/searchpage/showdetails/xplant_id/38ac72734be9d4e7aae2448ad9d8b407
Trichodesma zeylanicum R.BR.,BORAGINACEAE,,,,https://www.medicinalplants.in/searchpage/showdetails/xplant_id/06f10c1fd0fda565fd8888e0e798ab39
Tricholepis glaberrima DC.,ASTERACEAE,,,,https://www.medicinalplants.in/searchpage/showdetails/xplant_id/2f57a77e2ee2a731b67113510c90833a
Trichosanthes anguina L.,CUCURBITACEAE,,,,https://www.medicinalplants.in/searchpage/showdetails/xplant_id/f7cedd9933155d80eb3d2383c720264b
Trichosanthes tricuspidata LOUR.,CUCURBITACEAE,"Ayurveda, Siddha, Unani, Folk",Trichosanthes bracteata (LAM.) VOIGT.,,https://www.medicinalplants.in/searchpage/showdetails/xplant_id/10c009ddee3335e9c1322070d94244f8/xclkon/d20b123488676803b3a199344d789db9
Trichosanthes cordata ROXB.,CUCURBITACEAE,,,,https://www.medicinalplants.in/searchpage/showdetails/xplant_id/ac9cf86bc5e31644057b8166d6c0fb27
Trichosanthes cucumerina L.,CUCURBITACEAE,,,,https://www.medicinalplants.in/searchpage/showdetails/xplant_id/8f2570e1527708ce5a2b15f50a8da412
Trichosanthes dioica ROXB.,CUCURBITACEAE,,,,https://www.medicinalplants.in/searchpage/showdetails/xplant_id/41cf9dd964d4c6534572145645ac9589
Trichosanthes tricuspidata LOUR.,CUCURBITACEAE,"Ayurveda, Siddha, Unani, Folk",Trichosanthes bracteata (LAM.) VOIGT.,,https://www.medicinalplants.in/searchpage/showdetails/xplant_id/10c009ddee3335e9c1322070d94244f8/xclkon/d42862165a7158239f78e1702c7d9509
Trichosanthes lobata ROXB.,CUCURBITACEAE,,,,https://www.medicinalplants.in/searchpage/showdetails/xplant_id/4c35057af090dbaff4a2df93fe67fe7c
Trichosanthes tricuspidata LOUR.,CUCURBITACEAE,"Ayurveda, Siddha, Unani, Folk",Trichosanthes bracteata (LAM.) VOIGT.,,https://www.medicinalplants.in/searchpage/showdetails/xplant_id/10c009ddee3335e9c1322070d94244f8/xclkon/9f91fec85fa27e205b8b73f3d416ea6b
Trichosanthes tricuspidata LOUR.,CUCURBITACEAE,"Ayurveda, Siddha, Unani, Folk",Trichosanthes bracteata (LAM.) VOIGT.,,https://www.medicinalplants.in/searchpage/showdetails/xplant_id/10c009ddee3335e9c1322070d94244f8
Tridax procumbens L.,ASTERACEAE,,,,https://www.medicinalplants.in/searchpage/showdetails/xplant_id/1ab83c76f1c09cacf351ac6476d2541c
,FABACEAE,"Ayurveda, Unani, Homeopathy",,,https://www.medicinalplants.in/searchpage/showdetails/xplant_id/1772cff74942c87775cdd487df44d3d2/xclkon/d308c11efa3595c3bf2cdeb4b9f8e483
Trigonella corniculata L.,FABACEAE,,,,https://www.medicinalplants.in/searchpage/showdetails/xplant_id/a83ff2bd84b2aacbee5ed4e5625295e5
Trigonella foenum-graecum L.,FABACEAE,,,,https://www.medicinalplants.in/searchpage/showdetails/xplant_id/f4f94984f63807963edf1f9876b1b1c9
Triumfetta rhomboidea JACQ.,TILIACEAE,"Ayurveda, Siddha, Folk",Trimufetta rhomboidea JACQ. Triumfetta bartramia L.,,https://www.medicinalplants.in/searchpage/showdetails/xplant_id/bcce1ec86f24f6da681fb23f80151b5e/xclkon/396bb1c10f13ab257e76af7e5733f89d
Triticum aestivum L.,POACEAE,"Ayurveda, Siddha, Unani, Folk",Triticum sativum LAM. Triticum vulgare WILL.,,https://www.medicinalplants.in/searchpage/showdetails/xplant_id/3a9112b40b7e8b1aa8abd33288fde4c3
Triticum aestivum L.,POACEAE,"Ayurveda, Siddha, Unani, Folk",Triticum sativum LAM. Triticum vulgare WILL.,,https://www.medicinalplants.in/searchpage/showdetails/xplant_id/3a9112b40b7e8b1aa8abd33288fde4c3/xclkon/eed5223dce18f75a9710f5a6568e0492
Triticum aestivum L.,POACEAE,"Ayurveda, Siddha, Unani, Folk",Triticum sativum LAM. Triticum vulgare WILL.,,https://www.medicinalplants.in/searchpage/showdetails/xplant_id/3a9112b40b7e8b1aa8abd33288fde4c3/xclkon/fb33e34375b6f9166c1c900ba273f64f
Triumfetta rhomboidea JACQ.,TILIACEAE,"Ayurveda, Siddha, Folk",Trimufetta rhomboidea JACQ. Triumfetta bartramia L.,,https://www.medicinalplants.in/searchpage/showdetails/xplant_id/bcce1ec86f24f6da681fb23f80151b5e/xclkon/6dafe3d3d20ec7c91f46b0768c5a5519
Triumfetta rhomboidea JACQ.,TILIACEAE,"Ayurveda, Siddha, Folk",Trimufetta rhomboidea JACQ. Triumfetta bartramia L.,,https://www.medicinalplants.in/searchpage/showdetails/xplant_id/bcce1ec86f24f6da681fb23f80151b5e
Triumfetta rotundifolia LAM.,TILIACEAE,,,,https://www.medicinalplants.in/searchpage/showdetails/xplant_id/427434d878d5f9cdf9926ed3d54ebfab
Streblus asper LOUR.,MORACEAE,"Ayurveda, Siddha, Folk",,,https://www.medicinalplants.in/searchpage/showdetails/xplant_id/f4edbb3dc062cd9cf2e810d93a2163be/xclkon/e4edb4f1f287b573f964035966bab663
,LYCOPERDACEAE(FUNGUS),,,,https://www.medicinalplants.in/searchpage/showdetails/xplant_id/fe5fa70ed3ebf0666feab6c76670844b
Tylophora indica (BURM.F.) MERRILL,ASCLEPIADACEAE,"Ayurveda, Siddha, Homeopathy, Folk",Asclepias asthmatica WILLD.,,https://www.medicinalplants.in/searchpage/showdetails/xplant_id/1549400588c63584c7fe0037adf8a4e2/xclkon/917a3aae49ded4157e5b331b10b5cbbe
Tylophora fasciculata BUCH.-HAM. EX WIGHT,ASCLEPIADACEAE,,,,https://www.medicinalplants.in/searchpage/showdetails/xplant_id/2829e2e811d2932e6010e2ff244b64d3
Tylophora indica (BURM.F.) MERRILL,ASCLEPIADACEAE,"Ayurveda, Siddha, Homeopathy, Folk",Asclepias asthmatica WILLD.,,https://www.medicinalplants.in/searchpage/showdetails/xplant_id/1549400588c63584c7fe0037adf8a4e2
Typha angustata BORY & CHAUB,TYPHACEAE,"Ayurveda, Unani, Sowa-Rigpa",Typha angustifolia L.,,https://www.medicinalplants.in/searchpage/showdetails/xplant_id/a558896dba24db198ba0d82f09e264f3
Typha angustata BORY & CHAUB,TYPHACEAE,"Ayurveda, Unani, Sowa-Rigpa",Typha angustifolia L.,,https://www.medicinalplants.in/searchpage/showdetails/xplant_id/a558896dba24db198ba0d82f09e264f3/xclkon/bd3a08a50f64d66e509ac9001dd51b2e
,TYPHACEAE,"Ayurveda, Siddha, Folk",,,https://www.medicinalplants.in/searchpage/showdetails/xplant_id/99716c273a6973aaf2f8c64b19a9a67a
,TYPHACEAE,"Ayurveda, Siddha, Folk",,,https://www.medicinalplants.in/searchpage/showdetails/xplant_id/99716c273a6973aaf2f8c64b19a9a67a/xclkon/64802e2f21d5a83c893705969ef3da6b
,TYPHACEAE,,,,https://www.medicinalplants.in/searchpage/showdetails/xplant_id/5c35a1326ca8f7a3a2209ff89070612c
,RUBIACEAE,,,,https://www.medicinalplants.in/searchpage/showdetails/xplant_id/395bc40ddd513b21c0ece7c99bca0046
,RUBIACEAE,,,,https://www.medicinalplants.in/searchpage/showdetails/xplant_id/b24509b96e5fe6dccd5533430b8e4efd
Uvaria narum (DUNAL) WALL EX WIGHT,ANNONACEAE,"Ayurveda, Siddha",Unona narum DUN,,https://www.medicinalplants.in/searchpage/showdetails/xplant_id/30714778c9b213de0658f8db10cc04d9/xclkon/55000eaababc9ee8fbf164471bb80837
Uraria rufescens (DC.) SCHINDL.,FABACEAE,"Ayurveda, Folk",Uraria hamosa WALL. EX WIGHT & ARN.,,https://www.medicinalplants.in/searchpage/showdetails/xplant_id/6a51729911963f4064aefbef2dd454a7/xclkon/06e274c6c293a5a52b1f3885c379e3ef
Uraria lagopodioides DC.,FABACEAE,,,,https://www.medicinalplants.in/searchpage/showdetails/xplant_id/a745e6511f2c75d1fa248d140557f784
Uraria picta DESV.,FABACEAE,,,,https://www.medicinalplants.in/searchpage/showdetails/xplant_id/f4e82744c0c8bde20d33e0ab5275ea5e
Uraria rufescens (DC.) SCHINDL.,FABACEAE,"Ayurveda, Folk",Uraria hamosa WALL. EX WIGHT & ARN.,,https://www.medicinalplants.in/searchpage/showdetails/xplant_id/6a51729911963f4064aefbef2dd454a7
Urena lobata L.,MALVACEAE,,,,https://www.medicinalplants.in/searchpage/showdetails/xplant_id/f01b044e964868161e27d2b032a1e6af
,MALVACEAE,"Ayurveda, Siddha, Folk",,,https://www.medicinalplants.in/searchpage/showdetails/xplant_id/af650223ecff6a58df1d56a9bfe83fca/xclkon/9427ab843ad0933f22125dc31aa2f54f
,MALVACEAE,"Ayurveda, Siddha, Folk",,,https://www.medicinalplants.in/searchpage/showdetails/xplant_id/af650223ecff6a58df1d56a9bfe83fca
Drimia indica (ROXB.) J.P. JESSOP,LILIACEAE,"Ayurveda, Siddha, Unani, Folk",Urginea indica (ROXB) KUNTH.,,https://www.medicinalplants.in/searchpage/showdetails/xplant_id/6ddd9f01a806249ae8306064b767007a/xclkon/6689ee33b13257da64c29d622d98007e
Urtica dioica L.,URTICACEAE,,,,https://www.medicinalplants.in/searchpage/showdetails/xplant_id/585a92dc3364bcf9e36bc6ff58291de1
Uvaria narum (DUNAL) WALL EX WIGHT,ANNONACEAE,"Ayurveda, Siddha",Unona narum DUN,,https://www.medicinalplants.in/searchpage/showdetails/xplant_id/30714778c9b213de0658f8db10cc04d9
Valeriana hardwickii WALL.,VALERIANACEAE,,,,https://www.medicinalplants.in/searchpage/showdetails/xplant_id/cc75fd98be263a011e1e2c483d5e5835
Valeriana jatamansi JONES,VALERIANACEAE,"Ayurveda, Siddha, Unani, Folk, Sowa-Rigpa",Valeriana wallichii DC.,,https://www.medicinalplants.in/searchpage/showdetails/xplant_id/b3a8baa0289e77e7553be34f2edd76a3
,VALERIANACEAE,,,,https://www.medicinalplants.in/searchpage/showdetails/xplant_id/398ca628f4b2d4d8eb6a0500fe1725ee
,VALERIANACEAE,,,,https://www.medicinalplants.in/searchpage/showdetails/xplant_id/90ac6bb2da11ca14cdb19026e29584b0
Valeriana jatamansi JONES,VALERIANACEAE,"Ayurveda, Siddha, Unani, Folk, Sowa-Rigpa",Valeriana wallichii DC.,,https://www.medicinalplants.in/searchpage/showdetails/xplant_id/b3a8baa0289e77e7553be34f2edd76a3/xclkon/4c350576293cd1fc586d95682d8829ec
Vallaris solanacea (ROTH.) KUNTZE.,APOCYNACEAE,Ayurveda,Vallaris heynei SPRENG.,,https://www.medicinalplants.in/searchpage/showdetails/xplant_id/0c6b636f728d229222318d0f1987a3de/xclkon/4b0c25e59b722965755f63b289cb24c7
Vallaris solanacea (ROTH.) KUNTZE.,APOCYNACEAE,Ayurveda,Vallaris heynei SPRENG.,,https://www.medicinalplants.in/searchpage/showdetails/xplant_id/0c6b636f728d229222318d0f1987a3de
,ORCHIDACEAE,"Ayurveda, Siddha, Unani, Folk",,,https://www.medicinalplants.in/searchpage/showdetails/xplant_id/b4a68ee7faf972769d84e5807bcc987a/xclkon/6580f6265ff0441d7228d3aca933d27f
,ORCHIDACEAE,"Ayurveda, Siddha, Unani, Folk",,,https://www.medicinalplants.in/searchpage/showdetails/xplant_id/b4a68ee7faf972769d84e5807bcc987a
Meyna laxiflora ROBYNS,RUBIACEAE,Ayurveda,Vangueria spinosa SENSU HOOK.F.,,https://www.medicinalplants.in/searchpage/showdetails/xplant_id/98c810ae2787dceac870f83ad3b436de/xclkon/e5b14d150cddbfd8b162e299e25364d4
Vateria indica L.,DIPTEROCARPACEAE,"Ayurveda, Siddha, Unani, Folk",Vateria malabarica BLUME,,https://www.medicinalplants.in/searchpage/showdetails/xplant_id/4cb53b81e86d019935c6dc402d6307ca
Vateria indica L.,DIPTEROCARPACEAE,"Ayurveda, Siddha, Unani, Folk",Vateria malabarica BLUME,,https://www.medicinalplants.in/searchpage/showdetails/xplant_id/4cb53b81e86d019935c6dc402d6307ca/xclkon/0fbef8d5ef63ff1cfc1de24f1f2597ea
Ventilago madraspatana GAERTN.,RHAMNACEAE,,,,https://www.medicinalplants.in/searchpage/showdetails/xplant_id/c06cc677ccb629a0b1943f094219fae3
Vepris bilocularis (WIGHT & ARN.) ENGL.,RUTACEAE,"Ayurveda, Folk",Toddalia bilocularis W. & A.,,https://www.medicinalplants.in/searchpage/showdetails/xplant_id/17b1d5dd40bb1607b80604cffca49b87
Verbascum chinense (L.) SANT.,SCROPHULARIACEAE,"Ayurveda, Siddha, Folk",Celsia coromandeliana VAHL,,https://www.medicinalplants.in/searchpage/showdetails/xplant_id/a2f93928283eebce4a07933d8f360cc4
Verbascum chinense (L.) SANT.,SCROPHULARIACEAE,"Ayurveda, Siddha, Folk",Celsia coromandeliana VAHL,,https://www.medicinalplants.in/searchpage/showdetails/xplant_id/a2f93928283eebce4a07933d8f360cc4/xclkon/29a6762865b1e20fc802226b9baf28af
Phyla nodiflora (L.) GREENE,VERBENACEAE,"Ayurveda, Siddha, Unani, Folk",Lippia nodiflora MICH.,,https://www.medicinalplants.in/searchpage/showdetails/xplant_id/0168ddb652e357ac3bf768a36264f947/xclkon/0b4f44f6abff15eda1c022e0386dbb8a
Wedelia chinensis MERR.,ASTERACEAE,"Ayurveda, Siddha, Folk",Verbesina calendulacea L.,,https://www.medicinalplants.in/searchpage/showdetails/xplant_id/102b6ca8bd8a182ab3633a7f6a2ce63a/xclkon/8266dd488fd965ffae983429e5177e83
Acacia farnesiana (L.) WILLD.,MIMOSACEAE,"Ayurveda, Siddha, Folk",,,https://www.medicinalplants.in/searchpage/showdetails/xplant_id/95e116f7ecc19e2cd7ff6eb5107dcf86/xclkon/ffa1475803f9255485489a47e9fb3c4b
Centratherum anthelminticum (L.) KUNTZE,ASTERACEAE,"Ayurveda, Siddha, Unani, Homeopathy",Vernonia anthelmintica (L.) WILLD.,,https://www.medicinalplants.in/searchpage/showdetails/xplant_id/21e566ad80c6135f91fb60ec06d72722/xclkon/fcf45865a19d02817ced62a814450260
Vernonia cinerea LESS.,ASTERACEAE,"Ayurveda, Siddha, Unani, Folk, Sowa-Rigpa",Conyza cinerea L.,,https://www.medicinalplants.in/searchpage/showdetails/xplant_id/125ecebe3c4e8db71d10befed8f9ab70
Vetiveria zizanioides (L.) NASH,POACEAE,"Ayurveda, Siddha, Unani, Homeopathy, Folk, Sowa-Rigpa",,,https://www.medicinalplants.in/searchpage/showdetails/xplant_id/217b180c053684eecb846d14db4ddebd
Vigna aconitifolia (JACQ.) MARECHAL,FABACEAE,"Ayurveda, Siddha, Unani, Folk",Phaseolus aconitifolius L.,,https://www.medicinalplants.in/searchpage/showdetails/xplant_id/d0bd15dbcb4d37c93a9179136cb41564
Vigna adenantha (MEYER) MARECHAI,FABACEAE,"Ayurveda, Siddha",Phaseolus adenanthus G.F. MEYER,,https://www.medicinalplants.in/searchpage/showdetails/xplant_id/d5e1300c5b1810630f7329fc167f2a24
Vigna angularis (WILLD.) OHWI. & OHASHI,FABACEAE,,,,https://www.medicinalplants.in/searchpage/showdetails/xplant_id/eecac70ab9eb6503d82f4962b2ec0e42
Vigna unguiculata (L.) WALP. subsp. cylindrica (L.) ESELT.,FABACEAE,"Ayurveda, Siddha, Unani, Folk, Sowa-Rigpa",Dolichos catiang L. Dolichos catjang L.,,https://www.medicinalplants.in/searchpage/showdetails/xplant_id/c119f5f402c2eb87c8fbd6915b5bb359/xclkon/50731f2f1d9d6935d7eef0174520313e
Vigna unguiculata (L.) WALP. subsp. cylindrica (L.) ESELT.,FABACEAE,"Ayurveda, Siddha, Unani, Folk, Sowa-Rigpa",Dolichos catiang L. Dolichos catjang L.,,https://www.medicinalplants.in/searchpage/showdetails/xplant_id/c119f5f402c2eb87c8fbd6915b5bb359/xclkon/ebcc565688815a5cbd3111892818c030
Vigna dalzelliana (O.KTZE ) VERDC.,FABACEAE,Ayurveda,Phaseolus dalzellii COOKE,,https://www.medicinalplants.in/searchpage/showdetails/xplant_id/9f390228ca3104a0d8c73c3e067454c0
Vigna mungo (L.) HEPPER,FABACEAE,"Ayurveda, Siddha, Unani, Folk",Phaseolus mungo (L) MANT.,,https://www.medicinalplants.in/searchpage/showdetails/xplant_id/b1f8104caf3cd03763188a39cf068079
,FABACEAE,,,,https://www.medicinalplants.in/searchpage/showdetails/xplant_id/3a24255eed238318be268c6169785387
Vigna radiata (L.) R. WILCZEK,FABACEAE,"Ayurveda, Siddha, Unani, Folk, Sowa-Rigpa",Phaseolus aureus ROXB. Phaseolus radiatus L.,,https://www.medicinalplants.in/searchpage/showdetails/xplant_id/34e0474aa06f7828206ad2cc03c7fb36
,FABACEAE,"Ayurveda, Siddha",,,https://www.medicinalplants.in/searchpage/showdetails/xplant_id/acc4bbb2876b0ab0dd51e4be3f330da3
Vigna trilobata (L.) VERDCOURT,FABACEAE,"Ayurveda, Siddha, Folk, Sowa-Rigpa",Dolichos trilobus (L.) AIT.,,https://www.medicinalplants.in/searchpage/showdetails/xplant_id/d25559119de667b997e29e594c5fe377
Vigna umbellata (THUNB.) OHWL & OHOSHI,FABACEAE,,,,https://www.medicinalplants.in/searchpage/showdetails/xplant_id/8904b5e5ef9570c640669677a59f8de7
Vigna unguiculata (L.) WALP. subsp. cylindrica (L.) ESELT.,FABACEAE,"Ayurveda, Siddha, Unani, Folk, Sowa-Rigpa",Dolichos catiang L. Dolichos catjang L.,,https://www.medicinalplants.in/searchpage/showdetails/xplant_id/c119f5f402c2eb87c8fbd6915b5bb359
Vigna unguiculata (L.) WALP. subsp. cylindrica (L.) ESELT.,FABACEAE,"Ayurveda, Siddha, Unani, Folk, Sowa-Rigpa",Dolichos catiang L. Dolichos catjang L.,,https://www.medicinalplants.in/searchpage/showdetails/xplant_id/c119f5f402c2eb87c8fbd6915b5bb359/xclkon/63857ea9aa15297666f11131e06c8337
Vigna vexillata (L.) A. RICH.,FABACEAE,Ayurveda,,,https://www.medicinalplants.in/searchpage/showdetails/xplant_id/29fb6b0821e9ed061c464d43d58c6a41
Catharanthus pusillus (MURR.) G. DON,APOCYNACEAE,"Ayurveda, Siddha, Folk",Lochnera pusilla K.SCHUM.,,https://www.medicinalplants.in/searchpage/showdetails/xplant_id/be52ef142a4bf30adacec5315f0ee7e5/xclkon/2fb77aaa77c6facc42f98e6ae93e1b87
Catharanthus pusillus (MURR.) G. DON,APOCYNACEAE,"Ayurveda, Siddha, Folk",Lochnera pusilla K.SCHUM.,,https://www.medicinalplants.in/searchpage/showdetails/xplant_id/be52ef142a4bf30adacec5315f0ee7e5/xclkon/dd28ffa9cd2fa726ca00cd64face70bd
Catharanthus roseus (L.) G.DON,APOCYNACEAE,"Ayurveda, Siddha, Folk",Lochnera rosea REICHB.,,https://www.medicinalplants.in/searchpage/showdetails/xplant_id/6d9f8e9bebdec421ee02eb5709bbca66/xclkon/fcffabfbf49f3a6174af1f06d3730dce
Viola cinerea BOISS.,VIOLACEAE,,,,https://www.medicinalplants.in/searchpage/showdetails/xplant_id/ea4574a5b77dfc66674ce1386d33eb99
Viola odorata L.,VIOLACEAE,,,,https://www.medicinalplants.in/searchpage/showdetails/xplant_id/524b0a286fb3c9f2f9d9bd1222dc8459
Viola pilosa BI.,VIOLACEAE,"Ayurveda, Folk",Viola serpens WALL.,,https://www.medicinalplants.in/searchpage/showdetails/xplant_id/f5abcbfe43dcc9e065ed3c1d69b64469
Viola pilosa BI.,VIOLACEAE,"Ayurveda, Folk",Viola serpens WALL.,,https://www.medicinalplants.in/searchpage/showdetails/xplant_id/f5abcbfe43dcc9e065ed3c1d69b64469/xclkon/fda38c50945036390cae6d1d250abd5d
Hybanthus enneaspermus (L.F.) MUELL.,VIOLACEAE,"Ayurveda, Siddha, Folk",Ionidium enneaspermum VENT. Ionidium suffruticosum GING.,,https://www.medicinalplants.in/searchpage/showdetails/xplant_id/2dea32d37f9403d1614f5226856341be/xclkon/ff9ab029bf925f7b60c948ca95312dc2
Viscum album L.,VISCACEAE,,,,https://www.medicinalplants.in/searchpage/showdetails/xplant_id/e799e0b38df87f22dc8ff770325bd837
Viscum articulatum BURM.F.,VISCACEAE,"Ayurveda, Folk",,,https://www.medicinalplants.in/searchpage/showdetails/xplant_id/dae79ca7537d4e50b72384ed939b1e06
Viscum articulatum BURM.F.,VISCACEAE,"Ayurveda, Folk",,,https://www.medicinalplants.in/searchpage/showdetails/xplant_id/dae79ca7537d4e50b72384ed939b1e06/xclkon/929566b037604942711ae7cb280a2553
Vitex negundo L.,VERBENACEAE,"Ayurveda, Siddha, Unani, Folk, Sowa-Rigpa",Vitex paniculata LAM.,,https://www.medicinalplants.in/searchpage/showdetails/xplant_id/b3c83d263cafe0c7e0656f366178bed2/xclkon/4a9c3b3f26861fc93c0487a31e2530cb
Vitex peduncularis WALL .,VERBENACEAE,,,,https://www.medicinalplants.in/searchpage/showdetails/xplant_id/d5e041a180807a480eef4c8c7899ffc4
,VERBENACEAE,,,,https://www.medicinalplants.in/searchpage/showdetails/xplant_id/bd8e4afac03c74f8418e456476456161
Ampelocissus araneosa (DALZ. & CRIBBS.) PLANCH.,VITACEAE,"Ayurveda, Siddha, Folk",Vitis araneosus DALZ. & GIBS. EX M.LAWS,,https://www.medicinalplants.in/searchpage/showdetails/xplant_id/d7a186dd86ea3a226e2d6d4c52856123/xclkon/d7c7a7b27e2b0f99f0c8f7dc80d03326
Cayratia trifolia (L.) DOMIN,VITACEAE,"Ayurveda, Folk",Cayratia carnosa (WALL.) GAGNEP. EX WIGHT,,https://www.medicinalplants.in/searchpage/showdetails/xplant_id/e7ea06f9bc70c074b1835c99ea418e25/xclkon/b36290e905417724761c92b73a788d66
Ampelocissus latifolia (ROXB.) PLANCH.,VITACEAE,"Ayurveda, Siddha, Folk",Vitis latifolia ROXB.,,https://www.medicinalplants.in/searchpage/showdetails/xplant_id/beb3faba27082ce4d413aa8a31cc8c48/xclkon/819c4bafbc6e3d93682042e058d5ef7f
Cayratia pedata JUSS. EX GAGNEPAIN,VITACEAE,"Ayurveda, Siddha, Folk",Cissus pedata LAM.,,https://www.medicinalplants.in/searchpage/showdetails/xplant_id/f4981331d887a60afddd055ea336f6e7/xclkon/ad6d5d505590b79b0adb3f052cec01df
Cissus quadrangularis L.,VITACEAE,"Ayurveda, Siddha, Unani, Folk",Vitis quadrangularis WALT EX WIGHT & ARN.,,https://www.medicinalplants.in/searchpage/showdetails/xplant_id/685b6edd514a4c36584e487aa2705e14/xclkon/141842e7874ec7d45568d6952ca45090
Ampelocissus tomentosa (ROTH.) PLANCH.,VITACEAE,"Ayurveda, Siddha, Folk",Vitis tomentosa HEYNE,,https://www.medicinalplants.in/searchpage/showdetails/xplant_id/52c99df41657de869b73d1d1b5c0eb80/xclkon/523e1c5d1d429be390c2cbff9a30c6d5
Cayratia trifolia (L.) DOMIN,VITACEAE,"Ayurveda, Folk",Cayratia carnosa (WALL.) GAGNEP. EX WIGHT,,https://www.medicinalplants.in/searchpage/showdetails/xplant_id/e7ea06f9bc70c074b1835c99ea418e25/xclkon/10b4256aff4d8d15fbf38003805312cc
Vitis vinifera L.,VITACEAE,,,,https://www.medicinalplants.in/searchpage/showdetails/xplant_id/2131b89761949cb629cb1515252370cc
,CIVET(FAUNA),,,,https://www.medicinalplants.in/searchpage/showdetails/xplant_id/dd6a2987e28138dd3d7257c7f72310ef
Clerodendrum inerme (L.) GAERTN.,VERBENACEAE,"Ayurveda, Siddha, Folk",Volkameria inermis L.,,https://www.medicinalplants.in/searchpage/showdetails/xplant_id/6719a93f4930cc2f6af845cadd41fdbf/xclkon/649c0c67cb3382de3cc6e0bb178ed577
Wattakaka volubilis (L.F.) STAPF,ASCLEPIADACEAE,"Ayurveda, Siddha, Unani, Folk",Asclepias volubilis L.F.,,https://www.medicinalplants.in/searchpage/showdetails/xplant_id/66abd203e28e8a1260e62436cbe8a63d
Wedelia chinensis MERR.,ASTERACEAE,"Ayurveda, Siddha, Folk",Verbesina calendulacea L.,,https://www.medicinalplants.in/searchpage/showdetails/xplant_id/102b6ca8bd8a182ab3633a7f6a2ce63a/xclkon/ede32769e1251127845a6503533a0bb4
Wedelia chinensis MERR.,ASTERACEAE,"Ayurveda, Siddha, Folk",Verbesina calendulacea L.,,https://www.medicinalplants.in/searchpage/showdetails/xplant_id/102b6ca8bd8a182ab3633a7f6a2ce63a
Wendlandia heynei (R. & S.) SANTAPAU,RUBIACEAE,"Ayurveda, Folk, Sowa-Rigpa",Wendlandia exerta DC.,,https://www.medicinalplants.in/searchpage/showdetails/xplant_id/9c78e333205c61da25c0102a4df3de47/xclkon/54eece8cca7f92cef8d47bb014f174bb
Wendlandia heynei (R. & S.) SANTAPAU,RUBIACEAE,"Ayurveda, Folk, Sowa-Rigpa",Wendlandia exerta DC.,,https://www.medicinalplants.in/searchpage/showdetails/xplant_id/9c78e333205c61da25c0102a4df3de47
,SOLANACEAE,"Ayurveda, Unani, Folk",,,https://www.medicinalplants.in/searchpage/showdetails/xplant_id/368e37bbb42235a573ef9f8e9fea60ea
Withania somnifera DUNAL,SOLANACEAE,"Ayurveda, Siddha, Unani, Homeopathy, Folk, Sowa-Rigpa",,,https://www.medicinalplants.in/searchpage/showdetails/xplant_id/f420a8ab57a668675b6825cc58f4f881
Wolffia globosa (ROXB.) HARTOG & PLAS,LEMNACEAE,"Ayurveda, Folk",Lemna globosa ROXB.,,https://www.medicinalplants.in/searchpage/showdetails/xplant_id/69187ed4c69f42fd55e943f0c5e47a94
Woodfordia fruticosa (L.) KURZ,LYTHRACEAE,"Ayurveda, Siddha, Unani, Folk, Sowa-Rigpa",Woodfordia floribunda SALISB.,,https://www.medicinalplants.in/searchpage/showdetails/xplant_id/fe4e9d9a910ad9264ff9819d1c103904/xclkon/14b0fcdea282a3325c9865f10daae00c
Woodfordia fruticosa (L.) KURZ,LYTHRACEAE,"Ayurveda, Siddha, Unani, Folk, Sowa-Rigpa",Woodfordia floribunda SALISB.,,https://www.medicinalplants.in/searchpage/showdetails/xplant_id/fe4e9d9a910ad9264ff9819d1c103904
Holarrhena pubescens (BUCH.-HAM.) WALLICH EX DO,APOCYNACEAE,"Ayurveda, Siddha, Unani, Homeopathy, Folk, Sowa-Rigpa",Holarrhena antidysenterica (ROTH.) A.DC.,,https://www.medicinalplants.in/searchpage/showdetails/xplant_id/d82e0c372c58e441f83c65a700ed4d85/xclkon/bbbee2b600be09bd82841b6b31773187
Wrightia arborea (DENNST.) MABB.,APOCYNACEAE,"Ayurveda, Siddha, Folk",Wrightia tomentosa R.& S.,,https://www.medicinalplants.in/searchpage/showdetails/xplant_id/b761ad76706c434da7b7b92f8f55dc3d
Wrightia coccinea SIMS.,APOCYNACEAE,,,,https://www.medicinalplants.in/searchpage/showdetails/xplant_id/193e5c4e4c1605efaf01ba36876c5c94
Wrightia tinctoria R.BR.,APOCYNACEAE,,,,https://www.medicinalplants.in/searchpage/showdetails/xplant_id/8d438c664779b95c696936e5d6d52365
Wrightia arborea (DENNST.) MABB.,APOCYNACEAE,"Ayurveda, Siddha, Folk",Wrightia tomentosa R.& S.,,https://www.medicinalplants.in/searchpage/showdetails/xplant_id/b761ad76706c434da7b7b92f8f55dc3d/xclkon/a53397a19c4b7e6679fd94bf82fb372d
Holarrhena pubescens (BUCH.-HAM.) WALLICH EX DO,APOCYNACEAE,"Ayurveda, Siddha, Unani, Homeopathy, Folk, Sowa-Rigpa",Holarrhena antidysenterica (ROTH.) A.DC.,,https://www.medicinalplants.in/searchpage/showdetails/xplant_id/d82e0c372c58e441f83c65a700ed4d85/xclkon/336162d15a20da647f8f373d2708b43f
Xanthium indicum KOEN.,ASTERACEAE,"Ayurveda, Siddha, Folk, Sowa-Rigpa",Xanthium strumarium L.,,https://www.medicinalplants.in/searchpage/showdetails/xplant_id/a6c4c00d412decc379dffdf3a3f2f183
Xanthium indicum KOEN.,ASTERACEAE,"Ayurveda, Siddha, Folk, Sowa-Rigpa",Xanthium strumarium L.,,https://www.medicinalplants.in/searchpage/showdetails/xplant_id/a6c4c00d412decc379dffdf3a3f2f183/xclkon/78e6e86a1149baabefd201c66b007d25
Catunaregum spinosa (THUNB.) TIRVENGADUM,RUBIACEAE,"Ayurveda, Siddha, Unani, Folk, Sowa-Rigpa",Gardenia dumetorum RETZ. Gardenia floribunda ROXB. Randia dumetorum LAM.,,https://www.medicinalplants.in/searchpage/showdetails/xplant_id/1b163f98a9315a49f346598f315cbf73/xclkon/19b94efc73bdd6d54891f0ab7c7732ab
,RUBIACEAE,"Ayurveda, Siddha, Folk",,,https://www.medicinalplants.in/searchpage/showdetails/xplant_id/55a85aaf339f7ebe3210e3a60a443d86/xclkon/5a4084b23260e8e93f6d5448b37b7006
Balanites aegyptiaca (L.) DELILE,BALANITACEAE,"Ayurveda, Siddha, Unani, Folk, Sowa-Rigpa",Balanites roxburghii PLANCH.,,https://www.medicinalplants.in/searchpage/showdetails/xplant_id/cdc40766b050f355f72e25ef8060a9b7/xclkon/5bdc111b7ddc4049dc8130c2fd0e70ff
,MIMOSACEAE,,,,https://www.medicinalplants.in/searchpage/showdetails/xplant_id/48eb906d293452ee008c272e71ccb6a3
Xylia xylocarpa (ROXB.) TAUB.,MIMOSACEAE,,,,https://www.medicinalplants.in/searchpage/showdetails/xplant_id/fbf6a1f9a40255939e5106d40dce1a65
,XYRIDACEAE,,,,https://www.medicinalplants.in/searchpage/showdetails/xplant_id/f80ff3cf1d25c10408350a11af107479
Zaleya decandra (L.) BURM. F.,AIZOACEAE,"Ayurveda, Siddha, Folk",Trianthema decandra L. MANT.,,https://www.medicinalplants.in/searchpage/showdetails/xplant_id/1372e484a4544888cd653df753bfaf83
Zaleya decandra (L.) BURM. F.,AIZOACEAE,"Ayurveda, Siddha, Folk",Trianthema decandra L. MANT.,,https://www.medicinalplants.in/searchpage/showdetails/xplant_id/1372e484a4544888cd653df753bfaf83/xclkon/3bf1ad98c904c7f1a072b57e47d5f6e7
Zanonia indica L.,CUCURBITACEAE,,,,https://www.medicinalplants.in/searchpage/showdetails/xplant_id/594845d73802c916f06a4fb3e4bffa63
Zanthoxylum acanthopodium DC.,RUTACEAE,"Ayurveda, Siddha, Unani",,,https://www.medicinalplants.in/searchpage/showdetails/xplant_id/2ec7f7b687c0328944414cb110f1d82b
Zanthoxylum armatum DC.,RUTACEAE,"Ayurveda, Siddha, Unani, Sowa-Rigpa",Zanthoxylum alatum ROXB.,,https://www.medicinalplants.in/searchpage/showdetails/xplant_id/ba6ce0418fd6ced2f262cc685713d229/xclkon/de237eed7c21d544ea2271d6bda89af9
Zanthoxylum armatum DC.,RUTACEAE,"Ayurveda, Siddha, Unani, Sowa-Rigpa",Zanthoxylum alatum ROXB.,,https://www.medicinalplants.in/searchpage/showdetails/xplant_id/ba6ce0418fd6ced2f262cc685713d229
Zanthoxylum rhetsa (ROXB.) DC.,RUTACEAE,"Ayurveda, Siddha, Folk",Zanthoxylum budrunga (ROXB.) DC.,,https://www.medicinalplants.in/searchpage/showdetails/xplant_id/fb7e054d1a2c7e1506b75ef28d3a5c74/xclkon/5a8737f8d71f77fe33c5cd4f8c550611
Zanthoxylum acanthopodium DC.,RUTACEAE,"Ayurveda, Siddha, Unani",,,https://www.medicinalplants.in/searchpage/showdetails/xplant_id/2ec7f7b687c0328944414cb110f1d82b/xclkon/705e60e64bdc391e1ecbb4649b98a327
Zanthoxylum rhetsa (ROXB.) DC.,RUTACEAE,"Ayurveda, Siddha, Folk",Zanthoxylum budrunga (ROXB.) DC.,,https://www.medicinalplants.in/searchpage/showdetails/xplant_id/fb7e054d1a2c7e1506b75ef28d3a5c74/xclkon/49ae76b36c3d75913ccab7aeafd9f081
Zanthoxylum rhetsa (ROXB.) DC.,RUTACEAE,"Ayurveda, Siddha, Folk",Zanthoxylum budrunga (ROXB.) DC.,,https://www.medicinalplants.in/searchpage/showdetails/xplant_id/fb7e054d1a2c7e1506b75ef28d3a5c74
,RUTACEAE,"Ayurveda, Folk",,,https://www.medicinalplants.in/searchpage/showdetails/xplant_id/9eebd01f8ac0230d97370f0603c88e65/xclkon/89d01104f9684ede6ba36236362d7de5
Zea mays L.,POACEAE,,,,https://www.medicinalplants.in/searchpage/showdetails/xplant_id/f3476338732e6aaa3552b0e693c87cf5
Zehneria scabra (L.F.) SOND.,CUCURBITACEAE,"Ayurveda, Siddha, Folk",Bryonia scaber L.,,https://www.medicinalplants.in/searchpage/showdetails/xplant_id/07a86c171bbe7f7dbb67957d94f55cf1/xclkon/3a1223cd2034f9db8bdc1d02e30d44a5
Zehneria scabra (L.F.) SOND.,CUCURBITACEAE,"Ayurveda, Siddha, Folk",Bryonia scaber L.,,https://www.medicinalplants.in/searchpage/showdetails/xplant_id/07a86c171bbe7f7dbb67957d94f55cf1
Solena amplexicaulis (LAM.) GANDHI,CUCURBITACEAE,"Ayurveda, Siddha, Folk",Bryonia umbellata KLEIN EX WILLD. Melothria heterophylla COGN.,,https://www.medicinalplants.in/searchpage/showdetails/xplant_id/a305f7a3643b184951c143e66f95bc3d/xclkon/6f1b3ab1b12fd9270828b12056d68ad4
,ZINGIBERACEAE,"Ayurveda, Siddha, Folk",,,https://www.medicinalplants.in/searchpage/showdetails/xplant_id/8bf34852aef42d5e44e1c82922502777/xclkon/795a7d6efc19df80fefa713d54394a7f
,ZINGIBERACEAE,,,,https://www.medicinalplants.in/searchpage/showdetails/xplant_id/dfa1a67ea2dd20a1a508cc8fedfb7dea
"Zingiber officinale ROSC. X Family - ZINGIBERACEAE System(s) of Indian Medicine - Ayurveda, Siddha, Unani, Homeopathy, Folk Botanical Synonyms (1) - Amomum zingiber L.",ZINGIBERACEAE,"Ayurveda, Siddha, Unani, Homeopathy, Folk",Amomum zingiber L.,,https://www.medicinalplants.in/searchpage/showdetails/xplant_id/694eea249cc0c04f6bb9bcc35a8ab92f
Ziziphus glabrata HEYNE,RHAMNACEAE,"Ayurveda, Siddha, Folk",Ziziphus trinervia ROXB.,,https://www.medicinalplants.in/searchpage/showdetails/xplant_id/7886a3af5e06a6a1727ab2cebbb15a95
Ziziphus mauritiana LAM.,RHAMNACEAE,"Ayurveda, Siddha, Unani, Folk, Sowa-Rigpa",Ziziphus jujuba LAM.,,https://www.medicinalplants.in/searchpage/showdetails/xplant_id/d4be669d5491e9e967e8dd354e7842f9/xclkon/a802dbf8338be8bd2acb962b3dd37d8e
Ziziphus mauritiana LAM.,RHAMNACEAE,"Ayurveda, Siddha, Unani, Folk, Sowa-Rigpa",Ziziphus jujuba LAM.,,https://www.medicinalplants.in/searchpage/showdetails/xplant_id/d4be669d5491e9e967e8dd354e7842f9
,RHAMNACEAE,,,,https://www.medicinalplants.in/searchpage/showdetails/xplant_id/abbda6e04a10582b0ba11abb757a3bea
Ziziphus nummularia WIGHT & ARN.,RHAMNACEAE,,,,https://www.medicinalplants.in/searchpage/showdetails/xplant_id/ebd86fb6fe761f8ebcb9834ab1af19d7
Ziziphus oenoplia MILL.,RHAMNACEAE,,,,https://www.medicinalplants.in/searchpage/showdetails/xplant_id/0fdd1a8c38423f5f2c9c57f04a884fea
,RHAMNACEAE,"Ayurveda, Unani, Folk",,,https://www.medicinalplants.in/searchpage/showdetails/xplant_id/81b79f221ea5888e43e6b08e60e53dc9
,RHAMNACEAE,,,,https://www.medicinalplants.in/searchpage/showdetails/xplant_id/86cdcb6e735a2f5567ccfe1a89c88ff3
Ziziphus glabrata HEYNE,RHAMNACEAE,"Ayurveda, Siddha, Folk",Ziziphus trinervia ROXB.,,https://www.medicinalplants.in/searchpage/showdetails/xplant_id/7886a3af5e06a6a1727ab2cebbb15a95/xclkon/e47b5098a8c96b9ea7b07c0ea8fdfdfa
,RHAMNACEAE,"Ayurveda, Unani, Folk",,,https://www.medicinalplants.in/searchpage/showdetails/xplant_id/81b79f221ea5888e43e6b08e60e53dc9/xclkon/380acd64aa8f665fab0b9fd13f478d9e
Berberis lycium ROYLE,BERBERIDACEAE,,,,https://www.medicinalplants.in/searchpage/showdetails/xplant_id/c2d76975c2ef9328f9aadea0ba188492
Biophytum sensitivum (L.) DC.,OXALIDACEAE,,,,https://www.medicinalplants.in/searchpage/showdetails/xplant_id/6573a5cac5da2acce6f8a44fd672af77
Bunium persicum (BOISS.) FEDT.,APIACEAE,"Ayurveda, Siddha, Unani, Folk",Carum bulbocastanum AUCT. NON KOCH:C.B.CLARKE,,https://www.medicinalplants.in/searchpage/showdetails/xplant_id/2b46e111b609c4581210ea4ca8192a04
,LILIACEAE,,,,https://www.medicinalplants.in/searchpage/showdetails/xplant_id/b13c30a10304d6e64bbc70c7f7cfbf80
Cichorium intybus L.,ASTERACEAE,,,,https://www.medicinalplants.in/searchpage/showdetails/xplant_id/ebe06d889ffbfca666ff76ff0f6cd419
Anamirta cocculus (L.) WIGHT & ARN.,MENISPERMACEAE,"Ayurveda, Siddha, Unani, Homeopathy, Folk",Cocculus suberosus DC. Menispermum cocculus L.,,https://www.medicinalplants.in/searchpage/showdetails/xplant_id/67e26f250ed5838fe00e5c4cba5dd39f/xclkon/5c569d9a0104fbae5a2b97a866d1201d
Croton roxburghii BALAK.,EUPHORBIACEAE,"Ayurveda, Siddha, Folk, Sowa-Rigpa",Croton oblongifolius ROXB.,,https://www.medicinalplants.in/searchpage/showdetails/xplant_id/8783a7235f3055037ecf53fdd382fc39/xclkon/2ba2214c1eac5ed6152559704bdcaedb
Croton roxburghii BALAK.,EUPHORBIACEAE,"Ayurveda, Siddha, Folk, Sowa-Rigpa",Croton oblongifolius ROXB.,,https://www.medicinalplants.in/searchpage/showdetails/xplant_id/8783a7235f3055037ecf53fdd382fc39
Croton sebiferum L.,EUPHORBIACEAE,,,,https://www.medicinalplants.in/searchpage/showdetails/xplant_id/38388587bfde9c1b6e7c8818cb443853
"Cucumis pseudo-colocynthi ROYLE X Family - CUCURBITACEAE System(s) of Indian Medicine - Ayurveda, Siddha, Folk Botanical Synonyms (2) - Cucumis pubescens WALL. Cucumis trigonus ROXB.",CUCURBITACEAE,"Ayurveda, Siddha, Folk",Cucumis pubescens WALL. Cucumis trigonus ROXB.,,https://www.medicinalplants.in/searchpage/showdetails/xplant_id/282641155449618e266d50cc146a9e35/xclkon/4f32fb46d335efb69d2985687c956438
,CYPERACEAE,"Ayurveda, Siddha",,,https://www.medicinalplants.in/searchpage/showdetails/xplant_id/0b447c4fad622d54070109d3beb79459
Diospyros peregrina (GAERTN.) GURKE.,EBENACEAE,"Ayurveda, Siddha, Unani, Folk",Diospyros embryopteris PERS.,,https://www.medicinalplants.in/searchpage/showdetails/xplant_id/d3941028b6c5eefb0cce88aa2b672d52/xclkon/c8677d946f3b5713622cbf021911108b
Macrotyloma uniflorum (LAM.) VERDC.,FABACEAE,"Ayurveda, Siddha, Unani, Folk, Sowa-Rigpa",Dolichos biflorus SENSU AUCT.,,https://www.medicinalplants.in/searchpage/showdetails/xplant_id/16e1d08182cf90b7c5f7cc027e6ccbfd/xclkon/96ebc8330fbca94a4980f9ce670fb4bd
"Pachyrrhizus erosus (L.) URBAN X Family - FABACEAE System(s) of Indian Medicine - Ayurveda, Folk Botanical Synonyms (2) - Dolichos bulbosus L. Pachyrrhizus angulatus RICH.",FABACEAE,"Ayurveda, Folk",Dolichos bulbosus L. Pachyrrhizus angulatus RICH.,,https://www.medicinalplants.in/searchpage/showdetails/xplant_id/1bb47ece4b06ddb61806079992faec40/xclkon/7158ad5fa397ce9cf8b9de464448fe9d
Vigna trilobata (L.) VERDCOURT,FABACEAE,"Ayurveda, Siddha, Folk, Sowa-Rigpa",Dolichos trilobus (L.) AIT.,,https://www.medicinalplants.in/searchpage/showdetails/xplant_id/d25559119de667b997e29e594c5fe377/xclkon/13553b6f0f69dffb8ff90aba57bd9919
Drypetes roxburghii (WALL.) HURUSAWA,EUPHORBIACEAE,"Ayurveda, Siddha, Folk, Sowa-Rigpa",Putranjiva roxburghii WALL.,,https://www.medicinalplants.in/searchpage/showdetails/xplant_id/17928fcffb05211bf2a50e20634bf2dd
Ecbolium viride (FORSK.) ALSTON,ACANTHACEAE,"Ayurveda, Siddha, Folk",Ecbolium linneanum KURZ.,,https://www.medicinalplants.in/searchpage/showdetails/xplant_id/c19f369f2296014bbfabbf7bbde60cf1
Ecbolium viride (FORSK.) ALSTON,ACANTHACEAE,"Ayurveda, Siddha, Folk",Ecbolium linneanum KURZ.,,https://www.medicinalplants.in/searchpage/showdetails/xplant_id/c19f369f2296014bbfabbf7bbde60cf1/xclkon/98495e0d4315cafc075d2fd9e60b45c1
,RANUNCULACEAE,,,,https://www.medicinalplants.in/searchpage/showdetails/xplant_id/aa1a8022175c220a90965dfe874735a4
,RANUNCULACEAE,,,,https://www.medicinalplants.in/searchpage/showdetails/xplant_id/57a6272db26b8eefcac1a6f8e7de4407
Abelmoschus esculentus (L.) MOENCH,MALVACEAE,"Ayurveda, Siddha, Unani, Folk",Hibiscus esculentus L.,,https://www.medicinalplants.in/searchpage/showdetails/xplant_id/0cd0d9e6bdcca7b488e56438adea6097/xclkon/ae955e38e1388c00e213fb56667a06a7
Abelmoschus ficulneus (L.) WIGHT & ARN.,MALVACEAE,"Ayurveda, Siddha, Folk",Hibiscus ficulneus L.,,https://www.medicinalplants.in/searchpage/showdetails/xplant_id/a6a660549ff44fbf602ec9988cc9d8a4/xclkon/70a40de72433a2b1024d5e94e9f2ae06
Hibiscus hispidissimus GRIFF.,MALVACEAE,,,,https://www.medicinalplants.in/searchpage/showdetails/xplant_id/4cd2f7bd8f5fa8239d8aa620802c0070
Thespesia populnea (L.) SOL.EX. CORREA,MALVACEAE,"Ayurveda, Siddha, Unani, Folk",Hibiscus populneus L.,,https://www.medicinalplants.in/searchpage/showdetails/xplant_id/2cb098aab4546846e90d3847fd23c2b2/xclkon/246253363405fb3ce6a4a36e91b812e8
Fioria vitifolia (L.) MATTEI,MALVACEAE,"Ayurveda, Siddha, Folk",Hibiscus vitifolias L.,,https://www.medicinalplants.in/searchpage/showdetails/xplant_id/1b534dbbe7e64e9c9b017fe294dc50a9/xclkon/49633bde084a2cada077e5dbacbfbf39
,BRASSICACEAE,,,,https://www.medicinalplants.in/searchpage/showdetails/xplant_id/397935253aeae41262bd8ea379f8bf46
,BRASSICACEAE,,,,https://www.medicinalplants.in/searchpage/showdetails/xplant_id/3a1b1bb44b21d6e0fabf069e0c8152be
Nelumbo nucifera GAERTN.,NELUMBONACEAE,"Ayurveda, Siddha, Unani, Folk, Sowa-Rigpa",Nelumbium speciosum WILLD.,,https://www.medicinalplants.in/searchpage/showdetails/xplant_id/d2caa8f1b1c034456016bafd49cc97ae/xclkon/3117c23945a0e1e90b0ffa1daf545d09
Pinus roxburghii SARG.,PINACEAE,"Ayurveda, Siddha, Unani, Folk, Sowa-Rigpa",Pinus longifolia ROXB.,,https://www.medicinalplants.in/searchpage/showdetails/xplant_id/5c592c064b9567277c71857fa99918e3
,PIPERACEAE,"Ayurveda, Siddha, Unani, Folk, Sowa-Rigpa",,,https://www.medicinalplants.in/searchpage/showdetails/xplant_id/9f461c5fc4028cb583868fc315c34470/xclkon/32d85bf12297cd316a17c10ff9bdbc80
,PIPERACEAE,"Ayurveda, Siddha, Unani, Folk, Sowa-Rigpa",,,https://www.medicinalplants.in/searchpage/showdetails/xplant_id/9f461c5fc4028cb583868fc315c34470
,MIMOSACEAE,"Ayurveda, Siddha, Folk",,,https://www.medicinalplants.in/searchpage/showdetails/xplant_id/833e44c1915d313c4bd44f3f289ccbe9/xclkon/0f91972e69c492262e4a9b36f5d2f66c
Polygonum plebeium R.BR.,POLYGONACEAE,,,,https://www.medicinalplants.in/searchpage/showdetails/xplant_id/d9a91d4563bddec68a940ea8651d13e0
Pterospermum suberifolium (L.) LAM.,STERCULIACEAE,"Ayurveda, Siddha, Unani, Folk",Pterospermum canescens ROXB.,,https://www.medicinalplants.in/searchpage/showdetails/xplant_id/51126f098d000139264adcbc683b963e
,POLYGONACEAE,,,,https://www.medicinalplants.in/searchpage/showdetails/xplant_id/e321b5fda24746fd21196a9864b12952
,CYPERACEAE,,,,https://www.medicinalplants.in/searchpage/showdetails/xplant_id/6d33135d20a166a3c00dffa9074c891b
Sisymbrium irio L.,BRASSICACEAE,,,,https://www.medicinalplants.in/searchpage/showdetails/xplant_id/f6074aa5a11f674e6cc09851dbce87d4
Symplocos racemosa ROXB.,SYMPLOCACEAE,"Ayurveda, Siddha, Unani, Folk, Sowa-Rigpa",,,https://www.medicinalplants.in/searchpage/showdetails/xplant_id/f19728e96d6246c0e2dcbe2d59406afc/xclkon/1c194dc21c6e49dd33002a4bc2a166be
Tribulus terrestris L.,ZYGOPHYLLACEAE,,,,https://www.medicinalplants.in/searchpage/showdetails/xplant_id/2c36ef2db0f80f2189c83977da274cbc
Viburnum cylindricum BUCH.-HAM.EX D.DON,CAPRIFOLIACEAE,,,,https://www.medicinalplants.in/searchpage/showdetails/xplant_id/f21d962661e0aedf6b0bcc3d8c82b524
,CAPRIFOLIACEAE,,,,https://www.medicinalplants.in/searchpage/showdetails/xplant_id/e5031ad7fc68a2f9c8ddc6015d852f54
Viburnum nervosum D.DON,CAPRIFOLIACEAE,,,,https://www.medicinalplants.in/searchpage/showdetails/xplant_id/181fb5e912912dcca6a911b7318b2faf
,ZINGIBERACEAE,"Ayurveda, Siddha, Folk",,,https://www.medicinalplants.in/searchpage/showdetails/xplant_id/8bf34852aef42d5e44e1c82922502777
,ZINGIBERACEAE,,,,https://www.medicinalplants.in/searchpage/showdetails/xplant_id/4b800151419af0fd49f87d8a46e1ce00
Cissus repens LAM.,VITACEAE,"Ayurveda, Folk",Vitis repens WIGHT & ARN.,,https://www.medicinalplants.in/searchpage/showdetails/xplant_id/da4be92bfbe7a876ad8bc29570d4848c
Citrullus colocynthis (L.) SCHRADER,CUCURBITACEAE,"Ayurveda, Siddha, Unani, Homeopathy, Folk, Sowa-Rigpa",,,https://www.medicinalplants.in/searchpage/showdetails/xplant_id/0dda7b33c0cc4a03b37d976f440b9981
Citrus limon (L.) BURM.F.,RUTACEAE,,,,https://www.medicinalplants.in/searchpage/showdetails/xplant_id/3bee610668c32c22dfa86540884bc5f3
Citrus medica L. var. limonum,RUTACEAE,"Ayurveda, Siddha, Unani",Citrus limonum WALL.,,https://www.medicinalplants.in/searchpage/showdetails/xplant_id/5018156dcf07625469f333d53b45bf0d/xclkon/8174cd5331f79e17b3e31b624a53a975
Citrus sinensis (L.) OSBECK,RUTACEAE,,,,https://www.medicinalplants.in/searchpage/showdetails/xplant_id/6873a2b39059560da7ca97489d8906a8
Clerodendrum indicum (L.) KUNTZE,VERBENACEAE,"Ayurveda, Folk",Clerodendrum siphonanthus R.BR.,,https://www.medicinalplants.in/searchpage/showdetails/xplant_id/11a902a8540ab674473d82c5288adfff
Clerodendrum inerme (L.) GAERTN.,VERBENACEAE,"Ayurveda, Siddha, Folk",Volkameria inermis L.,,https://www.medicinalplants.in/searchpage/showdetails/xplant_id/6719a93f4930cc2f6af845cadd41fdbf
Clerodendrum phlomides L.F.,VERBENACEAE,"Ayurveda, Siddha, Unani, Folk",Clerodendrum multiflorum (BURM.F.)KUNTZE,,https://www.medicinalplants.in/searchpage/showdetails/xplant_id/a1af0aaa3bf4fcba7dcf14fd18c38952/xclkon/27eca12ff7887bcc35617bc127e20b95
Clerodendrum phlomides L.F.,VERBENACEAE,"Ayurveda, Siddha, Unani, Folk",Clerodendrum multiflorum (BURM.F.)KUNTZE,,https://www.medicinalplants.in/searchpage/showdetails/xplant_id/a1af0aaa3bf4fcba7dcf14fd18c38952
,VERBENACEAE,,,,https://www.medicinalplants.in/searchpage/showdetails/xplant_id/91cae4e3ff5d65bbe9f54d49c9fcc9f3
Tinospora cordifolia (WILLD.) HOOK.F. & THOMS.,MENISPERMACEAE,"Ayurveda, Siddha, Unani, Homeopathy, Folk, Sowa-Rigpa",Cocculus cordifolius (WILLD.) DC. Menispermum cordifolium WILLD.,,https://www.medicinalplants.in/searchpage/showdetails/xplant_id/3a227d75a9ed29dd6632ef3de7bb0289/xclkon/1a40d55f6091563aac7305cb06845956
Cocculus hirsutus (L.) DIELS,MENISPERMACEAE,"Ayurveda, Siddha, Unani, Folk",Cocculus villosus DC.,,https://www.medicinalplants.in/searchpage/showdetails/xplant_id/b74787dcd245410c2572109ed4355418
Cocculus hirsutus (L.) DIELS,MENISPERMACEAE,"Ayurveda, Siddha, Unani, Folk",Cocculus villosus DC.,,https://www.medicinalplants.in/searchpage/showdetails/xplant_id/b74787dcd245410c2572109ed4355418/xclkon/9eb155bdae8af4d6b8711abb6d2913e1
Cochlospermum religiosum (L.) ALSTON,COCHLOSPERMACEAE,"Ayurveda, Siddha, Unani, Folk",Cochlospermum gossypium DC.,,https://www.medicinalplants.in/searchpage/showdetails/xplant_id/ec88ecb8e9d414ea008a4d2863826858/xclkon/49963f1fb123eecce259acba22476e45
Cochlospermum religiosum (L.) ALSTON,COCHLOSPERMACEAE,"Ayurveda, Siddha, Unani, Folk",Cochlospermum gossypium DC.,,https://www.medicinalplants.in/searchpage/showdetails/xplant_id/ec88ecb8e9d414ea008a4d2863826858
,LILIACEAE,,,,https://www.medicinalplants.in/searchpage/showdetails/xplant_id/d9ef85b8674f902eedde2c3a6226384a
Plectranthus barbatus ANDR.,LAMIACEAE,"Ayurveda, Folk",Coleus barbatus (ANDR.) BENTH.,,https://www.medicinalplants.in/searchpage/showdetails/xplant_id/d475270c2bb8c41834fbbf90657ec8b8/xclkon/c05c676dd289d947bcb8f71fe351b412
,LAMIACEAE,"Ayurveda, Siddha, Sowa-Rigpa",,,https://www.medicinalplants.in/searchpage/showdetails/xplant_id/6007c870591a343a9b7fd10100c6a673/xclkon/5a4d727005f2daa46088539165de4ef2
,CONVOLVULACEAE,"Ayurveda, Siddha, Folk",,,https://www.medicinalplants.in/searchpage/showdetails/xplant_id/fc3d56fcd332c03fa2a4ac666b35df4a/xclkon/8842f7216140b5ab65f162c9cfc4e8c8
,CONVOLVULACEAE,"Ayurveda, Folk",,,https://www.medicinalplants.in/searchpage/showdetails/xplant_id/15bf037a82a5e4700c4d4b3e46e850f4/xclkon/89f65bc3466b08c10a8b4f5407ec2f2a
Ipomoea nil (L.) ROTH.,CONVOLVULACEAE,"Ayurveda, Siddha, Unani, Folk",Convolvulus nil L. Ipomoea hederacea AUCT. NON JACQ.,,https://www.medicinalplants.in/searchpage/showdetails/xplant_id/9f13d5c4cf5dd852153786e862ccb1e6/xclkon/4fb6a4f8061d6bfcd48f4278f8e38370
Argyreia nervosa (BURM.F.) BOJ.,CONVOLVULACEAE,"Ayurveda, Siddha, Unani, Folk, Sowa-Rigpa",Argyreia speciosa SWEET,,https://www.medicinalplants.in/searchpage/showdetails/xplant_id/607d1f5c66e7f3b95ed1190ae2e627e0/xclkon/f2e327ddc87ca9b9fcd5bbbf8271f3a4
,CONVOLVULACEAE,"Ayurveda, Siddha, Unani, Homeopathy, Folk, Sowa-Rigpa",,,https://www.medicinalplants.in/searchpage/showdetails/xplant_id/9890fa63f0b4bfe4a0edb46f014acca3/xclkon/c89015006d303f00715cca9d9c66bef1
Corchorus depressus STOCKS,TILIACEAE,,,,https://www.medicinalplants.in/searchpage/showdetails/xplant_id/ef688d9c988278e597f7f57f7ff16b6b
Corchorus olitorius L.,TILIACEAE,,,,https://www.medicinalplants.in/searchpage/showdetails/xplant_id/f2e597b3619ea7550c30df72f5aba9fe
Costus speciosus (KOEN. EX RETZ.) SM.,COSTACEAE,,,,https://www.medicinalplants.in/searchpage/showdetails/xplant_id/f4a366236a46dad574e5d484d9f83852
"Crinum viviparum (LAM.) HEMADRI X Family - AMARYLLIDACEAE System(s) of Indian Medicine - Ayurveda, Siddha Botanical Synonyms (1) - Crinum defixum KER.-GAWL.",AMARYLLIDACEAE,"Ayurveda, Siddha",Crinum defixum KER.-GAWL.,,https://www.medicinalplants.in/searchpage/showdetails/xplant_id/f98dd8e546b764d41dbf98c57619170d/xclkon/a876ff5e63a1fc44fed06ce5229cab7a
Croton tiglium L.,EUPHORBIACEAE,,,,https://www.medicinalplants.in/searchpage/showdetails/xplant_id/43571a504bf9f216f52c30d05b77af64
Citrullus colocynthis (L.) SCHRADER,CUCURBITACEAE,"Ayurveda, Siddha, Unani, Homeopathy, Folk, Sowa-Rigpa",,,https://www.medicinalplants.in/searchpage/showdetails/xplant_id/0dda7b33c0cc4a03b37d976f440b9981/xclkon/e8f74d156a0671de3de7bf05251268c0
,CUCURBITACEAE,"Ayurveda, Siddha",,,https://www.medicinalplants.in/searchpage/showdetails/xplant_id/3f9fc1a32c034cded111ff12e3f7465e
Cucumis melo L. var. momordica DUTHIE & FULLER,CUCURBITACEAE,"Ayurveda, Siddha, Unani, Folk, Sowa-Rigpa",Cucumis callosus (ROTTL.) COGN.,,https://www.medicinalplants.in/searchpage/showdetails/xplant_id/a4f1228958884d0b1d991ee640366154
Cucumis melo L.,CUCURBITACEAE,,,,https://www.medicinalplants.in/searchpage/showdetails/xplant_id/8d993ae0288e4bca67c57449457510ef
"Cucumis pseudo-colocynthi ROYLE X Family - CUCURBITACEAE System(s) of Indian Medicine - Ayurveda, Siddha, Folk Botanical Synonyms (2) - Cucumis pubescens WALL. Cucumis trigonus ROXB.",CUCURBITACEAE,"Ayurveda, Siddha, Folk",Cucumis pubescens WALL. Cucumis trigonus ROXB.,,https://www.medicinalplants.in/searchpage/showdetails/xplant_id/282641155449618e266d50cc146a9e35
"Cucumis pseudo-colocynthi ROYLE X Family - CUCURBITACEAE System(s) of Indian Medicine - Ayurveda, Siddha, Folk Botanical Synonyms (2) - Cucumis pubescens WALL. Cucumis trigonus ROXB.",CUCURBITACEAE,"Ayurveda, Siddha, Folk",Cucumis pubescens WALL. Cucumis trigonus ROXB.,,https://www.medicinalplants.in/searchpage/showdetails/xplant_id/282641155449618e266d50cc146a9e35/xclkon/98967d8b51a93ffa11ad42d30567fe3a
Cucumis melo L. var. momordica DUTHIE & FULLER,CUCURBITACEAE,"Ayurveda, Siddha, Unani, Folk, Sowa-Rigpa",Cucumis callosus (ROTTL.) COGN.,,https://www.medicinalplants.in/searchpage/showdetails/xplant_id/a4f1228958884d0b1d991ee640366154/xclkon/e9e5d138e313019434c1aff43227e08c
Cuminum cyminum L.,APIACEAE,,,,https://www.medicinalplants.in/searchpage/showdetails/xplant_id/685dab1d433e4428f5a40d044edc6db2
Curculigo orchioides GAERTN.,HYPOXIDACEAE,"Ayurveda, Siddha, Unani, Folk, Sowa-Rigpa",,,https://www.medicinalplants.in/searchpage/showdetails/xplant_id/9b3b2f091fce646055ab4609bbd38b03
,CYPERACEAE,,,,https://www.medicinalplants.in/searchpage/showdetails/xplant_id/1865b973f959e7341296ddc186ea8dfd
,CYPERACEAE,"Ayurveda, Siddha, Folk",,,https://www.medicinalplants.in/searchpage/showdetails/xplant_id/ca7a8089a1eea2ecb853120a5cb7807c/xclkon/4a7c9c5d4b71bd9812e7481e347ac6e9
,CYPERACEAE,,,,https://www.medicinalplants.in/searchpage/showdetails/xplant_id/5d6504021655ec91f8fd513e0380bf0c
,CYPERACEAE,"Ayurveda, Siddha",,,https://www.medicinalplants.in/searchpage/showdetails/xplant_id/0b447c4fad622d54070109d3beb79459/xclkon/11847a42792fda1592e72ee6e7274a97
Cyperus rotundus L.,CYPERACEAE,,,,https://www.medicinalplants.in/searchpage/showdetails/xplant_id/1c8c02b5248cc81ef2a1e21eac54d7df
,CYPERACEAE,"Ayurveda, Siddha, Folk",,,https://www.medicinalplants.in/searchpage/showdetails/xplant_id/ca7a8089a1eea2ecb853120a5cb7807c
Cyperus triceps (ROTTB.) ENDL.,CYPERACEAE,"Ayurveda, Folk",Kyllinga triceps ROTTB.,,https://www.medicinalplants.in/searchpage/showdetails/xplant_id/a35e02b34a8afbbc4a1e47bfe83e7a13
Desmodium pulchellum BENTH.EX. BAKER.,FABACEAE,,,,https://www.medicinalplants.in/searchpage/showdetails/xplant_id/4c4fcaea8593e9896d5e86439b56fcc9
Vigna vexillata (L.) A. RICH.,FABACEAE,Ayurveda,,,https://www.medicinalplants.in/searchpage/showdetails/xplant_id/29fb6b0821e9ed061c464d43d58c6a41/xclkon/e7ebe65a7c1d3948a6bcafa33d73c1f1
Mucuna pruriens (L.) DC.,FABACEAE,"Ayurveda, Siddha, Unani, Homeopathy, Folk, Sowa-Rigpa","Carpopogon pruriens ROXB. Dolichos pruriens (L,)",,https://www.medicinalplants.in/searchpage/showdetails/xplant_id/8b22b64302e1857bf8ef9d889912e544/xclkon/0b5d8a57ae382f4030d8f750795829cf
Vigna unguiculata (L.) WALP. subsp. cylindrica (L.) ESELT.,FABACEAE,"Ayurveda, Siddha, Unani, Folk, Sowa-Rigpa",Dolichos catiang L. Dolichos catjang L.,,https://www.medicinalplants.in/searchpage/showdetails/xplant_id/c119f5f402c2eb87c8fbd6915b5bb359/xclkon/2f08d8864ba5a56d0b6800fe10f44f99
Macrotyloma uniflorum (LAM.) VERDC.,FABACEAE,"Ayurveda, Siddha, Unani, Folk, Sowa-Rigpa",Dolichos biflorus SENSU AUCT.,,https://www.medicinalplants.in/searchpage/showdetails/xplant_id/16e1d08182cf90b7c5f7cc027e6ccbfd/xclkon/95cdee3264da88b7d4664978fb7f9eba
Ficus rumphii BLUME,MORACEAE,,,,https://www.medicinalplants.in/searchpage/showdetails/xplant_id/9ed5a2ad43771eeec245a2ba852f03b2
Ficus virens AIT.,MORACEAE,"Ayurveda, Siddha, Folk",Ficus infectoria SENSU ROXB.,,https://www.medicinalplants.in/searchpage/showdetails/xplant_id/2b67df12042187957f78a5d746f39a25
,RUTACEAE,,,,https://www.medicinalplants.in/searchpage/showdetails/xplant_id/18bdee10664a7103508b6f0ef8f575bd
Gossypium arboreum L.,MALVACEAE,"Ayurveda, Siddha, Unani, Folk",,,https://www.medicinalplants.in/searchpage/showdetails/xplant_id/44706a0b7c307ec6ca0827237f53ee2f/xclkon/ced7c1ff5b46a229556a8f0039f4718d
Heliotropium indicum L.,BORAGINACEAE,"Ayurveda, Siddha, Unani, Folk",,,https://www.medicinalplants.in/searchpage/showdetails/xplant_id/c9fb71a0860e0d8a65c8c53554b10171
Hemidesmus indicus (L.) SCHULT.,ASCLEPIADACEAE,"Ayurveda, Siddha, Unani, Folk, Sowa-Rigpa",Periploca indica L.,,https://www.medicinalplants.in/searchpage/showdetails/xplant_id/e2d232e3dcd00751bdf511c1ac0d0195
Hymenodictyon orixense (ROXB.) MABBERLEY,RUBIACEAE,"Ayurveda, Siddha, Folk",Cinchona excelsa ROXB. Hymenodictyon excelsum WALL.,,https://www.medicinalplants.in/searchpage/showdetails/xplant_id/21fd547f4d494d07cb6c4471820fd2dc/xclkon/6609de9df0709f1f6de0e1443feb01eb
Hymenodictyon orixense (ROXB.) MABBERLEY,RUBIACEAE,"Ayurveda, Siddha, Folk",Cinchona excelsa ROXB. Hymenodictyon excelsum WALL.,,https://www.medicinalplants.in/searchpage/showdetails/xplant_id/21fd547f4d494d07cb6c4471820fd2dc
Curculigo orchioides GAERTN.,HYPOXIDACEAE,"Ayurveda, Siddha, Unani, Folk, Sowa-Rigpa",,,https://www.medicinalplants.in/searchpage/showdetails/xplant_id/9b3b2f091fce646055ab4609bbd38b03/xclkon/f537a1f960e2c9ebfaff331a50be8f98
,MAGNOLIACEAE,,,,https://www.medicinalplants.in/searchpage/showdetails/xplant_id/e51f02c29bd2670027e89598c47fda42
Hybanthus enneaspermus (L.F.) MUELL.,VIOLACEAE,"Ayurveda, Siddha, Folk",Ionidium enneaspermum VENT. Ionidium suffruticosum GING.,,https://www.medicinalplants.in/searchpage/showdetails/xplant_id/2dea32d37f9403d1614f5226856341be/xclkon/10ea5f08ca6ba8cf6be506bfd999fb67
,IRIDACEAE,,,,https://www.medicinalplants.in/searchpage/showdetails/xplant_id/04ba512b7f78983700cc6079047c44d6
Juniperus communis L.,CONIFERAE,,,,https://www.medicinalplants.in/searchpage/showdetails/xplant_id/852f94675efabe6fc78c8fd86448db56
"Lycopersicon esculentum MILL. X Family - SOLANACEAE System(s) of Indian Medicine - Ayurveda, Siddha, Homeopathy, Folk Botanical Synonyms (2) - Lycopersicon lycopersicum (L.) KARST.",SOLANACEAE,"Ayurveda, Siddha, Homeopathy, Folk",Lycopersicon lycopersicum (L.) KARST.,,https://www.medicinalplants.in/searchpage/showdetails/xplant_id/9b729444a5cacce3df0128a0ba4e7d52
"Lycopersicon esculentum MILL. X Family - SOLANACEAE System(s) of Indian Medicine - Ayurveda, Siddha, Homeopathy, Folk Botanical Synonyms (2) - Lycopersicon lycopersicum (L.) KARST.",SOLANACEAE,"Ayurveda, Siddha, Homeopathy, Folk",Lycopersicon lycopersicum (L.) KARST.,,https://www.medicinalplants.in/searchpage/showdetails/xplant_id/9b729444a5cacce3df0128a0ba4e7d52/xclkon/c97a6f57de6d05689ee8b46be31edddf
"Lycopersicon esculentum MILL. X Family - SOLANACEAE System(s) of Indian Medicine - Ayurveda, Siddha, Homeopathy, Folk Botanical Synonyms (2) - Lycopersicon lycopersicum (L.) KARST.",SOLANACEAE,"Ayurveda, Siddha, Homeopathy, Folk",Lycopersicon lycopersicum (L.) KARST.,,https://www.medicinalplants.in/searchpage/showdetails/xplant_id/9b729444a5cacce3df0128a0ba4e7d52/xclkon/b31643c70ad3423697d24470cb9e94aa
,MELASTOMATACEAE,,,,https://www.medicinalplants.in/searchpage/showdetails/xplant_id/b6869bcf5818798f28011b446b40a26c
Anamirta cocculus (L.) WIGHT & ARN.,MENISPERMACEAE,"Ayurveda, Siddha, Unani, Homeopathy, Folk",Cocculus suberosus DC. Menispermum cocculus L.,,https://www.medicinalplants.in/searchpage/showdetails/xplant_id/67e26f250ed5838fe00e5c4cba5dd39f/xclkon/a3a176bb78529baaad72f76272a192b6
Tinospora cordifolia (WILLD.) HOOK.F. & THOMS.,MENISPERMACEAE,"Ayurveda, Siddha, Unani, Homeopathy, Folk, Sowa-Rigpa",Cocculus cordifolius (WILLD.) DC. Menispermum cordifolium WILLD.,,https://www.medicinalplants.in/searchpage/showdetails/xplant_id/3a227d75a9ed29dd6632ef3de7bb0289/xclkon/840a94f12fdefe90e5c29a9bed2a9d28
Myrtus communis L.,MYRTACEAE,,,,https://www.medicinalplants.in/searchpage/showdetails/xplant_id/1b30e470b98a6f96c9b54a8b2cac1888
Nerium oleander L.,APOCYNACEAE,"Ayurveda, Siddha, Unani, Homeopathy, Folk, Sowa-Rigpa",Nerium indicum MILLER,,https://www.medicinalplants.in/searchpage/showdetails/xplant_id/c18a72505452a7ec576c3d5ea3e43ba6/xclkon/e28f90e510403149afcbe58b4d747f6e
Ocimum basilicum L.,LAMIACEAE,"Ayurveda, Siddha, Unani, Homeopathy, Folk, Sowa-Rigpa",,,https://www.medicinalplants.in/searchpage/showdetails/xplant_id/ac85a1dcb3ffc32786f88e3307605202/xclkon/b4254b0ae105044e0f20976d34747787
Ocimum tenuiflorum L.,LAMIACEAE,"Ayurveda, Siddha, Unani, Homeopathy, Folk, Sowa-Rigpa",Geniosporum tenuiflorum (L.) MERRILL Ocimum sanctum L.,,https://www.medicinalplants.in/searchpage/showdetails/xplant_id/b3faedcb64cd0f9a51be4c9d54acaf69
Oroxylum indicum (L.) VENT.,BIGNONIACEAE,"Ayurveda, Siddha, Unani, Folk, Sowa-Rigpa",Bignonia indica L.,,https://www.medicinalplants.in/searchpage/showdetails/xplant_id/f41aa7d1c905dc82c023d554c64884a9
,PIPERACEAE,,,,https://www.medicinalplants.in/searchpage/showdetails/xplant_id/7c436d138d0b7582ddd680c1b05c4063
"Prunus domestica L. X Family - ROSACEAE System(s) of Indian Medicine - Ayurveda, Siddha, Unani, Folk Botanical Synonyms (2) - Prunus communis FRITSCH",ROSACEAE,"Ayurveda, Siddha, Unani, Folk",Prunus communis FRITSCH,,https://www.medicinalplants.in/searchpage/showdetails/xplant_id/7d16ba6afd98028ff082f01e8c97fd18/xclkon/28ccf23205ffc54965024f78f318d039
"Prunus domestica L. X Family - ROSACEAE System(s) of Indian Medicine - Ayurveda, Siddha, Unani, Folk Botanical Synonyms (2) - Prunus communis FRITSCH",ROSACEAE,"Ayurveda, Siddha, Unani, Folk",Prunus communis FRITSCH,,https://www.medicinalplants.in/searchpage/showdetails/xplant_id/7d16ba6afd98028ff082f01e8c97fd18/xclkon/9d28a1514765cf32a2f90216576b27ed
"Prunus dulcis (MILLER) D.A. WEBB. X Family - ROSACEAE System(s) of Indian Medicine - Ayurveda, Siddha, Unani, Homeopathy, Folk Botanical Synonyms (1) - Prunus amygdalus BATSCH",ROSACEAE,"Ayurveda, Siddha, Unani, Homeopathy, Folk",Prunus amygdalus BATSCH,,https://www.medicinalplants.in/searchpage/showdetails/xplant_id/7d57e91d4ba99981148afbcb8af8094c
Chrysanthemum indicum L.,ASTERACEAE,"Ayurveda, Siddha, Unani, Folk",,,https://www.medicinalplants.in/searchpage/showdetails/xplant_id/37a1d551c8bd08639703603fd6aac6a9/xclkon/b9786cc0fc911b6c9ca679e7ef395610
Pyrus communis L.,ROSACEAE,,,,https://www.medicinalplants.in/searchpage/showdetails/xplant_id/844e194a0f63eebbe594e253639aceff
,FAGACEAE,,,,https://www.medicinalplants.in/searchpage/showdetails/xplant_id/4c0cabae31f92999e5d9d69bb5a25068
,POLYGONACEAE,"Ayurveda, Folk",,,https://www.medicinalplants.in/searchpage/showdetails/xplant_id/3981b2632f0bb0909934e098a32fdc4b/xclkon/23a0331d48877870830fdc625ca22953
,POLYGONACEAE,"Ayurveda, Folk",,,https://www.medicinalplants.in/searchpage/showdetails/xplant_id/3981b2632f0bb0909934e098a32fdc4b
Ricinus communis L.,EUPHORBIACEAE,,,,https://www.medicinalplants.in/searchpage/showdetails/xplant_id/ab8b2a15b1ed94d74b5d9605be29a51f
,POLYGONACEAE,,,,https://www.medicinalplants.in/searchpage/showdetails/xplant_id/e21cadce2a1b76b8f118d8a745afbd3a
,CYPERACEAE,"Ayurveda, Siddha, Unani, Sowa-Rigpa",,,https://www.medicinalplants.in/searchpage/showdetails/xplant_id/e31dcff0e6077e95eb1390645f6659d3
,CYPERACEAE,"Ayurveda, Siddha, Unani, Sowa-Rigpa",,,https://www.medicinalplants.in/searchpage/showdetails/xplant_id/e31dcff0e6077e95eb1390645f6659d3/xclkon/df074826339e7529452cdb038c92810f
Seseli diffusum (ROXB. EX. SM.) SAMT,APIACEAE,"Ayurveda, Folk",Seseli indicum WIGHT & ARN.,,https://www.medicinalplants.in/searchpage/showdetails/xplant_id/4262e42319a69d18a8b9cf00bfce2fdb/xclkon/12a16cff740b6b6b89066e97b325467e
Stereospermum chelonoides (L.F.) DC.,BIGNONIACEAE,"Ayurveda, Siddha, Unani, Folk, Sowa-Rigpa",Bignonia chelonoides L.F.,,https://www.medicinalplants.in/searchpage/showdetails/xplant_id/81a7142da6d3e9316c713044dd02140d
,LOGANIACEAE,,,,https://www.medicinalplants.in/searchpage/showdetails/xplant_id/a276680d3a3256fe4802cf672c6075a2
,RUBIACEAE,,,,https://www.medicinalplants.in/searchpage/showdetails/xplant_id/77d6053885759c490059e0248696deed
Symplocos cochinchinensis S.MOORE subsp. laurina (RETZ.) NOOTEBOOM var. laurina,SYMPLOCACEAE,Ayurveda,Symplocos spicata ROXB.,,https://www.medicinalplants.in/searchpage/showdetails/xplant_id/cea7e394fde898d69c68bc053c1c4e35
Symplocos cochinchinensis S.MOORE,SYMPLOCACEAE,,,,https://www.medicinalplants.in/searchpage/showdetails/xplant_id/c76fd076adaa777fb9a70f1164ade1b7
Syzygium cumini (L.) SKEELS,MYRTACEAE,"Ayurveda, Siddha, Unani, Homeopathy, Folk, Sowa-Rigpa",Calyptranthes jambolana MOON. Eugenia jambolana LAM.,,https://www.medicinalplants.in/searchpage/showdetails/xplant_id/d5469b2ff22373aaaa14897e42ad27ef
Melilotus indica (L.) ALL.,FABACEAE,Ayurveda,Melilotus parviflora BENTH.,,https://www.medicinalplants.in/searchpage/showdetails/xplant_id/6a5b2cb08bba465bda3575cea801ee97/xclkon/01508d9629fa3cd9bbdfdc38d3bdd46a
,VISCACEAE,,,,https://www.medicinalplants.in/searchpage/showdetails/xplant_id/3ef7c2789610b44230041b523436342b
Vitex leucoxylon SCHAU,VERBENACEAE,,,,https://www.medicinalplants.in/searchpage/showdetails/xplant_id/585e39d7a39848fcc72a6a3a13e0c99a
Ougeinia oojeinensis (ROXB.) HOCHR.,FABACEAE,"Ayurveda, Siddha, Folk, Sowa-Rigpa",Dalbergia oogeinensis ROXB.,,https://www.medicinalplants.in/searchpage/showdetails/xplant_id/e7084a3daf2834d5df7afcfe80421299/xclkon/efc3939cef25af531f932de654d216a7
Desmodium triflorum DC.,FABACEAE,"Ayurveda, Siddha, Folk",,,https://www.medicinalplants.in/searchpage/showdetails/xplant_id/231e68323920aa2c4369036a6c8072d4
Desmodium velutinum (WILLD.) DC.,FABACEAE,"Ayurveda, Siddha",Desmodium latifolium DC.,,https://www.medicinalplants.in/searchpage/showdetails/xplant_id/83a9f5b4a0610f7770644aec506f1dd5
Euonymus pendulus WALL.,CELASTRACEAE,,,,https://www.medicinalplants.in/searchpage/showdetails/xplant_id/190f7533d5ab41470cfb132b44bb545a
Glinus lotoides L.,AIZOACEAE,"Ayurveda, Siddha, Folk",Glinus dictamnoides BURM.F. Mollugo hirta THUNB.,,https://www.medicinalplants.in/searchpage/showdetails/xplant_id/67349d031267ee6d717be88c91b873eb
Glinus lotoides L.,AIZOACEAE,"Ayurveda, Siddha, Folk",Glinus dictamnoides BURM.F. Mollugo hirta THUNB.,,https://www.medicinalplants.in/searchpage/showdetails/xplant_id/67349d031267ee6d717be88c91b873eb/xclkon/bd1582467214b79d1f62f8f630e5e3df
Nerium oleander L.,APOCYNACEAE,"Ayurveda, Siddha, Unani, Homeopathy, Folk, Sowa-Rigpa",Nerium indicum MILLER,,https://www.medicinalplants.in/searchpage/showdetails/xplant_id/c18a72505452a7ec576c3d5ea3e43ba6/xclkon/5c58222df220afa440e7749a73753f84
Podophyllum hexandrum ROYLE,BERBERIDACEAE,Ayurveda,Podophyllum emodi WALL.,,https://www.medicinalplants.in/searchpage/showdetails/xplant_id/3c92bf1ce2c1338e2114f10dc835c2e6/xclkon/8dbac4bd2d289d42219aa12e7774ce58
Prunus cerasoides D.DON,ROSACEAE,"Ayurveda, Unani, Folk, Sowa-Rigpa",Prunus puddum (WALL.) ROXB. EX BRANDIS,,https://www.medicinalplants.in/searchpage/showdetails/xplant_id/5522ff065cc5f789461e2a2a48bb6ca1/xclkon/4ba7676f1d5e7be38769bb3d64960f24
,MYRTACEAE,"Ayurveda, Siddha, Unani, Folk",,,https://www.medicinalplants.in/searchpage/showdetails/xplant_id/3fdda2688c27df3027657e00882c20d6/xclkon/2bd9a762f38fc64f47a2e7ceff301be9
,MYRTACEAE,"Ayurveda, Siddha, Unani, Folk",,,https://www.medicinalplants.in/searchpage/showdetails/xplant_id/3fdda2688c27df3027657e00882c20d6/xclkon/3d4c70a99561d7779055622145f36f8c
,POLYGONACEAE,"Ayurveda, Siddha, Unani",,,https://www.medicinalplants.in/searchpage/showdetails/xplant_id/ea4fb864aa3c10b37d96891780e8f80d/xclkon/94ab5244458883469449752bdfa07266
Seseli diffusum (ROXB. EX. SM.) SAMT,APIACEAE,"Ayurveda, Folk",Seseli indicum WIGHT & ARN.,,https://www.medicinalplants.in/searchpage/showdetails/xplant_id/4262e42319a69d18a8b9cf00bfce2fdb
Flacourtia indica (BURM.F.),FLACOURTIACEAE,"Ayurveda, Siddha, Folk, Sowa-Rigpa",Flacourtia sepiaria ROXB.,,https://www.medicinalplants.in/searchpage/showdetails/xplant_id/0a51b919c7926844e164c464ec8d28e2/xclkon/29a574af99683c7fb07eb948863ec1b7
Vitex negundo L.,VERBENACEAE,"Ayurveda, Siddha, Unani, Folk, Sowa-Rigpa",Vitex paniculata LAM.,,https://www.medicinalplants.in/searchpage/showdetails/xplant_id/b3c83d263cafe0c7e0656f366178bed2
Vitex negundo L. var. negundo,VERBENACEAE,Ayurveda,Vitex negundo L. var. incisa,,https://www.medicinalplants.in/searchpage/showdetails/xplant_id/d51fd2d30ce7eda192d2f82d314bc4da/xclkon/17805fa126bba14725ca6d4dac7407b9
Vitex negundo L. var. negundo,VERBENACEAE,Ayurveda,Vitex negundo L. var. incisa,,https://www.medicinalplants.in/searchpage/showdetails/xplant_id/d51fd2d30ce7eda192d2f82d314bc4da
Vitex negundo L. var. purpurascens SIVARAJAN & MOLDENKE,VERBENACEAE,,,,https://www.medicinalplants.in/searchpage/showdetails/xplant_id/ffc82d07495e390bf3048e7dd20698b2
Euonymus tingens WALL.,CELASTRACEAE,,,,https://www.medicinalplants.in/searchpage/showdetails/xplant_id/df01cee33836cba312fecaab581c208c
Ocimum tenuiflorum L.,LAMIACEAE,"Ayurveda, Siddha, Unani, Homeopathy, Folk, Sowa-Rigpa",Geniosporum tenuiflorum (L.) MERRILL Ocimum sanctum L.,,https://www.medicinalplants.in/searchpage/showdetails/xplant_id/b3faedcb64cd0f9a51be4c9d54acaf69/xclkon/665b356040e923344b6746705a46a7c2
Mimusops elengi L.,SAPOTACEAE,,,,https://www.medicinalplants.in/searchpage/showdetails/xplant_id/246aaeb04e3f6bef0fa0e1a5e1dc1412
Rauvolfia serpentina (L.) BENTH. EX KURZ,APOCYNACEAE,"Ayurveda, Siddha, Unani, Homeopathy, Folk, Sowa-Rigpa",Ophioxylon serpentinum L.,,https://www.medicinalplants.in/searchpage/showdetails/xplant_id/492d132b623b4394715c89e2cadf6fde/xclkon/c7cd3f2c3d2a6dfa4624a20196567c68
Phoenix humilis ROYLE,ARECACEAE,,,,https://www.medicinalplants.in/searchpage/showdetails/xplant_id/150ad36f548084640a018005484b3d84
Phoenix sylvestris ROXB.,ARECACEAE,,,,https://www.medicinalplants.in/searchpage/showdetails/xplant_id/1fef84efdb0129c97ecd6a07953e4aa2
,PIPERACEAE,,,,https://www.medicinalplants.in/searchpage/showdetails/xplant_id/9d1cc8f0d692548b872770222ea9fca6
,PIPERACEAE,"Ayurveda, Siddha, Unani, Folk, Sowa-Rigpa",,,https://www.medicinalplants.in/searchpage/showdetails/xplant_id/10f3a59b845d9890f688ad66980941fa
,PIPERACEAE,"Ayurveda, Siddha, Unani, Homeopathy, Folk, Sowa-Rigpa",,,https://www.medicinalplants.in/searchpage/showdetails/xplant_id/ba0f1ced98218e0dfa2295cff395acdd
Selinum candollei DC.,APIACEAE,"Ayurveda, Folk",Selinum tenuifolium WALL. EX DC.,,https://www.medicinalplants.in/searchpage/showdetails/xplant_id/141928dd4d61e6e1d1544843fb482794/xclkon/ecd10a28a930f36cb01f655b0829a3b7
,LAMIACEAE,"Ayurveda, Unani, Homeopathy, Folk",,,https://www.medicinalplants.in/searchpage/showdetails/xplant_id/864390e41471024ac71fcfada20e4a86
Cissus repens LAM.,VITACEAE,"Ayurveda, Folk",Vitis repens WIGHT & ARN.,,https://www.medicinalplants.in/searchpage/showdetails/xplant_id/da4be92bfbe7a876ad8bc29570d4848c/xclkon/fd5b90bb6d9e68e780690516f7fc994e
Glinus oppositifolius (L.) A.DC.,AIZOACEAE,"Ayurveda, Siddha, Folk",Mollugo oppositifolia L.,,https://www.medicinalplants.in/searchpage/showdetails/xplant_id/28c3dc1e341a3546b10d37e26e480b04
,LAMIACEAE,"Ayurveda, Folk",,,https://www.medicinalplants.in/searchpage/showdetails/xplant_id/260a35c48387acc67d9e0a6a542ff730
Gossypium hirsutum L.,MALVACEAE,,,,https://www.medicinalplants.in/searchpage/showdetails/xplant_id/f81597fb54240873cd7d14db19ec260f
Lilium polyphyllum DON.,LILIACEAE,,,,https://www.medicinalplants.in/searchpage/showdetails/xplant_id/657612f5869ee9db29545fcbca52428a
Ziziphus xylopyrus WILLD.,RHAMNACEAE,,,,https://www.medicinalplants.in/searchpage/showdetails/xplant_id/686391902160c04a694b9cb954d71b32
