letter,page,drug_name,sanskrit_name,transliteration,ref_drug_name,botanical_correlation,status,discussion,reference
A,1,Abhababulaka,आभाबब्बूलक,ābhābabbūlaka,आभाबब्बूलक,Acacia arabica,Suggested Source,"In Kaideva and Sodala nighantu, 'Abhababulaka' is described seperately after 'Babbula'; 'Abhababulaka' is described under Laksmana varga where as 'Babbula' is described under 'Amradi varga'; But Bapalal Vaidya has correlated this to Acacia arabica which is 'Babbula'; According to the author this may be a type of 'Babbula'",[5]
A,1,Abhababulaka,आभाबब्बूलक,ābhābabbūlaka,आभाबब्बूलक,Acacia sp.,Accepted source,"In Kaideva and Sodala nighantu, 'Abhababulaka' is described seperately after 'Babbula'; 'Abhababulaka' is described under Laksmana varga where as 'Babbula' is described under Amradi varga; According to the author this may be a type of 'Babbula' and hence identified with this species",[5]
A,1,Abhirupatri,अभीरुपत्री,abhīrupatrī,अभीरुपत्री,Asparagus Sp.,Most probable,Abhiru' has been mentioned just once in Caraka samhita; It is a synonym of 'Satavari' or is a plant that resembles 'Satavari' and hence most probably correlated to this species,[5]
A,1,Abhisuka,अभिषुक,abhiṣuka,अभिषुक,Pistacia vera Linn.,Accepted source,Imported,[1]
A,1,Abhisuka,अभिषुक,abhiṣuka,अभिषुक,Pistacia vera Linn.,Accepted source,Identified with this species,[4]
A,1,Abhisuka,अभिषुक,abhiṣuka,अभिषुक,Pistacia vera Linn.,Most probable,"Abhisuka is mentioned along with fruits like 'Vatama', 'Aksoda' etc which are dry and unctuous in nature; Some of them identify 'Pista' with 'Abhisuka' and even the author agrees with it and identifies 'Abhisuka' with this species",[5]
A,1,Adari,आदारी,ādārī,आदारी,Acacia pennata Willd.,Most probable,"Susruta in his description has mentioned this as a vella (creeper); In Abhidanaratnamala, 'Khadiravalli' has been given as its synonym; According to the author it is this species which the adivasis refer as 'Arar' which has origined from 'Adari'. A.pennata is a creeper and has features similar to the ones described in the text and hence can be taken into consideration",[5]
A,1,Adarisimbi,आदारिशिम्बी,ādāriśimbī,आदारिशिम्बी,Cassia auriculata Linn.,Most probable,With regard to its morphological features it is most probably identified with this species,[1]
A,1,Adhahpuspi,अधःपुष्पी,adhaḥpuṣpī,अधःपुष्पी,Trichodesma indicum R. Br.,Accepted source,Identified with it,[3]
A,1,Adhaki,आढकी,āḍhakī,आढकी,Cajanus cajan (Linn.) Millsp.,Accepted source,Identified with it,[1]
A,1,Adhaki,आढकी,āḍhakī,आढकी,Cajanus cajan (Linn.) Millsp.,Accepted source,Identified with it,[4]
A,1,Adhaki - prakara,आढकी प्रकार,āḍhakī prakāra,आढकी प्रकार,Cajanus cajan (Linn.) Millsp. var. bicolor DC.,Accepted source,Variety of adhaki is identified with this species,[4]
A,1,Adhaki - prakara,आढकी प्रकार,āḍhakī prakāra,आढकी प्रकार,Cajanus cajan (Linn.) Millsp. var. flavus DC.,Accepted source,Variety of adhaki is identified with this species,[4]
A,1,Adhoguda,अधोगुडा,adhoguḍā,अधोगुडा,Argyria petaloides,Controversial,"With regard to the commentary given in Caraka, Adhoguda is identified as Vrddhadaraka which is correlated to this species but this species does not tally with the properties of Adhoguda",[2]
A,1,Adhoguda,अधोगुडा,adhoguḍā,अधोगुडा,Euphorbia acaulis Roxb.,Accepted source,In the texts it has been mentioned among the purgative drugs; Has been cited just once in Caraka samhita; Guda is a synonym of Snuhi so the literal meaning of Adhoguda is 'Snuhi that grows underground'; It is identified with this species,[5]
A,1,Adhoguda,अधोगुडा,adhoguḍā,अधोगुडा,Euphorbia acaulis Roxb.,Most probable,May be a variety of snuhi,[1]
A,1,Adhoguda,अधोगुडा,adhoguḍā,अधोगुडा,Euphorbia nivulia,Accepted source,Guda is the synonym of Snuhi which is correlated to this species,[2]
A,1,Adityavalli,आदित्यवल्ली,ādityavallī,आदित्यवल्ली,Helianthus annuus Linn.,Controversial,Commentators have usually identified Adityavalli with this species,[1]
A,1,Agaru,अगरु,agaru,अगरु,Aquilaria agallocha Roxb.,Accepted source,Identified with it,[1]
A,1,Agaru,अगरु,agaru,अगरु,Aquilaria agallocha Roxb.,Accepted source,Agaru is identified with this species,[5]
A,1,Agastya,अगस्त्य,agastya,अगस्त्य,Sesbania grandiflora (Linn.) Pers.,Accepted source,Identified with it,[1]
A,1,Agastya,अगस्त्य,agastya,अगस्त्य,Sesbania grandiflora Pers.,Accepted source,Identified with it,[3]
A,1,Agnidamani,अग्निदमनी,agnidamanī,अग्निदमनी,Artemisia indica.,Suggested source,Nighantu sangraha has correlated Agnidamani to Artemisia indica but its morphology doesn’t tally with this species; It needs to be avoided,[2]
A,1,Agnidamani,अग्निदमनी,agnidamanī,अग्निदमनी,Solanum dulcamara Linn.,Suggested source,Agnidamani' has been mentioned in Rajanighantu; With regard to its synonym 'Vallikantakarika' it seems to be 'Kantakari' of the creeper variety; This species is suggested to be used as 'Agnidamani' as it has similar uses when compared to the one mentioned in the texts,[5]
A,1,Agnidamani,अग्निदमनी,agnidamanī,अग्निदमनी,Solanum trilobatum,Accepted source,Agnidamani is correlated to this species,[2]
A,1,Agnidamani,अग्निदमनी,agnidamanī,अग्निदमनी,Solanum trilobatum Linn.,Accepted source,Agnidamani' has been mentioned in Rajanighantu; With regard to its synonym 'Vallikantakarika' it seems to be 'Kantakari' of the creeper variety; It is identified with this species according to Vaidya Bapalal ji,[5]
A,1,Agnimantha,अग्निमन्थ,Agnimantha,अग्निमन्थ,Clerodendron phlomoids & Premna integrifolia,Accepted source,Agnimantha is correlated to this species,[2]
A,1,Agnimantha,अग्निमन्थ,Agnimantha,अग्निमन्थ,Clerodendrum phlomidis Linn. f.,Suggested source 2,Two accepted names given on basis of 2 types of Agnimantha viz.Vrhat and Ksudra,[1]
A,1,Agnimantha,अग्निमन्थ,Agnimantha,अग्निमन्थ,Premna integrifolia Linn.,Accepted source,Agnimantha is identified with this species,[5]
A,1,Agnimantha,अग्निमन्थ,Agnimantha,अग्निमन्थ,Premna latifolia Roxb. var. mucronata Clarke,Suggested source 1,Two accepted names given on basis of 2 types of Agnimantha viz.Vrhat and Ksudra,[1]
A,1,Agnimantha,अग्निमन्थ,Agnimantha,अग्निमन्थ,Premna latifolia Var. mucronata Clarke.,Accepted source,Agnimantha is identified with this species,[5]
A,1,Agnimantha,अग्निमन्थ,Agnimantha,अग्निमन्थ,Premna mucronata Roxb.,Accepted source,Agnimantha is identified with this species,[3]
A,1,Agnimantha - aksura,अग्निमन्थ अक्षुर,agnimantha akṣura,अग्निमन्थ अक्षुर,Clerodendrum sp.,Accepted source,This is considered as another variety of Vrhat Agnimantha (without thorns),[1]
A,1,Agnimantha - laghu,अग्निमन्थ लघु,agnimantha laghu,अग्निमन्थ लघु,Clerodendron phlomidis,Accepted source,Agnimantha is correlated to this species,[2]
A,1,Agnimantha - vrddha,अग्निमन्थ वॄद्ध,agnimantha vṝddha,अग्निमन्थ वॄद्ध,Premna integrifolia,Accepted source,Agnimantha is correlated to this species,[2]
A,1,Agnimanthfa - ksura,अग्निमन्थ क्षुर,agnimantha kṣura,अग्निमन्थ क्षुर,Premna sp.,Accepted source,This is considered as another variety of Ksudra Agnimantha (without thorns),[1]
A,1,Aguru,अगुरु,aguru,अगुरु,Aquilaria agallocha Roxb.,Accepted source,Aguru is identified with this species,[3]
A,1,Ahiphena,अहिफेन,ahiphena,अहिफेन,Papaver somnifrum Linn.,Accepted source,Ahiphena is identified with this species,[3]
A,2,Ahulya,आहुल्य,āhulya,आहुल्य,Cassia auriculata Linn.,Accepted source,Mentioned in Raja nighantu; Its identified as 'Avartaki' which is correlated to this species,[5]
A,2,Aindri,ऐन्द्री,aindrī,ऐन्द्री,Bacopa monnieri (Linn.) Pennell.,Accepted source,Aindri is identified with this species,[3]
A,2,Aindri,ऐन्द्री,aindrī,ऐन्द्री,Bacopa monnieri (Linn.) Pennell.,Accepted source,Aindri is identified with this species,[5]
A,2,Aindri,ऐन्द्री,aindrī,ऐन्द्री,Podophyllum hexandra Royle,Controversial,It needs to be examined,[1]
A,2,Airavata,ऐरावत,airāvata,ऐरावत,Citrus sp.,Controversial,Possibility of it being correlated to Airavata,[1]
A,2,Airavata,ऐरावत,airāvata,ऐरावत,Grewia sp.,Controversial,In Susruta it has been identified as Grewia species,[1]
A,2,Airavati,ऐरावती,airāvatī,ऐरावती,Acacia pennata Willd.,Accepted source,"In Kaideva nighantu, 'Airavata' has been mentioned as a variety of Khadira with 'Vallikhadira' and 'Khadiravalli' as its synonyms which portrays this as a creeper; 'Vallikhadira' is identified with this species",[5]
A,2,Aja,अजा,ajā,अजा,Saussurea gossipifolia Don.,Controversial,Needs to be studied,[1]
A,2,Aja,अजा,ajā,अजा,Saussuria gossypifolia Don.,Most probable,It has been mentioned under the divine drugs. With regard to its description it is one of the types of Saussurea species which is found near the Himalayas and popularly known as 'Kamala'. Most probably it is identified with this species,[5]
A,2,Ajagandha,अजगन्धा,ajagandhā,अजगन्धा,Elsholtzia cristata Willd.,Controversial,Its vernacular names point towards it as a correlation,[1]
A,2,Ajagandha,अजगन्धा,ajagandhā,अजगन्धा,Gynandropis pentaphylla,Accepted source,Bhavamisra had identified Ajagandha with Suvarcala which is correlated to this species,[2]
A,2,Ajagandha,अजगन्धा,ajagandhā,अजगन्धा,Gynandropis pentaphylla,Most probable,Tilaparni and Ajagandha are synonymous to each other but Tilaparni means ( leaves like sesamum) so there is no similarity with the morphology of the species; but Tilaparni was understood as Hulhula and correlated to this species,[2]
A,2,Ajagandha,अजगन्धा,ajagandhā,अजगन्धा,Gynandropsis gynandra (Linn.) Briquet.,Accepted source,It has been identified as Ajagandha but its vernacular names point towards 2 more plants,[1]
A,2,Ajagandha,अजगन्धा,ajagandhā,अजगन्धा,Ocimum basilicum Linn.,Controversial,Its vernacular names point towards it as a correlation,[1]
A,2,Ajagandha,अजगन्धा,ajagandhā,अजगन्धा,Thymus serpyllum Linn.,Most probable,"With referance to the ancient texts it can be concluded that 'Ajagandha' is different from drugs like 'Ajamoda', 'Yavani', 'Satahva' etc and it seems to be 'Vanayavani' which is most probably identified with this species; With regard to the property of this species it has similar properties like 'Ajagandha' with an exception that it is not a purgative",[5]
A,2,Ajagandha - pita,अजगन्धा पीत,ajagandhā pīta,अजगन्धा पीत,Cleome viscosa,Accepted source,Ajagandha is identified with this species,[2]
A,2,Ajagandha - sveta,अजगन्धा श्वेत,ajagandhā śveta,अजगन्धा श्वेत,Gynandropis Gynantra,Accepted source,White variety of Ajagandha is correlated to this species,[2]
A,2,Ajagari,अजगरी,ajagarī,अजगरी,Arisaema Sp.,Most probable,Ajagari' is mentioned in Susruta as a divya aushadhi (divine drug) and most probably correlated to this species,[5]
A,2,Ajakarna,अजकर्ण,ajakarṇa,अजकर्ण,Dipterocarpus sp.,Accepted source,Ajakarna is identified with this species,[1]
A,2,Ajakarna,अजकर्ण,ajakarṇa,अजकर्ण,Dipterocarpus turbinatus Gaertn.f.,Accepted source,Identified with it,[1]
A,2,Ajalomi,अजलोमी,ajalomī,अजलोमी,Not identified,Not Identified,It is considered as the alternative source for Ajalomi and Golomi. In practice 2 varieties of durva are being used in its place. Probably an aromatic herb,[1]
A,2,Ajamoda,अजमोद,ajamoda,अजमोद,Apium graveolens Linn.,Accepted source,Identified with it,[1]
A,2,Ajamoda,अजमोद,ajamoda,अजमोद,Carum Roxburghianum (DC) Craib.,Accepted source,It is identified with this species,[3]
A,2,Ajamoda,अजमोद,ajamoda,अजमोद,T. stictocarpum (C.B. Clake) Wolff.,Most probable,This species resembles Ajamoda except for its fruits which have more margins on them and are excessively hairy. This is most probably its cultivated variety,[3]
A,2,Ajaruha,अजरुहा,ajaruhā,अजरुहा,Nephrodium sp.,Suggested source,Needs to be examined,[1]
A,2,Ajasrngi,अजश्रॄङ्गी,ajaśrṝṅgī,अजश्रॄङ्गी,Gymnema sylvestre R. Br.,Accepted source,Identified with this species,[5]
A,2,Akarakarabha,आकारकरभ,ākārakarabha,आकारकरभ,Anacyclus pyrethrum DC.,Accepted source,Akarakarabha is identified with this species,[3]
A,2,Akasavalli,आकाशवल्ली,ākāśavallī,आकाशवल्ली,Cassytha filiformis Linn.,Most probable,Akasavalli is identified with this species,[3]
A,2,Akasavalli,आकाशवल्ली,ākāśavallī,आकाशवल्ली,Cuscuta reflexa Roxb.,Most probable,This species is widely known as Akasavalli  Morphological features are similar except that it is laxative,[3]
A,2,Akasavalli - prajati,आकाशवल्ली प्रजाति,ākāśavallī prajāti,आकाशवल्ली प्रजाति,Cuscuta chinensis Lam.,Most probable,This species is a variety of Cuscuta reflexa andhas similar properties so most probably can be identified with Akasavalli,[3]
A,2,Akhukarni,आखुकर्णी,ākhukarṇī,आखुकर्णी,Evolvulus nummularius Linn.,Suggested source,There are many species correlated to Akhukarni. This specieis identified with Akhukarni but it is imported to India,[3]
A,2,Akhukarni,आखुकर्णी,ākhukarṇī,आखुकर्णी,Merremia emarginata (Burm.f.) Hallier f.,Accepted source,It is identified with this species,[3]
A,2,Akhuparnika,आखुपर्णिका,ākhuparṇikā,आखुपर्णिका,Evolvulus nummularis Linn.,Suggested source,Akhuparnika presently is identified with this species but it needs to be studied as its not a native of our country and its features are not equivalent with the ones given in Caraka samhita,[5]
A,2,Akhuparnika,आखुपर्णिका,ākhuparṇikā,आखुपर्णिका,Merremia emarginata (Burm.f.) Hallier.f.,Suggested source,Akhuparnika presently is identified with this species but it needs to be studied as its not a native of our country and its features are not equivalent with the ones given in Caraka samhita,[5]
A,2,Aksapida,अक्षपीड,akṣapīḍa,अक्षपीड,"Ctenolepis cerasiformis, Naud",Controversial,On basis of a local name in Gujarat it is correlated to the following plant,[1]
A,2,Aksapida,अक्षपीड,akṣapīḍa,अक्षपीड,Phaseolus lunatus Linn.,Controversial,With referance to its uses it is correlated to different plant names so the correlations remain unspecified,[1]
A,3,Aksapidaka,अक्षपीडक,akṣapīḍaka,अक्षपीडक,Phaseolus lunatus Linn.,Most probable,"Aksipidaka' has been cited in Caraka under the Visa cikitsa (treatment for poisons); Susruta has mentioned its use in case of kustha (skin disorders); Gangadhar has inferred the word 'Aksipida' as, whose juice can be expressed and put in the eyes in case of eye disorders; But in the samhitas its nowhere been mentioned in case of eye diseases; Cakrapani has interpreted it as 'Simbi bheda' (variety of Simbi) which most probably is taken as 'Jehermaar'; It is correlated to this species",[5]
A,3,Aksikiphala,आक्षिकीफल,ākṣikīphala,आक्षिकीफल,Alangium begonifolium Harm.,Suggested source,"Based on popular names this species is suggested, which has to be examined",[1]
A,3,Aksikiphala,आक्षिकीफल,ākṣikīphala,आक्षिकीफल,Alangium begonifolium Harms.,Suggested source,"Based on popular names this species is suggested, which has to be examined",[5]
A,3,Aksikiphala,आक्षिकीफल,ākṣikīphala,आक्षिकीफल,Dillenia pentagyna Roxb.   .,Suggested source,In Assam it is known as ‘Akshi’ and hence identified with it,[5]
A,3,Aksikiphala,आक्षिकीफल,ākṣikīphala,आक्षिकीफल,Euphoria longan Steud.     .,Suggested source,In Bengal this species is known as ‘Aashphala’ and in Assamas ‘Naagalichi’.With regard to homophony  this species is taken into consideration,[5]
A,3,Aksikiphala,आक्षिकीफल,ākṣikīphala,आक्षिकीफल,Morinda coreia Buch-Ham.,Suggested source,In the book Rasaratnasamucchaya there is a mention of ‘Aksi’ in the Rakta varga which is most probably identified with this species,[5]
A,3,Aksikiphala,आक्षिकीफल,ākṣikīphala,आक्षिकीफल,Morinda tinctoria Roxb.,Suggested source,"Based on popular names this species is suggested, which has to be examined",[1]
A,3,Aksipidaka,अक्षिपीडक,akṣipīḍaka,अक्षिपीडक,Ctenilepis cerasiformis Naud.,Most probable,"Caraka has mentioned this as a drug used in Visa cikitsa (in cases of poison); Susruta has cited this as a drug used in Kustha (skin related disorders); Gangadhar states it as a drug used in eye diseases with regard to its name 'Aksipidaka' but in the Samhitas it is not mentioned as a drug used in eye diseases; With regard to this, people in Gujarat consider the widely known 'Aankhphootani' as 'Aksipidaka' as it has similar properties mentioned by Gangadhar and hence correlated to this species",[5]
A,3,Aksiva,अक्षीव,akṣīva,अक्षीव,Moringa oleifera Lam.,Accepted source,"Madhusigru was a very controversial drug in ancient times as it was interpreted with different names like 'Sigru', 'Mahanimba', 'Vasira' etc; Cakrapani interpreted it with 'Musta' or 'Sobhanjana' where as Dalhana has interpreted it with 'Mahanimba' or 'Sobhanjana'; With regard to the referance 'Sigruni' in Caraka meaning seeds of Sigru the author has considered the same and identified  'Aksiva' with this species",[5]
A,3,Aksota,अक्षोट,akṣoṭa,अक्षोट,Juglans regia Linn.,Accepted source,Identified with it,[1]
A,3,Aksota,अक्षोट,akṣoṭa,अक्षोट,Juglans regia Linn.,Accepted source,Identified with it,[4]
A,3,Alambusa,अलम्बुषा,alambuṣā,अलम्बुषा,Biophytum sensitivum (Linn.) DC.,Controversial,It has to be identified correctly but some correlate it to this species itself,[1]
A,3,Alambusa,अलम्बुषा,alambuṣā,अलम्बुषा,Sphaeranthus indicus Linn.,Accepted source,Alambusa is correlated to this species,[2]
A,3,Alarka,अलर्क,alarka,अलर्क,Calotropis gigantea (Linn.) R.Br.ex Ait.,Most probable,Usually correlated to the bigger and white flowered variety of this plant,[1]
A,3,Alasandra,अलसान्द्र,alasāndra,अलसान्द्र,Vigna cylindrica Skeels,Accepted source,Identified with it,[1]
A,3,Alavu,अलावु,alāvu,अलावु,Lagenaria siceraria (Mol.) Standl.,Accepted source,Identified with it,[4]
A,3,Alavu,अलावु,alāvu,अलावु,Lagenaria siceraria Standl.,Accepted source,Identified with it,[1]
A,3,Aluka,आलुक,āluka,आलुक,Dioscorea sp.,Accepted source,The root tubers and bulbils of its varoius species are used as food articles by the tribal people,[1]
A,3,Aluka,आलुक,āluka,आलुक,Solanum tuberosum Linn.,Accepted source,Identified with this species,[4]
A,3,Aluka - bheda,आलुक भेद,āluka bheda,आलुक भेद,Dioscorea alata Linn.,Accepted source,Identified with this species,[5]
A,3,Aluka - bheda,आलुक भेद,āluka bheda,आलुक भेद,Dioscorea bulbifera Linn.,Most probable,Its most probably identified with regard to its morphology,[5]
A,3,Aluka - bheda,आलुक भेद,āluka bheda,आलुक भेद,Dioscorea deltoidea Wall.,Accepted source,Identified with this species,[5]
A,3,Aluka - bheda,आलुक भेद,āluka bheda,आलुक भेद,Dioscorea esculanta Burkill.,Accepted source,Identified with this species,[5]
A,3,Aluka - bheda,आलुक भेद,āluka bheda,आलुक भेद,Dioscorea glabra Roxb.,Most probable,Its most probably identified with regard to its morphology,[5]
A,3,Aluka - bheda,आलुक भेद,āluka bheda,आलुक भेद,Dioscorea hispida Dennst.,Most probable,Its most probably identified with regard to its morphology,[5]
A,3,Aluka - bheda,आलुक भेद,āluka bheda,आलुक भेद,Dioscorea species.,Accepted source,Identified with this species,[5]
A,3,Aluki,आलुकी,ālukī,आलुकी,Colocasia esculenta (Linn.) Schott.,Accepted source,Identified with it,[4]
A,3,Amala,अमल,amla,अमल,Emblica officinalis Gaertn.,Accepted source,Identified with it,[1]
A,3,Amala,अमल,amla,आमलक,Emblica officinalis Gaertn.,Accepted source,Identified with it,[4]
A,3,Amala,अमल,amla,आमलकी,Emblica officinalis Gaertn.,Accepted source,Identified with it,[3]
A,3,Amalaka,आमलक,āmalaka,अमल,Emblica officinalis Gaertn.,Accepted source,Identified with it,[1]
A,3,Amalaka,आमलक,āmalaka,आमलक,Emblica officinalis Gaertn.,Accepted source,Identified with it,[4]
A,3,Amalaka,आमलक,āmalaka,आमलकी,Emblica officinalis Gaertn.,Accepted source,Identified with it,[3]
A,3,Amalaki,आमलकी,āmalakī,अमल,Emblica officinalis Gaertn.,Accepted source,Identified with it,[1]
A,3,Amalaki,आमलकी,āmalakī,आमलक,Emblica officinalis Gaertn.,Accepted source,Identified with it,[4]
A,3,Amalaki,आमलकी,āmalakī,आमलकी,Emblica officinalis Gaertn.,Accepted source,Identified with it,[3]
A,3,Amaravela,अमरवेल,amaravela,अमरवेल,Cascuta reflexa Roxle.,Accepted source,Amaravela is not mentioned in the Brhatrayis; It is identified with this species,[2]
A,3,Amaravela,अमरवेल,amaravela,अमरवेल,Cassyatha filiformis Linn.,Accepted source,Amaravela is not mentioned in the Brhatrayis; It is identified with this species,[2]
A,3,Amaruda,आमरुद,āmaruda,आमरुद,Psidium guajava Linn.,Accepted source,Identified with this species,[4]
A,3,Ambastha,अम्बष्ठा,ambaṣṭhā,अम्बष्ठा,Hibiscus cannabinus Linn.,Controversial,Ambastha' has been mentioned in Caraka; With regard to its popularity there were a group of drugs mentioned under its name in Susruta samhita; Cakrapani has identified it has 'Pathabheda' where as Dalhana as 'Kakamaci'; But both of them can be ruled out as have different rasa (taste) when compared to 'Ambastha'; During the medieval period its identity was controversial and it was considered as a synonym of many drugs having amla rasa; So it was identified with this species; But there is a doubt regarding this as 'Ambastha' mentioned in Samhitas was having kasaya rasa; Needs to be studied further,[5]
A,3,Ambastha,अम्बष्ठा,ambaṣṭhā,अम्बष्ठकी,Hibiscus cannabinus Linn.,Controversial,This drug needs to be examined as there is a confusion regarding 2 names which are synonyms of each other and are also mentioned under 2 different group of drugs in the ancient texts.,[1]
A,3,Ambastha,अम्बष्ठा,ambaṣṭhā,अम्बष्ठा,Quercus infectoria Oliv.,Accepted source,It is identified with this species,[5]
A,3,Ambastha,अम्बष्ठा,ambaṣṭhā,अम्बष्ठकी,Quercus sp.,Controversial,With referance to etymology of the drug this plant is taken into consideration,[1]
A,3,Ambastha,अम्बष्ठा,ambaṣṭhā,अम्बष्ठकी,Tamarix sp.,Controversial,With referance to etymology of the drug this plant is taken into consideration,[1]
A,3,Ambasthaki,अम्बष्ठकी,ambaṣṭhakī,अम्बष्ठा,Hibiscus cannabinus Linn.,Controversial,Ambastha' has been mentioned in Caraka; With regard to its popularity there were a group of drugs mentioned under its name in Susruta samhita; Cakrapani has identified it has 'Pathabheda' where as Dalhana as 'Kakamaci'; But both of them can be ruled out as have different rasa (taste) when compared to 'Ambastha'; During the medieval period its identity was controversial and it was considered as a synonym of many drugs having amla rasa; So it was identified with this species; But there is a doubt regarding this as 'Ambastha' mentioned in Samhitas was having kasaya rasa; Needs to be studied further,[5]
A,3,Ambasthaki,अम्बष्ठकी,ambaṣṭhakī,अम्बष्ठकी,Hibiscus cannabinus Linn.,Controversial,This drug needs to be examined as there is a confusion regarding 2 names which are synonyms of each other and are also mentioned under 2 different group of drugs in the ancient texts.,[1]
A,3,Ambasthaki,अम्बष्ठकी,ambaṣṭhakī,अम्बष्ठा,Quercus infectoria Oliv.,Accepted source,It is identified with this species,[5]
A,3,Ambasthaki,अम्बष्ठकी,ambaṣṭhakī,अम्बष्ठकी,Quercus sp.,Controversial,With referance to etymology of the drug this plant is taken into consideration,[1]
A,3,Ambasthaki,अम्बष्ठकी,ambaṣṭhakī,अम्बष्ठकी,Tamarix sp.,Controversial,With referance to etymology of the drug this plant is taken into consideration,[1]
A,3,Amlaparni,अम्लपर्णी,amlaparṇī,अम्लपर्णी,Amorphophallus bulbifer Blume.,Accepted source,With regard to the synonyms given to 'Amlaparni' it is identified with this species,[5]
A,3,Amlaparni,अम्लपर्णी,amlaparṇī,अम्लपर्णी,Rheum emodi Wall.,Accepted source,Amlaparni is identified with this species,[3]
A,3,Amlaparni,अम्लपर्णी,amlaparṇī,अम्लपर्णी,Vitis trifolia Linn.,Suggested source,Thakur Balwant Singh suggested this species to be as  Amlaparni,[5]
A,4,Amlaparni - prajati,अम्लपर्णी प्रजाती,amlaparṇī prajātī,अम्लपर्णी प्रजाती,Rhapontic Rhubarb,Market source,It is one of the 3 varieties available in the market. It is Originally from Russia but now cultivated in India.This species is a variety of R.rhaponticum,[3]
A,4,Amlaparni - prajati,अम्लपर्णी प्रजाती,amlaparṇī prajātī,अम्लपर्णी प्रजाती,Rheum moorcroftianum Royle,Market source,This is a variety of R.emodi found in Himachal Pradesh The roots are sold in the market as Amlaparni,[3]
A,4,Amlaparni - prajati,अम्लपर्णी प्रजाती,amlaparṇī prajātī,अम्लपर्णी प्रजाती,Rheum nobile Hook. f. & Thomas,Market source,This is a variety of R.emodi found in Himachal Pradesh The roots are sold in the market as Amlaparni,[3]
A,4,Amlaparni - prajati,अम्लपर्णी प्रजाती,amlaparṇī prajātī,अम्लपर्णी प्रजाती,Rheum officinale Baill.,Market source,Amlaparni is obtained from this species found in China,[3]
A,4,Amlaparni - prajati,अम्लपर्णी प्रजाती,amlaparṇī prajātī,अम्लपर्णी प्रजाती,Rheum palmatum Linn.,Market source,Amlaparni is obtained from this species found in China,[3]
A,4,Amlaparni - prajati,अम्लपर्णी प्रजाती,amlaparṇī prajātī,अम्लपर्णी प्रजाती,Rheum rhaponticum Linn.,Market source,It is one of the 3 varieties available in the market Originally from Russia but now cultivated in India,[3]
A,4,Amlaparni - prajati,अम्लपर्णी प्रजाती,amlaparṇī prajātī,अम्लपर्णी प्रजाती,Rheum spiciforma Royle,Market source,This is a variety of R.emodi found in Himachal Pradesh The roots are sold in the market as Amlaparni,[3]
A,4,Amlaparni - prajati,अम्लपर्णी प्रजाती,amlaparṇī prajātī,अम्लपर्णी प्रजाती,Rheum webbianum Royle,Market source,This is a variety of R.emodi found in Himachal Pradesh The roots are sold in the market as Amlaparni,[3]
A,4,Amlavetasa,अम्लवेतस,amlavetasa,अम्लवेतस,Citrus sp.,Most probable,This has often been used together with Matulunga which is a citrus fruit and hence correlated,[1]
A,4,Amlavetasa,अम्लवेतस,amlavetasa,अम्लवेतस,Garcinia pedunculata Roxb.,Accepted source,Identified with it,[1]
A,4,Amlavetasa,अम्लवेतस,amlavetasa,अम्लवेतस,Garcinia pedunculata Roxb.,Accepted source,In Gujarat this species is used as Amlavetasa and can be taken into consideration with regard to its properties which is similar as mentioned in the texts,[2]
A,4,Amlavetasa,अम्लवेतस,amlavetasa,अम्लवेतस,Garcinia pedunculata Roxb.,Accepted source,Amlavetasa is identified with this species,[3]
A,4,Amlavetasa,अम्लवेतस,amlavetasa,अम्लवेतस,Garcinia pedunculata Roxb.,Most probable,The fruit of Garcinia pedunculata is used as Amlavetasa in Bengal and Assam,[1]
A,4,Amlavetasa,अम्लवेतस,amlavetasa,अम्लवेतस,Garcinia pedunculata Roxb.,Suggested source,Ancient samhitas have mentioned 'Amlavetasa' under the 'Amlavarga' (group of sour) and 'Phalavarga' (group of fruits) which resembles the 'Vetasa' tree whose fruits are sour; It has properties where in it has the ability to dissolve almost anything; With regard to the above properties they have suggested to use this species and use its fruits as 'Amlavetasa',[5]
A,4,Amlavetasa,अम्लवेतस,amlavetasa,अम्लवेतस,Garcinia sp.,Accepted source,Identified with this species,[5]
A,4,Amlavetasa,अम्लवेतस,amlavetasa,अम्लवेतस,Garcinia xanthochymous Hook.,Suggested source,Ancient samhitas have mentioned 'Amlavetasa' under the 'Amlavarga' (group of sour) and 'Phalavarga' (group of fruits) which resembles the 'Vetasa' tree whose fruits are sour; It has properties where in it has the ability to dissolve almost anything; With regard to the above properties they have suggested to use Garcinia pedunculata and use its fruits as 'Amlavetasa'; This species is a sub type of the prior and is prevelent in Puri as 'Amlavetasa',[5]
A,4,Amlavetasa,अम्लवेतस,amlavetasa,अम्लवेतस,Rheum emodi,Market source,Twigs of Rheum are sold in the market as Amlavetasa,[2]
A,4,Amlavetasa,अम्लवेतस,amlavetasa,अम्लवेतस,Rheum emodi Wall ex Meissn.,Market source,This species is being used as 'Amlavetasa' in the markets,[5]
A,4,Amlavetasa,अम्लवेतस,amlavetasa,अम्लवेतस,Rheum sp.,Substituted source,The tradional use of Rheum stalks may be allowed to continue as a substitue for it.,[1]
A,4,Amlika,अम्लिका,amlikā,अम्लिका,Dioscorea oppositifolia.,Suggested source,This species is suggested by Vaidya Bapalal with regard to it being a tuber as mentioned by commentators,[5]
A,4,Amlika,अम्लिका,amlikā,अम्लिका,Rheum emodi Wall ex Meissn.,Suggested source,Rheum modi is suggested as a correlation for 'Amlika' which is popularly known as 'Revandacini',[5]
A,4,Amlika,अम्लिका,amlikā,अम्लिका,Tamarindus indica Linn.,Accepted source,Identified with it,[1]
A,4,Amlika,अम्लिका,amlikā,अम्लिका,Tamarindus indica Linn.,Accepted source,Identified with it,[4]
A,4,Amlika,अम्लिका,amlikā,अम्लिका,Tamarindus indica Linn.,Accepted source,Amlika' is mentioned under the Phala varga (group of fruits) in Caraka samhita; Cakrapani has interpreted this as 'Tintidi'; Its popularly known as 'Imli' in Hindi and identified with this species,[5]
A,4,Amra,आम्र,āmra,आम्र,Mangifera indica Linn.,Accepted source,Identified with it,[1]
A,4,Amra,आम्र,āmra,आम्र,Mangifera indica Linn.,Accepted source,Identified with it,[3]
A,4,Amra,आम्र,āmra,आम्र,Mangifera indica Linn.,Accepted source,Identified with it,[4]
A,4,Amragandhi haridra,आम्रगन्धिहरिद्रा,āmragandhiharidrā,आम्रगन्धिहरिद्रा,Curcuma amada Roxb.,Accepted source,Identified with this species,[3]
A,4,Amrata,आम्रात,āmrāta,आम्रात,Spondias pinnata Kurz.,Accepted source,Identified with it,[1]
A,4,Amrataka,आम्रातक,āmrātaka,आम्रातक,Spondias pinnata (Linn.f.),Accepted source,Identified with it,[4]
A,4,Amrtasrava,अमृतस्रवा,amṛtasravā,अमृतस्रवा,Vitis latifolia Roxb.,Most probable,Amrtasrava' literally means plants having Amrta (water) in them; It is a creeper similar tp 'Paniyavalli' which has water in them; It has been cited in Raja nighantu and most probably identified with this species,[5]
A,4,Amsumati,अंशुमती,aṃśumatī,अंशुमती,Desmodium gangeticum DC.,Accepted source,Amsumati is correlated to this species,[2]
A,4,Amsumati,अंशुमती,aṃśumatī,अंशुमती,Pseudarthria viscida W. and A.,Most probable,This species is used as Amsumati in Kerala,[2]
A,4,Ananasa,अननास,ananāsa,अननास,Ananas comosus (Linn.) Merr.,Accepted source,Ananasa is identified with this species,[3]
A,4,Andhaka,अन्धक,andhaka,अन्धक,Trichodesma indicum R. Br.,Accepted source,Andhaka' has been mentioned under the Laksmanadi varga in Sodala nighantu; Later on it has been interpreted as 'Andhahuli' which is considered as 'Adhapuspi'; It is identified with this species,[5]
A,4,Anjanaki,अञ्जनकी,añjanakī,अञ्जनकी,Strychnos colubrina Linn.,Suggested source,Anjanaki' is mentioned only in Susruta samhita; Dalhana has interpreted it as 'Nilini'; According to the author it is identifed with this species,[5]
A,4,Anjanavrksa,अञ्जनवृक्ष,añjanavṛkṣa,अञ्जनवृक्ष,Hardwickia binata Roxb.,Accepted source,It is identified with this species,[5]
A,4,Ankalodya,अङ्कालोड्य,aṅkāloḍya,अङ्कालोड्य,Ceropegia bulbosa Roxb.,Most probable,Ankalodya' mentioned in Samhitas is identified with 'Makhanna'; Commentators have identified it with 'Padmabija'; During the Vaidik period it was known as 'Aandika'; Dalhana has identified it with Gilodya and the features equate with Ceropegia bulbosa hence this is the most probable correlation,[5]
A,4,Ankalodya,अङ्कालोड्य,aṅkāloḍya,अङ्कालोड्य,Euryale ferox Salisb.,Accepted source,It is identified with this species,[5]
A,4,Ankola,अङ्कोल,aṅkola,अङ्कोल,Alangium salvifolium (Linn.f.) Wang.,Accepted source,Identified with this species,[3]
A,4,Ankola,अङ्कोल,aṅkola,अङ्कोट,Alangium salvifolium (Linn.f.) Wang.,Accepted source,Identified with it,[1]
A,4,Ankota,अङ्कोट,aṅkoṭa,अङ्कोल,Alangium salvifolium (Linn.f.) Wang.,Accepted source,Identified with this species,[3]
A,4,Ankota,अङ्कोट,aṅkoṭa,अङ्कोट,Alangium salvifolium (Linn.f.) Wang.,Accepted source,Identified with it,[1]
A,4,Annamaya,अन्नामय,annāmaya,अन्नामय,Claviceps purpuea Fr. Tul.,Accepted source,It is identified with this species,[3]
A,4,Antahkotarapuspi,अन्तः कोटरपुष्पी,antaḥ koṭarapuṣpī,अन्तः कोटरपुष्पी,Ipomoea hederacea (Linn.) Jacq.,Most probable,Correlated to this plant with referance to its action,[1]
A,4,Antahkotarapuspi,अन्तः कोटरपुष्पी,antaḥ koṭarapuṣpī,अन्तः कोटरपुष्पी,Ipomoea nil (Linn.) Roxb.,Accepted source,It has been mentioned just once in Caraka Samhita  among the 'Phalini gana' (group of fruits) which depicts that its fruits were medicinally used; Cakrapani has intepreted it as 'Nilabughna'; With regard to its name 'Antahkotarapuspi' (flower having shape of funnel) its among the 'Trivrt group' which have similar featured plants; Its identified with this species,[5]
A,4,Apamarga,अपामार्ग,apāmārga,अपामार्ग,Achyranthes aspera Linn.,Accepted source,Identified with it,[1]
A,4,Apamarga,अपामार्ग,apāmārga,अपामार्ग,Achyranthes aspera Linn.,Accepted source,Identified with it,[3]
A,4,Apamarga - gauradanda,अपामार्ग गौरदण्ड,apāmārga gauradaṇḍa,अपामार्ग गौरदण्ड,Pupalia lappacea Moq.,Suggested source,Needs to be examined,[1]
A,5,Apamarga - raktapuspi,अपामार्ग रक्तपुष्पी,apāmārga raktapuṣpī,अपामार्ग रक्तपुष्पी,Achyranthes aspera,Accepted source,This plant has been mentioned as variety of 'Apamarga' in Dhanvantari nighantu and in Bhavaprakasa; It is considered inferior in quality when compared to the white variety; It is identified with this species,[5]
A,5,Aparajita,अपराजिता,aparājitā,अपराजिता,Clitorea ternatea.,Accepted source,Identified with this species,[5]
A,5,Apetaraksasi,अपेतराक्षसी,apetarākṣasī,अपेतराक्षसी,Ocimum sp.,Controversial,Unspecified and believed to be some variety of Tulasi,[1]
A,5,Aragvadha,आरग्वध,āragvadha,आरग्वध,Cassia fistula Linn.,Accepted source,Identified with it,[3]
A,5,Aragvadha,आरग्वध,āragvadha,आरग्वध,"Cassia fistula, Linn.",Accepted source,Identified with it,[1]
A,5,Aralu,अरलु,aralu,अरलु,Ailanthus excelsa,Accepted source,Aralu is correlated to this species,[2]
A,5,Aralu,अरलु,aralu,अरलु,Ailanthus excelsa Roxb.,Accepted source,Identified with it,[3]
A,5,Aralu,अरलु,aralu,अरलु,Ailanthus excelsa Roxb.,Accepted source,"During earlier periods, 'Aralu' and 'Syonaka' were considered as 2 different drugs but during the medieval period, nighantus considered them as a single drug; This confusion was cleared in the present times where in they are considered as 2 different drugs; Aralu is identified with this species",[5]
A,5,Aralu,अरलु,aralu,अरलु,Ailanthus excelsa Roxb.,Most probable,Aralu is identified with this species as it is popularly known as Arua in Mirzapore and has features similar to that as explained by Dalhana,[1]
A,5,Aralu - prajati,अरलु प्रजाति,aralu prajāti,अरलु प्रजाति,Ailanthus malabarica DC.,Accepted source,This is a variety of A.excelsa found in the Western Ghats,[3]
A,5,Aranyajiraka,अरण्यजीरक,araṇyajīraka,अरण्यजीरक,Centratherum anthelminticum Kuntze.,Accepted source,Aranyajiraka is identified with this species,[3]
A,5,Ardrika,अर्द्रिका,ardrikā,अर्द्रिका,Zingiber cassumunar Roxb.,Accepted source,Ardrika' is not mentioned in Susruta samhita but cited in Astanga hridaya along with 'Ardraka' which shows that it is from the 'Ardraka' family; Some of them interpret 'Ardrika' as green coriander but this cannot hold true based on the above references; According to that it should be correlated to some species from Ardraka family and hence correlated to this species,[5]
A,5,Arevata,आरेवत,ārevata,आरेवत,Cassia fistula,Controversial,Arevata is a highly controversial drug; As its mentioned as the synonym of Aragvadha this species is taken into consideration,[2]
A,5,Arevata,आरेवत,ārevata,आरेवत,Rheum emodi Wall.,Most probable,During the Pre samhita period this species was considered as Arevata but later on substituted with Aragvadha due to similarity in properties,[1]
A,5,Arimeda,अरिमेद,arimeda,अरिमेद,Acacia leucophloea Willd.,Accepted source,Identified with it,[1]
A,5,Aristaka,अरिष्टक,ariṣṭaka,अरिष्टक,Sapindus mukorossi Gaertn.,Suggested source 1,Identified with it,[1]
A,5,Aristaka,अरिष्टक,ariṣṭaka,अरिष्टक,Sapindus trifoliatus Linn.,Accepted source,Identified with it,[3]
A,5,Aristaka,अरिष्टक,ariṣṭaka,अरिष्टक,Sapindus trifoliatus Linn.,Suggested source 2,Identified with it,[1]
A,5,Aristaka - prajati,अरिष्टक प्रजाति,ariṣṭaka prajāti,अरिष्टक प्रजाति,Sapindus mukorossi Gaertn.,Accepted source,This is a variety of S.trifoliatus found in North India. called as soap nut tree of North India. Aristaka is identified with this species,[3]
A,5,Arjaka,अर्जक,arjaka,अर्जक,Orthosiphon pallidus Royle.,Accepted source,Cakrapani has interpreted 'Arjaka' as 'Svetaparnasa'; Dalhana has described it as a plant resembling 'Barbarika'; At other places it has been interpreted as 'Kuteraka' or 'Sveta kuteraka'; If 'Parnasa' and 'Kuteraka' are taken as synonyms of one another then the interpretation of Dalhana and Cakrapani can be considered the same; Arjaka is popularly known as 'Ajagura' and identified with this species,[5]
A,5,Arjaka,अर्जक,arjaka,अर्जक,Orthosiphon pallidus Royle.,Most probable,May be identified with this species with regard to its description and called as Sveta kutheraka,[1]
A,5,Arjaka,अर्जक,arjaka,अर्जक,Orthosiphon pallidus Royle.,Most probable,May be identified with this species and called as Sveta kutheraka,[1]
A,5,Arjuna,अर्जुन,arjuna,अर्जुन,Lagerstromcea flos-regina. ?,Controversial,This species is being used as Arjuna in some parts of India,[2]
A,5,Arjuna,अर्जुन,arjuna,अर्जुन,Sterculia urens,Suggested source,This species was suggested to be used as Arjuna with regard to its resemblance in morphology,[2]
A,5,Arjuna,अर्जुन,arjuna,अर्जुन,Terminalia Arjuna,Accepted source,Arjuna has been correlated to this species,[2]
A,5,Arjuna,अर्जुन,arjuna,अर्जुन,Terminalia arjuna (Roxb.) W. & A.,Accepted source,Identified with it,[3]
A,5,Arjuna,अर्जुन,arjuna,अर्जुन,Terminalia arjuna W. & A.,Accepted source,Identified with it,[1]
A,5,Arjuna,अर्जुन,arjuna,अर्जुन,Terminalia arjuna W. & A.,Accepted source,It is identified with this species,[5]
A,5,Arjuna,अर्जुन,arjuna,अर्जुन,Terminalia glabra,Most probable,According to an ancient author with regard to its morphology he has correlated this species with Arjuna; This is known as Arjuna in Gujarat,[2]
A,5,Arjuna,अर्जुन,arjuna,अर्जुन,Terminalia tomentosa,Market source,The bark of Terminalia tomentosa is available in the market as Arjuna,[2]
A,5,Arka,अर्क,arka,अर्क जाति,Calotropis gigantia (Linn.),Accepted source,It is the white variety of Arka which is correlated to this,[3]
A,5,Arka,अर्क,arka,अर्क प्रकार,Calotropis procera,Accepted source,Arka is correlated to this species,[2]
A,5,Arka,अर्क,arka,अर्क,Calotropis procera (Ait) R. Br.,Accepted source,Arka is identified with this species,[3]
A,5,Arka,अर्क,arka,अर्क,Calotropis sp.,Accepted source,Identified with this species,[5]
A,5,Arka - jati,अर्क जाति,arka jāti,अर्क जाति,Calotropis gigantia (Linn.),Accepted source,It is the white variety of Arka which is correlated to this,[3]
A,5,Arka - jati,अर्क जाति,arka jāti,अर्क प्रकार,Calotropis procera,Accepted source,Arka is correlated to this species,[2]
A,5,Arka - jati,अर्क जाति,arka jāti,अर्क,Calotropis procera (Ait) R. Br.,Accepted source,Arka is identified with this species,[3]
A,5,Arka - jati,अर्क जाति,arka jāti,अर्क,Calotropis sp.,Accepted source,Identified with this species,[5]
A,5,Arka - prakara,अर्क प्रकार,arka prakāra,अर्क जाति,Calotropis gigantia (Linn.),Accepted source,It is the white variety of Arka which is correlated to this,[3]
A,5,Arka - prakara,अर्क प्रकार,arka prakāra,अर्क प्रकार,Calotropis procera,Accepted source,Arka is correlated to this species,[2]
A,5,Arka - prakara,अर्क प्रकार,arka prakāra,अर्क,Calotropis procera (Ait) R. Br.,Accepted source,Arka is identified with this species,[3]
A,5,Arka - prakara,अर्क प्रकार,arka prakāra,अर्क,Calotropis sp.,Accepted source,Identified with this species,[5]
A,5,Arka - rakta,अर्क रक्त,arka rakta,अर्क रक्त,Calotropis procera (Ait.) R. Br.,Accepted source,Identified with it,[1]
A,5,Arka - sveta,अर्क श्वेत,arka śveta,अर्क श्वेत,Calotropis gigantea (Linn.) R.Br.ex Ait.,Accepted source,Identified with it,[1]
A,5,Arkaparni,अर्कपर्णी,arkaparṇī,अर्कपर्णी,Tylophora indica (Burm.f.) Merr.,Most probable,May be identified with this plant,[1]
A,5,Arkaparni,अर्कपर्णी,arkaparṇī,अर्कपर्णी,Tylophora indica (Burm.f.) Merrill.,Accepted source,Arkaparni' is mentioned only in Susruta samhita and cited just once in this text; With regard to its morphology it’s a plant from the 'Arka' family; Nowadays this species is considered as 'Arkaparni',[5]
A,6,Arkapuspi,अर्कपुष्पी,arkapuṣpī,अर्कपुष्पी,Holostemma annulare K. Schum.,Accepted source,Identified with it,[1]
A,6,Arkapuspi,अर्कपुष्पी,arkapuṣpī,अर्कपुष्पी,Holostemma rheedei Wall.,Accepted source,Arkapuspi has been mentioned just twice only in Susruta samhita; Dalhana in his commentary has described it as a creeper like 'Arkapatra' having latex with properties of rasayana; Its identified with this species,[5]
A,6,Arttagala,आर्तगल,ārtagala,आर्तगल,Acanthus ilicifolius Linn.,Suggested source,With regard to its description on morphological features this species was taken into regard,[1]
A,6,Arttagala,आर्तगल,ārtagala,आर्तगल,Xanthium strumarium Linn.,Controversial,With regard to its description it was identified with this species but absence of distinct blue flowers is against this view.,[1]
A,6,Arttagala,आर्तगल,ārtagala,आर्तगल,Xanthium strumarium Linn.,Controversial,With regard to its description given by Dalhana it was identified with this species but absence of distinct blue flowers is against this view.,[1]
A,6,Aruka,आरुक,āruka,आरुक,Prunus domestica Linn.,Accepted source,Identified with it,[1]
A,6,Aruka,आरुक,āruka,आरुक,Prunus domestica Linn.,Accepted source,It is identified with this species,[5]
A,6,Aruka,आरुक,āruka,आरुक प्रजाति,Prunus domestica Linn.,Accepted source,It is identified with this species,[4]
A,6,Aruka,आरुक,āruka,आरुक,Prunus persica Batsch.,Accepted source,It is identified with this species,[4]
A,6,Aruka - prajati,आरुक प्रजाति,āruka prajāti,आरुक,Prunus domestica Linn.,Accepted source,Identified with it,[1]
A,6,Aruka - prajati,आरुक प्रजाति,āruka prajāti,आरुक,Prunus domestica Linn.,Accepted source,It is identified with this species,[5]
A,6,Aruka - prajati,आरुक प्रजाति,āruka prajāti,आरुक प्रजाति,Prunus domestica Linn.,Accepted source,It is identified with this species,[4]
A,6,Aruka - prajati,आरुक प्रजाति,āruka prajāti,आरुक,Prunus persica Batsch.,Accepted source,It is identified with this species,[4]
A,6,Asana,असन,asana,असन,Bridelia montana,Controversial,This species is being used as Asana in Maharashtra,[2]
A,6,Asana,असन,asana,असन,Bridelia sp.,Controversial,This plant has gummy exudation which is not found in this species,[1]
A,6,Asana,असन,asana,असन,Pterocarpus marsupium Roxb.,Accepted source,Identified with it,[1]
A,6,Asana,असन,asana,असन,Terminalia sp.,Controversial,This plant has gummy exudation which is not found in this species,[1]
A,6,Asana,असन,asana,असन,Terminalia tomentosa,Accepted source,Asana is correlated to this species,[2]
A,6,Asana,असन,asana,असन,Terminalia tomentosa,Substituted source,Balwant Singh correlates Pterocarpus marsupium as the real Bijaka or Asana and considers this species as a substitute for them,[2]
A,6,Asana,असन,asana,असन,Terminalia tomentosa.,Most probable,Since long many Vaidyas consider this species as Asana,[2]
A,6,Asana,असन,asana,असन,Terminalia tomentosa.,Suggested source,Asana and Bijaka have been given as synonyms where as they are 2 separate drugs; As Bijaka tree was found rarely and this species fornd profusely everywhere people have considered both as one and the same,[2]
A,6,Asanaparni,असनपर्णी,asanaparṇī,असनपर्णी,Uraria picta Desv.,Most probable,May be identified with this species,[1]
A,6,Asisimbi,असिशिम्बी,asiśimbī,असिशिम्बी,Canavalia gladiata (Jacq.) DC.,Accepted source,Identified with it; Mentioned in Raja nighantu under the 'Saka varga',[5]
A,6,Asitamuskaka,असितमुष्कक,asitamuṣkaka,असितमुष्कक,Elaeodendron glaucum Pers.,Accepted source,Identified with it,[1]
A,6,Asmantaka,अश्मन्तक,aśmantaka,अश्मन्तक,Bauhinia malabarica Roxb.,Controversial,"There is a controversy regarding this correlation as Asmantaka is latex bearing, fruits are palatable and used in prameha (diabetes), it is used for vamana (vomitting) but this species has none of the above properties",[5]
A,6,Asmantaka,अश्मन्तक,aśmantaka,अश्मन्तक,Bauhinia racemosa Lam.,Controversial,"According to Cakrapani Asmantaka is 'Maluya' which is also called as 'Amlalota'; Amlalota resembles Kovidara and has sour leaves; Bauhinia species resemble Kovidara and so Amlalota is correlated to B.racemosa; Controversy arises as Asmantaka is latex bearing, fruits are palatable and used in prameha (diabetes), it is used for vamana (vomitting) but this species has none of the above properties",[5]
A,6,Asmantaka,अश्मन्तक,aśmantaka,अश्मन्तक,Bauhinia sp.,Most probable,There are 2 different drugs with the name Asmantaka. One contains latex and the other is non lactiferous.  This is a fibre yielding plant identified with this species,[1]
A,6,Asmantaka,अश्मन्तक,aśmantaka,अश्मन्तक,Bauhinia tomentosa Linn.,Controversial,With regard to its morphology it is possibly correlated to this species but Asmantaka is emetic in property which is absent in this species,[2]
A,6,Asmantaka,अश्मन्तक,aśmantaka,अश्मन्तक,Bauhinia vahlii W. & A.,Controversial,"According to Cakrapani Asmantaka is 'Maluya' which is correlated to B.vahlii;  Controversy arises as Asmantaka is latex bearing, fruits are palatable and used in prameha (diabetes), it is used for vamana (vomitting) but this species has none of the above properties",[5]
A,6,Asmantaka,अश्मन्तक,aśmantaka,अश्मन्तक,Ficus oppositae folia Willed.,Most probable,With regard to its properties mentioned in the ancient texts it is identified with Asta which is correlated to this species,[2]
A,6,Asmantaka,अश्मन्तक,aśmantaka,अश्मन्तक,Ficus religiosa,Most probable,As mentioned in the ancient texts Asmantaka is used for vomitting and the acid latex of this species is also a very good emetic; With regard to this Asmantaka is most probably correlated to this species,[2]
A,6,Asmantaka,अश्मन्तक,aśmantaka,अश्मन्तक,Ficus rumphii Blume,Accepted source,Its identified with this species as it’s a latex bearing plant which is emetic as well as edible and these properties are equivalent to the ones given in the texts,[5]
A,6,Asmantaka,अश्मन्तक,aśmantaka,अश्मन्तक,Ficus rumphii Blume.,Accepted source,Asmantaka is correlated to this species,[3]
A,6,Asmantaka - aksira,अश्मन्तक अक्षीर,aśmantaka akṣīra,अश्मन्तक अक्षीर,Bauhinia malabarica Roxb.,Accepted source,Identified with it,[1]
A,6,Asmantaka - aksira,अश्मन्तक अक्षीर,aśmantaka akṣīra,अश्मन्तक अक्षीर,Bauhinia vahlii W. & A.,Accepted source,Identified with it,[1]
A,6,Asmantaka - saksira,अश्मन्तक सक्षीर,aśmantaka sakṣīra,अश्मन्तक सक्षीर,Ficus cordifolia Roxb.,Accepted source,Identified with it,[1]
A,6,Asmantaka - saksira,अश्मन्तक सक्षीर,aśmantaka sakṣīra,अश्मन्तक सक्षीर,Ficus sp.,Accepted source,Identified with it,[1]
A,6,Asmavalka,अश्मवल्क,aśmavalka,अश्मवल्क,Urginea indica.,Accepted source,Asmavalka' has been mentioned in Sodala nighantu; It is the same plant mentioned in Rajanighantu by the name 'Svetasila' which is a variety of 'Pasanabheda'; Vaidya Bapalal has correlated it to this species,[5]
A,6,Asoka,अशोक,aśoka,अशोक,Bauhinea variegata,Adulterated source,Bark of this species is sold as Asoka in the markets,[2]
A,6,Asoka,अशोक,aśoka,अशोक,Bauhinia variegata.,Substituted source,"In Dehradun, Vaidyas use the bark of this species as Asoka due to its unavailability in this area",[2]
A,6,Asoka,अशोक,aśoka,अशोक,Palyalthia longifolia,Substituted source,This species is used as Asoka by many vaidyas as the true Asoka is very very rare,[2]
A,6,Asoka,अशोक,aśoka,अशोक,Polyalthia longifolia Thw.,Substituted source,This species is used as Asoka by many as a subs,[3]
A,6,Asoka,अशोक,aśoka,अशोक,Saraca asoca (Roxb.) De Wilde.,Accepted source,Asoka is correlated to this species,[3]
A,6,Asoka,अशोक,aśoka,अशोक,Saraca indica Linn.,Accepted source,Identified with it,[1]
A,6,Asoka,अशोक,aśoka,अशोक,Saraca indica Linn.,Accepted source,Asoka is correlated to this species,[2]
A,6,Asoka,अशोक,aśoka,अशोक,Shorea robusta,Adulterated source,Bark of this species is sold as Asoka in the markets,[2]
A,6,Asokarohini,अशोकरोहिणी,aśokarohiṇī,अशोकरोहिणी,Erycibe paniculata Roxb.,Suggested source,It is a climber having leaves like those of Asoka according to Arunadatta so may be identified with this species; Usually accepted as Katuka,[1]
A,6,Asphota,आस्फोता,āsphotā,आस्फोता,Calatropis gigantea,Controversial,Asphota is the synonym of Arka so identified with this species; various commentators have given different views regarding its correlations,[2]
A,6,Asphota,आस्फोता,āsphotā,आस्फोता,Calatropis gigantea,Suggested source,Asphota is the synonym of Arka so identified with this species,[2]
A,6,Asphota,आस्फोता,āsphotā,आस्फोता,Clitoria ternatea Linn.,Controversial,At some places Asphota is considered to be Girikarnika which is correlated to Clitorea.. but not satisfactorily identified,[1]
A,6,Asphota,आस्फोता,āsphotā,आस्फोता,Clitoria trenatea,Controversial,Commentators have identified Asphota with different plants; One of them has identified it with Grikarnika which is correlated to this species,[2]
A,6,Asphota,आस्फोता,āsphotā,आस्फोता,Hemidesmus indicus,Suggested source,Asphota is identified as Sariva by Dalhana and the author suggests the same,[2]
A,6,Asphota,आस्फोता,āsphotā,आस्फोता,Vallaris heynei Spreng.,Accepted source,Asphota is identified with this species,[5]
A,6,Asphota,आस्फोता,āsphotā,आस्फोता,Vallaris solanacea O. Ktze.,Accepted source,Usually considered to be Sariva and Arka but in many formulations Asphota is found along with them. So it is a different plant and thus accepted Vallaris as genuine Asphota,[1]
A,6,Asthisrnkhala,अस्थिश्रृंखला,asthiśrṛṃkhalā,अस्थिश्रृंखला,Cissus quadrangularis Linn.,Accepted source,It is identified with this species,[3]
A,6,Asthisrnkhala,अस्थिश्रृंखला,asthiśrṛṃkhalā,अस्थिश्रृंखला,Cissus quadrangularis Linn.,Accepted source,"Description of this drug is found in Madanapala, Kaideva, Bhavaprakasa etc nighantus; Identified with this species",[5]
A,6,Asuri,आसुरी,āsurī,आसुरी,Brassica nigra (Linn.) Koch.,Accepted source,Identified with it. There are two names Asuri and Aasuri in C.S and A.H  respectively which show a difference in properties,[1]
A,6,Asvabala,अश्वबला,aśvabalā,अश्वबला,Indigofera trifoliata Linn.,Controversial,Is not identified satisfactorily. This is one of the suggested species,[1]
A,6,Asvabala,अश्वबला,aśvabalā,अश्वबला,Medicago sativa Linn.,Accepted source,It is identified with this species,[3]
A,6,Asvabala,अश्वबला,aśvabalā,अश्वबला,Medicago sativa Linn.,Controversial,Is not identified satisfactorily. This is one of the suggested species,[1]
A,6,Asvabala,अश्वबला,aśvabalā,अश्वबला,Melilotus indica (Linn.) All.,Controversial,Is not identified satisfactorily. This is one of the suggested species,[1]
A,6,Asvagandha,अश्वगन्धा,aśvagandhā,अश्वगन्धा,Batatas paniculata,Adulterated source,?,[2]
A,6,Asvagandha,अश्वगन्धा,aśvagandhā,अश्वगन्धा,Convolvulus Asgandha,Market source,This species is sold in the markets as Asvagandha,[2]
A,6,Asvagandha,अश्वगन्धा,aśvagandhā,अश्वगन्धा,Withania aswagandha,Market source,Roots of 'Asvagandha' are used and the ones available in the market are different from the ones described in the texts; Based on this some scholars correlate  the one used in the market with this species,[5]
A,6,Asvagandha,अश्वगन्धा,aśvagandhā,अश्वगन्धा,Withania somnifera,Accepted source,Asvagandha is correlated to this species,[2]
A,6,Asvagandha,अश्वगन्धा,aśvagandhā,अश्वगन्धा,Withania somnifera,Accepted source,Roots of 'Asvagandha' are used and the ones available in the market are different from the ones described in the texts; Botanically based some scholars correlate  'Asvagandha' with this species,[5]
A,6,Asvagandha,अश्वगन्धा,aśvagandhā,अश्वगन्धा,Withania somnifera (Linn.) Dunal.,Accepted source,Identified with it,[3]
A,6,Asvagandha,अश्वगन्धा,aśvagandhā,अश्वगन्धा,Withania somnifera Dunal,Accepted source,Identified with it,[1]
A,6,Asvagandha,अश्वगन्धा,aśvagandhā,अश्वगन्धा,Withania somnifera Dunal.,Accepted source,Asvagandha is identified with this species,[5]
A,6,Asvagola,अश्वगोल,aśvagola,अश्वगोल,Plantago ovata Forsk.,Accepted source,Asvagola is correlated to this species,[3]
A,7,Asvagola - prajati,अश्वगोल प्रजाति,aśvagola prajāti,अश्वगोल प्रजाति,Plantago arenaria,Accepted source,Seeds of Plantago variety are mixed with Asvagola and used,[3]
A,7,Asvagola - prajati,अश्वगोल प्रजाति,aśvagola prajāti,अश्वगोल प्रजाति,Plantago lanceolata,Accepted source,Seeds of Plantago variety are mixed with Asvagola and used,[3]
A,7,Asvagola - prajati,अश्वगोल प्रजाति,aśvagola prajāti,अश्वगोल प्रजाति,Plantago major,Accepted source,Seeds of Plantago variety are mixed with Asvagola and used,[3]
A,7,Asvagola - prajati,अश्वगोल प्रजाति,aśvagola prajāti,अश्वगोल प्रजाति,Salvia aegyptiaca Linn.,Market source,As the seeds of Salvia are similar to Plantago seeds (both are foamy) these are mixed along with Plantago seeds and sold,[3]
A,7,Asvakarna,अश्वकर्ण,aśvakarṇa,अश्वकर्ण,Dipterocarpus alatus Roxb.,Accepted source,Identified with it,[1]
A,7,Asvakarna,अश्वकर्ण,aśvakarṇa,अश्वकर्ण प्रजाति,Dipterocarpus alatus Roxb.,Accepted source,Identified with it,[3]
A,7,Asvakarna,अश्वकर्ण,aśvakarṇa,अश्वकर्ण प्रजाति,Dipterocarpus macrocarpus Vesque.,Market source,This is a variety of Dipterocarpus which is sold in the market in the name of Asvakarna,[3]
A,7,Asvakarna,अश्वकर्ण,aśvakarṇa,अश्वकर्ण,Dipterocarpus turbinatus Gaertn. f.,Accepted source,Identified with it,[3]
A,7,Asvakarna,अश्वकर्ण,aśvakarṇa,अश्वकर्ण,Dipterocarpus turbinatus Gaertn.f.,Accepted source,With regard to its morphological features its identified withthis species,[1]
A,7,Asvakarna - prajati,अश्वकर्ण प्रजाति,aśvakarṇa prajāti,अश्वकर्ण,Dipterocarpus alatus Roxb.,Accepted source,Identified with it,[1]
A,7,Asvakarna - prajati,अश्वकर्ण प्रजाति,aśvakarṇa prajāti,अश्वकर्ण प्रजाति,Dipterocarpus alatus Roxb.,Accepted source,Identified with it,[3]
A,7,Asvakarna - prajati,अश्वकर्ण प्रजाति,aśvakarṇa prajāti,अश्वकर्ण प्रजाति,Dipterocarpus macrocarpus Vesque.,Market source,This is a variety of Dipterocarpus which is sold in the market in the name of Asvakarna,[3]
A,7,Asvakarna - prajati,अश्वकर्ण प्रजाति,aśvakarṇa prajāti,अश्वकर्ण,Dipterocarpus turbinatus Gaertn. f.,Accepted source,Identified with it,[3]
A,7,Asvakarna - prajati,अश्वकर्ण प्रजाति,aśvakarṇa prajāti,अश्वकर्ण,Dipterocarpus turbinatus Gaertn.f.,Accepted source,With regard to its morphological features its identified withthis species,[1]
A,7,Asvakathara,अश्वकाथरा,aśvakātharā,अश्वकाथरा,Vitis araneosus Dalz & Gibs ex M. Laws.,Most probable,Asvakathara' has been cited in Raja nighantu; Most probably it can be correlated to this species which is popularly known as ' Godbel',[5]
A,7,Asvakhuraka,अश्वखुरक,aśvakhuraka,अश्वखुरक,Clitoria ternatea Linn.,Controversial,Nighantus have identified it with Aparajita. Its features do not indicate it to be Clitorea..therfore the real Asvakhuraka needs to be investigated,[1]
A,7,Asvaksura,अश्वक्षुरा,aśvakṣurā,अश्वक्षुरा,Clitoria ternatea,Most probable,Commentator of Astanga hrdya has identified Asvaksura with Girikarnika as the name implies flowers resembling the hoof of a horse; This feature is present in Girikarnika which is correlated to this species,[2]
A,7,Asvaksura,अश्वक्षुरा,aśvakṣurā,अश्वक्षुरा,Medicago sativa.,Accepted source,Asvaksura is correlated to this species,[2]
A,7,Asvaksura,अश्वक्षुरा,aśvakṣurā,अश्वक्षुरा,Trigonella Foenum graceum.,Most probable,Dalhana tried to identify Asvakhura with Vanamethika with regard to its morphology; Vanamethika is correlated to this species,[2]
A,7,Asvattha,अश्वत्थ,aśvattha,अश्वत्थ,Ficus religiosa Linn.,Accepted source,Identified with it,[1]
A,7,Asvattha,अश्वत्थ,aśvattha,अश्वत्थ,Ficus religiosa Linn.,Accepted source,Identified with it,[3]
A,7,Atasi,अतसी,atasī,अतसी,Linum usitatissimum Linn.,Accepted source,Identified with it,[1]
A,7,Atasi,अतसी,atasī,अतसी,Linum usitatissimum Linn.,Accepted source,Identified with it,[3]
A,7,Atibala,अतिबला,atibalā,अतिबला,Abutilon indicum (Linn.) Sw.,Accepted source,identified with it,[1]
A,7,Atibala,अतिबला,atibalā,अतिबला,Abutilon indicum (Linn.) Sw.,Accepted source,Identified with it,[3]
A,7,Atibala,अतिबला,atibalā,अतिबला,Abutilon indicum (Linn.) SW.,Accepted source,Atibala' is identified with this species,[5]
A,7,Atibala,अतिबला,atibalā,अतिबला,Abutilon indicum Sw.,Accepted source,Atibala is identified with this species,[2]
A,7,Aticchatra,अतिच्छत्रा,aticchatrā,अतिच्छत्रा,Araceae,Suggested source,This species is considered as its source as plants from this group show similarity to features of Atichhatra,[1]
A,7,Aticchatra,अतिच्छत्रा,aticchatrā,अतिच्छत्रा,Arisaema sp.,Suggested source,May belong to this group,[1]
A,7,Aticchatra,अतिच्छत्रा,aticchatrā,अतिच्छत्रा,Heracleum canescens Lindl.,Suggested source,This is known as Chatrya in Garwhal region which needs to be examined,[1]
A,7,Aticchatra,अतिच्छत्रा,aticchatrā,अतिच्छत्रा,Peucedanum dhana Ham.,Suggested source,This species is known as Kamaraja and Tejaraja in the Vindhya forests which needs to be examined,[1]
A,7,Aticchatra,अतिच्छत्रा,aticchatrā,अतिच्छत्रा,Peucedanum nagpurens Prain.,Suggested source,This species is known as Kamaraja and Tejaraja in the Vindhya forests which needs to be examined,[1]
A,7,Aticchatra,अतिच्छत्रा,aticchatrā,अतिच्छत्रा,Trachyspermum falconeri (C.B.Cl.) Walff.,Suggested source,This is known as Chatrya in Garwhal region which needs to be examined,[1]
A,7,Aticchatra,अतिच्छत्रा,aticchatrā,अतिच्छत्रा,Umbelliferae,Suggested source,This species is considered as its source as plants from this group show similarity to features of Atichhatra,[1]
A,7,Atimuktaka,अतिमुक्तक,atimuktaka,अतिमुक्तक,Hiptage benghalensis Kurz.,Accepted source,Identified with it,[1]
A,7,Ativisa,अतिविषा,ativiṣā,अतिविषा,Aconitum heterophyllum,Accepted source,This species is considered as the Ativisha of Ayurvedic medicine,[2]
A,7,Ativisa,अतिविषा,ativiṣā,अतिविषा,Aconitum heterophyllum Wall.,Accepted source,Identified with it,[1]
A,7,Ativisa,अतिविषा,ativiṣā,अतिविषा,Aconitum heterophyllum Wall.,Accepted source,Identified with it,[3]
A,7,Ativisa,अतिविषा,ativiṣā,अतिविषा,Aconitum heterophyllum Wall.,Accepted source,Ativisa is identified with this species,[5]
A,7,Ativisa,अतिविषा,ativiṣā,अतिविषा,Aconitum palmatum D. Don,Market source,"Tuber of A.palmatum is used in the market as Ativisa which is hard and blackish in colour, which may be the Aruna variety of later writers",[1]
A,7,Atyamlaparni,अत्यम्लपर्णी,atyamlaparṇī,अत्यम्लपर्णी,Cayratia carnosa,Suggested source,"Is mentioned in Raja nighantu; Based on the synonyms given to it, can be stated that it’s a tuber; Vaidya Bapalal based on its synonym 'Vamani' has identified it with this species",[5]
A,7,Atyamlaparni,अत्यम्लपर्णी,atyamlaparṇī,अत्यम्लपर्णी,Vitis pentaphylla,Accepted source,Atyamlaparni' has been mentioned in Raja nighantu; With regard to the synonyms given to it we can consider it clearly to be from the 'Surana' family; Vaidya Bapalal taking the synonym 'Vamani' into consideration correlates 'Atyamlaparni' to this species; In Marathi it is known as 'Aambarbel',[5]
A,7,Avaguttha,अवगुत्थ,avaguttha,अवगुत्थ,Physalis minima Linn.,Accepted source,Avaguttha has been mentioned only in Susruta samhita under the 'Saka varga' (group of vegetables); Dalhana has interpreted it with 'Kakadani'; With regard to its referances we can conclude that it is a plant similar to 'Kakatikta' and 'Kakamaci'; It is identified with this species,[5]
A,7,Avakpuspi,अवाक्पुष्पी,avākpuṣpī,अवाक्पुष्पी,Trichodesma indicum R. Br.,Most probable,Avakpuspi may be considered as a synonym of Adha puspi which is Tricodesma indicum,[1]
A,7,Avartaki,आवर्तकी,āvartakī,आवर्तकी,Cassia auriculata Linn.,Accepted source,Identified with it,[3]
A,7,Avartaki,आवर्तकी,āvartakī,आवर्तकी,Cassia auriculata Linn.,Suggested source 2,Identified with it,[1]
A,7,Avartaki,आवर्तकी,āvartakī,आवर्तकी,Helicteres isora Linn.,Accepted source,Avartaki is correlated to this species,[3]
A,7,Avartaki,आवर्तकी,āvartakī,आवर्तकी,Helicteres isora Linn.,Suggested source 1,Identified with it,[1]
A,7,Avartani,आवर्तनी,āvartanī,आवर्तनी,Cassia auriculata Linn.,Most probable,This could be named as Avartani with regard to its horn like fruits and thus correlated to this species,[1]
A,7,Avartani - prakara,आवर्तनी प्रकार,āvartanī prakāra,आवर्तनी प्रकार,Helicteres isora Linn. Var. glabrescens,Most probable,Is found in South India,[3]
A,7,Avartani - prakara,आवर्तनी प्रकार,āvartanī prakāra,आवर्तनी प्रकार,Helicteres isora Linn. Var. tomentosa,Most probable,Is found mostly in Western part and Central India,[3]
A,7,Ayapana,आयापान,āyāpāna,आयापान,Eupatorium triplinerve Vahl.,Accepted source,It is identified with this species,[3]
B,1,Babbula,बब्बूल,babbūla,बब्बूल,Acacia arabica Willd.,Accepted source,It is identified with this species,[3]
B,1,Babbula,बब्बूल,babbūla,बब्बूल जाति,Acacia arabica Willd. var cupressiformis Stewart.,Accepted source,Identified with it,[3]
B,1,Babbula,बब्बूल,babbūla,बब्बूल जाति,Acacia arabica Willd. var vediana Cooke,Accepted source,Is a variety of Acacia found in Vidarbha and Khaandesh (?),[3]
B,1,Babbula - jati,बब्बूल जाति,babbūla jāti,बब्बूल,Acacia arabica Willd.,Accepted source,It is identified with this species,[3]
B,1,Babbula - jati,बब्बूल जाति,babbūla jāti,बब्बूल जाति,Acacia arabica Willd. var cupressiformis Stewart.,Accepted source,Identified with it,[3]
B,1,Babbula - jati,बब्बूल जाति,babbūla jāti,बब्बूल जाति,Acacia arabica Willd. var vediana Cooke,Accepted source,Is a variety of Acacia found in Vidarbha and Khaandesh (?),[3]
B,1,Badara,बदर,badara,बदर,Ziziphus mauritiana Lam.,Accepted source,Its identified with this species,[4]
B,1,Badara,बदर,badara,बदर,Zizyphus jujuba Lam.,Accepted source,Identified with it,[1]
B,1,Badara,बदर,badara,बदर,Zizyphus mauritiana Lam.,Accepted source,Its identified with this species,[5]
B,1,Badara - prakara,बदर प्रकार,badara prakāra,बदर प्रकार,Ziziphus jujuba Mill.,Accepted source,Badara variety i.e. Unnava is identified with this species which is found in North western India,[4]
B,1,Badara - prakara,बदर प्रकार,badara prakāra,बदर प्रकार,Ziziphus nummularia (Burm.f.) W. & A.,Accepted source,Badara variety i.e.Karkandhu is identified with this species,[4]
B,1,Badara - prakara,बदर प्रकार,badara prakāra,बदर प्रकार,Ziziphus xylopyra Willd.,Accepted source,Badara variety i.e. Ghonta is identified with this species,[4]
B,1,Bahunetra,बहुनेत्र,bahunetra,बहुनेत्र,Ananas comosus (Linn.) Merr.,Accepted source,Identified with this species,[4]
B,1,Baka,बक,baka,बक,Osmanthus sp.,Accepted source,Identified with it,[1]
B,1,Baka,बक,baka,बक,Rhododendron sp.,Most probable,Buka has been identified with Pullasa which is correlated to Rhodendron sp.,[1]
B,1,Bakuci,बाकुची,bākucī,बाकुची,Psoralea corylifolia Linn.,Accepted source,Identified with it,[1]
B,1,Bakuci,बाकुची,bākucī,बाकुची,Psoralia corylifolia Linn.,Accepted source,Identified with it,[3]
B,1,Bakula,बकुल,bakula,बकुल,Mimusops elengi Linn.,Accepted source,Identified with it,[3]
B,1,Bakula,बकुल,bakula,बकुल,Mimusops elengi Linn.,Accepted source,Identified with it,[4]
B,1,Bakula,बकुल,bakula,बकुल,Mismusops elengi Linn.,Accepted source,Identified with it,[1]
B,1,Bakula - jati,बकुल जाति,bakula jāti,बकुल जाति,Osmanthns fragrans Linn.,Suggested source,Identified with it,[3]
B,1,Bala,बला,balā,बला,Sida acuta Burm.,Controversial,Used as Bala,[1]
B,1,Bala,बला,balā,बला,Sida cordifolia Linn.,Accepted source,Identified with it,[1]
B,1,Bala,बला,balā,बला,Sida cordifolia Linn.,Accepted source,Identified with it,[1]
B,1,Bala,बला,balā,बला,Sida cordifolia Linn.,Accepted source,Bala is correlated to this species,[2]
B,1,Bala,बला,balā,बला,Sida cordifolia Linn.,Accepted source,IIdentified with this species,[3]
B,1,Bala,बला,balā,बला,Sida cordifolia Linn.,Accepted source,Bala' is identified with this species,[5]
B,1,Bala,बला,balā,बला,Sida Retus Linn.,Market source,This species is being used as Bala in markets of Kerala,[2]
B,1,Bala,बला,balā,बला,Sida rhombifolia Linn.,Controversial,Used as Bala,[1]
B,1,Bala - jati,बला जाति,balā jāti,बला जाति,Sida acuta Burm. f.,Accepted source,Used as Bala,[3]
B,1,Bala - jati,बला जाति,balā jāti,बला जाति,Sida spinosa Linn.,Accepted source,It is corrleated to a type of Bala,[3]
B,1,Bala - prajati,बला प्रजाति,balā prajāti,बला प्रजाति,Sida veronicaefolia Lam.,Accepted source,Prasarani' is considered as a type of 'Bala' which is identified with this species; In the nighantus it has been mentioned as a type of 'Bala' and Rajabala has been cited as its synonym; With regard to this it should be considered as 'Rajabala'; Yadavji has interpreted it as 'Nagabala',[5]
B,1,Bala - sveta,बला श्वेत,balā śveta,बला श्वेत,Sida spinosa Linn.,Controversial,Used as Bala,[1]
B,1,Balaka,बालक,bālaka,बालक,Coleus vettiveroides K. C. Jacob,Most probable,This species is being tradionally used in the south as Balaka.,[1]
B,1,Balaka,बालक,bālaka,बालक,Valeriana hardwickii Wall.,Accepted source,Presently 'Balaka' is considered as 'Sugandhabala' which is identified with this species; According to the author this is the real 'Balaka' which is known in Punjab as 'Bala',[5]
B,1,Balaka,बालक,bālaka,बालक,Valeriana sp.,Controversial,This species was being used as Balaka but now it is a accepted name for Tagara,[1]
B,1,Balvaja,बल्वज,balvaja,बल्वज,Eulaliopsis binata (Retz.) C.E. Hubbard.,Accepted source,"Balvaja is a grass variety, mentioned in very ancient texts like Vaidik samhitas; Many of its folk usages have been mentioned for e.g ropes; Caraka and Vagbhata have cited Balvaja in their texts; According to the author it is identified with this species as its ropes are being used for various purposes",[5]
B,1,Balvaja,बल्वज,balvaja,बल्वज,Imperata arundinacea Cyrill.,Accepted source,"Balvaja is a grass variety, mentioned in very ancient texts like Vaidik samhitas; Many of its folk usages have been mentioned for e.g ropes; Caraka and Vagbhata have cited Balvaja in their texts; According to Thakur Balwant Singh it is identified with this species",[5]
B,1,Balvaja,बल्वज,balvaja,बल्वज,Imperata arundinacea Cyrill.,Most probable,This may be accepted with regards to its usages mentioned in ancient texts,[1]
B,1,Bamsalocana - kantasa,बंशलोचन कांटास,baṃśalocana kāṃṭāsa,बंशलोचन कांटास,Bambusa arundinacea Retz.,Accepted source,Bansalocana is correlated to this species,[2]
B,1,Bamsalocana - kantasa,बंशलोचन कांटास,baṃśalocana kāṃṭāsa,बंशलोचन मानवेल,Curcuma angustifolia Roxb.,Market source,It is prepared from this species,[2]
B,1,Bamsalocana - kantasa,बंशलोचन कांटास,baṃśalocana kāṃṭāsa,बंशलोचन मानवेल,Dandrocalamus strictus,Accepted source,Bansalocana is correlated to this species,[2]
B,1,Bamsalocana - manavel,बंशलोचन मानवेल,baṃśalocana mānavela,बंशलोचन कांटास,Bambusa arundinacea Retz.,Accepted source,Bansalocana is correlated to this species,[2]
B,1,Bamsalocana - manavel,बंशलोचन मानवेल,baṃśalocana mānavela,बंशलोचन मानवेल,Curcuma angustifolia Roxb.,Market source,It is prepared from this species,[2]
B,1,Bamsalocana - manavel,बंशलोचन मानवेल,baṃśalocana mānavela,बंशलोचन मानवेल,Dandrocalamus strictus,Accepted source,Bansalocana is correlated to this species,[2]
B,1,Bana,बाण,bāṇa,बाण,Avicennia officinalis Linn.,Most probable,With referance to its features its most likely correlated to this species,[1]
B,1,Bana,बाण,bāṇa,बाण,Avicennia tomentosa jacq.,Most probable,With referance to its features its most likely correlated to this species,[1]
B,1,Bana,बाण,bāṇa,बाण,Barleria sp.,Controversial,Is considered as one of the varieties of Saireyaka which is wrongly identified with Barleria sp.,[1]
B,1,Bana,बाण,bāṇa,बाण,Rhizophora sp.,Controversial,With referance to its features it may be correlated to this species,[1]
B,1,Bandaka,बन्दाक,bandāka,बन्दाक,Dendrophthoe falcata (Linn.f.) Ettingshaysen,Accepted source,vandaka is correlated to this species,[3]
B,1,Bandhuka,बन्धूक,bandhūka,बन्धूक,Pentapetes phoenicea Linn.,Accepted source,Identified with it,[1]
B,2,Barbara,बर्बर,barbara,बर्बर,Ocimum sp.,Controversial,Not yet identified and just considered as some species of Ocimum,[1]
B,2,Barbari,बर्बरी,barbarī,बर्बरी,Ocimum basilicum Linn.,Accepted source,Identified with it,[3]
B,2,Barbari - prakara,बर्बरी प्रकार,barbarī prakāra,बर्बरी प्रकार,Ocimum basilicum Linn. Var. basilicum,Accepted source,It is correlated to a type of Barbari,[3]
B,2,Barbari - prakara,बर्बरी प्रकार,barbarī prakāra,बर्बरी प्रकार,Ocimum basilicum Linn. Var. majus,Accepted source,It is correlated to a type of Barbari,[3]
B,2,Barbari - prakara,बर्बरी प्रकार,barbarī prakāra,बर्बरी प्रकार,Ocimum basilicum Linn. Var. pilosum,Accepted source,It is correlated to a type of Barbari,[3]
B,2,Barhisikha,बर्हिशिखा,barhiśikhā,बर्हिशिखा,Actiniopteris dichotoma Bedd.,Controversial,Its identity is still in dispute and this is usually mentioned as its source,[1]
B,2,Barhisikha,बर्हिशिखा,barhiśikhā,बर्हिशिखा,Celosia argentea Linn.,Controversial,Its identity is still in dispute and this is usually mentioned as its source,[1]
B,2,Barhisikha,बर्हिशिखा,barhiśikhā,बर्हिशिखा,Elephantopus scaber Linn.,Accepted source,Its identity is still in dispute and its correlated to other sp. But this species has more weightage as its features and uses gel well along with it,[1]
B,2,Baspika,बाष्पिका,bāṣpikā,बाष्पिका,Oplismenus burmannii (Retz.) Beauv.,Accepted source,Its identified with this species,[5]
B,2,Baspika,बाष्पिका,bāṣpikā,बाष्पिका,Peucedanum grande,Accepted source,Baspika is correlated to this species,[2]
B,2,Baspika,बाष्पिका,bāṣpikā,बाष्पिका,Peucedanum grande C.B.C.,Most probable,In Susruta samhita 2 types of 'Baspika' are mentioned based on their colour i.e. black and red; This interpretation by Dalhana gives a perspective that it should be some niryasa (gum resin) from the plant 'Hingu'; Vaidya Bapalal identifies a plant similar to the above and correlates it to Baspika,[5]
B,2,Bhadramusta,भद्रमुस्त,bhadramusta,भद्रमुस्त,Cyperus scariosus R. Br.,Accepted source,Identified with it,[1]
B,2,Bhallataka,भल्लातक,bhallātaka,भल्लातक,Semecargus anacardium Linn.f.,Accepted source,Identified with it,[1]
B,2,Bhallataka,भल्लातक,bhallātaka,भल्लातक,Semecarpus anacardium Linn.,Accepted source,Identified with it,[3]
B,2,Bhallataka,भल्लातक,bhallātaka,भल्लातक,Semecarpus anacardium Linn.,Accepted source,Identified with it,[4]
B,2,Bhandi,भण्डी,bhaṇḍī,भण्डी,Clerodendrum infortunatum Linn.,Accepted source,Identified with this species,[5]
B,2,Bhandi,भण्डी,bhaṇḍī,भण्डी,Clerodendrum serratum,Most probable,This species is used by adivasis (tribals) in case of bone related disorders; The word 'Haddiyan' (bone) is used for 'Bhandi' and hence the correlation can be most probable,[5]
B,2,Bhandi,भण्डी,bhaṇḍī,भण्डी,Hibiscus esculentus Linn.,Most probable,Supposed to be a synonym of Manjistha but Dalhana identifies it with Bhindi which is Hibiscus esculentus,[1]
B,2,Bhandi - prajati,भण्डी प्रजाति,bhaṇḍī prajāti,भण्डी प्रजाति,Clerodendrum phlomidis,Accepted source,Identified with this species,[5]
B,2,Bhandira,भण्डीर,bhaṇḍīra,भण्डीर,Clerodendrum infortunatum Linn.,Accepted source,Identified with this species,[3]
B,2,Bhanga,भंगा,bhaṃgā,भंगा,Cannabis sativa Linn.,Accepted source,Identified with this species,[3]
B,2,Bhanta,भांट,bhāṃṭa,भांट,Clerodendron infortunatum,Most probable,Bhanta is considered by some to be correlated to this species,[2]
B,2,Bhargaka,भार्गक,bhārgaka,भार्गक,Clerodendrum indicum (Linn.) Ktze.,Most probable,It may have the same claim as C.serratum hence this name is used Bhargaka,[1]
B,2,Bhargaka,भार्गक,bhārgaka,भार्गक,Clerodendrum infortunatum Linn.,Substituted source,This species is sometimes used as Bharngi,[1]
B,2,Bhargaka,भार्गक,bhārgaka,भार्गक,Clerodendrum serratum (Linn.) Moon,Accepted source,Identified with it,[1]
B,2,Bhargaka,भार्गक,bhārgaka,भार्गक,Elaeodendron glaucum Pers.,Substituted source,With referance to its properties the stem bark of this species is used as a substitute,[1]
B,2,Bhargaka,भार्गक,bhārgaka,भार्गक,Gardenia turgida Roxb.,Substituted source,With referance to its properties the stem bark of this species is used as a substitute,[1]
B,2,Bhargaka,भार्गक,bhārgaka,भार्गक,Picrasma quassioides Benn.,Substituted source,With referance to its properties the stem bark of this species is used as a substitute,[1]
B,2,Bharngi,भार्ङ्गी,bhārṅgī,भार्ङ्गी,Clerodendrum indicum,Accepted source,Bharngi is correlated to this species,[2]
B,2,Bharngi,भार्ङ्गी,bhārṅgī,भार्ङ्गी,Clerodendrum indicum (Linn.) Kuntze,Most probable,This species is popularly known as Bharngi,[3]
B,2,Bharngi,भार्ङ्गी,bhārṅgī,भार्ङ्गी,Clerodendrum indicum (Linn.) Kutze.,Substituted source,This species is used as a substitute for Bharngi,[5]
B,2,Bharngi,भार्ङ्गी,bhārṅgī,भार्ङ्गी,Clerodendrum serratum,Accepted source,Bharngi is correlated to this species,[2]
B,2,Bharngi,भार्ङ्गी,bhārṅgī,भार्ङ्गी,Clerodendrum serratum (Linn.)Moon.,Accepted source,Identified with this species,[5]
B,2,Bharngi,भार्ङ्गी,bhārṅgī,भार्ङ्गी,Clerodendrum serratum(Linn.) Moon.,Accepted source,Bharngi is correlated to this species,[3]
B,2,Bharngi,भार्ङ्गी,bhārṅgī,भार्ङ्गी,Clerodendrum siphonanthess,Suggested source (reg),This species is considered as Bharngi in Bengal,[2]
B,2,Bharngi,भार्ङ्गी,bhārṅgī,भार्ङ्गी,Elaeodendron sp.,Market source,Stem bark of this species is used as Bharngi by the drug suppliers,[1]
B,2,Bharngi,भार्ङ्गी,bhārṅgī,भार्ङ्गी,Gardenia turgida Roxb.,Market source,Bark of this species is sold in the market as Bharngi,[3]
B,2,Bharngi,भार्ङ्गी,bhārṅgī,भार्ङ्गी,Gardenia turgida.,Market source,Bark of this species is sold in the market as Bharngi,[5]
B,2,Bharngi,भार्ङ्गी,bhārṅgī,भार्ङ्गी,Picrasma quaissioides Ben.,Market source,This species is used as Bharangi in Bengal,[3]
B,2,Bharngi,भार्ङ्गी,bhārṅgī,भार्ङ्गी,Picrasma quassioides Benn.,Accepted source,In Bengal this species is popular in the name of Bharangi,[5]
B,2,Bharngi,भार्ङ्गी,bhārṅgī,भार्ङ्गी,Premna herbacea Roxb.,Most probable,This species is popularly known as Bharngi,[3]
B,2,Bharngi,भार्ङ्गी,bhārṅgī,भार्ङ्गी,Quassia Picrasmaguassiodes. Ben.,Most probable,This species is used as Bharangi in Bengal,[2]
B,2,Bhavya,भव्य,bhavya,भव्य,Dillenia indica Linn.,Accepted source,Identified with it,[1]
B,2,Bhavya,भव्य,bhavya,भव्य,Dillenia indica Linn.,Accepted source,Identified with it,[4]
B,2,Bhavya,भव्य,bhavya,भव्य,Dillenia indica Linn.,Controversial,Presently it is identified with this species but by Dalhanas commentary it appears that it was a controversial plant during earlier times,[5]
B,2,Bhavya - prajati,भव्य प्रजाति,bhavya prajāti,भव्य प्रजाति,Dellenia pentagyna Roxb.,Market source,Variety of Bhavya is known as ‘Aksi’ which is found in Assam  and its identified with this species,[4]
B,2,Bhenda,भेण्डा,bheṇḍā,भेण्डा,Hibiscus cannabinus Linn.,Accepted source,Identified with this species,[5]
B,2,Bhillota,भिल्लोट,bhilloṭa,भिल्लोट,Euonymus pendulous Wall.,Suggested source 2,On the basis of its description it is correlated to this species,[1]
B,2,Bhillota,भिल्लोट,bhilloṭa,भिल्लोट,Euonymus tingens Wall.,Suggested source 1,On the basis of its description it is correlated to this species,[1]
B,2,Bhillotaka,भिल्लोटक,bhilloṭaka,भिल्लोटक,Chloroxylon swietenia DC.,Suggested source,Bhillotaka has been mentioned only in Susruta samhita; Susruta has mentioned this as a drug which was used in day to day activities hence it was a well known drug during those days; Dalhana mentions it as a tree that grows in the Himalaya region and its fruits resembling 'Kakubha'; With regard to this a plant widely known as 'Bhirra' correlated to this species is suggested,[5]
B,2,Bhillotaka,भिल्लोटक,bhilloṭaka,भिल्लोटक,Euonymus pendulous Wall.,Accepted source,Bhillotaka has been mentioned only in Susruta samhita; Susruta has mentioned this as a drug which was used in day to day activities hence it was a well known drug during those days; Dalhana mentions it as a tree that grows in the Himalaya region and its fruits resembling 'Kakubha'; Thakur Balwant Singh identifies it with this species,[5]
B,2,Bhillotaka,भिल्लोटक,bhilloṭaka,भिल्लोटक,Euonymus tingens,Accepted source,Bhillotaka has been mentioned only in Susruta samhita; Susruta has mentioned this as a drug which was used in day to day activities hence it was a well known drug during those days; Dalhana mentions it as a tree that grows in the Himalaya region and its fruits resembling 'Kakubha'; Thakur Balwant Singh identifies it with this species,[5]
B,2,Bhindika,भिण्डिका,bhiṇḍikā,भिण्डिका,Hibiscus esculenta Linn.,Accepted source,It is identified with this species,[4]
B,3,Bhrngahva,भृङ्गाह्व,bhṛṅgāhva,भृङ्गाह्व,Hymenodictyon excelsum Wall.,Accepted source,Its identified with this species and popularly known as 'Bhramarachali',[5]
B,3,Bhrngaraja,भृङ्गराज,bhṛṅgarāja,भृङ्गराज,Eclipta alba,Accepted source,Bhrngaraja is correlated to this species,[2]
B,3,Bhrngaraja,भृङ्गराज,bhṛṅgarāja,भृङ्गराज श्वेत,Eclipta alba,Accepted source,There are 3 varieties of Bhrngaraja where in the white variety is correlated to this species,[2]
B,3,Bhrngaraja,भृङ्गराज,bhṛṅgarāja,भृङ्गराज,Eclipta alba Hassk.,Accepted source,Identified with it,[1]
B,3,Bhrngaraja,भृङ्गराज,bhṛṅgarāja,भृङ्गराज,Eclipta alba Hassk.,Accepted source,Identified with it,[3]
B,3,Bhrngaraja,भृङ्गराज,bhṛṅgarāja,भृङ्गराज,Wedelia chinensis Merrill.,Accepted source,Identified with it,[3]
B,3,Bhrngaraja,भृङ्गराज,bhṛṅgarāja,भृङ्गराज,Wedelia colendulacea,Most probable,This species is used as Bhrngaraja in Bengal,[2]
B,3,Bhrngaraja - bheda,भृङ्गराज भेद,bhṛṅgarāja bheda,भृङ्गराज भेद,Eclipta alba,Suggested source,According to the author it is correlated to this species,[5]
B,3,Bhrngaraja - bheda,भृङ्गराज भेद,bhṛṅgarāja bheda,भृङ्गराज भेद,Tridax procumbens Linn.,Accepted source,"In Sodala nighantu, 'Bhringaraja' has been mentioned of 2 types viz. 'Avanti' and 'Jayanti'; 'Jayanti' is with white flowers which is identified with this species",[5]
B,3,Bhrngaraja - bheda,भृङ्गराज भेद,bhṛṅgarāja bheda,भृङ्गराज पीत,Wedelia calendulacea,Accepted source,The yellow variety of Bhrngaraja is correlated to this species,[2]
B,3,Bhrngaraja - bheda,भृङ्गराज भेद,bhṛṅgarāja bheda,भृङ्गराज पीत,Wedelia calendulacea Less.,Accepted source,During the later period this species was used as Pita Bhrngaraja,[1]
B,3,Bhrngaraja - bheda,भृङ्गराज भेद,bhṛṅgarāja bheda,भृङ्गराज भेद,Wedelia chinensis Merrill.,Accepted source,"In Sodala nighantu, 'Bhrngaraja' has been mentioned of 2 types as 'Avanti' (yellow variety) and 'Jayanti' (white variety); Vaidya Bapalal considers 'Avanti' as 'Pita Bhrngaraja' which is identified with this species.",[5]
B,3,Bhrngaraja - pita,भृङ्गराज पीत,bhṛṅgarāja pīta,भृङ्गराज भेद,Eclipta alba,Suggested source,According to the author it is correlated to this species,[5]
B,3,Bhrngaraja - pita,भृङ्गराज पीत,bhṛṅgarāja pīta,भृङ्गराज भेद,Tridax procumbens Linn.,Accepted source,"In Sodala nighantu, 'Bhringaraja' has been mentioned of 2 types viz. 'Avanti' and 'Jayanti'; 'Jayanti' is with white flowers which is identified with this species",[5]
B,3,Bhrngaraja - pita,भृङ्गराज पीत,bhṛṅgarāja pīta,भृङ्गराज पीत,Wedelia calendulacea,Accepted source,The yellow variety of Bhrngaraja is correlated to this species,[2]
B,3,Bhrngaraja - pita,भृङ्गराज पीत,bhṛṅgarāja pīta,भृङ्गराज पीत,Wedelia calendulacea Less.,Accepted source,During the later period this species was used as Pita Bhrngaraja,[1]
B,3,Bhrngaraja - pita,भृङ्गराज पीत,bhṛṅgarāja pīta,भृङ्गराज भेद,Wedelia chinensis Merrill.,Accepted source,"In Sodala nighantu, 'Bhrngaraja' has been mentioned of 2 types as 'Avanti' (yellow variety) and 'Jayanti' (white variety); Vaidya Bapalal considers 'Avanti' as 'Pita Bhrngaraja' which is identified with this species.",[5]
B,3,Bhrngaraja - sveta,भृङ्गराज श्वेत,bhṛṅgarāja śveta,भृङ्गराज,Eclipta alba,Accepted source,Bhrngaraja is correlated to this species,[2]
B,3,Bhrngaraja - sveta,भृङ्गराज श्वेत,bhṛṅgarāja śveta,भृङ्गराज श्वेत,Eclipta alba,Accepted source,There are 3 varieties of Bhrngaraja where in the white variety is correlated to this species,[2]
B,3,Bhrngaraja - sveta,भृङ्गराज श्वेत,bhṛṅgarāja śveta,भृङ्गराज,Eclipta alba Hassk.,Accepted source,Identified with it,[1]
B,3,Bhrngaraja - sveta,भृङ्गराज श्वेत,bhṛṅgarāja śveta,भृङ्गराज,Eclipta alba Hassk.,Accepted source,Identified with it,[3]
B,3,Bhrngaraja - sveta,भृङ्गराज श्वेत,bhṛṅgarāja śveta,भृङ्गराज,Wedelia chinensis Merrill.,Accepted source,Identified with it,[3]
B,3,Bhrngaraja - sveta,भृङ्गराज श्वेत,bhṛṅgarāja śveta,भृङ्गराज,Wedelia colendulacea,Most probable,This species is used as Bhrngaraja in Bengal,[2]
B,3,Bhrngari,भृङ्गारी,bhṛṅgārī,भृङ्गारी,Alectra parasitica,Most probable,In Raja nighantu it is mentioned as 'Bhramarari' which is famous in Malwa; It is conceived to be a bunch which arises from Nirgundimula (roots of nirgundi) and attracts towards itself due to its bright red colour; Due to similar feature in this species it is most probably correlated to it,[5]
B,3,Bhrngavrksa,भृङ्गवृक्ष,bhṛṅgavṛkṣa,भृङ्गवृक्ष,Hymendictyon excelsum Wall.,Accepted source,Has been cited just once in Susruta samhita and identified with this species,[5]
B,3,Bhrngi,भृङ्गी,bhṛṅgī,भृङ्गी,Cannabis sativa Linn.,Accepted source,Has been mentioned in Sodala with the title 'Bhrngi' along with different synonyms which depicts it to be 'Bhanga' which is identified with this species,[5]
B,3,Bhukanda,भूकन्द,bhūkanda,भूकन्द,Mushrooms - terrestrial,Controversial,Terrestrial mushrooms may be called by this name,[1]
B,3,Bhumyamalaki,भूम्यामलकी,bhūmyāmalakī,भूम्यामलकी,Phyllanthus urinaria Linn.,Accepted source,It is correlated to this species,[3]
B,3,Bhumyamalaki - prajati,भूम्यामलकी प्रजाति,bhūmyāmalakī prajāti,भूम्यामलकी प्रजाति,Phyllanthus fraternus Webster,Market source,This is a variety of Phyllanthus sold as Bhumyamalaki,[3]
B,3,Bhumyamalaki - prajati,भूम्यामलकी प्रजाति,bhūmyāmalakī prajāti,भूम्यामलकी प्रजाति,Phyllanthus madraspatensis Linn.,Market source,This is a variety of Phyllanthus sold as Bhumyamalaki,[3]
B,3,Bhumyamalaki - prajati,भूम्यामलकी प्रजाति,bhūmyāmalakī prajāti,भूम्यामलकी प्रजाति,Phyllanthus simplex Retz.,Market source,This is a variety of Phyllanthus sold as Bhumyamalaki,[3]
B,3,Bhunimba,भूनिम्ब,bhūnimba,भूनिम्ब,Andrographis paniculata Nees.,Accepted source,Bhunimba is correlated to this species,[3]
B,3,Bhunimba,भूनिम्ब,bhūnimba,भूनिम्ब,Andrographis paniculata Nees.,Most probable,This species is popularly known as Bhunimba. It is used in place of Kiratatikta and also been identified as Yavatikta so there is a difference of opinion regarding it to be a synonym of Kiratatikta.,[1]
B,3,Bhurja,भूर्ज,bhūrja,भूर्ज,Betula utilis D. Don,Accepted source,Identified with it,[1]
B,3,Bhurja,भूर्ज,bhūrja,भूर्जपत्र,Betula utilis D. Don.,Accepted source,Bhurjapatra is correlated to this species,[3]
B,3,Bhurjapatra,भूर्जपत्र,bhūrjapatra,भूर्ज,Betula utilis D. Don,Accepted source,Identified with it,[1]
B,3,Bhurjapatra,भूर्जपत्र,bhūrjapatra,भूर्जपत्र,Betula utilis D. Don.,Accepted source,Bhurjapatra is correlated to this species,[3]
B,3,Bhustrna,भूस्तृण,bhūstṛṇa,भूस्तृण,Hyptis suaveolens Poit.,Suggested source,This species is taken into consideration which is known as ‘Bhunsari’ in Bihar and ‘Gangatulsi’ in Orissa,[5]
B,3,Bhustrna,भूस्तृण,bhūstṛṇa,भूस्तृण,Leucas sp.,Most probable,Bhustrna is considered as one from the Surasadi Gana and as this species possesses properties of Surasadi gana it may be correlated to this species,[1]
B,3,Bhutakesi,भूतकेशी,bhūtakeśī,भूतकेशी,Corydalis sp.,Most probable,This species has similar appearance to this plant and hence the correlation,[1]
B,3,Bhutakesi,भूतकेशी,bhūtakeśī,भूतकेशी,Nardostachys sp.,Most probable,This species has similar appearance to this plant and hence the correlation,[1]
B,3,Bhutakesi,भूतकेशी,bhūtakeśī,भूतकेशी,Selinium sp.,Accepted source,With regard to its name it can be depicted that it is hairy and used in combating evil spirits; Cakrapani has interpreted it with 'Golomi'; It is identified with this species,[5]
B,3,Bhutakesi,भूतकेशी,bhūtakeśī,भूतकेशी,Selinum sp.,Most probable,This species has similar appearance to this plant and hence the correlation,[1]
B,3,Bibhitaka,बिभीतक,bibhītaka,बिभीतक,Terminalia belerica Roxb.,Accepted source,Identified with it,[1]
B,3,Bibhitaka,बिभीतक,bibhītaka,बिभीतक,Terminalia belerica Roxb.,Accepted source,Identified with it,[3]
B,3,Bihi,बिहि,bihi,बिहि,Cydonia oblonga Mill.,Accepted source,It is identified with this species,[4]
B,3,Bijaka,बीजक,bījaka,बीजक,Pterocarppus marsupium Roxb.,Accepted source,Identified with it,[3]
B,3,Bijaka,बीजक,bījaka,बीजक,Pterocarpus marsupium.,Accepted source,Bijaka is correlated to this species,[2]
B,3,Bijapura,बीजपूर,bījapūra,बीजपूरक,Citrus medica,Accepted source,Bijapuraka is identified with this species,[2]
B,3,Bijapura,बीजपूर,bījapūra,बीजपूर,Citrus medica Linn.,Accepted source,Identified with it,[1]
B,3,Bijapura,बीजपूर,bījapūra,बीजपूर,Citrus medica Linn.,Accepted source,It is identified with this species,[4]
B,4,Bijapuraka,बीजपूरक,bījapūraka,बीजपूरक,Citrus medica,Accepted source,Bijapuraka is identified with this species,[2]
B,4,Bijapuraka,बीजपूरक,bījapūraka,बीजपूर,Citrus medica Linn.,Accepted source,Identified with it,[1]
B,4,Bijapuraka,बीजपूरक,bījapūraka,बीजपूर,Citrus medica Linn.,Accepted source,It is identified with this species,[4]
B,4,Bilva,बिल्व,bilva,बिल्व,Aegle marmelos,Accepted source,Bilva is correlated to this species,[2]
B,4,Bilva,बिल्व,bilva,बिल्व,Aegle marmelos Corr.,Accepted source,Identified with it,[1]
B,4,Bilva,बिल्व,bilva,बिल्व,Aegle marmelos Corr.,Accepted source,Bilva is correlated to this species,[3]
B,4,Bilva,बिल्व,bilva,बिल्व,Aegle marmelos Corr.,Accepted source,Bilva is correlated to this species,[4]
B,4,Bilvaparni,बिल्वपर्णी,bilvaparṇī,बिल्वपर्णी,Limonia crenulata Roxb.,Accepted source,Identified with this species,[5]
B,4,Bilvaparni,बिल्वपर्णी,bilvaparṇī,बिल्वपर्णी,Limonia crenulata Roxb.,Most probable,It may be identified with this species,[1]
B,4,Bilvaparni,बिल्वपर्णी,bilvaparṇī,बिल्वपर्णी,Ocimum gratissimum Linn.,Most probable,It may be identified with this species,[1]
B,4,Bimbi,बिम्बी,bimbī,बिम्बी,Coccinia indica W. & A.,Accepted source,It is identified with this species,[3]
B,4,Bimbi,बिम्बी,bimbī,बिम्बी,Coccinia indica W. & A.,Accepted source,It is identified with this species,[4]
B,4,Bimbi,बिम्बी,bimbī,बिम्बी,Coccinia indica W. and A.,Accepted source,Identified with it,[1]
B,4,Bola,बोल,bola,बोल,Commiphora myrrha (Nees) Engl.,Accepted source,Identified with it,[3]
B,4,Bola - jati,बोल जाति,bola jāti,बोल जाति,Commiphora abyssinica Engl.,Accepted source,"Identified with it, This is a variety of Commiphora and the gum resin is extracted from this species too",[3]
B,4,Bola - jati,बोल जाति,bola jāti,बोल जाति,Commiphora molmol Engl. ex Tschirch,Accepted source,"Identified with it, This is a variety of Commiphora and the gum resin is extracted from this species too",[3]
B,4,Bola - jati,बोल जाति,bola jāti,बोल जाति,Commiphora schimperi Engl.,Accepted source,"Identified with it, This is a variety of Commiphora and the gum resin is extracted from this species too",[3]
B,4,Brahmadandi,ब्रह्मदण्डी,brahmadaṇḍī,ब्रह्मदण्डी,Argemone mexicana,Accepted source,This species is accepted as Brahmadandi in Southern India,[2]
B,4,Brahmadandi,ब्रह्मदण्डी,brahmadaṇḍī,ब्रह्मदण्डी,Tricholepis glabberima,Accepted source,Brahmadandi is correlated to this species,[2]
B,4,Brahmadandi,ब्रह्मदण्डी,brahmadaṇḍī,ब्रह्मदण्डी,Tricholepis glaberrima DC.,Accepted source,Brahmadandi' is mentioned in Raja nighantu which is identified with this species,[5]
B,4,Brahmadandi,ब्रह्मदण्डी,brahmadaṇḍī,ब्रह्मदण्डी,Voluntarella divarticata,Substituted source,Brahmadandi is correlated to some other species but Volunterella divaricata is used as a substitute for this by many,[2]
B,4,Brahmadandi,ब्रह्मदण्डी,brahmadaṇḍī,ब्रह्मदण्डी,Xanthium Strumarium Linn.,Suggested source,This species was named as Brahmadandi by Dr K.C.Chunekar which differs from the Brahmadandi named in South India,[2]
B,4,Brahmasoma,ब्रह्मसोमा,brahmasomā,ब्रह्मसोमा,Ammannia baccifera Linn.,Accepted source,Brahmasoma is identified with this species,[5]
B,4,Brahmasuvarcala,ब्रह्मसुवर्चला,brahmasuvarcalā,ब्रह्मसुवर्चला,Drosera burmanni Vahl.,Suggested source,This species may be examined as it has similar features and properties as mentioned in the texts,[1]
B,4,Brahmasuvarcala,ब्रह्मसुवर्चला,brahmasuvarcalā,ब्रह्मसुवर्चला,Drosera peltata Sm.,Suggested source,This species may be examined as it has similar features and properties as mentioned in the texts,[1]
B,4,Brahmasuvarcala,ब्रह्मसुवर्चला,brahmasuvarcalā,ब्रह्मसुवर्चला,Gynandropsis sp.,Most probable,Commentators have identified this plant with Suryavarta which is correlated to this species,[1]
B,4,Brahmasuvarcala,ब्रह्मसुवर्चला,brahmasuvarcalā,ब्रह्मसुवर्चला,Helianthus sp.,Most probable,Commentators have identified this plant with Suryavarta which is correlated to this species,[1]
B,4,Brahmasuvarcala,ब्रह्मसुवर्चला,brahmasuvarcalā,ब्रह्मसुवर्चला,Malva sp.,Most probable,Commentators have identified this plant with Suryavarta which is correlated to this species,[1]
B,4,Brahmi,ब्राह्मी,brāhmī,मत्स्याक्षी,Alternanthera sessilis,Accepted source,Matsyaksi is identified with this species,[2]
B,4,Brahmi,ब्राह्मी,brāhmī,मत्स्याक्षी,Alternanthera sessilis,Accepted source,Brhatrayi explains a little about this drug; In Caraka samhita it is mentioned as an ingredient along with medhya (intellect promoting) drugs; In Susruta samhita it is one of the ingredient of Bala rasayana; Cakrapani points his view at it being a type of 'Aindri'; In the nighantus it is mentioned as 'Matsyaksi' and appears as a synonym of 'Brahmi'; Vaidya Bapalal has mentioned 'Matsyaksaka' and 'Matsyaksi' seperately and correlated this to A.sessilis,[5]
B,4,Brahmi,ब्राह्मी,brāhmī,मत्स्याक्षी,Alternanthera sessilis (Linn.) R. Br.,Accepted source,Matsyaksi is identified with this species. (Matsyaksi is identified as 'Hongonda' which is identified with this species),[2]
B,4,Brahmi,ब्राह्मी,brāhmī,मत्स्याक्षी,Alternanthera sessilis Linn.,?,?,[2]
B,4,Brahmi,ब्राह्मी,brāhmī,मत्स्याक्षी,Alternanthera sessilis Linn.,Controversial,Matsyaksi is not mentioned in the Brhat trayi but there is a mention of Matsyaksaka which is a synonym of Brahmi; This has created a confusion even though they are 2 different plants,[2]
B,4,Brahmi,ब्राह्मी,brāhmī,ब्राह्मी,Bacopa moneira,Accepted source,Brahmi is correlated to this species,[2]
B,4,Brahmi,ब्राह्मी,brāhmī,मत्स्याक्षी,Bacopa monniera,?,?,[2]
B,4,Brahmi,ब्राह्मी,brāhmī,मत्स्याक्षी,Bacopa monniera,?,?,[2]
B,4,Brahmi,ब्राह्मी,brāhmī,मत्स्याक्षी,Bacopa monniera,Accepted source,According to the author this seems to be the second variety of Brahmi so correlated to this species,[2]
B,4,Brahmi,ब्राह्मी,brāhmī,ब्राह्मी,Bacopa monnieri (Linn.) Pennell,Accepted source,Identified with it,[1]
B,4,Brahmi,ब्राह्मी,brāhmī,ब्राह्मी,Bacopa monnieri (Linn.) Pennell.,Accepted source,Brahmi is identified with this species,[5]
B,4,Brahmi,ब्राह्मी,brāhmī,ब्राह्मी,Centella asiatica (Linn.) Urban,Substituted source,This species is being used as Brahmi in some places but it is identified with  Mandukaparni,[1]
B,4,Brahmi,ब्राह्मी,brāhmī,ब्राह्मी,Hydrocotyle javanica Thunb.,Substituted source,This species is being used as Brahmi or Mandukaparni in some parts,[1]
B,4,Brahmi,ब्राह्मी,brāhmī,ब्राह्मी,Hydrocotyle rotundifolia Roxb.,Substituted source,This species is being used as Brahmi or Mandukaparni in some parts,[1]
B,4,Brhadela,बृहदेला,bṛhadelā,बृहदेला,Amomum subulatum Roxb.,Accepted source,Identified with it,[3]
B,4,Brhadela - prajati,बृहदेला प्रजाति,bṛhadelā prajāti,बृहदेला प्रजाति,Amomum aromaticum Roxb.,Accepted source,Is a variety if Amomum and known popularly as ‘Bengal cardamom’Found in Bengal and Assam,[3]
B,4,Brhadela - prajati,बृहदेला प्रजाति,bṛhadelā prajāti,बृहदेला प्रजाति,Amomum xanthioides Wall.,Accepted source,"This species is nonnative to India and known by the name ‘Malabar or Tavoy cardamom’ which comes from Burma, Vietnam and Malaysia",[3]
B,4,Brhati,बृहती,bṛhatī,बृहती,Solanum indicum,Accepted source,Brhati is correlated to this species,[2]
B,4,Brhati,बृहती,bṛhatī,बृहती,Solanum indicum Linn.,Accepted source,Identified with it,[1]
B,4,Brhati,बृहती,bṛhatī,बृहती,Solanum indicum Linn.,Accepted source,Used as Brhati in different parts of the country,[1]
B,4,Brhati,बृहती,bṛhatī,बृहती,Solanum indicum Linn.,Accepted source,Identified with it,[3]
B,4,Brhati,बृहती,bṛhatī,बृहती,Solanum indicum Linn.,Accepted source,The bigger variety of Brhati is identified with  this species,[5]
B,4,Brhati,बृहती,bṛhatī,बृहती,Solanum insanum Roxb.,Controversial,This species may be called as Sveta Brhati and used as Brhati,[1]
B,4,Brhati,बृहती,bṛhatī,बृहती,Solanum torvum Swartz,Controversial,This species may be called as Sveta Brhati and used as Brhati,[1]
B,4,Brhati - jati,बृहती जाति,bṛhatī jāti,बृहती जाति,Solanum torvum Swartz.,Accepted source,Is a variety of Solanum species which has white flowers,[3]
B,4,Brhatpali,बृहत्पाली,bṛhatpālī,बृहत्पाली,Centratherum anthelminticum Kuntze.,Accepted source,Has been mentioned in Dhanvantari and Raja nighantu under the Jiraka bheda (type); It is identified with this species and is widely known as 'Kalijiri',[5]
B,4,Budhna,बुध्ना,budhnā,बुध्ना,Ipomoea sp.,Most probable,Some have identified Chagalantri with Budhna which may be identified with Ipomoea sp.,[1]
B,4,Buka,बूक,būka,बूक,Osmanthus fragrans Lour.,Most probable,It may be correlated to this species on the basis of comments given by Dalhana,[1]
C,1,Cakramarda,चक्रमर्द,cakramarda,चक्रमर्द,Cassia tora Linn.,Accepted source,Identified with it,[1]
C,1,Cakramarda,चक्रमर्द,cakramarda,चक्रमर्द,Cassia tora Linn.,Accepted source,Identified with it,[3]
C,1,Cakramarda - bheda,चक्रमर्द भेद,cakramarda bheda,चक्रमर्द भेद,Cassia obtusifolia,Accepted source,This species is a variety of Cassia tora which doesnt have a foul smell in its leaves,[3]
C,1,Caksusya,चक्षुष्या,cakṣuṣyā,चक्षुष्या,Cassia absus Linn.,Accepted source,Identified with it,[3]
C,1,Camara musali,चमार मुसली,camāra musalī,चमार मुसली,Ampelocissus Araneosa Planch.,Accepted source,Camara musali is identified with this species,[2]
C,1,Campaka,चम्पक,campaka,चम्पक,Michelia champaca Linn.,Accepted source,Identified with it,[3]
C,1,Campaka,चम्पक,campaka,चम्पक,Michelia champaka Linn.,Accepted source,Identified with it,[1]
C,1,Canaka,चनक,canaka,चनक,Cicer arietinum Linn.,Accepted source,Identified with it,[1]
C,1,Canaka,चनक,canaka,चनक,Cicer arietinum Linn.,Accepted source,Identified with it,[4]
C,1,Canaka - prakara,चनक प्रकार,canaka prakāra,चनक प्रकार,Cicer kabulium,Accepted source,Some identify the white variety of Canaka with this species,[4]
C,1,Cancu,चञ्चु,cañcu,चञ्चु,Corchorus acutangulus Linn.,Accepted source,It is identified with this species,[4]
C,1,Cancu,चञ्चु,cañcu,चञ्चु,Corchorus aestuans Linn.,Most probable,May be considered as this species,[1]
C,1,Cancu,चञ्चु,cañcu,चञ्चु,Corchorus capsularis Linn.,Most probable,May be considered as this species,[1]
C,1,Cancu,चञ्चु,cañcu,चञ्चु,Corchorus olitorius Linn.,Most probable,May be considered as this species,[1]
C,1,Cancu,चञ्चु,cañcu,चञ्चु,Corchorus sp.,Accepted source,Mentioned in Raja nighantu and identified with this species,[5]
C,1,Cancu,चञ्चु,cañcu,चञ्चु,Corchorus trilocularis Linn.,Most probable,May be considered as this species,[1]
C,1,Cancu - prajati,चञ्चु प्रजाति,cañcu prajāti,चञ्चु प्रजाति,Corchorus capsularis Linn.,Most probable,Kaalasaka variety of Cancu is identified with this species,[4]
C,1,Cancu - prajati,चञ्चु प्रजाति,cañcu prajāti,चञ्चु प्रजाति,Corchorus olitorius Linn.,Most probable,Pattasaka variety of Cancu is identified with this species,[4]
C,1,Cancuphala,चञ्चु फल,cañcu phala,चञ्चु फल,Heliotropium indicum,Accepted source,Identified with it,[1]
C,1,Cancuphala,चञ्चु फल,cañcu phala,चञ्चु फल,Heliotropium indicum Linn.,Accepted source,Identified with it,[1]
C,1,Canda,चण्डा,caṇḍā,चण्डा,Angelica archangelica Linn.,Accepted source,Canda' is identified with this species,[5]
C,1,Canda,चण्डा,caṇḍā,चण्डा,Angelica archangelica Linn.,Controversial,Identity is still not ascertained and may possibly be correlated to this species,[1]
C,1,Candana,चन्दन,candana,चन्दन,Santalum album Linn.,Accepted source,Identified with it,[1]
C,1,Candana,चन्दन,candana,चन्दन,Santalum album Linn.,Accepted source,Identified with it,[3]
C,1,Candana,चन्दन,candana,चन्दन भेद,Santalum album Linn.,Accepted source,Candana' is identified with this species,[5]
C,1,Candana,चन्दन,candana,चन्दन श्वेत,Santalum album Linn.,Accepted source,Identified with it,[3]
C,1,Candana,चन्दन,candana,चन्दन,Santalum Linn.,Accepted source,Its identified with this species,[5]
C,1,Candana - bheda,चन्दन भेद,candana bheda,चन्दन,Santalum album Linn.,Accepted source,Identified with it,[1]
C,1,Candana - bheda,चन्दन भेद,candana bheda,चन्दन,Santalum album Linn.,Accepted source,Identified with it,[3]
C,1,Candana - bheda,चन्दन भेद,candana bheda,चन्दन भेद,Santalum album Linn.,Accepted source,Candana' is identified with this species,[5]
C,1,Candana - bheda,चन्दन भेद,candana bheda,चन्दन श्वेत,Santalum album Linn.,Accepted source,Identified with it,[3]
C,1,Candana - bheda,चन्दन भेद,candana bheda,चन्दन,Santalum Linn.,Accepted source,Its identified with this species,[5]
C,1,Candana - rakta,चन्दन रक्त,candana rakta,चन्दन रक्त,Pterocarpus santalinus Linn.,Accepted source,Identified with it,[1]
C,1,Candana - sveta,चन्दन श्वेत,candana śveta,चन्दन,Santalum album Linn.,Accepted source,Identified with it,[1]
C,1,Candana - sveta,चन्दन श्वेत,candana śveta,चन्दन,Santalum album Linn.,Accepted source,Identified with it,[3]
C,1,Candana - sveta,चन्दन श्वेत,candana śveta,चन्दन भेद,Santalum album Linn.,Accepted source,Candana' is identified with this species,[5]
C,1,Candana - sveta,चन्दन श्वेत,candana śveta,चन्दन श्वेत,Santalum album Linn.,Accepted source,Identified with it,[3]
C,1,Candana - sveta,चन्दन श्वेत,candana śveta,चन्दन,Santalum Linn.,Accepted source,Its identified with this species,[5]
C,1,Candrasura,चन्द्रशूर,candraśūra,चन्द्रशूर,Lepidium sativum Linn.,Accepted source,Identified with it,[3]
C,1,Canika,चणिका,caṇikā,चणिका,Eragrostis tremula Hochst.,Most probable,Its most probably correlated to this species as it has similar properties as mentioned in the ancient texts and is known as 'Cankam Buti' in Punjab,[5]
C,1,Carmakaravata,चर्मकारवट,carmakāravaṭa,"चर्मवृक्ष, चर्मिवृक्ष",Ehretia laevis Roxb.,Accepted source,Identified with this species,[5]
C,1,Carmakaravata,चर्मकारवट,carmakāravaṭa,चर्मकारवट,Ehretia laevis Var. pubescens.,Accepted source,Identified with this species,[5]
C,1,"Carmavrksa, carmivrksa","चर्मवृक्ष, चर्मिवृक्ष","carmavṛkṣa, carmivṛkṣa","चर्मवृक्ष, चर्मिवृक्ष",Ehretia laevis Roxb.,Accepted source,Identified with this species,[5]
C,1,"Carmavrksa, carmivrksa","चर्मवृक्ष, चर्मिवृक्ष","carmavṛkṣa, carmivṛkṣa",चर्मकारवट,Ehretia laevis Var. pubescens.,Accepted source,Identified with this species,[5]
C,1,Carngeri,चाङ्गेरी,cāṅgerī,चाङ्गेरी,Oxalis acetosella Linn.,Suggested source 1,Identified with it,[1]
C,1,Carngeri,चाङ्गेरी,cāṅgerī,चाङ्गेरी,Oxalis corniculata,Accepted source,Cangeri is correlated to this species,[2]
C,1,Carngeri,चाङ्गेरी,cāṅgerī,चाङ्गेरी,Oxalis corniculata Linn.,Accepted source,Identified with it,[3]
C,1,Carngeri,चाङ्गेरी,cāṅgerī,चाङ्गेरी,Oxalis corniculata Linn.,Accepted source,Identified with it,[4]
C,1,Carngeri,चाङ्गेरी,cāṅgerī,चाङ्गेरी,Oxalis corniculata Linn.,Suggested source 2,Identified with it,[1]
C,2,Carngeri - jati,चाङ्गेरी जाति,cāṅgerī jāti,चाङ्गेरी जाति,Oxalis latifolia H.B. & K.,Accepted source,Is nonnative to India. Morphological features are similar to Oxalis corniculata. Its origin is Mexico but now cultivated in India,[3]
C,2,Caturangula,चतुरङ्गुल,caturaṅgula,चतुरङ्गुल,Podophyllum sp.,Controversial,During the Pre samhita period with regard to its characters was correlated to this species,[1]
C,2,Cauhara,चौहार,cauhāra,चौहार,Artemesia maritima Linn.,Accepted source,Cauhara' is identified with this species,[5]
C,2,Cauhara,चौहार,cauhāra,चौहार,Artemisia maritima Linn.,Accepted source,Cauhara  is identified with this species,[3]
C,2,Cavika,चविका,cavikā,चविका,Balanophora Species.,Market source,Balanophora species is sold in the markets of Bombay as Cavika,[2]
C,2,Cavika,चविका,cavikā,चविका,Peper chaba,Accepted source,This species is used as Cavya,[2]
C,2,Cavika,चविका,cavikā,चविका,Piper betel,Suggested source,Fruits of Piper betle can be used as Gajapippali,[2]
C,2,Cavika,चविका,cavikā,चव्य,Piper betle Linn.,Controversial,This species is used under the name of Tambula for its leaves and its roots may be examined for Cavya,[1]
C,2,Cavika,चविका,cavikā,चव्य,Piper chaba Hunter.,Accepted source,Has been accepted as its source since long but due to its limited distribution other plants are being substituted,[1]
C,2,Cavika,चविका,cavikā,चव्य,Piper retrofractum Vahl.,Accepted source,Cavya is correlated to this species,[3]
C,2,Cavika,चविका,cavikā,चव्य,Piper retrofractum Vahl.,Accepted source,This species is used as Cavya,[5]
C,2,Cavika,चविका,cavikā,चविका,Plantago amplexicaules,Market source,This species is referred to be a kind of Gajapippali fruit of Cavika,[2]
C,2,Cavika,चविका,cavikā,चविका,Pothos officinalis,Market source,This species is sold as Cavika in the markets,[2]
C,2,Cavika,चविका,cavikā,चविका,Scindapsis officinale,Market source,This species is sold as Cavika in the markets,[2]
C,2,Cavya,चव्य,cavya,चविका,Balanophora Species.,Market source,Balanophora species is sold in the markets of Bombay as Cavika,[2]
C,2,Cavya,चव्य,cavya,चविका,Peper chaba,Accepted source,This species is used as Cavya,[2]
C,2,Cavya,चव्य,cavya,चविका,Piper betel,Suggested source,Fruits of Piper betle can be used as Gajapippali,[2]
C,2,Cavya,चव्य,cavya,चव्य,Piper betle Linn.,Controversial,This species is used under the name of Tambula for its leaves and its roots may be examined for Cavya,[1]
C,2,Cavya,चव्य,cavya,चव्य,Piper chaba Hunter.,Accepted source,Has been accepted as its source since long but due to its limited distribution other plants are being substituted,[1]
C,2,Cavya,चव्य,cavya,चव्य,Piper retrofractum Vahl.,Accepted source,Cavya is correlated to this species,[3]
C,2,Cavya,चव्य,cavya,चव्य,Piper retrofractum Vahl.,Accepted source,This species is used as Cavya,[5]
C,2,Cavya,चव्य,cavya,चविका,Plantago amplexicaules,Market source,This species is referred to be a kind of Gajapippali fruit of Cavika,[2]
C,2,Cavya,चव्य,cavya,चविका,Pothos officinalis,Market source,This species is sold as Cavika in the markets,[2]
C,2,Cavya,चव्य,cavya,चविका,Scindapsis officinale,Market source,This species is sold as Cavika in the markets,[2]
C,2,Chadana,छदन,chadana,छदन,Curcuma sp.,Most probable,May be interpreted as this species,[1]
C,2,Chagalantri,छगलान्त्री,chagalāntrī,छगलान्त्री,Ipomoea pes-caprae (Linn.) Sw.,Accepted source,Has been cited only in Susruta samhita; With regard to its name 'Chagalantri' it signifies a plant resembling the intestines of a goat which is entwined all over; This species shares similar features and hence identified with it,[5]
C,2,Chagalantri,छगलान्त्री,chagalāntrī,छगलान्त्री,Ipomoea pes-caprae Sw.,Most probable,May be identified with this species,[1]
C,2,Chatradvaya,छत्राद्वय,chatrādvaya,छत्राद्वय,Arisaema sp.,Most probable,Chatradvaya is most probably identified with this species with regard to its features,[5]
C,2,Chatraka,छत्रक,chatraka,छत्रक,Agaricus campestris Linn.,Accepted source,It is identified with this species,[3]
C,2,Chatraka,छत्रक,chatraka,छत्रक,Agaricus campestris Linn.,Accepted source,It is identified with this species,[4]
C,2,Chilahinta,छिलहिण्ठ,chilahiṇṭha,छिलहिण्ठ,Cocculus hirsutus (Linn.) Diels.,Accepted source,It is identified with this species,[3]
C,2,Chilahinta,छिलहिण्ठ,chilahiṇṭha,छिलहिण्ठ,Cocculus hirsutus (Linn.) Diels.,Accepted source,It is identified with this species,[5]
C,2,Ciccotaka,चिच्चोटक,ciccoṭaka,चिच्चोटक,Cyprus esculentus Linn.,Most probable,Two types of Kaseru are mentioned in Bhavaprakasa nighantu 1.Rajakaseruka 2.Ciccodaka; This is the smaller variety and at some places the given species is correlated to Ciccodaka,[5]
C,2,Ciccotaka,चिच्चोटक,ciccoṭaka,चिच्चोटक,Scirpus articulatus Linn.C.B. Clarke,Accepted source,In Bhavaprakasha nighantu it is mentioned as a type of 'Kaseru' where in Ciccodaka is the smaller variety; It is identified with this species and popularly known as 'Ciccoda',[5]
C,2,Cicinda,चिचिण्ड,ciciṇḍa,चिचिण्ड,Trichosanthus anguina Linn.,Accepted source,Identified with it,[4]
C,2,Cilli,चिल्ली,cillī,चिल्ली,Chenopodium album Linn.,Accepted source,Identified with it,[1]
C,2,Cina,चीन,cīna,चीनाक,Panicum miliaceum Linn.,Accepted source,It is identified with this species,[4]
C,2,Cina,चीन,cīna,चीन,Panicum milliaceum Linn.,Accepted source,Identified with it,[1]
C,2,Cinaka,चीनाक,cīnāka,चीनाक,Panicum miliaceum Linn.,Accepted source,It is identified with this species,[4]
C,2,Cinaka,चीनाक,cīnāka,चीन,Panicum milliaceum Linn.,Accepted source,Identified with it,[1]
C,2,Cirabilva,चिरबिल्व,cirabilva,चिरबिल्व,Holoptelea integrifolia Planch.,Accepted source,It is identified with this species,[3]
C,2,Cirabilva,चिरबिल्व,cirabilva,चिरबिल्व,Holoptelia integrifolia Planch.,Accepted source,Identified with it,[1]
C,2,Cirapota,चिरपोटा,cirapoṭā,चिरपोटा,Physalis minima Linn.,Accepted source,Cirapota' has been cited in Madanapala nighantu; It is identified with this species,[5]
C,2,Cirbhata,चिर्भट,cirbhaṭa,चिर्भट,Cucumis melo var. momordica Duthie and Fuller.,Accepted source,Identified with it,[1]
C,2,Citra,चित्रा,citrā,चित्रा,Trichosanthes anguina Linn.,Most probable,Has been identified with this species by the commentators but as the name is multi meaning it indicates many plants of Cucurbitacae or Euphorbiacae family,[1]
C,2,Citraka,चित्रक,citraka,चित्रक,Plumbago zeylanica Linn.,Accepted source,White variety of Citraka is correlated to this species,[2]
C,2,Citraka,चित्रक,citraka,चित्रक,Plumbago zeylanica Linn.,Accepted source,Identified with it,[3]
C,2,Citraka,चित्रक,citraka,चित्रक श्वेत,Plumbago zeylanica Linn.,Accepted source,Identified with it,[1]
C,3,Citraka - krsna,चित्रक कृष्ण,citraka kṛṣṇa,चित्रक कृष्ण,Plumbago capensis,Accepted source,Black variety of Citraka is correlated to this species,[2]
C,3,Citraka - krsna,चित्रक कृष्ण,citraka kṛṣṇa,चित्रक कृष्ण,Plumbago capensis Thunb.,Most probable,May be identified with this species,[1]
C,3,Citraka - prakara,चित्रक प्रकार,citraka prakāra,चित्रक प्रकार,Plumbago auriculata Lam.,Market source,This species is correlated to the blue variety of Citraka.  Its originally from South Africa,[3]
C,3,Citraka - prakara,चित्रक प्रकार,citraka prakāra,चित्रक प्रकार,Plumbago indica Linn.,Accepted source,This species is correlated to the red variety of Citraka,[3]
C,3,Citraka - prakara,चित्रक प्रकार,citraka prakāra,चित्रक रक्त,Plumbago rosea,Accepted source,Red variety of Citraka is correlated to this species,[2]
C,3,Citraka - prakara,चित्रक प्रकार,citraka prakāra,चित्रक रक्त,Plumbago rosea Linn.,Accepted source,Identified with it,[1]
C,3,Citraka - prakara,चित्रक प्रकार,citraka prakāra,चित्रक रक्त,Vogelia indica,Accepted source,There is another variety of the red Citraka being used in Abu and Girnar which is correlated to this species,[2]
C,3,Citraka - rakta,चित्रक रक्त,citraka rakta,चित्रक प्रकार,Plumbago auriculata Lam.,Market source,This species is correlated to the blue variety of Citraka.  Its originally from South Africa,[3]
C,3,Citraka - rakta,चित्रक रक्त,citraka rakta,चित्रक प्रकार,Plumbago indica Linn.,Accepted source,This species is correlated to the red variety of Citraka,[3]
C,3,Citraka - rakta,चित्रक रक्त,citraka rakta,चित्रक रक्त,Plumbago rosea,Accepted source,Red variety of Citraka is correlated to this species,[2]
C,3,Citraka - rakta,चित्रक रक्त,citraka rakta,चित्रक रक्त,Plumbago rosea Linn.,Accepted source,Identified with it,[1]
C,3,Citraka - rakta,चित्रक रक्त,citraka rakta,चित्रक रक्त,Vogelia indica,Accepted source,There is another variety of the red Citraka being used in Abu and Girnar which is correlated to this species,[2]
C,3,Citraka - sveta,चित्रक श्वेत,citraka śveta,चित्रक,Plumbago zeylanica Linn.,Accepted source,White variety of Citraka is correlated to this species,[2]
C,3,Citraka - sveta,चित्रक श्वेत,citraka śveta,चित्रक,Plumbago zeylanica Linn.,Accepted source,Identified with it,[3]
C,3,Citraka - sveta,चित्रक श्वेत,citraka śveta,चित्रक श्वेत,Plumbago zeylanica Linn.,Accepted source,Identified with it,[1]
C,3,Citraphala,चित्रफल,citraphala,चित्रफल,Trichosanthes anguina Linn.,Most probable,May be identified with this species,[1]
C,3,Coca,चोच,coca,चोच,Cinnamomum cassia Blume,Most probable,It has been identified with Tvak or Dalcini and correlated to this species,[1]
C,3,Coca,चोच,coca,चोच,Cinnamomum cassia Blume.,Accepted source,Identified with this species,[5]
C,3,Coca,चोच,coca,चोच,Cinnamomum tamala Nees and Eberm.,Most probable,It has been identified with Tvak or Dalcini and correlated to this species,[1]
C,3,Copacini,चोपचीनी,copacīnī,चोपचीनी,Smilax china Linn.,Accepted source,Identified with it,[3]
C,3,Copacini,चोपचीनी,copacīnī,चोपचीनी,Smilax glabra Roxb.,Substituted source,This species is used as a substitutein India,[3]
C,3,Copacini - prajati,चोपचीनी प्रजाति,copacīnī prajāti,चोपचीनी प्रजाति,Smilax lanceifolia Roxb.,Substituted source,This species is used as a substitutein India,[3]
C,3,Copacini - prajati,चोपचीनी प्रजाति,copacīnī prajāti,चोपचीनी प्रजाति,Smilax ovalifolia Roxb.,Substituted source,This species is used as a substitutein India,[3]
C,3,Coraka,चोरक,coraka,चोरक,Angela glauca,Accepted source,Coraka is correlated to this species,[2]
C,3,Coraka,चोरक,coraka,चोरक,Angelica glauca Edgew,Accepted source,Identified with it,[3]
C,3,Coraka,चोरक,coraka,चोरक,Angelica glauca Edgew.,Accepted source,Coraka' is identified with this species,[5]
C,3,Coraka,चोरक,coraka,चोरक,Angelica glauca Edgw.,Accepted source,Identified with it,[1]
C,3,Coraka,चोरक,coraka,चोरक,Angelica glauca Edgw.,Accepted source,Identified with it,[1]
C,3,Corakapatra,चोरकपत्र,corakapatra,चोरकपत्र,Ficus altissima Blume.,Accepted source,Corakapatra has been cited just once in Susruta samhita and Dalhana in his commentary has identified it with 'Laksavrksa'; Its identified with this species,[5]
C,3,Corakapatra,चोरकपत्र,corakapatra,चोरकपत्र,Ficus cunia Ham.,Accepted source,Corakapatra has been cited just once in Susruta samhita and Dalhana in his commentary has identified it with 'Laksavrksa'; Its identified with this species,[5]
C,3,Cukra,चुक्र,cukra,चुक्र,Rumex vesicarius Linn.,Accepted source,It is identified with this species,[4]
C,3,Cukra - prajati,चुक्र प्रजाति,cukra prajāti,चुक्र प्रजाति,Rumex hastatus D. Don.,Accepted source,It is identified with this species,[4]
C,3,Cukrika,चुक्रीका,cukrīkā,चुक्रीका,Rumex acetosella Linn.,Most probable,This species is known by this name,[1]
C,3,Cukrika,चुक्रीका,cukrīkā,चुक्रीका,Rumex vesicarius Linn.,Accepted source,Identified with it,[1]
C,3,Cuncuparnika,चुञ्चूपर्णिका,cuñcūparṇikā,चुञ्चूपर्णिका,Corchorus sp.,Most probable,May be identified with this species,[1]
D,1,Dadhipuspi,दधिपुष्पी,dadhipuṣpī,दधिपुष्पी,Mucuna sp.,Accepted source,Its identified with this species,[5]
D,1,Dadima,दाडिम,dāḍima,दाडिम,Punica granatum Linn.,Accepted source,Identified with it,[1]
D,1,Dadima,दाडिम,dāḍima,दाडिम,Punica granatum Linn.,Accepted source,Identified with it,[3]
D,1,Dadima,दाडिम,dāḍima,दाडिम,Punica granatum Linn.,Accepted source,Identified with it,[4]
D,1,Damanaka,दमनक,damanaka,दमनक,Artemisia vulgaris Linn.,Accepted source,Identified with it,[3]
D,1,Dantasatha,दन्तशठ,dantaśaṭha,दन्तशठ,Averrhoa carambola Linn.,Accepted source,Dantasatha is dentified with this species; Mentioned in Caraka and Susruta under the amla varga (sour group) and amla phala (sour fruits); Nowadays it is popular by the name 'Karmaranga',[5]
D,1,Danti,दन्ती,dantī,दन्ती,Baliospermum montamum,Accepted source,Danti is correlated to this species,[2]
D,1,Danti,दन्ती,dantī,दन्ती,Baliospermum montanum Muell- Arg.,,,[3]
D,1,Danti,दन्ती,dantī,दन्ती,Baliospermum montanum Muell.-Arg.,Accepted source,Identified with it,[1]
D,1,Danti,दन्ती,dantī,दन्ती,Balisopermum montanum,Accepted source,Danti is correlated to this species,[2]
D,1,Danti,दन्ती,dantī,दन्ती,Jatropha glandulifera Roxb.,Adulterated source,Roots of this species are sold in the market as Danti,[2]
D,1,Danti,दन्ती,dantī,दन्ती,Ricinus communis,Adulterated source,Roots of this species otherwise known as Eranda are sold in the market as Danti,[2]
D,1,Danti - bheda,दन्ती भेद,dantī bheda,दन्ती भेद,Croton sp.,Accepted source,Dhanvantari and Raja nighantu have mentioned 'Arani' and 'Jayapala' as 'Danti bheda'. They are identified with this species,[5]
D,1,Darbha,दर्भ,darbha,दर्भ,Desmostachya bipinnata Stapf,Accepted source,Identified with it,[1]
D,1,Darbha,दर्भ,darbha,दर्भ,Imperata cylindrica Beauv.,Accepted source,"In Samhitas, Kusa and Darbha have been mentioned together but as two separate plants; Commencing from the period of Vagbhata, Kusa and Darbha were used as substitutes for each other; Due to this reason during later periods they were considered as one single drug; Most of the nighantus have mentioned 'Darbhadvaya' and explained them seperately but at some places they have been mentioned as synonyms of each other; Darbha is identified with this species",[5]
D,1,Daruharidra,दारुहरिद्रा,dāruharidrā,दारुहरिद्रा,Berberis aristata DC.,Accepted source,Identified with it,[1]
D,1,Daruharidra,दारुहरिद्रा,dāruharidrā,दारुहरिद्रा,Berberis aristata DC.,Accepted source,Daruharidra is correlated to this species,[2]
D,1,Daruharidra,दारुहरिद्रा,dāruharidrā,दारुहरिद्रा,Berberis aristata DC.,Accepted source,Identified with it,[3]
D,1,Daruharidra,दारुहरिद्रा,dāruharidrā,दारुहरिद्रा,Berberis asiatca Rox.,Suggested source,This species is used in medicines as Daruharidra,[2]
D,1,Daruharidra,दारुहरिद्रा,dāruharidrā,दारुहरिद्रा,Berberis asiatica Roxb. ex DC.,Accepted source,Identified with it,[1]
D,1,Daruharidra,दारुहरिद्रा,dāruharidrā,दारुहरिद्रा,Berberis aslatica,Accepted source,Daruharidra is correlated to this species,[2]
D,1,Daruharidra,दारुहरिद्रा,dāruharidrā,दारुहरिद्रा,Berberis lycium Royle,Suggested source,This species is used in medicines as Daruharidra,[2]
D,1,Daruharidra,दारुहरिद्रा,dāruharidrā,दारुहरिद्रा,Berberis lycium Royle.,Accepted source,Identified with it,[1]
D,1,Daruharidra,दारुहरिद्रा,dāruharidrā,दारुहरिद्रा,Berberis lycum,Accepted source,Daruharidra is correlated to this species,[2]
D,1,Daruharidra,दारुहरिद्रा,dāruharidrā,दारुहरिद्रा,Berberis vulgaris Linn.,Accepted source,Identified with it,[1]
D,1,Daruharidra,दारुहरिद्रा,dāruharidrā,दारुहरिद्रा,Coscinium fenestratum,Controversial,This species is used as Daruharidra in Sri lanka and South India,[2]
D,1,Daruharidra - prajati,दारुहरिद्रा प्रजाति,dāruharidrā prajāti,दारुहरिद्रा प्रजाति,Berberis asiatica Roxb.,Market source,This species is a variety of B.aristata and correlated to Daruharidra,[3]
D,1,Daruharidra - prajati,दारुहरिद्रा प्रजाति,dāruharidrā prajāti,दारुहरिद्रा प्रजाति,Berberis lycium Royle.,Market source,This species resembles Daruharidra so it is mixed along with it and sold in the market,[3]
D,1,Daruharidra - prajati,दारुहरिद्रा प्रजाति,dāruharidrā prajāti,दारुहरिद्रा प्रजाति,Coscinium fenestratum (Gaertn.) Colebr.,Market source,This species resembles Daruharidra so it is mixed along with it and sold in the market,[3]
D,1,Devadali,देवदाली,devadālī,देवदाली,Luffa echinata Roxb.,Accepted source,Identified with it,[3]
D,1,Devadali,देवदाली,devadālī,देवदाली श्वेत,Luffa echinata Roxb.,Accepted source,Identified with it,[1]
D,1,Devadali - pita,देवदाली पीत,devadālī pīta,देवदाली पीत,Luffa graveolens Roxb.,Most probable,May be identified with this species which is scarcely found,[1]
D,1,Devadali - pita,देवदाली पीत,devadālī pīta,देवदाली प्रजाति,Luffa graveolens Roxb.,Accepted source,Identified with it,[3]
D,1,Devadali - pita,देवदाली पीत,devadālī pīta,देवदाली प्रजाति,Luffa graveolens Roxb. var. longystyla Clarke.,Accepted source,This species has yellow coloured flowers and is a variety of Luffa echinata,[3]
D,1,Devadali - prajati,देवदाली प्रजाति,devadālī prajāti,देवदाली पीत,Luffa graveolens Roxb.,Most probable,May be identified with this species which is scarcely found,[1]
D,1,Devadali - prajati,देवदाली प्रजाति,devadālī prajāti,देवदाली प्रजाति,Luffa graveolens Roxb.,Accepted source,Identified with it,[3]
D,1,Devadali - prajati,देवदाली प्रजाति,devadālī prajāti,देवदाली प्रजाति,Luffa graveolens Roxb. var. longystyla Clarke.,Accepted source,This species has yellow coloured flowers and is a variety of Luffa echinata,[3]
D,1,Devadali - sveta,देवदाली श्वेत,devadālī śveta,देवदाली,Luffa echinata Roxb.,Accepted source,Identified with it,[3]
D,1,Devadali - sveta,देवदाली श्वेत,devadālī śveta,देवदाली श्वेत,Luffa echinata Roxb.,Accepted source,Identified with it,[1]
D,1,Devadaru,देवदारु,devadāru,देवदारु,Cedrus deodara (Roxb.) Loud.,Accepted source,Identified with it,[1]
D,1,Devadaru,देवदारु,devadāru,देवदारु,Cedrus deodara (Roxb.) Loud.,Accepted source,Identified with it,[3]
D,1,Devasarsapa,देवसर्षप,devasarṣapa,देवसर्षप,Albizzia sp.,Accepted source,Devasarsapa' has been explained under the variety of 'Sirisa' so it is correlated to some species of Albizia,[5]
D,1,Dhaanya,धान्य,dhānya,धान्य,Coriandrum sativum Linn.,Accepted source,Identified with it,[1]
D,1,Dhaanya,धान्य,dhānya,धान्य,Oryza sativa Linn.,Accepted source,Identified with it,[4]
D,1,Dhamargava,धामार्गव,dhāmārgava,धामार्गव,Luffa cylindrica (Linn.) M. Roem.,Accepted source,Identified with it,[1]
D,1,Dhamargava,धामार्गव,dhāmārgava,धामार्गव,Luffa cylindrica (Linn.) M.J. Roem.,Accepted source,Identified with it,[3]
D,1,Dhanva,धन्व,dhanva,धन्व,Fagonia cretica Linn.,Suggested source,Identified with it,[1]
D,1,Dhanvana,धन्वन,dhanvana,धन्वन,Grewia optiva Drummon.,Suggested source,Identified with it,[3]
D,1,Dhanvana,धन्वन,dhanvana,धन्वन,Grewia tiliaefolia Vahl,Accepted source,Identified with it,[1]
D,1,Dhanvana,धन्वन,dhanvana,धन्वन,Grewia tiliaefolia Vahl.,Accepted source,Identified with it,[3]
D,1,Dhanvayasa,धन्वयास,dhanvayāsa,धन्वयास,Fagonia cretica Linn.,Accepted source,Dhanvayasa is correlated to this species,[2]
D,1,Dhanvayasa,धन्वयास,dhanvayāsa,धन्वयास,Fagonia cretica Linn.,Accepted source,Identified with it,[3]
D,2,Dhanyaka,धान्यक,dhānyaka,धान्यक,Coriandrum sativum Linn.,Accepted source,Identified with it,[1]
D,2,Dhanyaka,धान्यक,dhānyaka,धान्यक,Coriandrum sativum Linn.,Accepted source,Identified with it,[3]
D,2,Dhanyaka,धान्यक,dhānyaka,धान्यक,Oryza sativa Linn.,Accepted source,Identified with it,[4]
D,2,Dharanikanda,धारणीकन्द,dhāraṇīkanda,धारणीकन्द,Colocasia sp.,Accepted source,Identified with this species,[5]
D,2,Dhataki,धातकी,dhātakī,धातकी,Woodfordia fruticosa Kurz.,Accepted source,Identified with it,[1]
D,2,Dhataki,धातकी,dhātakī,धातकी,Woodfordia fruticosa Kurz.,Accepted source,Identified with this species,[3]
D,2,Dhattura,धत्तूर,dhattūra,धत्तूर,Datura innoxia Mill.,Accepted source,This species is originally from Mexico but found all over India,[3]
D,2,Dhattura,धत्तूर,dhattūra,धत्तूर प्रजाति,Datura innoxia Mill.,Accepted source,This species is originally from Mexico but found all over India,[3]
D,2,Dhattura,धत्तूर,dhattūra,धत्तूर,Datura metel Linn.,Accepted source,Identified with it,[3]
D,2,Dhattura,धत्तूर,dhattūra,धुत्तूर,Datura metel Linn.,Accepted source,Identified with it,[1]
D,2,Dhattura,धत्तूर,dhattūra,धत्तूर,Datura stramonium Linn.,Accepted source,This species is the black variety of Dhattura found around  8000 feet above Himalaya,[3]
D,2,Dhattura,धत्तूर,dhattūra,धत्तूर प्रजाति,Datura stramonium Linn.,Accepted source,This species is the black variety of Dhattura found around  8000 feet above Himalaya,[3]
D,2,Dhattura -prajati,धत्तूर प्रजाति,dhattūra prajāti,धत्तूर,Datura innoxia Mill.,Accepted source,This species is originally from Mexico but found all over India,[3]
D,2,Dhattura -prajati,धत्तूर प्रजाति,dhattūra prajāti,धत्तूर प्रजाति,Datura innoxia Mill.,Accepted source,This species is originally from Mexico but found all over India,[3]
D,2,Dhattura -prajati,धत्तूर प्रजाति,dhattūra prajāti,धत्तूर,Datura metel Linn.,Accepted source,Identified with it,[3]
D,2,Dhattura -prajati,धत्तूर प्रजाति,dhattūra prajāti,धुत्तूर,Datura metel Linn.,Accepted source,Identified with it,[1]
D,2,Dhattura -prajati,धत्तूर प्रजाति,dhattūra prajāti,धत्तूर,Datura stramonium Linn.,Accepted source,This species is the black variety of Dhattura found around  8000 feet above Himalaya,[3]
D,2,Dhattura -prajati,धत्तूर प्रजाति,dhattūra prajāti,धत्तूर प्रजाति,Datura stramonium Linn.,Accepted source,This species is the black variety of Dhattura found around  8000 feet above Himalaya,[3]
D,2,Dhava,धव,dhava,धव,Anogeissus latifolia Wall.,Accepted source,Identified with it,[1]
D,2,Dhava,धव,dhava,धव,Anogeissus latifulia Wall.,Accepted source,Identified with it,[3]
D,2,Dhava,धव,dhava,धव,Lagerstroemia parviflora Roxb.,Most probable,Poplular names of this plant are reported to be used for this species,[1]
D,2,Dhulikadamba,धूलिकदम्ब,dhūlikadamba,धूलिकदम्ब,Mitragyna parviflora korth.,Accepted source,Identified with this species,[5]
D,2,Dhulikadamba - jati,धूलिकदम्ब जाति,dhūlikadamba jāti,धूलिकदम्ब जाति,Mitragyna rotundifolia ( Roxb.) Kuntze.,Accepted source,Identified with this species,[5]
D,2,Dhulikadamba - jati,धूलिकदम्ब जाति,dhūlikadamba jāti,धूलिकदम्ब जाति,Mitragyna tubulosa (Arn.) Kuntze. ?,Accepted source,Identified with this species,[5]
D,2,Dhuttura,धुत्तूर,dhuttūra,धत्तूर,Datura innoxia Mill.,Accepted source,This species is originally from Mexico but found all over India,[3]
D,2,Dhuttura,धुत्तूर,dhuttūra,धत्तूर प्रजाति,Datura innoxia Mill.,Accepted source,This species is originally from Mexico but found all over India,[3]
D,2,Dhuttura,धुत्तूर,dhuttūra,धत्तूर,Datura metel Linn.,Accepted source,Identified with it,[3]
D,2,Dhuttura,धुत्तूर,dhuttūra,धुत्तूर,Datura metel Linn.,Accepted source,Identified with it,[1]
D,2,Dhuttura,धुत्तूर,dhuttūra,धत्तूर,Datura stramonium Linn.,Accepted source,This species is the black variety of Dhattura found around  8000 feet above Himalaya,[3]
D,2,Dhuttura,धुत्तूर,dhuttūra,धत्तूर प्रजाति,Datura stramonium Linn.,Accepted source,This species is the black variety of Dhattura found around  8000 feet above Himalaya,[3]
D,2,Dhuttura - krsna,धुत्तूर कॄष्ण,dhuttūra kṝṣṇa,धुत्तूर कॄष्ण,Datura stramonium Linn.,Accepted source,Identified with it,[1]
D,2,Dhyama,ध्याम,dhyāma,ध्याम,Cymbopogon sp.,Accepted source,Identified with it,[1]
D,2,Dhyamaka,ध्यामक,dhyāmaka,ध्यामक,Valeriana pyrolaefolia Decne.,Accepted source,"In Caraka samhita, 'Dhyamaka' is mentioned among the fragrant drugs; With references from Susruta samhita we can know that 'Dhyamaka' is a blackish coloured fragrant drug; Cakrapani has interpreted it as 'Gandhatrna' and Dalhana as 'Kattrna', so according to them it was a grass variety but it is not; With all the above references regarding its morphology it should be considered as a plant from the 'Mamsi' family; According to the author it is identified with this species which has resemblance with 'Mamsi'",[5]
D,2,Dilla,डिल्ल,ḍilla,डिल्ल,Indigofera oblongifolia Fosk.,Accepted source,Has been mentioned in Sodala nighantu; Its identified with this species and popularly known as 'Jhilla' in Gujarat,[5]
D,2,Dindisa,डिण्डिश,ḍiṇḍiśa,डिण्डिश,Citrullus vulgaris Schrad. Var. fistulosus (Stocks,Accepted source,It is identified with this species,[4]
D,2,Draksa,द्राक्षा,drākṣā,द्राक्षा,Vitis vinefera Linn.,,,[4]
D,2,Draksa,द्राक्षा,drākṣā,द्राक्षा,Vitis vinifera Linn.,Accepted source,Identified with it,[1]
D,2,Draksa,द्राक्षा,drākṣā,द्राक्षा,Vitis vinifera Linn.,Accepted source,Identified with it,[3]
D,2,Dravanti,द्रवन्ती,dravantī,द्रवन्ती,Baliospermum sinuatum Muell-Arg.,Accepted source,This species has features which are similar to the ones described about Dravanti hence it is identified with this species,[5]
D,2,Dravanti,द्रवन्ती,dravantī,द्रवन्ती,Croton tiglium Linn.,Accepted source,Dravanti is correlated to this species,[3]
D,2,Dravanti,द्रवन्ती,dravantī,द्रवन्ती,Croton tiglium Linn.,Controversial,Not yet identifed due to the confusion regarding its description in the Nighantus,[1]
D,2,Dravanti,द्रवन्ती,dravantī,द्रवन्ती,Jatropha glandulifera,Accepted source,Dravanti is correlated to this species,[2]
D,2,Dravanti - prajati,द्रवन्ती प्रजाति,dravantī prajāti,द्रवन्ती प्रजाति,Jatropha curcas Linn.,Accepted source,Identified with this species,[5]
D,2,Dravanti - prajati,द्रवन्ती प्रजाति,dravantī prajāti,द्रवन्ती प्रजाति,Jatropha gossipifolia Linn.,Accepted source,Identified with this species,[5]
D,2,Dronapuspi,द्रोणपुष्पी,droṇapuṣpī,द्रोणपुष्पी,Araceae,Suggested source,May be considered as this species as it has all characters resembling to the plant,[1]
D,2,Dronapuspi,द्रोणपुष्पी,droṇapuṣpī,द्रोणपुष्पी,Leucas cephalotes Spreng.,Accepted source,Identified with this species,[3]
D,2,Dronapuspi,द्रोणपुष्पी,droṇapuṣpī,द्रोणपुष्पी,Leucas sp.,Accepted source,Identified with this species,[1]
D,2,Dronapuspi,द्रोणपुष्पी,droṇapuṣpī,द्रोणपुष्पी,Leucas sp.,Accepted source,Dronapuspi has been mentioned in Raja nighantu and identified with this species,[5]
D,2,Dronapuspi,द्रोणपुष्पी,droṇapuṣpī,द्रोणपुष्पी,Leucas sp.,Most probable,Dronapuspi is most probably correlated to this species,[1]
D,2,Duduraka,डुडुरक,ḍuḍuraka,डुडुरक,Capparis zeylanica Linn.,Most probable,May be considered as the fruit of Capparis,[1]
D,2,Dugdhapheni,दुग्धफेनी,dugdhaphenī,दुग्धफेनी,Taraxacum officinale Weber ex Wiggers.,Accepted source,Identified with it,[3]
D,2,Dugdhapheni,दुग्धफेनी,dugdhaphenī,दुग्धफेनी,Taraxacum officinale Weber.,Accepted source,Identified with it,[1]
D,3,Dugdhika,दुग्धिका,dugdhikā,दुग्धिका,Daemia extensa,Suggested source,Dugdhika means a plant which has milk or latex so it is suggested to take such plants with this feature and those which are known by the word Dudhi or Dudhili; This species is suggested as it supports the above statements,[2]
D,3,Dugdhika,दुग्धिका,dugdhikā,दुग्धिका,Euphorbia hirta Linn.,Most probable,It may be identified with this species. This name appears to be used for a wide variety of plants that are lactiferous as the name Dugdhika indicates,[1]
D,3,Dugdhika,दुग्धिका,dugdhikā,दुग्धिका,Euphorbia hypericifolia Linn.,Substituted source,Dugdhika means a plant which has milk or latex so it is suggested to take such plants with this feature and those which are known by the word Dudhi or Dudheli; This species is suggested as it supports the above statements,[2]
D,3,Dugdhika,दुग्धिका,dugdhikā,दुग्धिका,Euphorbia litra Linn.,Accepted source,Dugdhika is correlated to this species,[2]
D,3,Dugdhika,दुग्धिका,dugdhikā,दुग्धिका,Euphorbia microphylla Heyne.,Most probable,It may be identified with this species. This name appears to be used for a wide variety of plants that are lactiferous as the name Dugdhika indicates,[1]
D,3,Dugdhika,दुग्धिका,dugdhikā,दुग्धिका,Euphorbia Onicrophylla,Substituted source,Dugdhika means a plant which has milk or latex so it is suggested to take such plants with this feature and those which are known by the word Dudhi or Dudheli; This species is suggested as it supports the above statements,[2]
D,3,Dugdhika,दुग्धिका,dugdhikā,दुग्धिका,Euphorbia thymifolia,Substituted source,Dugdhika means a plant which has milk or latex so it is suggested to take such plants with this feature and those which are known by the word Dudhi or Dudheli; This species is suggested as it supports the above statements,[2]
D,3,Dugdhika,दुग्धिका,dugdhikā,दुग्धिका,Euphorbia thymifolia Linn.,Accepted source,Identified with this species,[3]
D,3,Dugdhika,दुग्धिका,dugdhikā,दुग्धिका,Euphorbia thymifolia Linn.,Accepted source,Identified with this species,[5]
D,3,Dulupuspa,डुलुपुष्प,ḍulupuṣpa,डुलुपुष्प,Biophytum sensitivum DC.,Accepted source,Has been mentioned in Sodala; Widely known as 'Lajauni' in Uttar Pradesh; According to Kato Bhatt it is 'Jharer' which is correlated to this species,[5]
D,3,Durva,दूर्वा,dūrvā,दूर्वा,Cynodon dactylon (Linn.) Pers.,Accepted source,Identified with it,[1]
D,3,Durva,दूर्वा,dūrvā,दूर्वा,Cynodon dactylon Pers.,Accepted source,Identified with it,[3]
D,3,Durva,दूर्वा,dūrvā,दूर्वा प्रकार,Cynodon dactylon Pers. Var. suberectum,Accepted source,Identified with it,[3]
D,3,Durva - prakara,दूर्वा प्रकार,dūrvā prakāra,दूर्वा,Cynodon dactylon (Linn.) Pers.,Accepted source,Identified with it,[1]
D,3,Durva - prakara,दूर्वा प्रकार,dūrvā prakāra,दूर्वा,Cynodon dactylon Pers.,Accepted source,Identified with it,[3]
D,3,Durva - prakara,दूर्वा प्रकार,dūrvā prakāra,दूर्वा प्रकार,Cynodon dactylon Pers. Var. suberectum,Accepted source,Identified with it,[3]
D,3,Dvipantaravaca,द्वीपान्तरवचा,dvīpāntaravacā,द्वीपान्तरवचा,Smilax china Linn.,Accepted source,It is a type of 'Vaca' which is identified with this species,[5]
E,1,Ekavira,एकवीर,ekavīra,एकवीर,Bridelia retusa Spreng.,Accepted source,Has been mentioned in Raja nighantu; Identified with it,[5]
E,1,Ekavira,एकवीर,ekavīra,एकवीर,Rheum nobile Hook. f. & Thomas.,Suggested source,It has been cited in Raja nighantu; This species is known as 'Ekla bir' which is suggested as Ekavira,[5]
E,1,Ela,एला,elā,एला,Elettaria cardamomum Maton,Accepted source,Identified with it,[1]
E,1,Ela,एला,elā,एला,Elettaria cardamomum Maton.,Accepted source,Identified with it,[3]
E,1,Ela,एला,elā,एला सूक्ष्म,Elletaria cardamomum,Accepted source,Suksma ela is correlated to this species,[2]
E,1,Ela,एला,elā,एला,Peucedanum Grande C. B. C.,Controversial,This species is considered as the bigger variety of Ela in Kerala,[2]
E,1,Ela - bheda,एला भेद,elā bheda,एला भेद,Elettaria cardamomum Maton. Var. major Thw.,Accepted source,This species is the bigger variety of ELA found n Srilanka,[3]
E,1,Ela - bheda,एला भेद,elā bheda,एला भेद,Elettaria cardamomum Maton. Var. minor Watt.,Accepted source,This species is the smaller variety of Ela,[3]
E,1,Ela - brhat,एला बृहत्,elā bṛhat,एला बृहत्,Amomum aromaticum Roxb.,Suggested source 2,Identified with it,[1]
E,1,Ela - brhat,एला बृहत्,elā bṛhat,एला स्थूल,Amomum Aromaticum Roxb.,Accepted source,This is the big variety of ela which is identified with this species,[2]
E,1,Ela - brhat,एला बृहत्,elā bṛhat,एला बृहत्,Amomum subulatum Roxb.,Suggested source 1,Identified with it,[1]
E,1,Ela - brhat,एला बृहत्,elā bṛhat,एला स्थूल प्रकार,Amomum Subulatum Roxb.,Accepted source,Is another  variety of sthula ela (big) which is identified with this species,[2]
E,1,Ela - sthula,एला स्थूल,elā sthūla,एला बृहत्,Amomum aromaticum Roxb.,Suggested source 2,Identified with it,[1]
E,1,Ela - sthula,एला स्थूल,elā sthūla,एला स्थूल,Amomum Aromaticum Roxb.,Accepted source,This is the big variety of ela which is identified with this species,[2]
E,1,Ela - sthula,एला स्थूल,elā sthūla,एला बृहत्,Amomum subulatum Roxb.,Suggested source 1,Identified with it,[1]
E,1,Ela - sthula,एला स्थूल,elā sthūla,एला स्थूल प्रकार,Amomum Subulatum Roxb.,Accepted source,Is another  variety of sthula ela (big) which is identified with this species,[2]
E,1,Ela - sthula prakara,एला स्थूल प्रकार,elā sthūla prakāra,एला बृहत्,Amomum aromaticum Roxb.,Suggested source 2,Identified with it,[1]
E,1,Ela - sthula prakara,एला स्थूल प्रकार,elā sthūla prakāra,एला स्थूल,Amomum Aromaticum Roxb.,Accepted source,This is the big variety of ela which is identified with this species,[2]
E,1,Ela - sthula prakara,एला स्थूल प्रकार,elā sthūla prakāra,एला बृहत्,Amomum subulatum Roxb.,Suggested source 1,Identified with it,[1]
E,1,Ela - sthula prakara,एला स्थूल प्रकार,elā sthūla prakāra,एला स्थूल प्रकार,Amomum Subulatum Roxb.,Accepted source,Is another  variety of sthula ela (big) which is identified with this species,[2]
E,1,Ela - suksma,एला सूक्ष्म,elā sūkṣma,एला,Elettaria cardamomum Maton,Accepted source,Identified with it,[1]
E,1,Ela - suksma,एला सूक्ष्म,elā sūkṣma,एला,Elettaria cardamomum Maton.,Accepted source,Identified with it,[3]
E,1,Ela - suksma,एला सूक्ष्म,elā sūkṣma,एला सूक्ष्म,Elletaria cardamomum,Accepted source,Suksma ela is correlated to this species,[2]
E,1,Ela - suksma,एला सूक्ष्म,elā sūkṣma,एला,Peucedanum Grande C. B. C.,Controversial,This species is considered as the bigger variety of Ela in Kerala,[2]
E,1,Elaparni,एलापर्णी,elāparṇī,एलापर्णी,Alpinia galanga Willd.,Most probable,May be identified with this species which is a synonym of Rasna and used as Rasna in the south,[1]
E,1,Elavaluka,एलवालुक,elavāluka,एलवालुक,Prunus cerasus Linn.,Accepted source,Has been identified with this sp.,[1]
E,1,Eraka,एरका,erakā,एरका,Typha laxmannii Lepech.,Accepted source,Its identified with this species,[5]
E,1,Eranda,एरण्ड,eraṇḍa,एरण्ड,Ricinus communis Linn.,Accepted source,Identified with it,[1]
E,1,Eranda,एरण्ड,eraṇḍa,एरण्ड,Ricinus communis Linn.,Accepted source,Eranda is correlated to this species,[2]
E,1,Eranda,एरण्ड,eraṇḍa,एरण्ड,Ricinus communis Linn.,Accepted source,Identified with it,[3]
E,1,Erandakarkati,एरण्डकर्कटी,eraṇḍakarkaṭī,एरण्डकर्कटी,Carica papaya Linn.,Accepted source,Erandakarkati is correlated to this species,[3]
E,1,Erandakarkati,एरण्डकर्कटी,eraṇḍakarkaṭī,एरण्डकर्कटी,Carica papaya Linn.,Accepted source,Erandakarkati is correlated to this species,[4]
E,1,Eravat,ऐरावत,airāvata,ऐरावत,Elaeocarpus serratus Linn.,Accepted source,Is a type of Rudraksa and identified with this species,[5]
E,1,Ervaru,एर्वारु,ervāru,एर्वारु,Cucumis utilissimus Roxb.,Accepted source,Identified with it,[1]
E,1,Ervaruka,एर्वारुक,ervāruka,एर्वारुक,Cucumis utilissimus Linn.,Accepted source,Identified with it,[4]
G,1,Gajacirbhata,गजचिर्भट,gajacirbhaṭa,गजचिर्भट,Cucumis melo var. momordica Duthie and Fuller.,Most probable,May be identified with this species,[1]
G,1,Gajacirbhata,गजचिर्भट,gajacirbhaṭa,गजचिर्भट,Cucumis melo var. utilissimus Duthie and Fuller.,Most probable,May be identified with this species,[1]
G,1,Gajapippali,गजपिप्पली,gajapippalī,गजपिप्पली,Piper chaba Hunter.,Accepted source,Gajapippali is identified with this species,[3]
G,1,Gajapippali,गजपिप्पली,gajapippalī,गजपिप्पली,Piper chaba Hunter.,Most probable,Has been considered as a probable source plant as its properties are similar to Gajapippali. With regard to its rare occurance it creates a doubt,[1]
G,1,Gajapippali,गजपिप्पली,gajapippalī,गजपिप्पली,Scindapsus officinalis Schott.,Most probable,Has been considered as a probable source plant. This species has been used since long for this plant,[1]
G,1,Gajapippali,गजपिप्पली,gajapippalī,गजपिप्पली,Scindapsus sp.,Suggested source,Some consider this species to be 'Gajapippali' as it resembles the plant 'Pippali' but 'Gajapippali' is nowhere included among the variety of 'Pippali' and hence cannot be correlated to this species,[5]
G,1,Gambhari,गम्भारी,gambhārī,गम्भारी,Gmelina arborea Linn.,Accepted source,Gambhari is correlated to this species,[2]
G,1,Gambhari,गम्भारी,gambhārī,गम्भारी,Gmelina arborea Linn.,Accepted source,Gambhari is correlated to this species,[3]
G,1,Gambhari,गम्भारी,gambhārī,गम्भारी,Gmelina arborea Linn.,Accepted source,Gambhari is correlated to this species,[4]
G,1,Gambhari,गम्भारी,gambhārī,गम्भारी,Trewia mudiflora,Suggested source,Gambhari has a synonym Shriparni; there is no controversy regarding Gambhari but there is another species (Trewia nudiflora) used as Shriparni in Haridwar,[2]
G,1,Gandadurva,गण्ड दूर्वा,gaṇḍa dūrvā,गण्ड दूर्वा,Alternanthera sessilis,Accepted source,Gandadurva is identified with this species,[2]
G,1,Gandadurva,गण्ड दूर्वा,gaṇḍa dūrvā,गण्ड दूर्वा,Picrorhiza kurroa,Controversial,Gandadurva is not found in the Brhatrayi but was mentioned later on; There were various synonyms given to it and one among them was Sakuladani which is Katurohini and correlated to this species,[2]
G,1,Gandhakokila,गन्ध कोकिला,gandha kokilā,गन्ध कोकिला,Luvunga scandens.,Accepted source,Gandhakokila has been mentioned in Bhavaprakasa among the gandha dravyas (fragrant drugs); The dry fruits of 'Lavangalata' are called 'Kaakli' or 'Kokila' in Bengal; These were used to give fragrance to oils; This same drug was interpreted as 'Gandhakokila' by Bhavamisra; Its identified with this species,[5]
G,1,Gandhala,गन्धल,gandhala,शालि,Oryza sativa Linn.,Accepted source,Identified with it,[1]
G,1,Gandhala,गन्धल,gandhala,षष्टिक,Oryza sativa Linn.,Accepted source,Identified with it,[1]
G,1,Gandhala,गन्धल,gandhala,व्रीही,Oryza sativa Linn.,Accepted source,Identified with it,[1]
G,1,Gandhala,गन्धल,gandhala,कलम,Oryza sativa Linn. var.,Accepted source,"identified with it, VARIETY ?",[1]
G,1,Gandhala,गन्धल,gandhala,केदार,Rice var.,Suggested source,Is a variety of rice,[1]
G,1,Gandhala,गन्धल,gandhala,कूष्माण्डक,Rice var.,Suggested source,Is a variety of rice,[1]
G,1,Gandhala,गन्धल,gandhala,गन्धल,Rice variety,Suggested source,Is an inferior variety of rice,[1]
G,1,Gandhamalati,गन्धमालती,gandhamālatī,गन्धमालती,Myrtus communis Linn.,Accepted source,Gandhamalati' has been cited in Bhavaprakasa nighantu; Its identified with this species,[5]
G,1,Gandhanakuli,गन्धनाकुली,gandhanākulī,गन्धनाकुली,Aristolochia indica,Accepted source,It is identified with this species,[1]
G,1,Gandhanakuli,गन्धनाकुली,gandhanākulī,गन्धनाकुली,Aristolochia indica Linn.,Accepted source,Gandhanakuli' is identified with this species,[5]
G,1,Gandhanakuli,गन्धनाकुली,gandhanākulī,गन्धनाकुली,Aristolochia indica Linn.,Suggested source,Aristolochia is suggested to be used as this plant,[1]
G,1,Gandhanakuli,गन्धनाकुली,gandhanākulī,गन्धनाकुली,Aristolochia sp.,Most probable,May be identified with this species,[1]
G,1,Gandhanakuli,गन्धनाकुली,gandhanākulī,गन्धनाकुली,Corallocarpus sp.,Most probable,May be identified with this species,[1]
G,1,Gandhanakuli,गन्धनाकुली,gandhanākulī,गन्धनाकुली,Crinum defixum Kar.-Gawl.,Most probable,May be identified with this species,[1]
G,1,Gandhaprasarini,गन्धप्रसारणी,gandhaprasāraṇī,गन्धप्रसारणी,Paederia foetida Linn.,Accepted source,It is identified with this species,[3]
G,1,Gandhaprasarini,गन्धप्रसारणी,gandhaprasāraṇī,गन्धप्रसारणी,Paederia foetida Linn.,Accepted source,Its identified with this species,[5]
G,1,Gandhapriyangu,गन्धप्रियङ्गु,gandhapriyaṅgu,गन्धप्रियङ्गु,Porana paniculata Roxb.,Accepted source,This species is taken into consideration with regard to its features resembling the plant.,[5]
G,1,Gandhapriyangu,गन्धप्रियङ्गु,gandhapriyaṅgu,गन्धप्रियङ्गु,Prunus mahaleb Linn.,Accepted source,Gandhapriyangu is correlated to this species,[3]
G,1,Gandira,गण्डीर,gaṇḍīra,गण्डीर,Albizzia julibrissin Durazz.,Controversial,Based on the description by Dalhana it is correlated to this species,[1]
G,1,Gandira,गण्डीर,gaṇḍīra,गण्डीर,Coleus barbatus,Accepted source,Gandira is identified with this species,[2]
G,1,Gandira,गण्डीर,gaṇḍīra,गण्डीर,Dalbergia sericea G. Don.,Controversial,Based on the description by Dalhana it is correlated to this species,[1]
G,1,Gandira,गण्डीर,gaṇḍīra,गण्डीर,Euphorbia species,Suggested source,One of the author has identifed Gandira with Snuhi which is correlated to this species,[2]
G,1,Gandira - jalaja,गण्डीर जलज,gaṇḍīra jalaja,गण्डीर जलज,Amaranthus mangostanus,Accepted source,Gandira jalaja is identified with this species,[5]
G,1,Gandira - jalaja,गण्डीर जलज,gaṇḍīra jalaja,गण्डीर जलज,Amaranthus viridis Linn.,Accepted source,Jalaja Gandira is identified with this species,[2]
G,1,Gandira - jalaja,गण्डीर जलज,gaṇḍīra jalaja,गण्डीर जलज,Ranunculus sceleratus Linn.,Accepted source,It is identified with this species,[5]
G,1,Gandira - sthalaja,गण्डीर स्थलज,gaṇḍīra sthalaja,गण्डीर स्थलज,Coleus barbatus,Accepted source,Gandira is identified with this species,[2]
G,1,Gandira - sthalaja,गण्डीर स्थलज,gaṇḍīra sthalaja,गण्डीर स्थलज,Coleus barbatus,Accepted source,Gandira is identified with this species,[5]
G,1,Gangapatri,गंगापत्री,gaṃgāpatrī,गंगापत्री,Hyptis sp.,Accepted source,Gangapatri' has been described in Raja nighantu; With regard to its synonyms it can be specified to be a plant with fragrant leaves; Its identified with this species which is popularly known as 'Gangatulasi',[5]
G,1,Gangati,गङ्गाटी,gaṅgāṭī,गङ्गाटी,Sida spinosa Linn.,Most probable,Gangati' has been cited in Sodala nighantu; It is popularly known as 'Gangeti' and most probably identified with this species,[5]
G,1,Gangeruki,गाङ्गेरुकी,gāṅgerukī,गाङ्गेरुकी,Grewia tenax (Forsk.) Aschers. & Schwf.,Accepted source,Gangeruki is correlated to this species,[3]
G,1,Gangeruki,गाङ्गेरुकी,gāṅgerukī,गाङ्गेरुकी,Grewia tenax (Forsk.)Aschers & Schwf.,Accepted source,Gangeruki has been mentioned under the 'Phala varga' (group of fruits) in both Susruta and Caraka samhita; Dalhana and Cakrapani in their commentaries have identified it with 'Nagabala'; Even in the nighantus it has been mentioned as the synonym of Nagabala; Its identified with this species,[5]
G,1,Ganikari,गणिकारी,gaṇikārī,गणिकारी,Pterospermum canescens,Most probable,Ganikari' has been cited in Raja nighantu and Dhanvantari nighantu; With regard to its synonyms it can be interpreted to be a fragrant flower and most probably identified with this species,[5]
G,1,Garjara,गर्जर,garjara,गर्जर,Daucas carota Var. sativa Linn.,Accepted source,It is identified with this species,[4]
G,1,Garmotika,गरमोटिका,garamoṭikā,गरमोटिका,Coix gigantea Koenig ex Roxb.,Accepted source,Identified with this species,[5]
G,1,Gavedhuka,गवेधुक,gavedhuka,गवेधुक,Coix lachryma-jobi Linn.,Accepted source,Identified with it,[1]
G,1,Gavedhuka,गवेधुक,gavedhuka,गवेधुक,Coix lacryma-jobi Linn.,Accepted source,Identified with this species,[4]
G,2,Ghantavali,घण्टावली,ghaṇṭāvalī,घण्टावली,Crotalaria sp.,Suggested source,Mentioned in Sodala nighantu; Vaidya Bapalal has considered this as 'Ghantarava' which is correlated to this species,[5]
G,2,Gholi,घोली,gholī,घोली,Portulaca sp.,Accepted source,Gholi is a variety of 'Lonika' and identified with this species,[5]
G,2,Ghonta,घोण्टा,ghoṇṭā,घोण्टा,Zizyphus xylopyra Willd.,Accepted source,Identified with it,[1]
G,2,Gilodya,गिलोड्य,giloḍya,गिलोड्य,Ceropegia hirsuta W. and A.,Suggested source 2,Identified with it,[1]
G,2,Gilodya,गिलोड्य,giloḍya,गिलोड्य,Ceropegia tuberosa Roxb.,Suggested source 1,Identified with it,[1]
G,2,Gippita,गिप्पिट,gippiṭa,गिप्पिट,Triumfetta rotundifolia Lam.,Accepted source,Gippita' has been mentioned in Sodala nighantu; According to Vaidya Bapalal it is interpreted as 'Jhinjhirita' which is identified with this species,[5]
G,2,Girikadamba,गिरिकदम्ब,girikadamba,गिरिकदम्ब,Mytragyna parviflora Korth.,Accepted source,Identified with it,[1]
G,2,Girikadamba,गिरिकदम्ब,girikadamba,गिरिकदम्ब,Mytragyna parviflora Korth.,Accepted source,Identified with it,[1]
G,2,Girikarni,गिरिकर्णी,girikarṇī,गिरिकर्णी,Clitoria ternatea Linn.,Accepted source,Identified with it,[1]
G,2,Girikarni,गिरिकर्णी,girikarṇī,गिरिकर्णी,Symphorema polyandrum Wight.,Controversial,May be identified with this species with regard to the popular name given by Dalhana which has features equivalent to it,[1]
G,2,Girikarnika,गिरिकर्णिका,girikarṇikā,गिरिकर्णिका,Clitoria ternatea Linn.,Accepted source,Identified with this species,[5]
G,2,Girikarnika,गिरिकर्णिका,girikarṇikā,गिरिकर्णिका,Symphorema polyandrum Wight.,Most probable,May be accepted as this species with regard to its medicinal value and features,[1]
G,2,Girimati,गिरिमती,girimatī,गिरिमती,Coleus barbata.,Most probable,Girimati is mentioned in Sodala nighantu; With regard to its synonyms it is considered as a type of Varahikanda; According to Vaidya Bapalal it is 'Garmar' (Gujarat) which is correlated to this species,[5]
G,2,Girimati,गिरिमती,girimatī,गिरिमती,Dioscorea sp.,Accepted source,With regard to its synonyms it is identified with this species,[5]
G,2,Gocandana,गोचन्दन,gocandana,गोचन्दन,Tylophora fasciculata Ham. ex Wight.,Accepted source,"Gocandana' has been mentioned just once in Susruta samhita in the chapter of Rasayana (rejuvenatives); Dalhana has interpreted it as 'Priyangu'; In Paryayaratnamala its mentioned as the synonym of 'Sahadeva'; Originally in the nighantus, 'Candana' was the synonym of 'Utpalasariva', based on this they interpreted 'Gocandana' as 'Sariva' of animals; It is identified with this species; Further studies needs to be done",[5]
G,2,Gocandana,गोचन्दन,gocandana,गोचन्दन,Tylophora fasciculata Ham. ex Wight.,Suggested source,Correlated to this plant  on the basis of collected field data,[1]
G,2,Godhuma,गोधूम,godhūma,गोधूम,Triticum aestivum Linn.,Accepted source,Identified with it,[1]
G,2,Godhuma,गोधूम,godhūma,गोधूम,Triticum aestivum Linn.,Accepted source,Identified with it,[4]
G,2,Goja,गोजा,gojā,गोजी,Caccinia glauca Savi.Y.) Kuntze.,Accepted source,Gavajavan (Unani system of medicine) which is considered as a synonym is identified as this sp.,[1]
G,2,Goja,गोजा,gojā,गोजा,Launaea asplenifolia Hook.f.,Most probable,May be identified with this sp.,[1]
G,2,Goja,गोजा,gojā,गोजी,Onosma bracteata Wall.,Accepted source,Gavajavan (Unani system of medicine) which is considered as a synonym is identified as this sp.,[1]
G,2,Goja,गोजा,gojā,गोजी,Trichodesma indicum R. Br.,Substituted source,Used as  a substitute with regard to its features,[1]
G,2,Goji,गोजी,gojī,गोजी,Caccinia glauca Savi.Y.) Kuntze.,Accepted source,Gavajavan (Unani system of medicine) which is considered as a synonym is identified as this sp.,[1]
G,2,Goji,गोजी,gojī,गोजा,Launaea asplenifolia Hook.f.,Most probable,May be identified with this sp.,[1]
G,2,Goji,गोजी,gojī,गोजी,Onosma bracteata Wall.,Accepted source,Gavajavan (Unani system of medicine) which is considered as a synonym is identified as this sp.,[1]
G,2,Goji,गोजी,gojī,गोजी,Trichodesma indicum R. Br.,Substituted source,Used as  a substitute with regard to its features,[1]
G,2,Gojihva,गोजिह्वा,gojihvā,गोजिह्वा,Anchusa strigosa Lebill.,Controversial,There are many species sold as Gojihva in the market.  This is one of the species,[3]
G,2,Gojihva,गोजिह्वा,gojihvā,गोजिह्वा,Anchusa strigosa Lebill.,Suggested source,Gojihva is correlated to another species but this is also used as Gojihva,[5]
G,2,Gojihva,गोजिह्वा,gojihvā,गोजिह्वा,Coccinia glauca Savi,Controversial,There are many species sold as Gojihva in the market.  This is one of the species,[3]
G,2,Gojihva,गोजिह्वा,gojihvā,गोजिह्वा,Coccinia glauca Savi.,Controversial,Eventhough it is correlated to some other species this species is used as Gojihva,[5]
G,2,Gojihva,गोजिह्वा,gojihvā,गोजिह्वा,Elephantopus scaber,Controversial,In Gujarat there is a plant known as Galajibhi or Gojobhi which exactly corresponds with Gojihva; This is correlated to Elephantopus scaber; With regard to Gojihva having hirsute rough leaves this species has smooth leaves so cannot be totally considered,[2]
G,2,Gojihva,गोजिह्वा,gojihvā,गोजिह्वा,Launaea sp.,Accepted source,Gojihva mentioned in the samhitas is correlated to the given species which is known as 'Bangobhi'; Based on this Bhavamisra has given the synonym 'Gobhi' to it,[5]
G,2,Gojihva,गोजिह्वा,gojihvā,गोजिह्वा,Macrotomia benthamii DC.,Controversial,Eventhough it is correlated to some other species this species is used as Gojihva,[3]
G,2,Gojihva,गोजिह्वा,gojihvā,गोजिह्वा,Macrotomia benthamii DC.,Controversial,Eventhough it is correlated to some other species this species is used as Gojihva,[5]
G,2,Gojihva,गोजिह्वा,gojihvā,गोजिह्वा,Onosma bracteatum,Accepted source,Gojihva is correlated to this species,[2]
G,2,Gojihva,गोजिह्वा,gojihvā,गोजिह्वा,Onosma bracteatum Wall.,Accepted source,Gojihva is correlated to this species,[3]
G,2,Gojihva,गोजिह्वा,gojihvā,गोजिह्वा,Onosma bracteatum Wall.,Most probable,Most probably it is identified with this species,[5]
G,2,Goksura,गोक्षुर,gokṣura,गोक्षुर,Acanthospermum hispidum DC.,Most probable,As this species has features similar to this plant it may have been used as Goksura,[1]
G,2,Goksura,गोक्षुर,gokṣura,गोक्षुरु,Martynia diandra,Suggested source,Goksuru literally means the hoof of a cow; So some suggested this species as Goksura as its fruit is cleft like a cows hook and has 3 hooks; So in real sense this is the real Goksura but cannot be taken into consideration as this is an exotic plant,[2]
G,2,Goksura,गोक्षुर,gokṣura,गोक्षुर,Pedalium murex Linn.,Most probable,This species is used as this plant has features similar to it,[1]
G,2,Goksura,गोक्षुर,gokṣura,गोक्षुरु,Tribulus terrestris,Accepted source,Goksura is correlated to this species,[2]
G,2,Goksura,गोक्षुर,gokṣura,गोक्षुरु लघु,Tribulus terrestris,Accepted source,Laghu goksura is correlated to this species,[2]
G,2,Goksura,गोक्षुर,gokṣura,गोक्षुर,Tribulus terrestris Linn.,Accepted source,Identified with it,[1]
G,2,Goksura,गोक्षुर,gokṣura,गोक्षुर,Tribulus terrestris Linn.,Accepted source,Identified with it,[3]
G,2,Goksura - brhat,गोक्षुर बॄहत्,gokṣura bṝhat,गोक्षुरु बॄहत्,Pedalium murex,Accepted source,Big variety of Goksura is correlated to this species,[2]
G,2,Goksura - brhat,गोक्षुर बॄहत्,gokṣura bṝhat,गोक्षुर बॄहत्,Pedalium murex Linn.,Accepted source,It is the bigger variety of Goksura which is correlated  to this species,[3]
G,2,Goksura - brhat,गोक्षुर बॄहत्,gokṣura bṝhat,गोक्षुरु बॄहत्,Xanthium strumarium Linn.,Most probable,This species is used as Goksura in Punjab and Sindh,[2]
G,2,Goksuru,गोक्षुरु,gokṣuru,गोक्षुर,Acanthospermum hispidum DC.,Most probable,As this species has features similar to this plant it may have been used as Goksura,[1]
G,2,Goksuru,गोक्षुरु,gokṣuru,गोक्षुरु,Martynia diandra,Suggested source,Goksuru literally means the hoof of a cow; So some suggested this species as Goksura as its fruit is cleft like a cows hook and has 3 hooks; So in real sense this is the real Goksura but cannot be taken into consideration as this is an exotic plant,[2]
G,2,Goksuru,गोक्षुरु,gokṣuru,गोक्षुर,Pedalium murex Linn.,Most probable,This species is used as this plant has features similar to it,[1]
G,2,Goksuru,गोक्षुरु,gokṣuru,गोक्षुरु,Tribulus terrestris,Accepted source,Goksura is correlated to this species,[2]
G,2,Goksuru,गोक्षुरु,gokṣuru,गोक्षुरु लघु,Tribulus terrestris,Accepted source,Laghu goksura is correlated to this species,[2]
G,2,Goksuru,गोक्षुरु,gokṣuru,गोक्षुर,Tribulus terrestris Linn.,Accepted source,Identified with it,[1]
G,2,Goksuru,गोक्षुरु,gokṣuru,गोक्षुर,Tribulus terrestris Linn.,Accepted source,Identified with it,[3]
G,2,Goksuru - brhat,गोक्षुरु बॄहत्,gokṣuru bṝhat,गोक्षुरु बॄहत्,Pedalium murex,Accepted source,Big variety of Goksura is correlated to this species,[2]
G,2,Goksuru - brhat,गोक्षुरु बॄहत्,gokṣuru bṝhat,गोक्षुर बॄहत्,Pedalium murex Linn.,Accepted source,It is the bigger variety of Goksura which is correlated  to this species,[3]
G,2,Goksuru - brhat,गोक्षुरु बॄहत्,gokṣuru bṝhat,गोक्षुरु बॄहत्,Xanthium strumarium Linn.,Most probable,This species is used as Goksura in Punjab and Sindh,[2]
G,2,Goksuru - laghu,गोक्षुरु लघु,gokṣuru laghu,गोक्षुर,Acanthospermum hispidum DC.,Most probable,As this species has features similar to this plant it may have been used as Goksura,[1]
G,2,Goksuru - laghu,गोक्षुरु लघु,gokṣuru laghu,गोक्षुरु,Martynia diandra,Suggested source,Goksuru literally means the hoof of a cow; So some suggested this species as Goksura as its fruit is cleft like a cows hook and has 3 hooks; So in real sense this is the real Goksura but cannot be taken into consideration as this is an exotic plant,[2]
G,2,Goksuru - laghu,गोक्षुरु लघु,gokṣuru laghu,गोक्षुर,Pedalium murex Linn.,Most probable,This species is used as this plant has features similar to it,[1]
G,2,Goksuru - laghu,गोक्षुरु लघु,gokṣuru laghu,गोक्षुरु,Tribulus terrestris,Accepted source,Goksura is correlated to this species,[2]
G,2,Goksuru - laghu,गोक्षुरु लघु,gokṣuru laghu,गोक्षुरु लघु,Tribulus terrestris,Accepted source,Laghu goksura is correlated to this species,[2]
G,2,Goksuru - laghu,गोक्षुरु लघु,gokṣuru laghu,गोक्षुर,Tribulus terrestris Linn.,Accepted source,Identified with it,[1]
G,2,Goksuru - laghu,गोक्षुरु लघु,gokṣuru laghu,गोक्षुर,Tribulus terrestris Linn.,Accepted source,Identified with it,[3]
G,2,Golomi,गोलोमी,golomī,गोलोमी,Umbelliferae - aromatic plants,Suggested source,May be an alternative source of Golomi,[1]
G,3,Golomika,गोलोमिका,golomikā,गोलोमिका,Launae sp.,Accepted source,Identified with this species,[5]
G,3,Gonasi,गोनसी,gonasī,गोनसी,Arisaema sp.,Most probable,The source may be identified with this plant with regard to its popular name Gunasa or Mahagunasa in Kashmir,[1]
G,3,Gonasi,गोनसी,gonasī,गोनसी,Arisaema Sp.,Most probable,Gonasi' is mentioned in Susruta as a divya aushadhi (divine drug) and most probably correlated to this species,[5]
G,3,Gopasimbi,गोपशिम्बी,gopaśimbī,गोपशिम्बी,Cyamopsis tetragonaloba (Linn.) Taub.,Accepted source,It is identified with this species,[4]
G,3,Gopavalli,गोपवल्ली,gopavallī,गोपवल्ली,Ichnocarpus frutescens R. Br.,Accepted source,Identified with this species,[5]
G,3,Goraksa,गोरक्ष,gorakṣa,गोरक्ष,Dalbergia lanceolaria Linn.,Accepted source,Identified with this species,[3]
G,3,Goraksadugdhi,गोरक्षदुग्धी,gorakṣadugdhī,गोरक्षदुग्धी,Euphorbia thymifolia,Accepted source,Identified with this species,[5]
G,3,Goraksaganja,गोरक्षगांजा,gorakṣagāṃjā,गोरक्षगांजा,Aerva lanata Juss.,Accepted source,Identified with this species,[3]
G,3,Goraksi,गोरक्षी,gorakṣī,गोरक्षी,Adansonia digitata Linn.,Accepted source,Goraksi is identified with this species,[5]
G,3,Granthi,ग्रन्थि,granthi,ग्रन्थि,Betula sp.,Most probable,The fungal formations on Betula species is considered as Granthi (a knot like structure formed by plants parts or tissues),[1]
G,3,Granthi,ग्रन्थि,granthi,ग्रन्थि,Nelumbium sp.,Most probable,Granthi is used as a synonym for many plants and as this species has rhizomes which is the feature of Granthi it is correlated to it,[1]
G,3,Granthi,ग्रन्थि,granthi,ग्रन्थि,Premna herbacea Roxb.,Most probable,Roots have similar appaearance with the features described for Granthi hence correlated,[1]
G,3,Granthigobhi - prakara,ग्रन्थिगोभी प्रकार,granthigobhī prakāra,ग्रन्थिगोभी प्रकार,Brassica oleracea var. gummifera DC.,Accepted source,It is identified with this species,[4]
G,3,Granthiparna,ग्रन्थिपर्ण,granthiparṇa,ग्रन्थिपर्ण,Angelica glauca,Controversial,If Granthiparna is considered as Coraka then it can be correlated to this species; but there is a doubt whether Granthiparna and Coraka are one and the same or two distinct plants,[2]
G,3,Granthiparna,ग्रन्थिपर्ण,granthiparṇa,ग्रन्थिपर्ण,Brassica oleracea var. gongylods Linn.,Accepted source,It is identified with this species,[4]
G,3,Granthiparna,ग्रन्थिपर्ण,granthiparṇa,ग्रन्थिपर्ण,Clerodendron infortunatum Linn.,Controversial,Granthiparna still remains controversial; Some consider this species to be Granthiparna,[2]
G,3,Granthiparna,ग्रन्थिपर्ण,granthiparṇa,ग्रन्थिपर्ण,Taxus baccata Linn.,Accepted source,Variety of Granthiparna i.e. Sthauneyaka is identifiedwith this species,[2]
G,3,Granthiparni,ग्रन्थिपर्णी,granthiparṇī,ग्रन्थिपर्णी,Abies pindrow Royle,Most probable,In Rajanighantu this appears as a synonym of 'Coraka'; Dalhana and Bhavaprakasa nighantu share the same view where in 'Coraka' is described as a type of 'Granthiparna bheda' (with regard to similarity in features) and 'Sthauneyaka' as 'Granthiparna'; 'Sthauneyaka' and 'Talisa' are similar in features hence correlated to a species of 'Talisa',[5]
G,3,Granthiparnika,ग्रन्थिपर्णिका,granthiparṇikā,ग्रन्थिपर्णिका,Angelica sp.,Most probable,May be identified as this species,[1]
G,3,Granthiparnika,ग्रन्थिपर्णिका,granthiparṇikā,ग्रन्थिपर्णिका,Valeriana sp.,Most probable,May be identified as this species,[1]
G,3,Grdhranakhi,गृध्रनखी,gṛdhranakhī,गृध्रनखी,Capparis zeylanica Linn.,Most probable,May be considered as this species,[1]
G,3,Grdhranakhi,गृध्रनखी,gṛdhranakhī,गृध्रनखी,Zizyphus jujuba Lam. var. fruticosa Haines,Most probable,May be considered as this species,[1]
G,3,Grnja,गृञ्ज,gṛñja,गृञ्ज,Allium ascalonicum Linn.,Most probable,Most  probably correlated to this species,[1]
G,3,Grnjanaka,गृञ्जनक,gṛñjanaka,गृञ्जनक,Allium ascalonicum Linn.,Accepted source,Grnjanaka' is identified with this species,[5]
G,3,Grnjanaka,गृञ्जनक,gṛñjanaka,गृञ्जनक,Brassica campestris,Accepted source,Grnjanaka is correlated to this species,[2]
G,3,Grnjanaka,गृञ्जनक,gṛñjanaka,गृञ्जनक,Daucus carota,Accepted source,Garjara is correlated to this species,[2]
G,3,Grnjanaka,गृञ्जनक,gṛñjanaka,गृञ्जनक,Eulophia campestris,Suggested source,V G Desai has identified Grnjanaka as 'Baadshahi saalam'; With regard to its properties and its name 'Lasaniya saalam' he has correlated Grnjanaka to this species,[2]
G,3,Grnjanaka,गृञ्जनक,gṛñjanaka,गृञ्जनक,Moringa pterygosperma,Controversial,Grnjanaka is a highly controversial plant; With regard to the commentary given by Cakrapani it may be Sigru which is correlated to this species,[2]
G,3,Grnjanaka,गृञ्जनक,gṛñjanaka,गृञ्जनक,Orchis mascula,Suggested source,V G Desai has identified Grnjanaka as a type of garlic and correlated it to this species,[2]
G,3,Grnjanaka,गृञ्जनक,gṛñjanaka,गृञ्जनक,Urginia indica,Suggested source,One of the commentator has identified Grnjana as Vanapalandu which is correlated to this species,[2]
G,3,Grstika,गृष्टिक,gṛṣṭika,गृष्टिक,Dioscorea bulbifera Linn.,Accepted source,Identified with it,[1]
G,3,Gucchahvakanda - prajati,गुच्छाह्वकन्द प्रजाति,gucchāhvakanda prajāti,गुच्छाह्वकन्द प्रजाति,Truffles sp.,Accepted source,It has been mentioned in Raja nighantu and identified with this species,[5]
G,3,Gudamanjari,गुडमञ्जरी,guḍamañjarī,गुडमञ्जरी,Lannea grandis (Dennst.) Engl.,Accepted source,Identified with it,[1]
G,3,Gudasarkara,गुडशर्करा,guḍaśarkarā,गुडशर्करा,Grewia hirsuta Vahl.,Accepted source,Gudasarkara' is considered as the synonym of 'Nagabala' which is identified with this species; It has been cited once in Caraka and once in Susruta samhita,[5]
G,4,Guduci,गुडूची,guḍūcī,गुडूची,Tinospora cordifolia (Willd) Miers ex Hook.f. & Th,Accepted source,Guduci is correlated to this species,[3]
G,4,Guduci,गुडूची,guḍūcī,गुडूची,Tinospora cordifolia (Willd.) Miers.,Accepted source,Identified with it,[1]
G,4,Guduci – jati,गुडूची जाति,guḍūcī jāti,वत्सादनी,Cocculus hirsutus (Linn.) Diels.,Most probable,Usually considered to be a synonym of Guduci but Dalhana identifies it with another plant,[1]
G,4,Guduci – jati,गुडूची जाति,guḍūcī jāti,वत्सादनी,Cocculus hirsutus (Linn.) Diels.,Most probable,"In the nighantus it is mentioned as a synonym of Guduci but in the samhitas it is mentioned as an exclusive drug; It’s a type of creeper, eaten a lot by calves; Based on the above some of them consider this as 'Vasanvel' which is correlated to this species",[5]
G,4,Guduci – jati,गुडूची जाति,guḍūcī jāti,वत्सादनी,Tinospora crispa (Linn.) Miers ex. Hook f. & Thoms,Accepted source,This species is correlated to a variety of Guduci which is  known as ‘Padmaguduci or Kandaguduci’. Leaves appear  big and triangular in shape,[3]
G,4,Guduci – jati,गुडूची जाति,guḍūcī jāti,गुडूची जाति,Tinospora crispa (Linn.) Miers ex. Hook f. & Thoms,Accepted source,This species is correlated to a variety of Guduci which is  known as ‘Padmaguduci or Kandaguduci’. Leaves appear  big and triangular in shape,[3]
G,4,Guduci – jati,गुडूची जाति,guḍūcī jāti,वत्सादनी,Tinospora sinensis (Lour.) Merill,Accepted source,This species is correlated to a variety of Guduci which is  known as ‘Padmaguduci or Kandaguduci’. Leaves appear  big and triangular in shape,[3]
G,4,Guduci – jati,गुडूची जाति,guḍūcī jāti,गुडूची जाति,Tinospora sinensis (Lour.) Merill,Accepted source,This species is correlated to a variety of Guduci which is  known as ‘Padmaguduci or Kandaguduci’. Leaves appear  big and triangular in shape,[3]
G,4,Guduci – jati,गुडूची जाति,guḍūcī jāti,वत्सादनी,Tinospora sinensis (Lour.) Merill.,Accepted source,"In the nighantus, 'Vatsadani' is considered as a synonym of 'Guduci' but referance of ancient texts depict it to be a different drug from 'Guduci'; It’s a creeper which is a favourite of goats and hence its name 'Vatsadani'; In Abhidhanaratnamala, 'Vatsadani' is mentioned under the group of sweet drugs and 'Guduci' under the group of bitter drugs but there is also a mention of 'Vatsadani' as a synonym of 'Guduci' which shows that it should be variety of 'Guduci' hence identified with this species and which is popularly known as 'Padmaguduci'",[5]
G,4,Guggulu,गुग्गुलु,guggulu,गुग्गुलु,Commiphora mukul (Hook ex Stocks) Engl.,Accepted source,Identified with it,[3]
G,4,Guggulu,गुग्गुलु,guggulu,गुग्गुलु,Commiphora mukul (Hook. ex Stocks) Engl.,Accepted source,Identified with it,[1]
G,4,Guggulu - mahisaksa,गुग्गुलु महिषाक्ष,guggulu mahiṣākṣa,गुग्गुलु महिषाक्ष,Balsamodendron stocksiana Engl.,Accepted source,Identified with it,[1]
G,4,Guggulu - prajati,गुग्गुलु प्रजाति,guggulu prajāti,गुग्गुलु प्रजाति,Commiphora roxburghii (Arn.) Engl.,Accepted source,It is another variety of Commiphora found in Assam and Madhya Pradesh.Guggulu is correlated to this species,[3]
G,4,Gundala,गुण्डाल,guṇḍāla,गुण्डाल,Bacopa monniera,Controversial,Is an aquatic plant which some relate to Jalaneem correlated to this species,[5]
G,4,Gundra,गुन्द्र,gundra,गुन्द्र,Typha elephantina Roxb.,Accepted source,Identified with it,[1]
G,4,Gundra,गुन्द्र,gundra,गुन्द्र,Typha elephantina Roxb.,Accepted source,Its identified with this species,[5]
G,4,Gunja,गुञ्जा,guñjā,गुञ्जा,Abrus precatorius Linn.,Accepted source,Identified with it,[1]
G,4,Gunja,गुञ्जा,guñjā,गुञ्जा,Abrus precatorius Linn.,Accepted source,Identified with it,[3]
G,4,Gunja - visa,गुञ्जा विष,guñjā viṣa,गुञ्जा विष,Abrus pulchellum Wall.,Suggested source,May be identified with this species,[1]
G,4,Gunja - visa,गुञ्जा विष,guñjā viṣa,गुञ्जा विष,Cardiospermum halicacabum Linn.,Suggested source,Needs to be examined,[1]
G,4,Guntha,गुण्ठ,guṇṭha,गुण्ठ,Fimbristylis sp.,Most probable,May indicate this species as it has features resembling the plant,[1]
G,4,Guntha,गुण्ठ,guṇṭha,गुण्ठ,Typha angustata Bory & Chaub.,Most probable,"May be considered as this species, as according to Bhavamisra Gundra is 'Pateraka' which is this species",[1]
G,4,Guntha,गुण्ठ,guṇṭha,गुण्ठ,Typha australis Schum. & Thom.,Accepted source,Its identified with this species,[5]
H,1,Haimavati,हैमवती,haimavatī,हैमवती,Iris ensata Thunb.,Accepted source,It is identified with this species,[3]
H,1,Haimavati,हैमवती,haimavatī,हैमवती,Iris sp.,Accepted source,It is identified with this species,[5]
H,1,Haimavati,हैमवती,haimavatī,हैमवती,Paris polyphylla sm.,Accepted source,Its identified with this species,[5]
H,1,Haimavati - prajati,हैमवती प्रजाति,haimavatī prajāti,हैमवती प्रजाति,Iris germanica Linn.,Accepted source,This variety is imported from Iran but now cultivated in Kashmir,[3]
H,1,Haimavati - prajati,हैमवती प्रजाति,haimavatī prajāti,हैमवती प्रजाति,Iris nepalensis D. Don.,Accepted source,Is a variety of Iris found in the Himalayan regions,[3]
H,1,Hamsapadi,हंसपादी,haṃsapādī,हंसपादी,Adianthum lunulatum Burn.,Accepted source,Identified with it,[1]
H,1,Hamsapadi,हंसपादी,haṃsapādī,हंसपादी,Adiantum lunulatum Burm.,Accepted source,Hamsapadi is correlated to this species,[3]
H,1,Hamsapadi,हंसपादी,haṃsapādī,हंसपादी,Hydrocotyle asiatica,Most probable,"Kaviraja Gangadhar has identified Hamsapadi as Thulakudi, which is a Bengali name and identified with this species",[2]
H,1,Hapusa,हपुषा,hapuṣā,हपुषा,Casearia esculenta Roxb.,Most probable,Is taken into consideration as the actions of this plant matches with that of the given species,[1]
H,1,Hapusa,हपुषा,hapuṣā,हपुषा,Casearia tomentosa Roxb.,Most probable,Is taken into consideration as the features of this plant resembles with the given species,[1]
H,1,Hapusa,हपुषा,hapuṣā,हपुषा,Juniperus communis Linn.,Most probable,May be identified with it,[1]
H,1,Hapusa,हपुषा,hapuṣā,हपुषा,Juniperus communis Linn.,Most probable,May be identified with it,[3]
H,1,Hapusa,हपुषा,hapuṣā,हपुषा,Juniperus macropoda Boiss.,Most probable,May be identified with it,[1]
H,1,Hapusa - prajati,हपुषा प्रजाति,hapuṣā prajāti,हपुषा प्रजाति,Juniperus macropoda Boiss.,Accepted source,Is a variety of Juniperus communis which is a big tree.Hapusa is correlated to this species,[3]
H,1,Harenu,हरेणु,hareṇu,हरेणु,Lawsonia inermis Linn.,Substituted source,Has been recommended to be used in its place,[1]
H,1,Harenu,हरेणु,hareṇu,हरेणु,Piper aurantiacum Wall.,Substituted source,Has been recommended to be used in its place,[1]
H,1,Harenu,हरेणु,hareṇu,हरेणु,Piper aurantiacum Wall.,Suggested source,Pharmalogical and therapeutical aspects have to be worked upon and then come to a conclusion to the correlation,[1]
H,1,Harenu,हरेणु,hareṇu,हरेणु,Symphorema polyandrum Wight.,Suggested source,Has been considered as its fruits resemble Harenu in size and shape and it has similar actions when compared to this plant.,[1]
H,1,Harenu,हरेणु,hareṇu,हरेणु,Vitex agnus-castus Linn.,Substituted source,Has been recommended to be used in its place,[1]
H,1,Harenu,हरेणु,hareṇu,हरेणु,Vitex negundo Linn.,Substituted source,Has been recommended to be used in its place,[1]
H,1,Harenuka,हरेणुका,hareṇukā,हरेणुका,Amomum subulatum Roxb.,Accepted source,In Susruta samhita it is mentioned under the pippalyadi and eladi varga along with 'Ela'; Vagbhata has not mentioned 'Harenuka' but cites' Elayugma'. Agurvadi taila mentioned in Caraka has 'Harenuka' and 'Ela' as the ingredient where in Vagbhata has mentioned them as 'Eladvaya'; All the above point that 'Harenuka' is a type of 'Ela' and hence correlated to this species,[5]
H,1,Haricandana,हरिचन्दन,haricandana,हरिचन्दन,Syzygium aromaticum (Linn.) Merr. & L.M.Perry.,Accepted source,Haricandana' is identified with this species,[5]
H,1,Haricandana,हरिचन्दन,haricandana,हरिचन्दन,Syzygium aromaticum (Linn.) Merr. & L.M.Perry.,Accepted source,Haricandana' was the ancient name given to 'Lavanga' which is identified with this species,[5]
H,1,Haridra,हरिद्रा,haridrā,हरिद्रा,Curcuma longa Linn.,Accepted source,Identified with it,[1]
H,1,Haridra,हरिद्रा,haridrā,हरिद्रा,Curcuma longa Linn.,Accepted source,Identified with it,[3]
H,1,Haridru,हरिद्रु,haridru,हरिद्रु,Adina cordifolia Benth & Hook.f.,,,[3]
H,1,Haritaki,हरितकी,haritakī,हरितकी,Terminalia chebula Retz.,Accepted source,Identified with it,[1]
H,1,Haritaki,हरितकी,haritakī,हरितकी,Terminalia chebula Retz.,Accepted source,Identified with it,[3]
H,1,Haritaki,हरितकी,haritakī,हरितकी,Terminalia citrina Roxb.,Accepted source,Identified with it,[1]
H,1,Harivrksa,हरिवृक्ष,harivṛkṣa,हरिवृक्ष,Adina cordifolia Benth. and Hook.f.,Most probable,May be identified with it,[1]
H,1,Hastidanti,हस्तिदन्ती,hastidantī,हस्तिदन्ती,Dioscorea sp.,Most probable,May be considered,[1]
H,1,Hastidanti,हस्तिदन्ती,hastidantī,हस्तिदन्ती,Trichosanthes bracteata (Lam.) Voigt.,Most probable,May be considered,[1]
H,1,Hastikanda,हस्तिकन्द,hastikanda,हस्तिकन्द,Leea macrophylla Roxb.,Accepted source,Identified with this species,[5]
H,1,Hastikarna,हस्तिकर्ण,hastikarṇa,हस्तिकर्ण,Leea macrophylla Roxb.,Most probable,Identified with this species,[4]
H,1,Hastikarna,हस्तिकर्ण,hastikarṇa,हस्तिकर्ण,Leea macrophylla Roxb. ex Hornem.,Most probable,Most probably correlated to this species with regard to its features,[1]
H,1,Hastikarnapalasa,हस्तिकर्णपलाश,hastikarṇapalāśa,हस्तिकर्णपलाश,Butea monosperma,Controversial,The commentator of Siddhayoga has identified Hastikarna as Palasa which is correlated to this species; according to the author it is not Palasa but has identified it with a different species,[2]
H,1,Hastikarnapalasa,हस्तिकर्णपलाश,hastikarṇapalāśa,हस्तिकर्णपलाश,Leea macrophylla,Accepted source,Hastikarnapalasa is correlated to this species,[2]
H,1,Hastikarnapalasa,हस्तिकर्णपलाश,hastikarṇapalāśa,हस्तिकर्णपलाश,Perestrophe bicaliculata,Most probable,Some identify this plant as Kakajangha which is correlated to this species,[2]
H,1,Hastiparni,हस्तिपर्णी,hastiparṇī,हस्तिपर्णी,Leea macrophylla Roxb.,Most probable,In Caraka it has been mentioned under the emetic drugs; Cakrapani has interpreted it as 'Morata' but the fruits are not proven to be emetic; In the above reference 'Hastiparni' is mentioned along with 'Trapusa'; In the nighantus it is mentioned as the synonym of 'Trapusa'; So this can be considered as a variety of 'Trapusa' and the fruits of 'Vanatrapusi' are emetic; Presently they have interpreted it with 'Hastikarnapalasa' which is correlated to this species but even this is not emetic,[5]
H,1,Hastiparni,हस्तिपर्णी,hastiparṇī,हस्तिपर्णी,Leea macrophylla.,Accepted source,In Caraka it has been mentioned under the emetic drugs; Cakrapani has interpreted it as 'Morata'; Its name suggests that it’s a plant having leaves like the ear of an elephant so they have interpreted it as 'Hastikarnapalasa' which is identified with this species,[5]
H,1,Hastisundi,हस्तिशुण्डी,hastiśuṇḍī,हस्तिशुण्डी,Heliotropium sp.,Accepted source,Its identified with this species with regard to its morphology; Has been mentioned in Raja nighantu,[5]
H,1,Hastyaluka,हस्त्यालुक,hastyāluka,हस्त्यालुक,Dioscorea sp.,Suggested source (variety),Identified with it,[1]
H,1,Hema,हेम,hema,हेम,Dendrobium macraei Lindl.,Most probable,Is mentioned in Raja nighantu; With regard to its synonyms it can most probably be correlated to this species which is widely known as 'Svarnajivanti',[5]
H,1,Hema,हेम,hema,हेम,Pseudo-bulb,Most probable,Hema' has been cited in Raja nighantu along with its synonyms which describes its morphology; Its synonym 'trnagranthi' depicts it to be a grass with a pseudo bulb; So most probably its some some Pseudo species,[5]
H,2,Hijjala,हिज्जल,hijjala,हिज्जल,Barringtonia acutangula,Accepted source,Hijjala is correlated to this species,[3]
H,2,Hijjala,हिज्जल,hijjala,हिज्जल,Barringtonia acutangula Gaertn.,Accepted source,Hijjala and Samudraphala are considered as synonyms of one another which is correlated to this species; Rajanighantu have mentioned them as two different drugs;,[5]
H,2,Hijjala - prajati,हिज्जल प्रजाति,hijjala prajāti,हिज्जल प्रजाति,Barringtonia racemna Roxb.,Accepted source,"This species is found in the Western Ghats, Sunderbans,Assam and Andaman. It is a variety of B.acutangula",[3]
H,2,Hilamocika,हिलमोचिका,hilamocikā,हिलमोचिका,Enhydra fluctuans Lour.,Accepted source,It is identified with this species,[4]
H,2,Himsra,हिंस्रा,hiṃsrā,हिंस्रा,Capparis sepiaria Linn.,Accepted source,Identified with it,[1]
H,2,Himsra,हिंस्रा,hiṃsrā,हिंस्रा,Capparis sepiaria Linn.,Accepted source,Identified with it,[3]
H,2,Himsra,हिंस्रा,hiṃsrā,हिंस्रा,Capparis sp.,Accepted source,Identified with it,[1]
H,2,Himsra - prajati,हिंस्रा प्रजाति,hiṃsrā prajāti,हिंस्रा प्रजाति,Capparis horrida Linn. f.,Accepted source,This species is known by the name ‘Vyaghranakhi’ but hasproperties similar to Himsra.  (According to Dalhana (commentator) this is the small variety of Himsra),[3]
H,2,Hingu,हिङ्गु,hiṅgu,हिङ्गु,Ferula foetida Regel.,Accepted source,Identified with it,[1]
H,2,Hingu,हिङ्गु,hiṅgu,हिङ्गु प्रजाति,Ferula foetida Regel.,Accepted source,This species is nonnative to India found in Afghanistan from where Hingu is imported to India,[3]
H,2,Hingu,हिङ्गु,hiṅgu,हिङ्गु प्रजाति,Ferula galbaniflua Boiss & Buhse,,,[3]
H,2,Hingu,हिङ्गु,hiṅgu,हिङ्गु प्रजाति,Ferula jaeschkeana Vatke,Accepted source,This variety is found in Kashmir,[3]
H,2,Hingu,हिङ्गु,hiṅgu,हिङ्गु,Ferula narthex Boiss.,Accepted source,Hingu is correlated to this species,[3]
H,2,Hingu,हिङ्गु,hiṅgu,हिङ्गु प्रजाति,Ferula thomsoni C. B. Clarke.,Accepted source,This variety is found in Kashmir,[3]
H,2,Hingu - prajati,हिङ्गु प्रजाति,hiṅgu prajāti,हिङ्गु,Ferula foetida Regel.,Accepted source,Identified with it,[1]
H,2,Hingu - prajati,हिङ्गु प्रजाति,hiṅgu prajāti,हिङ्गु प्रजाति,Ferula foetida Regel.,Accepted source,This species is nonnative to India found in Afghanistan from where Hingu is imported to India,[3]
H,2,Hingu - prajati,हिङ्गु प्रजाति,hiṅgu prajāti,हिङ्गु प्रजाति,Ferula galbaniflua Boiss & Buhse,,,[3]
H,2,Hingu - prajati,हिङ्गु प्रजाति,hiṅgu prajāti,हिङ्गु प्रजाति,Ferula jaeschkeana Vatke,Accepted source,This variety is found in Kashmir,[3]
H,2,Hingu - prajati,हिङ्गु प्रजाति,hiṅgu prajāti,हिङ्गु,Ferula narthex Boiss.,Accepted source,Hingu is correlated to this species,[3]
H,2,Hingu - prajati,हिङ्गु प्रजाति,hiṅgu prajāti,हिङ्गु प्रजाति,Ferula thomsoni C. B. Clarke.,Accepted source,This variety is found in Kashmir,[3]
H,2,Hinguparni,हिङ्गुपर्णी,hiṅguparṇī,हिङ्गुपर्णी,Ferula narthex Boiss.,Suggested source,May be considered and it needs to be examined,[1]
H,2,Hinguparni,हिङ्गुपर्णी,hiṅguparṇī,हिङ्गुपर्णी,Gardenia gummifera Linn. f.,Suggested source,May be considered and it needs to be examined,[1]
H,2,Hinguparni,हिङ्गुपर्णी,hiṅguparṇī,हिङ्गुपर्णी,Setaria sp.,Most probable,Considered as a possible source,[1]
H,2,Hinguparnika,हिङ्गुपर्णिका,hiṅguparṇikā,हिङ्गुपर्णिका,Ferula jaeschkeana Vatke,Suggested source,May be considered and it needs to be examined,[1]
H,2,Hingupatri,हिङ्गुपत्री,hiṅgupatrī,हिङ्गुपत्री,Ferula narthex Boiss.,Most probable,Hingupatri literally means a plant which has 'leaves resembling the Hingu'; Its most probably correlated to this species,[5]
H,2,Hingupatri,हिङ्गुपत्री,hiṅgupatrī,हिङ्गुपत्री,Gardenia gummifera Linn.,Accepted source,Hingupatri is considered by many as Dikamali which is correlated to this species,[2]
H,2,Hingupatri,हिङ्गुपत्री,hiṅgupatrī,हिङ्गुपत्री,Gardenia incida Roxb.,Accepted source,Identified with this species,[2]
H,2,Hingupatrika,हिङ्गुपत्रिका,hiṅgupatrikā,हिङ्गुपत्रिका,Gardenia gummifera Linn. f.,Most probable,May be considered as this species,[1]
H,2,Hintala,हिन्ताल,hintāla,हिन्ताल,Phyoenix paludosa Roxb.,Accepted source,Hintala' has been cited in Caraka samhita and its not mentioned elsewhere in the Brhatrayis; It’s a variety of 'Kharjura' which is correlated to this species,[5]
H,2,Hrivera,ह्रीवेर,hrīvera,ह्रीवेर,Coleus sp.,Most probable,"May be considered, as this sp have been tradionally used in South India as Hrivera",[1]
H,2,Hrivera,ह्रीवेर,hrīvera,ह्रीवेर,Pavonia odorata Willd.,Most probable,"May be considered, as this species is used in some parts of India as Hrivera. Needs to be examined if it can be used as a substitute",[1]
H,2,Hrtpatri,हृत्पत्री,hṛtpatrī,हृत्पत्री,Digitalis purpurea Linn.,Accepted source,Hrtpatri is correlated to this species,[3]
I,1,Iksu,इक्षु,ikṣu,इक्षु,Saccharum officinarum Linn.,Accepted source,Identified with it,[1]
I,1,Iksu,इक्षु,ikṣu,इक्षु,Saccharum officinarum Linn.,Accepted source,Identified with it,[3]
I,1,Iksu,इक्षु,ikṣu,इक्षु,Saccharum sinense Roxb.,Accepted source,Iksu' is identified with this species,[5]
I,1,Iksu,इक्षु,ikṣu,इक्षुवालिका,Saccharum sinense Roxb.,Accepted source,It’s a type of 'Iksu' and identified with this species,[5]
I,1,Iksu,इक्षु,ikṣu,इक्षु,Saceharum sinense Roxb.,Accepted source,Identified with it,[4]
I,1,Iksu – jati- iksubalika,इक्षु जाति- बालिका,ikṣu jāti  bālikā,इक्षु जाति- बालिका,Saccharum arundinaceum Retz.,Accepted source,Identified with it,[4]
I,1,Iksu – jati- kandeksu,इक्षु जाति- काण्डेक्षु,ikṣu jāti kāṇḍekṣu,इक्षु जाति- काण्डेक्षु,Saccharum spontaneum Linn.,Accepted source,Identified with it,[4]
I,1,Iksu – jati- paundraka,इक्षु जाति- पौण्ड्रक,ikṣu jāti pauṇḍraka,इक्षु जाति- पौण्ड्रक,Saccharum officinarum Linn.,Accepted source,Identified with it,[4]
I,1,Iksudarbha,इक्षु दर्भ,ikṣu darbha,इक्षु दर्भ,Saccharum sp.,Most probable,Iksudarbha' is a grass variety and has been cited in Raja nighantu; Its most probably correlated to this species,[5]
I,1,Iksuraka,इक्षुरक,ikṣuraka,इक्षुरक,Astercantha longifolia,Accepted source,Iksuraka has been mentioned both in Caraka and Susruta samhita as a drug useful for Vajikarna (as aphrodisiac); Cakrapani and Dalhana consider Iksuraka and Kokilaksa as synonyms to one another but Kokilaksa is not mentioned by Caraka; Kokilaksa is mentioned only at fewer places in Susruta and Vagbhata where as under Vajikarna only Iksuraka is mentioned which shows they are two different drugs; Iksuraka is identified with this species,[5]
I,1,Iksuraka,इक्षुरक,ikṣuraka,इक्षुरक,Astercantha longifolia Nees.,Accepted source,Identified with it,[1]
I,1,Iksuvalika,इक्षुवालिका,ikṣuvālikā,इक्षु,Saccharum officinarum Linn.,Accepted source,Identified with it,[1]
I,1,Iksuvalika,इक्षुवालिका,ikṣuvālikā,इक्षु,Saccharum officinarum Linn.,Accepted source,Identified with it,[3]
I,1,Iksuvalika,इक्षुवालिका,ikṣuvālikā,इक्षु,Saccharum sinense Roxb.,Accepted source,Iksu' is identified with this species,[5]
I,1,Iksuvalika,इक्षुवालिका,ikṣuvālikā,इक्षुवालिका,Saccharum sinense Roxb.,Accepted source,It’s a type of 'Iksu' and identified with this species,[5]
I,1,Iksuvalika,इक्षुवालिका,ikṣuvālikā,इक्षु,Saceharum sinense Roxb.,Accepted source,Identified with it,[4]
I,1,Iksvaku,इक्षुवाकु,ikṣuvāku,इक्षुवाकु,Lagenaria siceraria (Mol.) Standl.,Accepted source,Identified with it,[3]
I,1,Indivara,इन्दीवर,indīvara,इन्दीवर,Aerva lanata Juss.,Controversial,There are views regarding identity of Indivara and this may be identified as a variety of this plant,[1]
I,1,Indivara,इन्दीवर,indīvara,इन्दीवर,Celosia argentea Linn.,Controversial,There are views regarding identity of Indivara and this may be identified as one of them,[1]
I,1,Indivara,इन्दीवर,indīvara,इन्दीवर,Celosia argentea var. cristata Vors.,Controversial,There are views regarding identity of Indivara and this may be identified as a variety of this plant,[1]
I,1,Indivara,इन्दीवर,indīvara,इन्दीवर,Pergularia extensa,Controversial,DATA DEFICIENT,[5]
I,1,Indrani,इन्द्राणी,indrāṇī,इन्द्राणी,Polygonum aviculare Linn.,Most probable,"May be considered, as in places like Sindha they are called Indrani",[1]
I,1,Indrani,इन्द्राणी,indrāṇī,इन्द्राणी,Polygonum sp.,Most probable,"May be considered, as in places like Sindha they are called Indrani",[1]
I,1,Indravaruni,इन्द्रवारुणी,indravāruṇī,इन्द्रवारुणी,Citrullus colocyathis schrad.,Accepted source,Indravaruni is identified with this species,[2]
I,1,Indravaruni,इन्द्रवारुणी,indravāruṇī,इन्द्रवारुणी,Citrullus colocynthis Schard.,Suggested source 1,Identified with it,[1]
I,1,Indravaruni,इन्द्रवारुणी,indravāruṇī,इन्द्रवारुणी,Citrullus colocynthis Schrad.,Accepted source,Indravaruni is identified with this species,[3]
I,1,Indravaruni,इन्द्रवारुणी,indravāruṇī,इन्द्रवारुणी,Cucumis prophetnrum Linn.,Suggested source,With regard to its features it is suggested to be taken as Indravaruni; In Gujarat it is known as 'Kanteri Indrayana',[2]
I,1,Indravaruni,इन्द्रवारुणी,indravāruṇī,इन्द्रवारुणी,Cucumis trigonous.,Suggested source,With regard to synonyms given to Indravaruni this species is suggested which tallies with the morphology as well as its properties,[2]
I,1,Indravaruni,इन्द्रवारुणी,indravāruṇī,इन्द्रवारुणी,Cucumis trigonus Roxb.,Suggested source 3,As it has varieties this is considered as one of the source plant,[1]
I,1,Indravaruni,इन्द्रवारुणी,indravāruṇī,इन्द्रवारुणी,Trichosanthes bracteata (Lam.) Voigt.,Suggested source 2,As it has varieties this is considered as one of the source plant,[1]
I,1,Indravaruni - jati,इन्द्रवारुणी जाति,indravāruṇī jāti,इन्द्रवारुणी जाति,Trichosanthes palmata Roxb.,Accepted source,This species is the bigger variety of Indravaruni which is known as Vishaala/Mahakala,[3]
I,1,Inguda,इङ्गुद,iṅguda,इङ्गुदी,Balanites aegyptiaca,Accepted source,Ingudi is correlated to this species,[3]
I,1,Inguda,इङ्गुद,iṅguda,इङ्गुद,Balanites aegyptiaca (Linn.) Delile.,Accepted source,Identified with it,[1]
I,1,Inguda,इङ्गुद,iṅguda,इङ्गुदी,Balanites aegyptiace Del.,Accepted source,Ingudi is correlated to this species,[2]
I,1,Ingudi,इङ्गुदी,iṅgudī,इङ्गुदी,Balanites aegyptiaca,Accepted source,Ingudi is correlated to this species,[3]
I,1,Ingudi,इङ्गुदी,iṅgudī,इङ्गुद,Balanites aegyptiaca (Linn.) Delile.,Accepted source,Identified with it,[1]
I,1,Ingudi,इङ्गुदी,iṅgudī,इङ्गुदी,Balanites aegyptiace Del.,Accepted source,Ingudi is correlated to this species,[2]
I,1,"Irimeda, arimeda","इरिमेद, अरिमेद",irimeda arimeda,"इरिमेद, अरिमेद",Acacia farnisiana Willd.,Accepted source,Identified with it,[3]
I,1,Isvari,इश्वरी,iśvarī,इश्वरी,Aristolochia indica Linn.,Accepted source,Isvari is correlated to this species,[3]
I,1,Itkata,इत्कट,itkaṭa,इत्कट,Hygrophila salicifolia Nees.,Controversial,DATA DEFICIENT,[5]
I,1,Itkata,इत्कट,itkaṭa,इत्कट,Sesbania bispinosa (Jacq.) Fawcett & Rendle,Most probable,May be considered as its source plant in assocaiation with the drugs of the grass family and similarity of uses,[1]
I,1,Itkata,इत्कट,itkaṭa,इत्कट,Sesbania cannabina (Retz) Pers.,Accepted source,Vaidyas in Gujarat consider 'Ikad' as 'Itkata' which is identified with this species,[5]
J,1,Jalakaravalli,जलकारवल्ली,jalakāravallī,जलकारवल्ली,Momordica cochinchinensis Spreng.,Accepted source,Its identified with this species,[5]
J,1,Jalakumbhi,जलकुम्भी,jalakumbhī,जलकुम्भी,Pistia stratiotes Linn.,Accepted source,Its identified with this species,[3]
J,1,Jalamustaka,जलमुस्तक,jalamustaka,जलमुस्तक,Cyperus platystilis Br.,Suggested source,This species is seen at the banks of River Ganga and might be Jalamustaka,[3]
J,1,Jalapippali,जलपिप्पली,jalapippalī,जलपिप्पली,Achyranthes acquatica Br.,Accepted source,Jalapippali is identified with this species,[5]
J,1,Jalapippali,जलपिप्पली,jalapippalī,जलपिप्पली,Lippia nodiflora Mich.,Accepted source,Identified with it,[1]
J,1,Jalavetasa,जलवेतस,jalavetasa,जलवेतस,Salix tetrasperma Roxb.,Accepted source,Identified with it,[3]
J,1,Jambira,जम्बीर,jambīra,जम्बीर,Allium sp.,Controversial,Identified with it,[1]
J,1,Jambira,जम्बीर,jambīra,जम्बीर,Allium sp.,Suggested source,Allium was suspected to be Jambira,[1]
J,1,Jambira,जम्बीर,jambīra,जम्बीर,Citrus limon (Linn.) Burm.f.,Accepted source,Identified with it,[3]
J,1,Jambira,जम्बीर,jambīra,जम्बीर,Citrus limon (Linn.) Burm.f.,Accepted source,Identified with it,[4]
J,1,Jambira,जम्बीर,jambīra,जम्बीरफल,Citrus limon (Linn.) Burm.f.,Accepted source,Identified with it,[1]
J,1,Jambira,जम्बीर,jambīra,जम्बीर,Cymbopogon citratus (DC.) Stapf,Controversial,Needs to be examined as this species is not indigenous to India and is only cultivated in gardens,[1]
J,1,Jambira,जम्बीर,jambīra,जम्बीर,Cymbopogon citratus (DC.) Stapf,Most probable,Considered as a possible source,[1]
J,1,Jambira,जम्बीर,jambīra,जम्बीर,Cymbopogon coloratus Stapf,Most probable,May be identified with this species which needs to be examined,[1]
J,1,Jambira,जम्बीर,jambīra,जम्बीर,Cymbopogon flexuosus (Steud.) Wats.,Controversial,Needs to be examined,[1]
J,1,Jambira,जम्बीर,jambīra,जम्बीर,Cymbopogon nardus (Linn.) Rendle.,Controversial,Needs to be examined,[1]
J,1,Jambira,जम्बीर,jambīra,जम्बीर,Ocimum gratissimum Linn.,Controversial,With regard to it having the scent of lemon it is correlated to this sp.,[1]
J,1,Jambira,जम्बीर,jambīra,जम्बीर,Ocimum gratissimum Linn.,Suggested source,Considered as a possible source,[1]
J,1,Jambira phala,जम्बीरफल,jambīraphala,जम्बीर,Allium sp.,Controversial,Identified with it,[1]
J,1,Jambira phala,जम्बीरफल,jambīraphala,जम्बीर,Allium sp.,Suggested source,Allium was suspected to be Jambira,[1]
J,1,Jambira phala,जम्बीरफल,jambīraphala,जम्बीर,Citrus limon (Linn.) Burm.f.,Accepted source,Identified with it,[3]
J,1,Jambira phala,जम्बीरफल,jambīraphala,जम्बीर,Citrus limon (Linn.) Burm.f.,Accepted source,Identified with it,[4]
J,1,Jambira phala,जम्बीरफल,jambīraphala,जम्बीरफल,Citrus limon (Linn.) Burm.f.,Accepted source,Identified with it,[1]
J,1,Jambira phala,जम्बीरफल,jambīraphala,जम्बीर,Cymbopogon citratus (DC.) Stapf,Controversial,Needs to be examined as this species is not indigenous to India and is only cultivated in gardens,[1]
J,1,Jambira phala,जम्बीरफल,jambīraphala,जम्बीर,Cymbopogon citratus (DC.) Stapf,Most probable,Considered as a possible source,[1]
J,1,Jambira phala,जम्बीरफल,jambīraphala,जम्बीर,Cymbopogon coloratus Stapf,Most probable,May be identified with this species which needs to be examined,[1]
J,1,Jambira phala,जम्बीरफल,jambīraphala,जम्बीर,Cymbopogon flexuosus (Steud.) Wats.,Controversial,Needs to be examined,[1]
J,1,Jambira phala,जम्बीरफल,jambīraphala,जम्बीर,Cymbopogon nardus (Linn.) Rendle.,Controversial,Needs to be examined,[1]
J,1,Jambira phala,जम्बीरफल,jambīraphala,जम्बीर,Ocimum gratissimum Linn.,Controversial,With regard to it having the scent of lemon it is correlated to this sp.,[1]
J,1,Jambira phala,जम्बीरफल,jambīraphala,जम्बीर,Ocimum gratissimum Linn.,Suggested source,Considered as a possible source,[1]
J,1,Jambu,जम्बू,jambū,जम्बू,Allium stracheyi Baker.,Accepted source,Jambu' is mentioned in Raja nighantu under the Parpatadi varga which is a type of trna (grass) and identified with this species,[5]
J,1,Jambu,जम्बू,jambū,जम्बू,Eugenia operculata Roxb.,Controversial,Needs to be examined; Is a common item in the prescription of Vaidyas in Bihar as it is a medicinally important plant,[1]
J,1,Jambu,जम्बू,jambū,जम्बू,Syzygium cumini (Linn.) Skeels.,Accepted source,Identified with it,[1]
J,1,Jambu,जम्बू,jambū,जम्बू,Syzygium cumini (Linn.) Skeels.,Accepted source,Jambira is identified with this species,[3]
J,1,Jambu,जम्बू,jambū,जम्बू,Syzygium cumini (Linn.) Skeels.,Accepted source,Jambira is identified with this species,[4]
J,1,Jambu,जम्बू,jambū,जम्बू,Syzygium jambos (Linn.) Alston.,Suggested source,This species is nonnative to India and found in Burma,[3]
J,1,Japa,जपा,japā,जपा,Hibiscus rosa-sinensis Linn.,Accepted source,Japa is correlated to this species,[3]
J,1,Japa,जपा,japā,जपापुष्पा,Hibiscus rosa-sinensis Linn.,Accepted source,Japa is correlated to this species,[1]
J,1,Japapuspa,जपापुष्पा,japāpuṣpā,जपा,Hibiscus rosa-sinensis Linn.,Accepted source,Japa is correlated to this species,[3]
J,1,Japapuspa,जपापुष्पा,japāpuṣpā,जपापुष्पा,Hibiscus rosa-sinensis Linn.,Accepted source,Japa is correlated to this species,[1]
J,1,Jaranadruma,जरणद्रुम,jaraṇadruma,जरणद्रुम,Terminalia alata Heyne ex Roth.,Accepted source,"It has been mentioned in Raja nighantu; With regard to its synonym 'Koushik' meaning its leaves are used to rear silkworms, goes well along with this species; According to the author it is identified with this species",[5]
J,1,Jata,जटा,jaṭā,जटा,Nardostachys jatamansi DC.,Accepted source,Identified with it,[1]
J,1,Jata,जटा,jaṭā,जटामांसी,Nordostachys jatamansi DC,Accepted source,Identified with it,[3]
J,1,Jatamamsi,जटामांसी,jaṭāmāṃsī,जटा,Nardostachys jatamansi DC.,Accepted source,Identified with it,[1]
J,1,Jatamamsi,जटामांसी,jaṭāmāṃsī,जटामांसी,Nordostachys jatamansi DC,Accepted source,Identified with it,[3]
J,1,Jati,जाती,jātī,जाती,Jasminum grandiflorum Linn.,Accepted source,Identified with it,[1]
J,1,Jati,जाती,jātī,जाती,Jasminum humile Linn.,Accepted source,The yellow variety of Jati (Svarnajati) is correlated to this species,[3]
J,1,Jati,जाती,jātī,जाती,Jasminum officinale Linn. forma. grandiflorum (Lin,Accepted source,Identified with it,[3]
J,1,Jatila,जटिला,jaṭilā,जटिला,Selaginella rupestris Spreng.,Suggested source,Needs to be examined; It is correlated as its actions are similar to this plant,[1]
J,1,Jatila,जटिला,jaṭilā,जटिला,Valeriana sp.,Most probable,Jatila' is most probably identified with this species,[5]
J,1,Jatiphala,जातीफल,jātīphala,जातीफल,Myristica fragrans Houtt.,Accepted source,Identified with it,[1]
J,1,Jatiphala,जातीफल,jātīphala,जातीफल,Myristica fragrans Houtt.,Accepted source,Identified with it,[3]
J,1,Jatiphala - prajati,जातीफल प्रजाति,jātīphala prajāti,जातीफल प्रजाति,Myristica argentea Warb.,Market source,It is known as ‘Paipua jatiphala’ which has less fragrance,[3]
J,1,Jatiphala - prajati,जातीफल प्रजाति,jātīphala prajāti,जातीफल प्रजाति,Myristica beddomei King.,Accepted source,This is a variety of M.fragrans. The fruits are mixed along with it and used,[3]
J,1,Jatiphala - prajati,जातीफल प्रजाति,jātīphala prajāti,जातीफल प्रजाति,Myristica malabaricum Lam.,Accepted source,Identified with it,[3]
J,1,Jatirasa,जातीरस,jātīrasa,जातीरस,Commiphora myrrha Holmes.,Accepted source,Identified with it,[1]
J,1,Jatukanda,जातुकन्द,jātukanda,जातुकन्द,Jurinea macrocephala Benth.,Accepted source,It has been cited in Susruta samhita where in Dalhana has intepreted it as a plant which grows in North India and known by the name 'Guggulaka'; In Himalaya Pradesh fragrant plants are popularly known by the names 'Dhupa' or 'Googal'; With regard to the above this species can be identified with it,[5]
J,1,Jatukanda,जातुकन्द,jātukanda,जातुकन्द,Jurinea macrocephala Benth.,Most probable,Needs to be examined as there was a mistake while reading the name in the new version instead of Jatikanda or else the correlation is most probable,[1]
J,1,Jayanti,जयन्ती,jayantī,जयन्ती,Sesbania sesban (Linn.) Merr.,Most probable,Considered by many as the following species,[1]
J,1,Jayanti,जयन्ती,jayantī,जयन्ती,Sesbania sesban Merrill.,Most probable,Jayanti is correlated to this species,[3]
J,2,Jayanti - jati,जयन्ती जाति,jayantī jāti,जयन्ती जाति,Sesbania sesban Merrill. Var. Bicolor W. & A.,Accepted source,It is the yellow variety of Jayanti,[3]
J,2,Jayanti - jati,जयन्ती जाति,jayantī jāti,जयन्ती जाति,Sesbania sesban Merrill. Var. Picta Prain,Accepted source,This variety has purple coloured blots over the surface,[3]
J,2,Jayanti - jati,जयन्ती जाति,jayantī jāti,जयन्ती जाति,Sesbania sesban Merrill. Var. Typica Prain,Accepted source,This variety is either dark brown or purple in colour,[3]
J,2,Jayapala,जयपाल,jayapāla,जयपाल,Croton tiglium Linn.,Accepted source,Identified as the seeds of this plant,[1]
J,2,Jayapala,जयपाल,jayapāla,जयपाल,Croton tiglium Linn.,Accepted source,Identified with this species,[5]
J,2,Jayapala,जयपाल,jayapāla,जयपाल,Croton tiglium.,Accepted source,Jayapala is correlated to this species,[2]
J,2,Jhandu,झण्डु,jhaṇḍu,झण्डु,Tagetes erecta Linn.,Accepted source,Identified with this species,[3]
J,2,Jhavuka,झवूक,jhavūka,झवूक,Tamarix troupii Hole.,Accepted source,This is a variety of T.troupii well known as Jhavuka,[3]
J,2,Jhavuka - prajati,झवूक प्रजाति,jhavūka prajāti,झवूक प्रजाति,Tamarix aphylla (Linn.) Karst.,Accepted source,This is a variety of T.troupii identified as Jhavuka,[3]
J,2,Jhavuka - prajati,झवूक प्रजाति,jhavūka prajāti,झवूक प्रजाति,Tamarix dioica Roxb.,Accepted source,This is a variety of T.troupii identified as Jhavuka,[3]
J,2,Jhavuka - prajati,झवूक प्रजाति,jhavūka prajāti,झवूक प्रजाति,Tamarix ericoides Rottl.,Accepted source,This is a variety of T.troupii identified as Jhavuka,[3]
J,2,Jhavuka - prajati,झवूक प्रजाति,jhavūka prajāti,झवूक प्रजाति,Tamarix indica Roxb.,Accepted source,This is a variety of T.troupii identified as Jhavuka,[3]
J,2,Jhinjhirita,झिञ्झिरीटा,jhiñjhirīṭā,झिञ्झिरीटा,Triumfetta rhomboidea Jack.,Accepted source,It has been mentioned in Raja nighantu and identified with this species,[5]
J,2,Jimuta,जीमूत,jīmūta,जीमूत,Luffa echinata Roxb.,Accepted source,Identified with it,[1]
J,2,Jingini,जिङ्गिनी,jiṅginī,जिङ्गिनी,Lannaea grandis Engl.,Most probable,Jingini is correlated to various plants; This seems to be the most probable species,[2]
J,2,Jingini,जिङ्गिनी,jiṅginī,जिङ्गिनी,Lannea grandis (Dennst.) Engl.,Accepted source,Identified with it,[1]
J,2,Jiraka,जीरक,jīraka,जीरक,Cuminum cyminum Linn.,Accepted source,Identified with it,[3]
J,2,Jiraka,जीरक,jīraka,जीरक श्वेत,Cuminum cyminum Linn.,Accepted source,Considered as the variety of jiraka,[1]
J,2,Jiraka - krsna,जीरक कृष्ण,jīraka kṛṣṇa,जीरक कृष्ण,Carum bulbocastanum Koch.,Accepted source,Considered as the variety of jiraka,[1]
J,2,Jiraka - krsna,जीरक कृष्ण,jīraka kṛṣṇa,जीरक कृष्ण,Carum carvi Linn.,Accepted source,Considered as the variety of jiraka,[1]
J,2,Jiraka - sveta,जीरक श्वेत,jīraka śveta,जीरक,Cuminum cyminum Linn.,Accepted source,Identified with it,[3]
J,2,Jiraka - sveta,जीरक श्वेत,jīraka śveta,जीरक श्वेत,Cuminum cyminum Linn.,Accepted source,Considered as the variety of jiraka,[1]
J,2,Jiravali,जीरवल्ली,jīravallī,जीरवल्ली,Leea sp.,Accepted source,It has been cited in Sodala nighantu; Its identified with this species by Vaidya Bapalal,[5]
J,2,Jivaka,जीवक,jīvaka,जीवक,Microstylis musifera Ridley,Market source,Is one of the astavarga drugs whose identity is not known  and drug like Microstylis musifera is substituted and supplied in the market,[1]
J,2,Jivaka,जीवक,jīvaka,जीवक,Microstylis wallichii Lindl.,Market source,Is one of the astavarga drugs whose identity is not known  and drug like Microstylis wallichi is substituted and supplied in the market,[1]
J,2,Jivaka,जीवक,jīvaka,जीवकद्वय,Mictostylis sp.,Substituted source,Jivakadvaya' is among the 'Astavarga dravyas' (group of eight drugs); These are not mentioned in the Brhatrayi; Along with time its identity started getting conspicous and substitutes were used for them; Presently this species is used as a substitute for 'Jivakadvaya',[5]
J,2,Jivakadvaya,जीवकद्वय,jīvakadvaya,जीवक,Microstylis musifera Ridley,Market source,Is one of the astavarga drugs whose identity is not known  and drug like Microstylis musifera is substituted and supplied in the market,[1]
J,2,Jivakadvaya,जीवकद्वय,jīvakadvaya,जीवक,Microstylis wallichii Lindl.,Market source,Is one of the astavarga drugs whose identity is not known  and drug like Microstylis wallichi is substituted and supplied in the market,[1]
J,2,Jivakadvaya,जीवकद्वय,jīvakadvaya,जीवकद्वय,Mictostylis sp.,Substituted source,Jivakadvaya' is among the 'Astavarga dravyas' (group of eight drugs); These are not mentioned in the Brhatrayi; Along with time its identity started getting conspicous and substitutes were used for them; Presently this species is used as a substitute for 'Jivakadvaya',[5]
J,2,Jivanti,जीवन्ती,jīvantī,जीवन्ती,Desmotrichum fimfriatum Bl.,Controversial,Used by many as they have a similar appearance to this plant,[1]
J,2,Jivanti,जीवन्ती,jīvantī,जीवन्ती,Desmotrichun fimbriatum,Accepted source,In Bengal and other parts of India another variety of Jivanti is being used which is correlated to this species,[2]
J,2,Jivanti,जीवन्ती,jīvantī,जीवन्ती,Desmotrichun fimbriatum,Suggested source,Used by many as they have a similar appearance to this plant,[2]
J,2,Jivanti,जीवन्ती,jīvantī,जीवन्ती,Leptadenia reliculata Wight and Arn.,Accepted source,Jivanti is correlated to this species,[2]
J,2,Jivanti,जीवन्ती,jīvantī,जीवन्ती,Leptadenia reticulata,Accepted source,Identified with it,[1]
J,2,Jivanti,जीवन्ती,jīvantī,जीवन्ती,Leptadenia reticulata W. & A.,Accepted source,Identified with it,[1]
J,2,Jivanti,जीवन्ती,jīvantī,जीवन्ती,Leptadenia reticulata W. & A.,Accepted source,Silhaka has not been mentioned in the Brhatrayis;,[3]
J,2,Jivanti,जीवन्ती,jīvantī,जीवन्ती,Leptadenia reticulata W. & A.,Accepted source,It is identified with this species,[4]
J,2,Jivanti,जीवन्ती,jīvantī,जीवन्ती,Leptadenia reticulata W. & A.,Accepted source,"In Caraka, Jivanti has been mentioned under the 'Jivaniya mahaaksaaya' and 'Madhuraskanda'; In Susruta it has been cited in the 'Kakolyadi gana'; This shows that it was a very important drug;  Its identified with this species",[5]
J,2,Jivanti,जीवन्ती,jīvantī,जीवन्ती,Pholidotta sp.,Controversial,Used by many as they have a similar appearance to this plant,[1]
J,2,Jivanti - bheda,जीवन्ती भेद,jīvantī bheda,जीवन्ती भेद,Dendrobium macraei Lindl.,Accepted source,Astanga sangraha mentions 2 types of Jivanti which is even mentioned in the nighantus; In Raja nighantu it is mentioned by the name 'Hema'; It is correlated to this species as its widely known as 'Jivanti' or 'Svarnajivanti' especially in Bengal,[5]
J,2,Jivanti - bheda,जीवन्ती भेद,jīvantī bheda,जीवन्ती भेद,Leptadenia pyrotechnica Forsk-Decne.,Accepted source,"In Caraka, Jivanti has been mentioned under the 'Jivaniya mahaaksaaya' and 'Madhuraskanda'; In Susruta it has been cited in the 'Kakolyadi gana'; This shows that it was a very imporatant drug; In Astanga sangraha they have mentioned 2 types of 'Jivanti' which was carried on in the nighantus; Raja nighantu has mentioned the other variety as 'Svarnajivanti'; In Rajasthan there is a popular plant known as 'Khimp' which is identified with this species and might be the other variety of Jivanti",[5]
J,2,Jivanti - prajati,जीवन्ती प्रजाति,jīvantī prajāti,जीवन्ती प्रजाति,Leptadenia pyrotechnica (Forsk. Decne.),Accepted source,It is a variety of L.reticulata found in Rajasthan and Gujarat. Known by the name ‘Keenp’ it has yellow coloured flowers.It might be the ‘Svarnajivanti’ which is the other variety of Jivanti,[3]
J,2,Jivanti - svarna,जीवन्ती स्वर्ण,jīvantī svarṇa,जीवन्ती स्वर्ण,Desmotrichum fimbriatum,Controversial,With regard to another species being closely related to Svarna Jivanti the claim of this species being Svarna Jivanti should be set aside,[2]
J,2,Jivanti - svarna,जीवन्ती स्वर्ण,jīvantī svarṇa,जीवन्ती स्वर्ण,Holostemma annulare,Accepted source,Swarna jivanti (jivanti with yellow latex) is correlated to this species,[2]
J,2,Jupha,जूफा,jūphā,जूफा,Hyssopus officinalis Linn.,Accepted source,Jupha is correlated to this species,[3]
J,2,Jupha,जूफा,jūphā,जूर्णा,Sorghum vulgare Pers.,Accepted source,Identified with it,[4]
J,2,Jupha,जूफा,jūphā,जूर्णा,Thysanolaena agrostis Nees.,Accepted source,Identified with it,[1]
J,2,Jupha,जूफा,jūphā,जूर्णा,Thysanolaena procera Mez.,Accepted source,Identified with it,[1]
J,2,Jurna,जूर्णा,jūrṇā,जूफा,Hyssopus officinalis Linn.,Accepted source,Jupha is correlated to this species,[3]
J,2,Jurna,जूर्णा,jūrṇā,जूर्णा,Sorghum vulgare Pers.,Accepted source,Identified with it,[4]
J,2,Jurna,जूर्णा,jūrṇā,जूर्णा,Thysanolaena agrostis Nees.,Accepted source,Identified with it,[1]
J,2,Jurna,जूर्णा,jūrṇā,जूर्णा,Thysanolaena procera Mez.,Accepted source,Identified with it,[1]
J,3,Jyotismati,ज्योतिष्मती,jyotiṣmatī,ज्योतिष्मती,Cardiospermum halicacabum,Suggested source,Vaidyas in Bengal correlate this species to Jyotismati,[2]
J,3,Jyotismati,ज्योतिष्मती,jyotiṣmatī,ज्योतिष्मती,Cardiospermum halicacabum Linn.,Most probable,Kavirajas of Bengal accept it to be Jivanti,[1]
J,3,Jyotismati,ज्योतिष्मती,jyotiṣmatī,ज्योतिष्मती,Celastrus paniculata,Accepted source,Jyotismati is identified with this species,[2]
J,3,Jyotismati,ज्योतिष्मती,jyotiṣmatī,ज्योतिष्मती,Celastrus paniculatus Willd.,Accepted source,Identified with it,[1]
J,3,Jyotismati,ज्योतिष्मती,jyotiṣmatī,ज्योतिष्मती,Celastrus panniculatus Willd.,Accepted source,Jyotismati is identified with this species,[3]
K,1,Kaccaka,कच्चक,kaccaka,कच्चक,Xanthium strumarium Linn.,Most probable,With regard to description given by Dalhana it is correlated to this species,[1]
K,1,Kaccaka,कच्चक,kaccaka,कच्चक,Xanthium strumarium Linn.,Suggested source,Kaccaka' has been mentioned in the Brhatrayis; Sodala nighantu have adopted 'Kaccaka' as reci (purgative) and panduroga vinasana (alleviates anemia); Thakur Balwant Singh has suggested this species as a correlation,[5]
K,1,Kadali,कदली,kadalī,कदली,Musa paradisiaca Linn.,Accepted source,Identified with it,[1]
K,1,Kadali,कदली,kadalī,कदली,Musa paradisiaca Linn.,Accepted source,Identified with it,[4]
K,1,Kadamba,कदम्ब,kadamba,कदम्ब भेद,Adina cordifolia Hook.f.,Accepted source,This species is identified with a variety of 'Kadamba',[5]
K,1,Kadamba,कदम्ब,kadamba,कदम्ब,Anthocephalus cadamba,Accepted source,Kadamba' is identified with this species,[5]
K,1,Kadamba,कदम्ब,kadamba,कदम्ब,Anthocephalus cadamba Miq.,Accepted source,Identified with it,[1]
K,1,Kadamba,कदम्ब,kadamba,कदम्ब भेद,Anthocephalus cadamba Miq.,Accepted source,Kadamba bheda' is identified with this species; It is a type of 'Kadamba' which is called as 'Dhara kadamba' or 'Raja kadamba' which flowers in the rainy season,[5]
K,1,Kadamba,कदम्ब,kadamba,कदम्ब,Anthocephalus indicus A. Rich.,Accepted source,Identified with it,[1]
K,1,Kadamba,कदम्ब,kadamba,कदम्ब,Anthocephalus indicus Miq.,Accepted source,Identified with it,[3]
K,1,Kadamba,कदम्ब,kadamba,कदम्ब,Anthocephelus indicus Miq.,Accepted source,Identified with it,[4]
K,1,Kadamba,कदम्ब,kadamba,कदम्ब भेद,Mitragyna parviflora korth.,Accepted source,According to botanical science 'Kadamba' is of three types and this species is identified with one variety of 'Kadamba',[5]
K,1,Kadamba - bheda,कदम्ब भेद,kadamba bheda,कदम्ब भेद,Adina cordifolia Hook.f.,Accepted source,This species is identified with a variety of 'Kadamba',[5]
K,1,Kadamba - bheda,कदम्ब भेद,kadamba bheda,कदम्ब,Anthocephalus cadamba,Accepted source,Kadamba' is identified with this species,[5]
K,1,Kadamba - bheda,कदम्ब भेद,kadamba bheda,कदम्ब,Anthocephalus cadamba Miq.,Accepted source,Identified with it,[1]
K,1,Kadamba - bheda,कदम्ब भेद,kadamba bheda,कदम्ब भेद,Anthocephalus cadamba Miq.,Accepted source,Kadamba bheda' is identified with this species; It is a type of 'Kadamba' which is called as 'Dhara kadamba' or 'Raja kadamba' which flowers in the rainy season,[5]
K,1,Kadamba - bheda,कदम्ब भेद,kadamba bheda,कदम्ब,Anthocephalus indicus A. Rich.,Accepted source,Identified with it,[1]
K,1,Kadamba - bheda,कदम्ब भेद,kadamba bheda,कदम्ब,Anthocephalus indicus Miq.,Accepted source,Identified with it,[3]
K,1,Kadamba - bheda,कदम्ब भेद,kadamba bheda,कदम्ब,Anthocephelus indicus Miq.,Accepted source,Identified with it,[4]
K,1,Kadamba - bheda,कदम्ब भेद,kadamba bheda,कदम्ब भेद,Mitragyna parviflora korth.,Accepted source,According to botanical science 'Kadamba' is of three types and this species is identified with one variety of 'Kadamba',[5]
K,1,Kadamba - jati,कदम्ब जाति,kadamba jāti,कदम्ब जाति,Mitragyna parviflora (Roxb.) korth,Accepted source,This species most probably is the Dhuli kadamba  (type of kadamba) mentioned in the nighantus,[3]
K,1,Kadamba - jati,कदम्ब जाति,kadamba jāti,कदम्ब जाति,Mitragyna rotundifolia (Roxb.) kuntze,Accepted source,This species most probably is the Bhumi kadamba  (type of kadamba) mentioned in the nighantus,[3]
K,1,Kadara,कदर,kadara,कदर,"Acacia suma, Buch-Ham",Most probable,Usually accepted as other variety of Khadira i.e Sveta Khadira,[1]
K,1,Kaidarya,कैडर्य,kaiḍarya,कैडर्य,Ailanthus excelsa Roxb.,Controversial,This has been interpreted to various plant names; Correlation to Ailanthus excelsa might be a possibility,[1]
K,1,Kaidarya,कैडर्य,kaiḍarya,कैडर्य,Murraya koenigii Spreng.,Controversial,This has been interpreted to various plant names; Correlation to Murraya koenigii might be a possibility,[1]
K,1,Kaivarttamustaka,कैवर्तमुस्तक,kaivartamustaka,कैवर्तमुस्तक,Cyperus amabilis Vahl.,Accepted source,Identified with this species,[5]
K,1,Kaivarttamustaka,कैवर्तमुस्तक,kaivartamustaka,कैवर्तमुस्तक,Cyperus platystilis Br.,Accepted source,Identified with this species,[5]
K,1,Kaivarttika,कैवर्तिक,kaivartika,कैवर्तिक,Ventilago maderaspatana Gaertn.,Accepted source,Kaivarttika has been cited in Raja nighantu; It is identified with this species and Adivasis (tribal people) refer it as 'Kevati',[5]
K,1,Kaju,काजू,kājū,काजू,Anacardium occldentale Linn.,,,[4]
K,1,Kakadani,काकादनी,kākādanī,काकादनी,Anamirta cocculus W. & A.,Accepted source,Analyzing samhitas we can come to the conclusion that it is a type of visa (poison) which is mentioned many a times along with 'Gunja' so considered a type of 'Gunja'; Even the synonym 'Raktika' given to it emphasises that it is 'Gunja';Dalhana in his commentary has mentioned 'Kakajangha' as Gunja; With regard to the above 'Kakadani' is identified with this species,[5]
K,1,Kakadani,काकादनी,kākādanī,काकादनी,Anamirta cocculus Wi. & Arn.,Controversial,Others have identified it with this species which needs to be studied,[1]
K,1,Kakadani,काकादनी,kākādanī,काकादनी,Cardiospermum halicacabum Linn.,Controversial,Others have identified it with this species which needs to be studied,[1]
K,1,Kakadani,काकादनी,kākādanī,काकादनी,Physalis minima Linn.,Controversial,Others have identified it with this species which needs to be studied,[1]
K,1,Kakadola,काकाडोल,kākāḍola,काकाडोल,Cardiospermum halicacabum Linn.,Suggested source,Has been mentioned in Sodala nighantu under the 'Laksmanadi varga'. Vaidya Bapalal has identified it with this species as its known as Karnasphota in Northern parts of India which in turn is correlated to this species,[5]
K,1,Kakajangha,काकजंघा,kākajaṃghā,काकजंघा,Leea acquata Linn.,Most probable,Kakajangha is not mentioned in Caraka samhita where as in Susruta it has been cited at one place and in Astanga Hridaya its use has been mentioned in various conditions; Dalhana has intepreted it as a drug which was popular during those times; Dhanvantari nighantu has mentioned it as a variety of 'Kakamaci'; Presently 3 drugs are popularly known as Kakajangha and this species is one among them,[5]
K,1,Kakajangha,काकजंघा,kākajaṃghā,काकजंघा,Leea aegnata Linn.,Controversial,Kakajangha is a plant with stems resembling crows thighs; Some consider this species to be Kakajangha with regard to the above morphology,[2]
K,1,Kakajangha,काकजंघा,kākajaṃghā,काकजंघा,Leea aequata Linn.,C 2,Needs to be identified; This species is generally used under this name,[1]
K,1,Kakajangha,काकजंघा,kākajaṃghā,काकजंघा,Peristrophe bicalyculata Nees.,Accepted source,Bhavamisra has identified this drug as Masi; This species in Hindi is known by the name Masi; So Kakajangha is correlated to this pecies,[2]
K,1,Kakajangha,काकजंघा,kākajaṃghā,काकजंघा,Peristrophe bicalyculata Nees.,Accepted source,Kakajangha' is not mentioned in Caraka samhita where as in Susruta it has been cited at one place and in Astanga Hridaya its use has been mentioned in various conditions; Dalhana has intepreted it as a drug which was popular during those times; Dhanvantari nighantu has mentioned it as a variety of 'Kakamaci'; Presently 3 drugs are popularly known as Kakajangha; But most of the scholars identify 'Kakajangha' with this species,[5]
K,1,Kakajangha,काकजंघा,kākajaṃghā,काकजंघा,Peristrophe bicalyculata Nees.,C 1,Needs to be identified; This species is generally used under this name,[1]
K,1,Kakajangha,काकजंघा,kākajaṃghā,काकजंघा,Peristrophe bicalyculata Nees.,Controversial,Kakajangha' is not mentioned in Caraka samhita where as in Susruta it has been cited at one place and in Astanga Hridaya its use has been mentioned in various conditions; Dalhana has intepreted it as a drug which was popular during those times; Dhanvantari nighantu has mentioned it as a variety of 'Kakamaci'; Presently 3 drugs are popularly known as 'Kakajangha',[5]
K,1,Kakajangha,काकजंघा,kākajaṃghā,काकजंघा,Vitex peduncularis Wall.,Controversial,Kakajangha' is not mentioned in Caraka samhita where as in Susruta it has been cited at one place and in Astanga Hridaya its use has been mentioned in various conditions; Dalhana has interpreted it as a drug which was popular during those times; Dhanvantari nighantu has mentioned it as a variety of 'Kakamaci'; Presently 3 drugs are popularly known as 'Kakajangha' and this is one among them,[5]
K,1,Kakamaci,काकमाची,kākamācī,काकमाची,Solanum nigrum Linn.,Accepted source,Identified with it,[1]
K,1,Kakamaci,काकमाची,kākamācī,काकमाची,Solanum nigrum Linn.,Accepted source,Identified with it,[3]
K,1,Kakamalika,काकमालिका,kākamālikā,काकमालिका,Ocimum sanctum Linn. var.,Most probable,Not yet specified but said to be a dark variety of Tulasi called Krsna Tulasi,[1]
K,1,Kakamardanika,काकमर्दनिका,kākamardanikā,काकमर्दनिका,Cardiospermum halicacabum,Accepted source,Kakamardanika is identified with this species,[2]
K,1,Kakanasa,काकनासा,kākanāsā,काकनासा,Clitoria ternatea Linn.,Suggested source,On the basis of regional names this species has been suggested,[1]
K,1,Kakanasa,काकनासा,kākanāsā,काकनासा,Martynia annua Linn.,Suggested source,On the basis of regional names this species has been suggested,[1]
K,1,Kakanasa,काकनासा,kākanāsā,काकनासा,Martynia diandra,Accepted source,Identified with the species,[5]
K,1,Kakanasa,काकनासा,kākanāsā,काकनासा,Pentatropis microphylla W & A.,Accepted source,With regard to its morphology the author correlates Kakanasa with this species,[2]
K,1,Kakanasa,काकनासा,kākanāsā,काकनासा,Pentatropis microphylla W. & A.,Accepted source,It is identified with this species,[5]
K,1,Kakanasa,काकनासा,kākanāsā,काकनासा,Trichosanthes cucumerina Linn.,Suggested source,On the basis of regional names this species has been suggested,[1]
K,1,Kakanasika,काकनासिका,kākanāsikā,काकनासिका,Asclepias curassavica Linn.,Most probable,It is most probably correlated to this species and is well known by the name 'Kakatundi' which has been mentioned by Cakprapani as another name for 'Kakanasika',[5]
K,1,Kakanasika,काकनासिका,kākanāsikā,काकनासिका,Martynia annua Linn.,Most probable,Presently this species is used as Kaakanaasika,[5]
K,1,Kakanasika,काकनासिका,kākanāsikā,काकनासिका,Pentatropis capensis (Linn.f.) Bullock,Accepted source,Kakanasika has been mentioned in Caraka under the madhura skanda (group of sweet drugs) along with its various usages; In Susruta its use has been mentioned only in anuvasana basti (enema); It has not been cited in Vagbhata; Cakrapani has interpreted it as 'Nasaphala' and Dalhana as 'Vayasaphala'; Popularly it is known as 'Kauvatodi'; P.capensis is popularly known by this name and hence it is identified with this species,[5]
K,1,Kakanasika,काकनासिका,kākanāsikā,काकनासिका,Pentatropis spiralis Decne.,Accepted source,Kakanasika' has been mentioned in Caraka under the madhura skanda (group of sweet drugs) along with its various usages; In Susruta its use has been mentioned only in anuvasana basti (enema); It has not been cited in Vagbhata; Cakrapani has interpreted it as 'Nasaphala' and Dalhana as 'Vayasaphala'; Popularly it is known as 'Kauvatodi'; P.spiralis is popularly known by this name in Gujarat hence identified with this species,[5]
K,1,Kakanda,काकाण्ड,kākāṇḍa,काकाण्ड,Diospyros montana Roxb.,Most probable,This plant has been identified with Kakatinduka which may be Diospyros montana,[1]
K,1,Kakanda,काकाण्ड,kākāṇḍa,काकाण्ड,Mucuna monosperma DC.,Accepted source,"Caraka and Susruta both have mentioned the seeds of 'Kakanda' under the 'Samidhanya'; Cakrapani has interpreted it as 'Sukarasimbi' and Dalhana as 'Asvaka' most probably because it was used as an aphrodisiac just like Kapikacchu; Popularly Kakanda is known as 'Sukarasimbi'; According to the description given by Vagbhata, Kakanda and Atmagupta belong to the same family; With regard to this it is correlated to this species",[5]
K,1,Kakanda,काकाण्ड,kākāṇḍa,काकाण्ड,Strychnos nux vomica Linn.,Most probable,This plant has been identified with Kakatinduka which may be Strychnos nux vomica,[1]
K,1,Kakandola,काकाण्डोला,kākāṇḍolā,काकाण्डोला,Canavalia ensiformis (Linn.) DC.,Suggested source,This species has properties which are present in this plant and so considered as a possible source,[1]
K,1,Kakandola,काकाण्डोला,kākāṇḍolā,काकाण्डोला,Canavalia virosa (Roxb.) W. and A.,Suggested source,This species has properties which are present in this plant and so considered as a possible source,[1]
K,2,Kakodumbara,काकोदुम्बर,kākodumbara,काकोदुम्बर,Ficus hispida Linn. F.,Accepted source,Identified with this species,[3]
K,2,Kakodumbara,काकोदुम्बर,kākodumbara,काकोदुम्बर,Ficus hispida Linn. f.,Accepted source,Identified with this species,[5]
K,2,Kakodumbarika,काकोदुम्बरिका,kākodumbarikā,काकोदुम्बरिका,Ficus hispida Linn. f.,Accepted source,Identified with it,[1]
K,2,Kakoli,काकोली,kākolī,काकोली,Roscoea procera Wall.,Substituted source,This plant has not been identified and the roots of this species are being as its substitute,[1]
K,2,Kakoli,काकोली,kākolī,काकोलीद्वय,Roscoea sp.,Substituted source,Kakolidvaya' is among the 'Astavarga dravyas' (group of eight drugs); These are not mentioned in the Brhatrayi; Along with time its identity started getting conspicous and substitutes were used for them; Presently this species is used as a substitute for 'Kakolidvaya',[5]
K,2,Kakolidvaya,काकोलीद्वय,kākolīdvaya,काकोली,Roscoea procera Wall.,Substituted source,This plant has not been identified and the roots of this species are being as its substitute,[1]
K,2,Kakolidvaya,काकोलीद्वय,kākolīdvaya,काकोलीद्वय,Roscoea sp.,Substituted source,Kakolidvaya' is among the 'Astavarga dravyas' (group of eight drugs); These are not mentioned in the Brhatrayi; Along with time its identity started getting conspicous and substitutes were used for them; Presently this species is used as a substitute for 'Kakolidvaya',[5]
K,2,Kakubha,ककुभ,kakubha,ककुभ,Terminalia myriocarpa Heurck & Muell-Arg.,Accepted source,Kakubha' is mentioned in Susruta samhita under the Nyagrodhadi gana which is a group comprising huge trees; According to the author it is identified with this species popularly known by the name 'Panisaja' and found in Eastern parts of India,[5]
K,2,Kakubha,ककुभ,kakubha,ककुभ,Xanthium strumarium,Controversial,DATA DEFICIENT,[5]
K,2,Kaladana,कालादाना,kālādānā,कालादाना,Ipomoea hederacea (Linn.) Jacq.,Accepted source,Identified with this species,[1]
K,2,Kalajaji,कालाजाजी,kālājājī,कालाजाजी,Nigella sagtiva Linn.,Accepted source,Kalajaji is correlated to this species,[3]
K,2,Kalajaji,कालाजाजी,kālājājī,कालाजाजी,Nigella sativa,Accepted source,Identified with this species,[2]
K,2,Kalama,कलम,kalama,शालि,Oryza sativa Linn.,Accepted source,Identified with it,[1]
K,2,Kalama,कलम,kalama,षष्टिक,Oryza sativa Linn.,Accepted source,Identified with it,[1]
K,2,Kalama,कलम,kalama,व्रीही,Oryza sativa Linn.,Accepted source,Identified with it,[1]
K,2,Kalama,कलम,kalama,कलम,Oryza sativa Linn. var.,Accepted source,"identified with it, VARIETY ?",[1]
K,2,Kalama,कलम,kalama,केदार,Rice var.,Suggested source,Is a variety of rice,[1]
K,2,Kalama,कलम,kalama,कूष्माण्डक,Rice var.,Suggested source,Is a variety of rice,[1]
K,2,Kalama,कलम,kalama,गन्धल,Rice variety,Suggested source,Is an inferior variety of rice,[1]
K,2,Kalamba,कलम्ब,kalamba,कलम्ब,Ipomoea reptans (Linn.) Poir.,Accepted source,identified with it,[1]
K,2,Kalambaka,कलम्बक,kalambaka,कलम्बक,Coscinium fenestratum Colebr.,Most probable,Kalambaka is correlated to this species,[3]
K,2,Kalambaka,कलम्बक,kalambaka,कलम्बक,Coscinum fenestratum (Gaertn.),Most probable,Bhavamisra has considered 'Pitacandana' as Kalambaka; The original Kalambaka was a native of Africa and correlated with Jateorrhiza palmata; The species Coscinum fenestratum is used as a representative and used as Kalambaka; Scholars believe this to be as Kalambaka,[5]
K,2,Kalambaka,कलम्बक,kalambaka,कलम्बक,Jateorhiza palmata (Lam.) Miers.,Substituted source,This species is used as a substitute for Kalambaka        in Europe In India this is used a substitute for Daruharidra,[3]
K,2,Kalambaka,कलम्बक,kalambaka,कलम्बक,Jateorrhiza palmata Miers.,Accepted source,Bhavamisra intepreted 'Pitacandana' as 'Kalambaka' but the real Kalambaka is found only in Africa which is identified with this species,[5]
K,2,Kalambi,कलम्बी,kalambī,कलम्बी,Ipomoea aquatica Forsk.,Accepted source,identified with it,[4]
K,2,Kalanjani,कालाञ्जनी,kālāñjanī,कालाञ्जनी,Ipomoea nil (Linn.) Roth.,Accepted source,It has been cited in Raja nighantu; Its identified with this species and popularly known as 'Kaalaadaana' or 'Jharamarica',[5]
K,2,Kalankrta,कालङ्कृत,kālaṅkṛta,कालङ्कृत,Cassia sp.,Controversial,Usually identified with Kasamarda but there is a difference regarding it as they are mentioned seperately in texts so still needs to be studied,[1]
K,2,Kalanusariva,कालानुसारिवा,kālānusārivā,कालानुसारिवा,Caesalpinia sappan. Linn.,Most probable,"By interpreting texts like Caraka, Susruta we can come to the conclusion that as its mentioned along with fragrant drugs it is a fragrant drug; Originally as its mentioned along with Aguru and Candana it seems to be variety of either of them; Kalanusariva is sita virya (cold in potency) and Aguru is usna virya (hot in potency) so it can be considered as a variety of Candana; Based on this its most probably correlated to this species",[5]
K,2,Kalasaka,कालशाक,kālaśāka,कालशाक,Corchorus capsularis Linn.,Most probable,May be identified with it,[1]
K,2,Kalaya,कलाय,kalāya,कलाय,Lathyrus sativus Linn.,Accepted source,identified with it,[1]
K,2,Kalaya,कलाय,kalāya,कलाय,Lathyrus sativus Linn.,Accepted source,identified with it,[1]
K,2,Kalaya,कलाय,kalāya,कलाय,Lathyrus sativus Linn.,Accepted source,Kalaya is correlated to this species,[2]
K,2,Kaleyaka,कालीयक,kālīyaka,कालीयक,Coscinium fenestratum,Accepted source,identified with it,[1]
K,2,Kaleyaka,कालीयक,kālīyaka,कालीयक,Coscinium fenestratum (Gaertn.) Colebr.,Accepted source,Botanists have identified it with this species,[5]
K,2,Kaleyaka,कालीयक,kālīyaka,कालीय,Coscinium fenestratum (Gaertn.) Colebr.,Accepted source,Identified with it,[1]
K,2,Kaleyaka,कालीयक,kālīyaka,कालीयक,Coscinium fenestratum (Gaertn.) Colebr.,Accepted source,Botanists have identified it with this species,[5]
K,2,Kalinda,कलिन्द,kalinda,कलिन्द,Citrullus vulgaris Schard.,Accepted source,identified with it,[1]
K,2,Kalinda,कलिन्द,kalinda,कलिन्द,Citrullus vulgaris Schrad.,Accepted source,It is identified with this species,[4]
K,2,Kalinga,कलिङ्ग,kaliṅga,कलिङ्ग,Holarrhena antidysenterica Wall.,Accepted source,Identified with it,[1]
K,2,Kaliya,कालीय,kālīya,कालीयक,Coscinium fenestratum,Accepted source,identified with it,[1]
K,2,Kaliya,कालीय,kālīya,कालीयक,Coscinium fenestratum (Gaertn.) Colebr.,Accepted source,Botanists have identified it with this species,[5]
K,2,Kaliya,कालीय,kālīya,कालीय,Coscinium fenestratum (Gaertn.) Colebr.,Accepted source,Identified with it,[1]
K,2,Kaliya,कालीय,kālīya,कालीयक,Coscinium fenestratum (Gaertn.) Colebr.,Accepted source,Botanists have identified it with this species,[5]
K,3,Kaliyaka,कालीयक,kālīyaka,कालीयक,Coscinium fenestratum,Accepted source,identified with it,[1]
K,3,Kaliyaka,कालीयक,kālīyaka,कालीयक,Coscinium fenestratum (Gaertn.) Colebr.,Accepted source,Botanists have identified it with this species,[5]
K,3,Kaliyaka,कालीयक,kālīyaka,कालीय,Coscinium fenestratum (Gaertn.) Colebr.,Accepted source,Identified with it,[1]
K,3,Kaliyaka,कालीयक,kālīyaka,कालीयक,Coscinium fenestratum (Gaertn.) Colebr.,Accepted source,Botanists have identified it with this species,[5]
K,3,Kalodyam,कालोड्यम्,kāloḍyam,कालोड्यम्,Ceropegia bulbosa,Accepted source,Kalodyam is correlated to this species,[2]
K,3,Kamala,कमल,kamala,कमल,Nelumbo nucifera Gaertn.,Accepted source,Identified with it,[1]
K,3,Kamala,कमल,kamala,कमल,Nelumbo nucifera Gaertn.,Accepted source,Identified with it,[3]
K,3,Kamala,कमल,kamala,पद्मबीज,Nelumbo nucifera Gaertn.,,,[4]
K,3,Kamavrddhi,कामवृद्धि,kāmavṛddhi,कामवृद्धि,Blepharis edulls Pers.,Most probable,It is mentioned in Raja nighantu; Its most probably correlated to this species and was given recognition by the Unani doctors,[5]
K,3,Kamboji,काम्बोजी,kāmbojī,काम्बोजी,"Aristida setacea Retz.,",Most probable,Nighantus have mentioned 'Kamboji' as a synonym of 'Masaparni'; Rajanighantu mentions this as a synonym of 'Bakuci'; Another synonym of Masaparni is 'Hayapucchika' which is most probably correlated to this species with regard to its features,[5]
K,3,Kamboji,काम्बोजी,kāmbojī,काम्बोजी,Breynia patens Benth.,Accepted source,It is mentioned in Sodala nighantu; There is plant by the name 'Kamboi' found in Gujarat which Vaidya Bapalal has considered as Kamboji and correlated it with this species,[5]
K,3,Kampillaka,कम्पिल्लक,kampillaka,कम्पिल्लक,Carthamus tinctoria,Adulterated source,Flowers of these species are used as an adulterant,[2]
K,3,Kampillaka,कम्पिल्लक,kampillaka,कम्पिल्लक,Casearia tomentosa,Adulterated source,Bark powder of this species is used as an adulterant,[2]
K,3,Kampillaka,कम्पिल्लक,kampillaka,कम्पिल्लक,Euphorbia tirucallai,Controversial,Kampillaka is the red powder found on the fruits of Kapila; This species is known as Kampipala in malayalam which has milky latex and this is what created a controversy regarding Kampillaka,[2]
K,3,Kampillaka,कम्पिल्लक,kampillaka,कम्पिल्लक,Ficus religiosa,To be examined,DATA DEFICIENT,[2]
K,3,Kampillaka,कम्पिल्लक,kampillaka,कम्पिल्लक,Mallotus philippinensis Muell Arg.,Accepted source,Identified with it,[3]
K,3,Kampillaka,कम्पिल्लक,kampillaka,कम्पिल्लक,Mallotus philippinensis Muell.-Arg.,Accepted source,Identified with it,[1]
K,3,Kampillaka,कम्पिल्लक,kampillaka,कम्पिल्लक,Mallotus phillippinensis,Accepted source,Kampillaka is correlated to this species,[2]
K,3,Kancanara,काञ्चनार,kāñcanāra,काञ्चनार,Bauhinia variegata Linn.,Accepted source,Identified with this species,[3]
K,3,Kancanara,काञ्चनार,kāñcanāra,काञ्चनार,Bauhinia variegata Linn.,Accepted source,Identified with this species,[5]
K,3,Kancanara - jati,काञ्चनार जाति,kāñcanāra jāti,काञ्चनार जाति,Bauhinia purpurea Linn.,Accepted source,The white and red variety of Kancanara,[3]
K,3,Kancanara - jati,काञ्चनार जाति,kāñcanāra jāti,काञ्चनार जाति,Bauhinia tomentosa Linn.,Accepted source,Yellow variety of Kancanara is correlated to this species,[3]
K,3,Kancani,काञ्चनी,kāñcanī,काञ्चनी,Bauhinia racemosa,Suggested source,Has been described in Sodala; With regard to its synonyms it appears to be a tuber; Vaidya Bapalal has suggested this as a correlation but a look at its description doesn’t hold good for this correlation,[5]
K,3,Kancata,काञ्चट,kāñcaṭa,काञ्चट,Commelina bengalensis Linn.,Most probable,Based on the synonyms and description given in texts it is an aquatic plant and according to botanical view it is 'Jalapippali' or 'Tanduliyakabheda'; According to the author Kancata is identified with this species which is widely known as 'Kachda',[5]
K,3,Kancata,काञ्चट,kāñcaṭa,काञ्चट,Commelina nudiflora  Linn.,Most probable,Based on the synonyms and description given in texts it is an aquatic plant and according to botanical view it is 'Jalapippali' or 'Tanduliyakabheda'; According to the author Kancata is identified with this species which is widely known as 'Kena',[5]
K,3,Kancuki,कञ्चुकी,kañcukī,कञ्चुकी,Ceropegia sp.,Most probable,"In Astanga sangraha, Kancuki has been described in the chapter of Rasayana (rejuvenatives) after the explanation of Lasuna (garlic) and Palandu (onion); It is a tuber with milky latex; With regard to its features it is most probably correlated to this species",[5]
K,3,Kancuki,कञ्चुकी,kañcukī,कञ्चुकी,Euphorbia sp.,Most probable,"In Astanga sangraha, Kancuki has been described in the chapter of Rasayana (rejuvenatives) after the explanation of Lasuna (garlic) and Palandu (onion); It is a tuber with milky latex; With regard to its features it is most probably correlated to this species",[5]
K,3,Kandali,कन्दली,kandalī,कन्दली,Crinum defixum Kar.-Gawl.,Accepted source,Identified with it,[1]
K,3,Kandali,कन्दली,kandalī,कन्दली,Crinum defixum Kar.-Gawl.,Accepted source,Identified with it,[1]
K,3,Kandali,कन्दली,kandalī,कन्दली,Crinum sp.,Accepted source,"Mentioned just once in Susruta samhita; Dalhana has described it as being white in color, smooth and its bulbous root having many compartments; It was widely known by the name 'Sarpachatra'; Its identified with this species",[5]
K,3,Kandali,कन्दली,kandalī,कन्दली,Sansevieria sp.,Substituted source,Kandali has been compared to Murva; This species has been used as a substitute for Murva,[1]
K,3,Kandeksu,काण्डेक्षु,kāṇḍekṣu,काण्डेक्षु,Saccharum sinense Roxb.,Accepted source,It’s a type of 'Iksu' and identified with this species,[5]
K,3,Kandeksu,काण्डेक्षु,kāṇḍekṣu,काण्डेक्षु,Saceharum spontaneum Linn.,Accepted source,Identified with it,[4]
K,3,Kandira,कण्डीर,kaṇḍīra,कण्डीर,"Coleus amboinicus, Lour",Most probable,With regard to its description and uses of the plant this species is considered,[1]
K,3,Kandira,कण्डीर,kaṇḍīra,कण्डीर,Momordica charantia,Controversial,"In Kaideva nighantu, Kandira is mentioned as a synonym of Karavella which is correlated to this species",[2]
K,3,Kandira,कण्डीर,kaṇḍīra,कण्डीर,Ranunculus sceleratus Linn.,Accepted source,Kandira is correlated to this species,[3]
K,3,Kandira,कण्डीर,kaṇḍīra,कण्डीर,Ranunculus sceleratus Linn.,Accepted source,Kandira' has been described in Dhanvantari nighantu; With regard to its synonyms it can be identified with this species and popularly known as 'Devakandira',[5]
K,3,Kandira,कण्डीर,kaṇḍīra,कण्डीर,Ranunculus sceleratus Linn.,Most probable,With regard to its description and uses of the plant this species is considered,[1]
K,3,Kandira,कण्डीर,kaṇḍīra,कण्डीर,Ranunculus scleretus,Accepted source,Kandira is correlated to this species,[2]
K,3,Kangu,कङ्गु,kaṅgu,कङ्गुक,Setaria italica Beauv.,Accepted source,Identified with it,[1]
K,3,Kangu,कङ्गु,kaṅgu,कङ्गु,Setaria italica Linn. Beauv.,Accepted source,Identified with it,[4]
K,3,Kanguka,कङ्गुक,kaṅguka,कङ्गुक,Setaria italica Beauv.,Accepted source,Identified with it,[1]
K,3,Kanguka,कङ्गुक,kaṅguka,कङ्गु,Setaria italica Linn. Beauv.,Accepted source,Identified with it,[4]
K,3,Kankola,कंकोल,kaṃkola,कंकोल,Litsea cubeba Pers.,Accepted source,This species is used as a substitute for Kankola or sometimes  mixed along with it during trade,[3]
K,3,Kankola,कंकोल,kaṃkola,कंकोल,Piper baccatum Blume,Market source,This species is used as a substitute for Kankola or sometimes   mixed along with it during trade,[3]
K,3,Kankola,कंकोल,kaṃkola,कंकोल,Piper cannum Blume,Accepted source,This species is used as a substitute for Kankola or sometimes  mixed along with it during trade;,[3]
K,3,Kankola,कंकोल,kaṃkola,कंकोल,Piper clusii DC.,Substituted source,This species is used as a substitute for Kankola or sometimes  mixed along with it during trade. Its found in Africa,[3]
K,3,Kankola,कंकोल,kaṃkola,कंकोल,Piper crassipes Korth,Market source,This species is used as a substitute for Kankola or sometimes   mixed along with it during trade,[3]
K,3,Kankola,कंकोल,kaṃkola,कंकोल,Piper cubeba Linn.f.,Market source,This species is used as a substitute for Kankola or sometimes   mixed along with it during trade,[3]
K,3,Kankola,कंकोल,kaṃkola,कंकोल,Piper guineense DC.,Market source,"Its found in Africa , found mixed in trade",[3]
K,3,Kankola - jati,कंकोल जाति,kaṃkola jāti,कंकोल जाति,Piper ribesioides Wall.,Accepted source,Fruits of this species resemble Kankola but are big in size,[3]
K,3,Kankola - jati,कंकोल जाति,kaṃkola jāti,कंकोल जाति,Piper sumatrana DC.,Accepted source,Fruits of this species resemble Kankola but are big in size,[3]
K,3,Kankolaka,कङ्कोलक,kaṅkolaka,कङ्कोलक,Piper cubeba Linn. f.,Accepted source,Identified with it,[1]
K,3,Kankustha,कंकुष्ठ,kaṃkuṣṭha,कंकुष्ठ,Euphorbia pilosa Linn.,Most probable,Most probably correlated to this species,[5]
K,3,Kankustha,कंकुष्ठ,kaṃkuṣṭha,कंकुष्ठ,Euphorbia thomsoniana,Accepted source,Identified with this species,[5]
K,3,Kankustha,कंकुष्ठ,kaṃkuṣṭha,कंकुष्ठ,Garcinia morella,Most probable,"Primitively it was considered as the resin of 'Svarnaksiri', during the medieval period as 'Usarerevanda' and nowadays it is prevelent by the resin of this species so most probably correlated to this species",[5]
K,3,Kankustha,कंकुष्ठ,kaṃkuṣṭha,कंकुष्ठ,Garcinia morella Desr.,Most probable,most probably correlated to this,[3]
K,4,Kankustha - prajati,कंकुष्ठ प्रजाति,kaṃkuṣṭha prajāti,कंकुष्ठ प्रजाति,Garcinia hanburyi Hook.f.,Accepted source,Kankustha is obtained from this species which is non native to India,[3]
K,4,Kantakapunkha,कण्टकपुंखा,kaṇṭakapuṃkhā,कण्टकपुंखा,Tephrosia spinosa Pers.,Most probable,"In Raja nighantu, 'Kantapunkha' has been mentioned as a type of 'Sarapunkha' which is most probably identified with this species; This species is mostly found in South India",[5]
K,4,Kantakapunkha,कण्टकपुंखा,kaṇṭakapuṃkhā,कण्टकपुंखा,Tephrosia uniflora Pers subsp petrosa (Blatt & Hal,Most probable,"In Raja nighantu, 'Kantapunkha' has been mentioned as a type of 'Sarapunkha' which is most probably identified with this species; This species is mostly found in Punjab and Rajasthan",[5]
K,4,Kantakari,कण्टकारी,kaṇṭakārī,कण्टकारी,Solanum surattense Burm. f.,Accepted source,Its identified with this species,[3]
K,4,Kantakari,कण्टकारी,kaṇṭakārī,कण्टकारी,Solanum xanthocarpum,Accepted source,Kantakari is correlated to this species,[2]
K,4,Kantakari,कण्टकारी,kaṇṭakārī,कण्टकारी,Solanum xanthocarpum Schrad & Wendle.,Accepted source,Its identified with this species,[5]
K,4,Kantakarika,कण्टकारिका,kaṇṭakārikā,कण्टकारिका,Solanum xanthocarpum Schrad. & Wendle.,Accepted source,Identified with it,[1]
K,4,Kantaki karanja,कण्टकीकरञ्ज,kaṇṭakīkarañja,कण्टकीकरञ्ज,Caesalpinia crista Linn.,Accepted source,Identified with this species,[3]
K,4,Kantaki karanja,कण्टकीकरञ्ज,kaṇṭakīkarañja,करञ्ज लता,Caesalpinia crista Linn.,Accepted source,Identified with it,[1]
K,4,Kantaki karanja,कण्टकीकरञ्ज,kaṇṭakīkarañja,करञ्ज लता,Caesalpinia crista Linn.,Accepted source,Identified with it,[1]
K,4,Kaphi,कपि,kapi,कपि,Coffea arabica Linn.,Accepted source,Identified with this species,[3]
K,4,Kapikacchu,कपिकच्छू,kapikacchū,कपिकच्छू,Mucuna prurita Hook.,Accepted source,Identified with this species,[3]
K,4,Kapitana,कपीतन,kapītana,कपीतन,Thespesia populnea Soland ex Correa.,Accepted source,Identified with this species,[3]
K,4,Kapitana,कपीतन,kapītana,कपीतन,Thespesia populnea Soland ex Correa.,Accepted source,Kapitana' is interpreted as 'Gardabhanda' which is identified with this species,[5]
K,4,Kapitana - aksiri - aprarohi,कपीतन अक्षीरि अप्ररोही,kapītana akṣīri aprarohī,कपीतन अक्षीरि अप्ररोही,Albizzia procera (Roxb.) Benth.,Controversial,May be identified with it,[1]
K,4,Kapitana - aksiri - aprarohi,कपीतन अक्षीरि अप्ररोही,kapītana akṣīri aprarohī,कपीतन अक्षीरि अप्ररोही,Spondias sp.,Controversial,May be identified with it,[1]
K,4,Kapitana - aksiri - aprarohi,कपीतन अक्षीरि अप्ररोही,kapītana akṣīri aprarohī,कपीतन अक्षीरि अप्ररोही,Thespesia sp.,Controversial,May be identified with it,[1]
K,4,Kapitana - ksiri - prarohi,कपीतन क्षीरि प्ररोही,kapītana kṣīri prarohī,कपीतन क्षीरि प्ररोही,Ficus sp.,Most probable,Most probably identified with it,[1]
K,4,Kapittha,कपित्थ,kapittha,कपित्थ,Feronia limonia (Linn.) Swingle,Accepted source,Identified with it,[1]
K,4,Kapittha,कपित्थ,kapittha,कपित्थ,Feronia limonla Linn.,Accepted source,Identified with it,[4]
K,4,Kapotavanka,कपोतवङ्का,kapotavaṅkā,कपोतवङ्का,Dalbergia lanceolaria Linn.,Accepted source,Identified with this species,[5]
K,4,Kapotavanka,कपोतवङ्का,kapotavaṅkā,कपोतवङ्का,Dalbergia lanceolaria Linn. f.,Suggested source,Needs to be examined to be used as the source plant or substitute,[1]
K,4,Kapotavanka,कपोतवङ्का,kapotavaṅkā,कपोतवङ्का,Dalbergia volubilis Roxb.,Suggested source,Needs to be examined to be used as the source plant or substitute,[1]
K,4,Karahata,करहाट,karahāṭa,करहाट,Gardenia turgida Roxb.,Controversial,Considered as a synonym of Madana; This sp. is taken into consideration as its properties are similar to Madana,[1]
K,4,Karahata,करहाट,karahāṭa,करहाट,Ocimum kilimandscharicum Guerke.,Accepted source,Identified with this species,[3]
K,4,Karajodikanda,करजोडी कन्द,karajoḍī kanda,करजोडी कन्द,Selaginella rupestris Spreng.,Accepted source,It has been described in Raja nighantu; Locally it is known as 'Hathajodi' and this species is popularly known by this name so its identified with this species,[5]
K,4,Karamarda,करमर्द,karamarda,करमर्द,Carissa carandas Linn.,Accepted source,identified with it,[1]
K,4,Karamarda,करमर्द,karamarda,करमर्द,Carissa carandus Linn.,Accepted source,It is identified with this species,[4]
K,4,Karamarda - jati,करमर्द जाति,karamarda jāti,करमर्द जाति,Carissa spinarum Linn.,Accepted source,It is identified with this species,[4]
K,4,Karamarda - jati,करमर्द जाति,karamarda jāti,करमर्दिका,Carissa spinarum Linn.,Accepted source,Identified with it; This is the wild variety of Karamarda,[1]
K,4,Karamardika,करमर्दिका,karamardikā,करमर्द जाति,Carissa spinarum Linn.,Accepted source,It is identified with this species,[4]
K,4,Karamardika,करमर्दिका,karamardikā,करमर्दिका,Carissa spinarum Linn.,Accepted source,Identified with it; This is the wild variety of Karamarda,[1]
K,4,Karambha,करम्ब,karamba,करम्ब,Araceae,To be exmined,Karambha is considered as a synonym of Indivari; Aracea may be considered as its source with regard to its features,[1]
K,4,Karanja,करञ्ज,karañja,करञ्ज,Pongamia pinnata (Linn.) Merr.,Accepted source,Identified with it,[1]
K,4,Karanja,करञ्ज,karañja,करञ्ज,Pongamia pinnata Pierre.,Accepted source,Identified with it,[3]
K,4,Karanja - lata,करञ्ज लता,karañja latā,कण्टकीकरञ्ज,Caesalpinia crista Linn.,Accepted source,Identified with this species,[3]
K,4,Karanja - lata,करञ्ज लता,karañja latā,करञ्ज लता,Caesalpinia crista Linn.,Accepted source,Identified with it,[1]
K,4,Karanja - lata,करञ्ज लता,karañja latā,करञ्ज लता,Caesalpinia crista Linn.,Accepted source,Identified with it,[1]
K,5,Karanja - naktamala,करञ्ज नक्तमाल,karañja naktamāla,करञ्ज नक्तमाल,Pongamia pinnata Lierra.,Accepted source,Its identified with this species,[5]
K,5,Karanja - putika,करञ्ज पूतीक,karañja pūtīka,करञ्ज पूतीक,Holoptelia integrifolia Planch.,Accepted source,Identified with it,[1]
K,5,Karanja - putika,करञ्ज पूतीक,karañja pūtīka,करञ्ज पूतीक,Holoptelia integrifolia Planch.,Accepted source,Karanja is of two types as mentioned from the ancient times viz. 'Putika' and 'Naktamala'; Putika is identified with this species,[5]
K,5,Karanja-kanta,करञ्ज कण्ठ,karañja kaṇṭha,करञ्ज कण्ठ,Toddalia asiatica Lam.,Most probable,As this species has features similar to this plant it may have been correlated,[1]
K,5,Karanjika,करञ्जिका,karañjikā,करञ्जिका,Abrus precatorius Linn.,Suggested source,"In Bhavaprakasa, there is a mention of 'Gunja' after the explanation of 'Karanjika'; So there is a possibility that this might be a type of 'Gunja' and correlated to one of its species; We even need to stress on the fact that in many places 'Gunja' is locally known as 'Karajani' which might be similar to 'Karanji'; With regard to the above it is suggested to correlate it to this species which is a type of 'Gunja'",[5]
K,5,Karanjika,करञ्जिका,karañjikā,करञ्जिका,Acacia canesscens Grab.,Suggested source,Acacia canesscens is also called as 'Araar' which is a hindi name for 'Karanja'; 'Udakirya' is mentioned as a variety of 'Karanja' in both Bhavaprakasa and Dhanvantari nighantu; The above species grows at the bank of rivers and hence the synonym 'Udakirya' is given to it and hence this species is considered as it shares similar features as mentioned above,[5]
K,5,Karanjika,करञ्जिका,karañjikā,करञ्जिका,Acacia pennata Willd.,Controversial,With regard to its features it may be identified with this species,[5]
K,5,Karanjika,करञ्जिका,karañjikā,करञ्जिका,Acacia pulchellus Wall.,Accepted source,Angaravalli' is mentioned as a variety of 'Karanja' in Bhavaprakasa and Dhanvantari nighantu; It is identified with this species,[5]
K,5,Karanjika,करञ्जिका,karañjikā,करञ्जिका,Acacia pulchellus Wall.,Suggested source,"Karanjika' is correlated to this species; In Bhavaprakasa, 'Karanjika' appears after the explanation of 'Gunja'; synonyms given to Karanjika do appear even for 'Gunja' so this might have been considered as a variety of 'Gunja' and identified with this species",[5]
K,5,Karanjika,करञ्जिका,karañjikā,करञ्जिका,Caesalpinia sepiaria Roxb.,Suggested source,Karanjika has not been mentioned in Caraka samhita; Its uses have been mentioned in Susruta samhita and by Vagbhata; Dalhana has identified it with Vrksakaranja or Naktamala; This species has been suggested as it has features similar to that of Kantakikaranja,[5]
K,5,Karaskara,करस्कर,karaskara,करस्कर,Strychnos nuxvomica Linn.,Accepted source,There is a clear mention of 'Kucala' being described as 'Karaskara' in Raja nighantu; It is identified with this species,[5]
K,5,Karavella,कारवेल्ल,kāravella,कारवेल्लक,Momordia charantia Linn.,Accepted source,Identified with it,[3]
K,5,Karavella,कारवेल्ल,kāravella,कारवेल्ल,Momordica charantia Linn.,Accepted source,Identified with it,[4]
K,5,Karavella,कारवेल्ल,kāravella,कारवेल्लिका,Momordica charantia Linn.,Accepted source,Identified with it,[1]
K,5,Karavellaka,कारवेल्लक,kāravellaka,कारवेल्लक,Momordia charantia Linn.,Accepted source,Identified with it,[3]
K,5,Karavellaka,कारवेल्लक,kāravellaka,कारवेल्ल,Momordica charantia Linn.,Accepted source,Identified with it,[4]
K,5,Karavellaka,कारवेल्लक,kāravellaka,कारवेल्लिका,Momordica charantia Linn.,Accepted source,Identified with it,[1]
K,5,Karavellika,कारवेल्लिका,kāravellikā,कारवेल्लक,Momordia charantia Linn.,Accepted source,Identified with it,[3]
K,5,Karavellika,कारवेल्लिका,kāravellikā,कारवेल्ल,Momordica charantia Linn.,Accepted source,Identified with it,[4]
K,5,Karavellika,कारवेल्लिका,kāravellikā,कारवेल्लिका,Momordica charantia Linn.,Accepted source,Identified with it,[1]
K,5,Karavi,कारवी,kāravī,कारवी,Carum bulbocastanum Koch.,Most probable,Usually considered as its source,[1]
K,5,Karavi,कारवी,kāravī,कारवी,Carum carvi,Accepted source,Identified with this species,[5]
K,5,Karavi,कारवी,kāravī,कारवी,Carum carvi,Suggested source,Karavi is a controversial plant but according to the author this species should be considered as Karavi,[2]
K,5,Karavi,कारवी,kāravī,कारवी,Carum carvi Linn.,Most probable,Usually considered as its source,[1]
K,5,Karavi,कारवी,kāravī,कारवी,Carum sp.,Accepted source,Identified with this species,[5]
K,5,Karavi,कारवी,kāravī,कारवी,Nigella sativa Linn.,Accepted source,Identified with it,[1]
K,5,Karavira,करवीर,karavīra,करवीर,Nerium indicum Mill.,Accepted source,Identified with it,[1]
K,5,Karavira,करवीर,karavīra,करवीर,Nerium indicum Mill.,Accepted source,Identified with it,[3]
K,5,Karavira - bheda,करवीर भेद,karavīra bheda,करवीर भेद,Nerium indicum Mill.,Accepted source,Karavira has been cited in the Brhatrayis; They were mentioned as 2 types based on their colour; Its identified with this species,[5]
K,5,Karavira - pita,करवीर पीत,karavīra pīta,करवीर पीत,Thevetia neriifolia,Controversial,The yellow variety of 'Karavira' is mentioned in the Kaideva nighantu; Its most probably not identified with this species as it might be some different plant but identified as a variety of 'Karavira',[5]
K,5,Karavira - pita,करवीर पीत,karavīra pīta,करवीर पीत,Thevetia neriifolia juss.,Accepted source,Identified with it,[3]
K,5,Karbudara,कर्बुदार,karbudāra,कर्बुदार,Bauhinia variegata Linn.,Most probable,May be correlated to this species,[1]
K,5,Karbudara,कर्बुदार,karbudāra,कर्बुदार,Cordia sp.,Most probable,May be correlated to this species,[1]
K,5,Karbudara,कर्बुदार,karbudāra,कर्बुदार,Olax scandens Roxb.,Suggested source,In Vedas there is a plant called 'Rajjudara' which has been identified with Karbudara by the commentators which has features similar to this species,[1]
K,5,Karcura,कर्चूर,karcūra,कर्चूर,Curcuma zedoaria Rosc.,Accepted source,Identified with it,[1]
K,5,Karcura,कर्चूर,karcūra,कर्चूर,Curcuma zedoaria Rosc.,Accepted source,Identified with it,[1]
K,5,Karcura,कर्चूर,karcūra,कर्चूर,Curcuma zedoaria Rosc.,Accepted source,Identified with it,[3]
K,5,Karcura,कर्चूर,karcūra,कर्चूर,Curcuma zedoaria Rosc.,Controversial,Controversy has been arised as it is included in the group of fruits where as it is a rhizome,[1]
K,5,Kari,करि,kari,करि,Canthium parviflorum Lam.,Suggested source,Has been mentioned in Raja nighantu as of 2 types: kantakari (with thorns) akarsakari (without thorns); Both share similar properties; Researchers in Bangalore have identified it with this species as its widely known as 'Kari' in Kannada,[5]
K,5,Kari,करि,kari,करि,Canthium umbellatum Wight.,Suggested source,Has been mentioned in Raja nighantu as of 2 types: kantakari (with thorns) akarsakari (without thorns); Both share similar properties; Researchers in Bangalore have identified C.parviflorum with this drug as its widely known as 'Kari' in Kannada; C. umbellatum may be identified with its other type,[5]
K,5,Kari,करि,kari,करीर,Capparis decidua Edgew.,Accepted source,Identified with it,[1]
K,5,Kari,करि,kari,करीर,Capparis decidua Edgew.,Accepted source,It is identified with this species,[3]
K,5,Kari,करि,kari,करीर,Capparis decidua Edgew.,Accepted source,It is identified with this species,[4]
K,5,Karira,करीर,karīra,करि,Canthium parviflorum Lam.,Suggested source,Has been mentioned in Raja nighantu as of 2 types: kantakari (with thorns) akarsakari (without thorns); Both share similar properties; Researchers in Bangalore have identified it with this species as its widely known as 'Kari' in Kannada,[5]
K,5,Karira,करीर,karīra,करि,Canthium umbellatum Wight.,Suggested source,Has been mentioned in Raja nighantu as of 2 types: kantakari (with thorns) akarsakari (without thorns); Both share similar properties; Researchers in Bangalore have identified C.parviflorum with this drug as its widely known as 'Kari' in Kannada; C. umbellatum may be identified with its other type,[5]
K,5,Karira,करीर,karīra,करीर,Capparis decidua Edgew.,Accepted source,Identified with it,[1]
K,5,Karira,करीर,karīra,करीर,Capparis decidua Edgew.,Accepted source,It is identified with this species,[3]
K,5,Karira,करीर,karīra,करीर,Capparis decidua Edgew.,Accepted source,It is identified with this species,[4]
K,5,Karkandhu,कर्कन्धु,karkandhu,कर्कन्धु,Zizyphus nummularia (Burm.f.) W. & A.,Accepted source,Its identified with this species,[5]
K,5,Karkandhu,कर्कन्धु,karkandhu,कर्कन्धु,Zizyphus nummularia W. & H.,Accepted source,Identified with it,[1]
K,5,Karkaruka,कर्कारुका,karkārukā,कर्कारुका,Cucumis sativus Linn.,Accepted source,Karkaruka has been cited only once in Caraka and many times in Susruta; Cakrapani considered it as a type of 'Kusmanda' and Dalhana has identified it as 'Karkatibhedha'; Going through Susrutas 'Saka varga' (group of vegetables) it can be confirmed that it is a type of 'Trapusabheda' which is identified with this species,[5]
K,5,Karkaruka,कर्कारुका,karkārukā,कर्कारुका,Cucurbita pepo DC.,Most probable,"In regions of Bihar this species is used as Karkaru. But this species is correlated to Kusmanda, so Karkaru may be a variety of Kusmanda rather than Trapusa as Dalhana has suggested",[1]
K,5,Karkaruka,कर्कारुका,karkārukā,कर्कारुका,Cucurbita pepo DC.,Substituted source,Karkaruka has been cited only once in Caraka and many times in Susruta; Cakrapani considered it as a type of 'Kusmanda' and Dalhana has identified it as 'Karkatibhedha'; Adivasis (tribal) refer 'Karkaru' to some 'Kusmandabheda' which is identified with this species; Actually as this drug was not available this species was used its substitute,[5]
K,5,Karkasa,कर्कश,karkaśa,कर्कश,Cucurbitaceae,Not Identified,Not yet identified correctly; Mentioned along with the well known Cucurbitaceous fruit-vegetables,[1]
K,5,Karkasa,कर्कश,karkaśa,कर्कट,Pistacia lentiscus Linn.,Accepted source,Identified with it,[3]
K,5,Karkasa,कर्कश,karkaśa,कर्कट,Pistacia sp.,Accepted source,Identified with it,[1]
K,5,Karkata,कर्कट,karkaṭa,कर्कश,Cucurbitaceae,Not Identified,Not yet identified correctly; Mentioned along with the well known Cucurbitaceous fruit-vegetables,[1]
K,5,Karkata,कर्कट,karkaṭa,कर्कट,Pistacia lentiscus Linn.,Accepted source,Identified with it,[3]
K,5,Karkata,कर्कट,karkaṭa,कर्कट,Pistacia sp.,Accepted source,Identified with it,[1]
K,6,Karkatasrngi,कर्कटश्रृङ्गी,karkaṭaśrṛṅgī,कर्कटश्रृङ्गी,Pistacea integerrima Stew ex Brandis.,Accepted source,Its identified with this species,[5]
K,6,Karkatasrngi,कर्कटश्रृङ्गी,karkaṭaśrṛṅgī,कर्कटश्रृङ्गी,Pistacea integerrima Stew ex Brandis.,Accepted source,Its identified with this species,[5]
K,6,Karkatasrngi,कर्कटश्रृङ्गी,karkaṭaśrṛṅgī,कर्कटश्रृङ्गी,Pistacia integerrima Stew. ex Brandis,Controversial,Needs to be studied as this correlation does not match with the etymology of the plant,[1]
K,6,Karkatasrngi,कर्कटश्रृङ्गी,karkaṭaśrṛṅgī,कर्कटश्रृङ्गी,Pistacia integerrima Stew. ex Brandis,Most probable,Mesasrngi is identified with Karkatasrngi which is believed to be Pistacia integerrima,[1]
K,6,Karkatasrngi,कर्कटश्रृङ्गी,karkaṭaśrṛṅgī,कर्कटश्रृङ्गी,Pistacia integerrima Stewart ex Brandis.,Accepted source,Identified with it,[3]
K,6,Karkatasrngi,कर्कटश्रृङ्गी,karkaṭaśrṛṅgī,कर्कटश्रृङ्गी,Rhus succedania Linn.,Substituted source,This species is used as a substitute for Karkatasrngi,[3]
K,6,Karkati,कर्कटी,karkaṭī,कर्कटी,Cucumis melo var. Utilissimus Duthie & Fuller.,Accepted source,It is identified with this species,[4]
K,6,Karkota,कर्कोट,karkoṭa,कर्कोट,Momordica dioica Roxb.,Accepted source,Identified with it,[1]
K,6,Karkota,कर्कोट,karkoṭa,कर्कोट,Momordlca dioica Roxb. ex Willd.,Accepted source,Its identified with this species,[5]
K,6,Karkotaki,कर्कोटकी,karkoṭakī,कर्कोटकी,Luffa sp.,Most probable,Identified with both Momordica and Luffa species which are more or less similar in appearance and hence the confusion,[1]
K,6,Karkotaki,कर्कोटकी,karkoṭakī,कर्कोटकी,Momordica cochinchinensis Spreng.,Most probable,Identified with both Momordica and Luffa species which are more or less similar in appearance and hence the confusion,[1]
K,6,Karkoti,कर्कोटी,karkoṭī,कर्कोटी,Momordica dioica Roxb. ex Willd.,Accepted source,Its identified with this species,[4]
K,6,Karmaranga,कर्मरङ्ग,karmaraṅga,कर्मरङ्ग,Averrhoa carambola Linn.,Accepted source,Identified with it,[1]
K,6,Karmaranga,कर्मरङ्ग,karmaraṅga,कर्मरङ्ग,Averrhoa carambola Linn.,AS,Identified with it,[4]
K,6,Karmaranga - prajati,कर्मरङ्ग प्रजाति,karmaraṅga prajāti,कर्मरङ्ग प्रजाति,Averrhoa bilimbi. Linn.,AS,Identified with it,[4]
K,6,Karmuka,कार्मुका,kārmukā,कार्मुका,Peristrophe bicalyculata,Accepted source,Karmuka' has been cited only in Astanga hrdaya; Arunadatta has interpreted it as 'Raktamanjari' and Astanga nighantu as 'Atimuktaka'; Vagbhata has interpreted 'Pracibala' as 'Karmuka; 'Pracibala' is identified as 'Kakajangha' which is 'Raktamanjari'; Kakajangha is correlated to this species,[5]
K,6,Karnasphota,कर्णस्फोटा,karṇasphoṭā,कर्णस्फोटा,Cardiospermum halicacabum Linn.,Accepted source,Its not been mentioned in Brhatrayi; Has been cited in Raja nighantu; Widely known by the name 'Lataphatki'; Kaviraj of Bengal and Assam consider it to be 'Jyotismati'; This is identified with Kakadani of earlier times which is identified with this species,[5]
K,6,Karnikara,कर्णिकार,karṇikāra,कर्णिकार,Cassia fistula Linn.,Accepted source,"Very little has been mentioned about this drug in the Samhitas; Caraka has mentioned this as a synonym of 'Aragvadha'; Susruta has mentioned about 'Karnikara' where in he depicts this as having yellow flowers; In Himachal Pradesh, 'Aragvadha' is called as 'Kaniyar' which implies 'Karnikara'; Based on the above inputs 'Karnikara' should be inferred as 'Aragvadha' which is correlated to this species",[5]
K,6,Karnikara,कर्णिकार,karṇikāra,कर्णिकार,Garuga pinnata Roxb.,Accepted source,There is a miniscule mention of 'Karnikara' in the samhitas; Caraka has mentioned it as a synonym of 'Aragvadha'; With the description given by Susruta it is depicted as 'Karnikara' having yellow flowers; In Himachal Pradesh Aragvadha is known as 'Kaniyaar' which might be a corruption of the original sanskrit synonym Karnikara of Aragvadha,[5]
K,6,Karpasa,कार्पास,kārpāsa,कार्पास प्रजाति,Gossypium arboreum Linn.,AS,Identified with it,[3]
K,6,Karpasa,कार्पास,kārpāsa,कार्पास,Gossypium barbadens Linn.,Accepted source,Identified with it,[1]
K,6,Karpasa,कार्पास,kārpāsa,कार्पास प्रजाति,Gossypium barbadense Linn.,AS,Identified with it,[3]
K,6,Karpasa,कार्पास,kārpāsa,कार्पास,Gossypium herbaccum Linn.,AS,Identified with it,[3]
K,6,Karpasa,कार्पास,kārpāsa,कार्पास,Gossypium herbaceum Linn.,Accepted source,Identified with it,[1]
K,6,Karpasa,कार्पास,kārpāsa,कार्पास प्रजाति,Gossypium hirstum Linn.,AS,Identified with it,[3]
K,6,Karpasa,कार्पास,kārpāsa,कार्पासी,Hibiscus cancellatus Roxb.,Most probable,According to descriptions it is a plant resembling cotton plant and known as Vanakarpasi and this species is popularly known as it,[1]
K,6,Karpasa,कार्पास,kārpāsa,कार्पासी,Thespesia lampas Dalz. & Gibs.,Most probable,According to descriptions it is a plant resembling cotton plant and known as Vanakarpasi and this species is popularly known as it,[1]
K,6,Karpasa - prajati,कार्पास प्रजाति,kārpāsa prajāti,कार्पास प्रजाति,Gossypium arboreum Linn.,AS,Identified with it,[3]
K,6,Karpasa - prajati,कार्पास प्रजाति,kārpāsa prajāti,कार्पास,Gossypium barbadens Linn.,Accepted source,Identified with it,[1]
K,6,Karpasa - prajati,कार्पास प्रजाति,kārpāsa prajāti,कार्पास प्रजाति,Gossypium barbadense Linn.,AS,Identified with it,[3]
K,6,Karpasa - prajati,कार्पास प्रजाति,kārpāsa prajāti,कार्पास,Gossypium herbaccum Linn.,AS,Identified with it,[3]
K,6,Karpasa - prajati,कार्पास प्रजाति,kārpāsa prajāti,कार्पास,Gossypium herbaceum Linn.,Accepted source,Identified with it,[1]
K,6,Karpasa - prajati,कार्पास प्रजाति,kārpāsa prajāti,कार्पास प्रजाति,Gossypium hirstum Linn.,AS,Identified with it,[3]
K,6,Karpasa - prajati,कार्पास प्रजाति,kārpāsa prajāti,कार्पासी,Hibiscus cancellatus Roxb.,Most probable,According to descriptions it is a plant resembling cotton plant and known as Vanakarpasi and this species is popularly known as it,[1]
K,6,Karpasa - prajati,कार्पास प्रजाति,kārpāsa prajāti,कार्पासी,Thespesia lampas Dalz. & Gibs.,Most probable,According to descriptions it is a plant resembling cotton plant and known as Vanakarpasi and this species is popularly known as it,[1]
K,6,Karpasi,कार्पासी,kārpāsī,कार्पास प्रजाति,Gossypium arboreum Linn.,AS,Identified with it,[3]
K,6,Karpasi,कार्पासी,kārpāsī,कार्पास,Gossypium barbadens Linn.,Accepted source,Identified with it,[1]
K,6,Karpasi,कार्पासी,kārpāsī,कार्पास प्रजाति,Gossypium barbadense Linn.,AS,Identified with it,[3]
K,6,Karpasi,कार्पासी,kārpāsī,कार्पास,Gossypium herbaccum Linn.,AS,Identified with it,[3]
K,6,Karpasi,कार्पासी,kārpāsī,कार्पास,Gossypium herbaceum Linn.,Accepted source,Identified with it,[1]
K,6,Karpasi,कार्पासी,kārpāsī,कार्पास प्रजाति,Gossypium hirstum Linn.,AS,Identified with it,[3]
K,6,Karpasi,कार्पासी,kārpāsī,कार्पासी,Hibiscus cancellatus Roxb.,Most probable,According to descriptions it is a plant resembling cotton plant and known as Vanakarpasi and this species is popularly known as it,[1]
K,6,Karpasi,कार्पासी,kārpāsī,कार्पासी,Thespesia lampas Dalz. & Gibs.,Most probable,According to descriptions it is a plant resembling cotton plant and known as Vanakarpasi and this species is popularly known as it,[1]
K,6,Karpura,कर्पूर,karpūra,कर्पूर,Cinnamomum camphora Nees & Eberm.,AS,Identified with it,[3]
K,6,Karpura,कर्पूर,karpūra,कर्पूर,Cinnamonum camphora Nees and Eberm.,Suggested source 1,Identified with it,[1]
K,6,Karpura,कर्पूर,karpūra,कर्पूर,Dryobalanops aromatica Gaertn.f.,Suggested source 2,Identified with it,[1]
K,6,Karpura - jati,कर्पूर जाति,karpūra jāti,कर्पूर जाति,Dryobalanops aromatica Gaertn. f.,AS,This is known as ‘Barus camphor’ as its available in Borneo and Sumatra regions,[3]
K,6,Kasa,काश,kāśa,काश,Saccharum spontaneum Linn.,Accepted source,Identified with it,[1]
K,6,Kasa,काश,kāśa,काश,Saccharum spontaneum Linn.,AS,Identified with it,[3]
K,6,Kasamarda,कासमर्द,kāsamarda,कासमर्द,Cassia occidentalis Linn.,Accepted source,Identified with it,[1]
K,6,Kasamarda,कासमर्द,kāsamarda,कासमर्द,Cassia occidentalis Linn.,AS,Identified with it,[3]
K,6,Kasamarda - jati,कासमर्द जाति,kāsamarda jāti,कासमर्द जाति,Cassia sophera Linn.,AS,Identified with it,[3]
K,6,Kasani,कासनी,kāsanī,कासनी जाति,Cichorium endivia Linn.,AS,This species is the cultivated form of Kasani,[3]
K,6,Kasani,कासनी,kāsanī,कासनी,Cichorium intybus Linn.,SA,Identified with it,[3]
K,6,Kasani - jati,कासनी जाति,kāsanī jāti,कासनी जाति,Cichorium endivia Linn.,AS,This species is the cultivated form of Kasani,[3]
K,6,Kasani - jati,कासनी जाति,kāsanī jāti,कासनी,Cichorium intybus Linn.,SA,Identified with it,[3]
K,7,Kaseru,कसेरु,kaseru,कसेरु,Scirpus grossus Linn.f.,Suggested source 2,Identified with it,[1]
K,7,Kaseru,कसेरु,kaseru,कसेरु,Scripus kysoor Roxb.,Suggested source 1,Identified with it,[1]
K,7,Kaseruka,कसेरुक,kaseruka,कसेरुक,Cyperus esculentus Linn.,Most probable,May be Kaseruka,[1]
K,7,Kaseruka,कसेरुक,kaseruka,कसेरुक,Scirpus grossus Linn. f.,AS 2,Identified with it,[3]
K,7,Kaseruka - prakara,कसेरुक प्रकार,kaseruka prakāra,कसेरुक प्रकार,Scirpus articulatus Linn.,AS 2,This is the small variety of Kaseruka which is identifiedwith this species,[3]
K,7,Kaseruka - prakara,कसेरुक प्रकार,kaseruka prakāra,कसेरुक प्रकार,Scirpus tuberosus Desf.,AS 3,This is the bigger variety of Kaseruka (Rajakaseruka)which is identified with this species,[3]
K,7,Kasmari,काश्मरी,kāśmarī,काश्मरी,Gmelina arborea,Accepted source,Kasmari is correlated to this species,[2]
K,7,Kasmari,काश्मरी,kāśmarī,काश्मरी,Gmelina arborea Linn.,Accepted source,Identified with it,[1]
K,7,Kasthadaru,काष्ठदारु,kāṣṭhadāru,काष्ठदारु,Polyalthia longifolia Thw.,EX,Kasthadaru is correlated to this species,[3]
K,7,Kasthagodha,काष्ठगोधा,kāṣṭhagodhā,काष्ठगोधा,Cayratia pedata (Wall.) Gagnep.,Most probable,Some identify this plant with this species,[1]
K,7,Kasthaluka,काष्ठालुक,kāṣṭhāluka,काष्ठालुक,Dioscorea sp.,Accepted source,It is one kind of Aluka which have been identified with different kinds of Dioscorea species,[1]
K,7,Kasthapatala,काष्ठपाटला,kāṣṭhapāṭalā,काष्ठपाटला,Schrebera sweitenioides Roxb.,Accepted source,Identified with it,[1]
K,7,Katabhi,कटभी,kaṭabhī,कटभी,Albizzia lucida Benth.,Accepted source,Katabhi' is identified with this species,[5]
K,7,Katabhi,कटभी,kaṭabhī,कटभी,Albizzia procera (Roxb.) Benth.,Accepted source,"According to Thakur Balwant Singh, 'Katabhi' is identified with this species",[5]
K,7,Katabhi,कटभी,kaṭabhī,कटभी,Albizzia procera Benth.,Accepted source,Identified with it,[1]
K,7,Kataka,कतक,kataka,कतक,Strychnos potatorum Linn.,AS,Identified with it,[3]
K,7,Kataka,कतक,kataka,कतक,Strychnos potatorum Linn. f.,Accepted source,Identified with it,[1]
K,7,Kathinjara,कठिञ्जर,kaṭhiñjara,कठिञ्जर,Digera muricata (Linn.) Mart.,Suggested source,Suggest to take Digera muricata for Kathinjara,[1]
K,7,Kathinjara,कठिञ्जर,kaṭhiñjara,कठिञ्जर,Digeria muricata (Linn.) Mart.,Most probable,Kathinjara is mentioned under the 'Saka varga' in Caraka and Susruta samhita; With regard to properties given in the texts it is identified with this species  by Thakur Balwant Singh,[5]
K,7,Katphala,कट्फल,kaṭphala,कट्फल,Careya arborea Roxb.,Substituted source,Kumbhi is sometimes considered as a synonym of Katphala for which Careya arborea is been given as a correlation and hence used a substitute for Katphala,[1]
K,7,Katphala,कट्फल,kaṭphala,कट्फल,Myrica esculenta Buch-Ham.,AS,Identified with it,[3]
K,7,Katphala,कट्फल,kaṭphala,कट्फल,Myrica nagi Thunb.,Accepted source,Identified with it,[1]
K,7,Kattrna,कट्तृण,kaṭtṛṇa,कट्तृण,Cymbopogon citratus (DC.) Stapf,Most probable,It may be identified with this species,[1]
K,7,Kattrna,कट्तृण,kaṭtṛṇa,कट्तृण,Cymbopogon Jwarancusa Schult.,Most probable,Kattrna is mentioned as one of the drugs of 'Stanyajanana mahakasaya' (galactogogue drugs); Drugs mentioned in this group are grass variety and according to the author this species is correlated to it,[5]
K,7,Katuka,कटुका,kaṭukā,कटुका,Gentiana kurroo,SUB,This species is used as a substitute for Katuka,[3]
K,7,Katuka,कटुका,kaṭukā,कटुका,Gentiana kurroo Royle,Controversial,Katuka has been confused with another plant called Karu which is correlated to Gentiana kurroo; This has been identified with Tryamana,[1]
K,7,Katuka,कटुका,kaṭukā,कटुका,Picrorhiza kurroa Royle ex Benth,AS,Katuka is correlated to this species,[3]
K,7,Katuka,कटुका,kaṭukā,कटुका,Picrorhiza kurroa Royle ex Benth.,Accepted source,identified with it,[1]
K,7,Katuka,कटुका,kaṭukā,कटुका,Picrorhiza kurroa Ryole ex Benth.,Accepted source,It is identified with  this species,[5]
K,7,Katuparni,कटुपर्णी,kaṭuparṇī,कटुपर्णी,Argemone mexicana,Most probable,"Madanapala and Bhavaprakasha nighantu mentioned 'Katuparni' as a synonym of 'Svarnaksiri'; This is actually 'Hirvi' correlated to Euphorbia thomsoniana but nowadays Satyanashi is used which is correlated to Argemone mexicana; In Bhavaprakasa, root of Katuparni is called 'Coka'; Hirvi is sold in Punjab as Coka and in other places Satyanashi is sold as Coka so its a dilemma to decide which is the real one; But the description given by nighantus points towards it being Hirvi",[5]
K,7,Katuparni,कटुपर्णी,kaṭuparṇī,कटुपर्णी,Euphorbia thomsoniana,Accepted source,Madanapala and Bhavaprakasha nighantu mentioned Katuparni as a synonym of Svarnaksiri; This is actually 'Hirvi' correlated to Euphorbia thomsoniana; The description given by nighantus points towards it being Hirvi,[5]
K,7,Katutumbi,कटुतुम्बी,kaṭutumbī,कटुतुम्बी,Lageneria vulgaris,Accepted source,Identified with this species,[5]
K,7,Katvanga,कट्वङ्ग,kaṭvaṅga,कट्वङ्ग,Ailanthus sp.,SS,Katvanga phala is mentioned as Mahanimba phala at some places. With regard to it this species is suggested,[1]
K,7,Katvi,कट्वी,kaṭvī,कट्वी,Viscum monoicum Roxb. ex DC.,Accepted source,It has been cited in Raja nighantu and identified with this species,[5]
K,7,Kebuka,केबुक,kebuka,केबुक,Commelina sp.,Controversial,Dalhana has given Kesura as its popular name which is correlated to Commelina species and hence causes confusion,[1]
K,7,Kebuka,केबुक,kebuka,केबुक,Costus speciosus (Koeing Sm.),AS,Identified with it,[3]
K,7,Kebuka,केबुक,kebuka,केबुक,Costus speciosus (Koen.) Sm.,Accepted source,Identified with it,[1]
K,7,Kedara,केदार,kedāra,शालि,Oryza sativa Linn.,Accepted source,Identified with it,[1]
K,7,Kedara,केदार,kedāra,षष्टिक,Oryza sativa Linn.,Accepted source,Identified with it,[1]
K,7,Kedara,केदार,kedāra,व्रीही,Oryza sativa Linn.,Accepted source,Identified with it,[1]
K,7,Kedara,केदार,kedāra,कलम,Oryza sativa Linn. var.,Accepted source,"identified with it, VARIETY ?",[1]
K,7,Kedara,केदार,kedāra,केदार,Rice var.,Suggested source,Is a variety of rice,[1]
K,7,Kedara,केदार,kedāra,कूष्माण्डक,Rice var.,Suggested source,Is a variety of rice,[1]
K,7,Kedara,केदार,kedāra,गन्धल,Rice variety,Suggested source,Is an inferior variety of rice,[1]
K,8,Kekidanda,केकिदंडा,kekidaṃḍā,केकिदंडा,Leea macrophylla,Accepted source,It has been mentioned in Sodala nighantu; Vaidya Bapalal has identified it with this species which is known in Gujarat as ' Mordeni' or 'Mordinda';,[5]
K,8,Ketaka,केतक,ketaka,केतक,Pandanus odorotissimus Linn. f.,AS,Identified with it,[3]
K,8,Ketaka,केतक,ketaka,केतक,Pandanus tectorius Soland. ex Parkinson.,Accepted source,Identified with it,[1]
K,8,Kevika,केविका,kevikā,केविका,Hymenodictyon excelsnm Wall.,Controversial,With regard to its synonyms it is correlated to this species but this species is bitter-astringent in taste where as 'Kevika' is sweet and cold in potency,[5]
K,8,Kevika,केविका,kevikā,केविका,Pandanus sp.,Most probable,Most probably it is a variety of 'Ketaki' which is popularly known as 'Keya' and identified with this species,[5]
K,8,Khadira,खदिर,khadira,खदिर,Acacia catechu Willd.,Accepted source,Identified with it,[1]
K,8,Khadira,खदिर,khadira,खदिर,Acacia catechu Willd.,AS,Identified with it,[3]
K,8,Khadira - bheda,खदिर भेद,khadira bheda,खदिर भेद,Acacia pennata,Most probable,Three varieties of 'Khadira' are mentioned in various nighantus but in Raja nighantu two more varieties are mentioned as 'Tamrakantaka' and 'Ari'; 'Tamrakantaka' is considered as a type of 'Khadira' and most probably correlated to this species,[5]
K,8,Khadira - jati,खदिर जाति,khadira jāti,खदिर जाति,Acacia catechu Willd. Var. Catechu proper,AS,This variety is found in North India,[3]
K,8,Khadira - jati,खदिर जाति,khadira jāti,खदिर जाति,Acacia catechu Willd. Var. Catechuoides,AS,This variety is found in East India,[3]
K,8,Khadira - jati,खदिर जाति,khadira jāti,खदिर जाति,Acacia catechu Willd. Var. suma Buch. Ham.,AS,"This variety is found in Bengal, Bihar and western India",[3]
K,8,Khadira - jati,खदिर जाति,khadira jāti,खदिर जाति,Acacia catechu Willd. Var. sundra.,AS,This variety is found in South India,[3]
K,8,Kharapushpa,खरपुष्पा,kharapuṣpā,खरपुष्पा,"Labiatae, hairy and aromatic plants",Suggested source,This is considered as a source which is not identified satisfactorily,[1]
K,8,Kharbuja,खर्बूजा,kharbūjā,खर्बूजा,Cucumis melo Linn.,AS,It is identified with this species,[4]
K,8,Kharbuja,खर्बूजा,kharbūjā,खर्बूजा,Phoenix acaulis Buch.-Ham.,Suggested source 4,Identified with it,[1]
K,8,Kharbuja,खर्बूजा,kharbūjā,खर्बूजा,Phoenix dactylifer Linn.,Suggested source 2,Identified with it; Fruits of this are used,[1]
K,8,Kharbuja,खर्बूजा,kharbūjā,खर्बूजा,Phoenix humilis Royle,Suggested source 3,Identified with it,[1]
K,8,Kharbuja,खर्बूजा,kharbūjā,खर्बूजा,Phoenix sylvestris Roxb.,AS,It is identified with this species,[3]
K,8,Kharbuja,खर्बूजा,kharbūjā,खर्बूजा,Phoenix sylvestris Roxb.,AS,It is identified with this species,[4]
K,8,Kharbuja,खर्बूजा,kharbūjā,खर्बूजा,Phoenix sylvestris Roxb.,Suggested source 1,Identified with it; Fruits of this are used,[1]
K,8,Kharjur,खर्जूर,kharjūra,खर्जूर,Phoenix acaulis Buch.-Ham.,Suggested source 4,Identified with it,[1]
K,8,Kharjur,खर्जूर,kharjūra,खर्जूर,Phoenix dactylifer Linn.,Suggested source 2,Identified with it; Fruits of this are used,[1]
K,8,Kharjur,खर्जूर,kharjūra,खर्जूर,Phoenix humilis Royle,Suggested source 3,Identified with it,[1]
K,8,Kharjur,खर्जूर,kharjūra,खर्जूर,Phoenix sylvestris Roxb.,Accepted source,It is identified with this species,[3]
K,8,Kharjur,खर्जूर,kharjūra,खर्जूर,Phoenix sylvestris Roxb.,Accepted source,It is identified with this species,[4]
K,8,Kharjur,खर्जूर,kharjūra,खर्जूर,Phoenix sylvestris Roxb.,Suggested source 1,Identified with it; Fruits of this are used,[1]
K,8,Kharjura - prakara,खर्जूर प्रकार,kharjūra prakāra,खर्जूर प्रकार,Phoenix acaulis Roxb.,AS,This species is the Bhukharjuri of Ayurveda,[3]
K,8,Kharjura - prakara,खर्जूर प्रकार,kharjūra prakāra,खर्जूर प्रकार,Phoenix dactylifera Linn.,AS,This species is the Pindakharjura of Ayurveda,[3]
K,8,Khatmi,खत्मी,khatmī,खत्मी,Althoea officinalis Linn.,AS,Khatmi is correlated to this species,[3]
K,8,Khavalli,खवल्ली,khavallī,खवल्ली,Cassytha filiformis Linn.,Controversial,Has been mentioned in nighantus; Widely known by the name 'Akasavalli'; Two species are used as 'Khavalli' and this is one among them,[5]
K,8,Khavalli,खवल्ली,khavallī,खवल्ली,Cuscuta reflexa Roxb.,Suggested source,Khavalli has been described in the nighantus; Two species are widely known as 'Khavalli' and this species is one among them,[5]
K,8,Kilima,किलिम,kilima,किलिम,Pinus excelsa Wall.,Most probable,Pinus excelsa is known by the local names Kaila and Kolaina in the region of Garhawal; so there is a possibility that Kilima might be a synonym of Devadaru or a variety of Sarala,[1]
K,8,Kilima,किलिम,kilima,किलिम,Pinus longifolia Roxb.,Most probable,Pinus longifolia is known by the local names Kaila and Kolaina in the region of Garhawal; so there is a possibility that Kilima might be a synonym of Devadaru or a variety of Sarala,[1]
K,8,Kimpaka,किम्पाक,kimpāka,किम्पाक,Trichosamthus palmata Roxb.,Accepted source,Kimpaka' is mentioned in Paryayaratnamala and Nighantusesha as a synonym of 'Mahakala'; It is identified with this species which is popularly known as 'Mahakara'; 'Kimpaka' is also mentioned as a synonym of 'Karaskara'; The above mentioned 'Mahakala' is a creeper where as 'Karaskara' is a tree so this holds more weightage as 'Kimpaka' is a tree; With regard to this 'Karaskara' should be considered as 'Kimpaka',[5]
K,8,Kinihi,किणिही,kiṇihī,किणिही,Albizzia procera (Roxb.) Benth.,Accepted source,Identified with it,[1]
K,8,Kinihi,किणिही,kiṇihī,किणिही,Albizzia procera.,Accepted source,Kinihi' is identified with this species,[5]
K,8,Kinkini,किङ्किणी,kiṅkiṇī,किङ्किणी,Flacourtia sepiaria Roxb.,Most probable,It may be a type of 'Vikankata' which is correlated to this species,[5]
K,8,Kinkirata,किङ्किरात,kiṅkirāta,किङ्किरात,Garuga pinnata Roxb.,Most probable,Its most probably correlated to this species which is known as 'Kenkara',[5]
K,8,Kirata,किरात,kirāta,किरात,Andrographis paniculata Nees.,Suggested source,This species is used as a substitution in the drug market,[1]
K,8,Kirata,किरात,kirāta,किरात,Swertia chirata Buch.-Ham.,Accepted source,Identified with it,[1]
K,8,Kirata,किरात,kirāta,किराततिक्त,Swertia chirayita (Roxb.  ex Flem.) Karst.,,,[3]
K,8,Kiratatikta,किराततिक्त,kirātatikta,किरात,Andrographis paniculata Nees.,Suggested source,This species is used as a substitution in the drug market,[1]
K,8,Kiratatikta,किराततिक्त,kirātatikta,किरात,Swertia chirata Buch.-Ham.,Accepted source,Identified with it,[1]
K,8,Kiratatikta,किराततिक्त,kirātatikta,किराततिक्त,Swertia chirayita (Roxb.  ex Flem.) Karst.,,,[3]
K,8,Kiratatikta - jati,किराततिक्त जाति,kirātatikta jāti,किराततिक्त जाति,Rubia cordifolia,,,[3]
K,8,Kiratatikta - jati,किराततिक्त जाति,kirātatikta jāti,किराततिक्त जाति,Swertia alata (D. Don.) Royle ex C. B. Clarke,,,[3]
K,8,Kiratatikta - jati,किराततिक्त जाति,kirātatikta jāti,किराततिक्त जाति,Swertia angustifolia,,,[3]
K,8,Kiratatikta - jati,किराततिक्त जाति,kirātatikta jāti,किराततिक्त जाति,Swertia ciliata (G. Don.) Burtt.,,,[3]
K,8,Kiratatikta - jati,किराततिक्त जाति,kirātatikta jāti,किराततिक्त जाति,Swertia lawii Burkill,,,[3]
K,8,Kiratatikta - jati,किराततिक्त जाति,kirātatikta jāti,किराततिक्त जाति,Swertia paniculata Wall.,,,[3]
K,9,Kitamari,कीटमारी,kīṭamārī,कीटमारी,Aristolochia bracteata Retz.,,,[3]
K,9,Kitamari,कीटमारी,kīṭamārī,कीटमारी,Aristolochia bracteata Retz.,Accepted source,Kitamari is identified with this species,[5]
K,9,Klitaka,क्लीतक,klītaka,क्लीतक,Astercantha longifolia Nees.,Controversial,Plants like Madhuka and Nili are called as Klitaka and among them Nili can be considered as it has aphrodisiac property which is a striking feature of Klitaka. But its not sure whether Nili can be correlated to this species,[1]
K,9,Klitaka,क्लीतक,klītaka,क्लीतक,Sesbania bispinosa (Jacq.) Fawcett & Rendle,Controversial,Plants like Madhuka and Nili are called as Klitaka and among them Nili can be considered as it has aphrodisiac property which is a striking feature of Klitaka. But its not sure whether Nili can be correlated to this species,[1]
K,9,Kodrava,कोद्रव,kodrava,कोद्रव,Paspalum scrobiculatum Linn.,,,[4]
K,9,Kodrava,कोद्रव,kodrava,कोद्रव,Paspalum scrobiculatum Linn.,Accepted source,Identified with it,[1]
K,9,Kodrava,कोद्रव,kodrava,कोद्रव,Paspalum scrobiculatum Linn.,Accepted source,Identified with it,[1]
K,9,Kodrava - prajati,कोद्रव प्रजाति,kodrava prajāti,कोद्रव प्रजाति,Commersonii Stapf,,,[4]
K,9,Kokilaksa,कोकिलाक्ष,kokilākṣa,कोकिलाक्ष,Asteracantha longifolia Nees.,,,[3]
K,9,Kokilaksa,कोकिलाक्ष,kokilākṣa,कोकिलाक्ष,Astercantha longifolia,Controversial,Cakrapani and Dalhana consider 'Iksuraka' and 'Kokilaksa' as synonyms to one another but 'Kokilaksa' is not mentioned by Caraka; Kokilaksa is mentioned only at fewer places in Susruta and Vagbhata where as under Vajikarna only Iksuraka is mentioned which shows they are two different drugs; But in the nighantus they are mentioned as synonyms of one another; This species is identified with Iksuraka so needs to be studied whether it is such like Iksuraka,[5]
K,9,Kokilaksa,कोकिलाक्ष,kokilākṣa,कोकिलाक्ष,Astercantha longifolia Nees.,Accepted source,Identified with it,[1]
K,9,Kola,कोल,kola,कोल,Zizyphus jujuba Lam.,Accepted source,Identified with it,[1]
K,9,Kola,कोल,kola,कोल,Zizyphus mauritiana Lam.,Accepted source,Its identified with this species,[5]
K,9,Kolakanda,कोलकन्द,kolakanda,कोलकन्द,Urginea indica Kunth.,Accepted source,Kolakanda' has been mentioned in Raja nighantu and identified with this species,[5]
K,9,Kosamra,कोशाम्र,kośāmra,कोशाम्र,Garcinia cowa Roxb.,A-C,It has been identified with this species in Bihar,[1]
K,9,Kosamra,कोशाम्र,kośāmra,कोशाम्र,Schleichera oleosa (Lour) oken.,,,[3]
K,9,Kosamra,कोशाम्र,kośāmra,कोशाम्र,Schleichera oleosa (Lour.) Oken.,,,[4]
K,9,Kosataki,कोशातकी,kośātakī,कोशातकी,Luffa acutangula (Linn.) Roxb.,,,[4]
K,9,Kosataki,कोशातकी,kośātakī,कोशातकी,Luffa acutangula (Linn.) Roxb.var.amara Clarke,Suggested source 1,Identified with it,[1]
K,9,Kosataki,कोशातकी,kośātakī,कोशातकी,Luffa acutangula Roxb.,Suggested source 2,Identified with it,[1]
K,9,Kosataki,कोशातकी,kośātakī,कोशातकी,Luffa cylindrica (Linn.) M. Roem.,Suggested source 3,Identified with it,[1]
K,9,Kosataki,कोशातकी,kośātakī,कोशातकी,Luffa echinata Roxb.,Suggested source 4,Identified with it,[1]
K,9,Kosataki,कोशातकी,kośātakī,कोशातकी,Luffa sp.,Accepted source,Susruta has mentioned four types of Kosataki; All the four are identified with this species,[5]
K,9,Kosataki,कोशातकी,kośātakī,कोशातकी चतुष्टय,Luffa sp.,Accepted source,Susruta has mentioned four types of Kosataki; All the four are identified with this species,[5]
K,9,Kosataki catustaya,कोशातकी चतुष्टय,kośātakī catuṣṭaya,कोशातकी,Luffa acutangula (Linn.) Roxb.,,,[4]
K,9,Kosataki catustaya,कोशातकी चतुष्टय,kośātakī catuṣṭaya,कोशातकी,Luffa acutangula (Linn.) Roxb.var.amara Clarke,Suggested source 1,Identified with it,[1]
K,9,Kosataki catustaya,कोशातकी चतुष्टय,kośātakī catuṣṭaya,कोशातकी,Luffa acutangula Roxb.,Suggested source 2,Identified with it,[1]
K,9,Kosataki catustaya,कोशातकी चतुष्टय,kośātakī catuṣṭaya,कोशातकी,Luffa cylindrica (Linn.) M. Roem.,Suggested source 3,Identified with it,[1]
K,9,Kosataki catustaya,कोशातकी चतुष्टय,kośātakī catuṣṭaya,कोशातकी,Luffa echinata Roxb.,Suggested source 4,Identified with it,[1]
K,9,Kosataki catustaya,कोशातकी चतुष्टय,kośātakī catuṣṭaya,कोशातकी,Luffa sp.,Accepted source,Susruta has mentioned four types of Kosataki; All the four are identified with this species,[5]
K,9,Kosataki catustaya,कोशातकी चतुष्टय,kośātakī catuṣṭaya,कोशातकी चतुष्टय,Luffa sp.,Accepted source,Susruta has mentioned four types of Kosataki; All the four are identified with this species,[5]
K,9,Kovidara,कोविदार,kovidāra,कोविदार,Bauhinia purpurea Linn.,Accepted source,Identified with this species,[5]
K,9,Kovidara,कोविदार,kovidāra,कोविदार,Bauhinia purpurea Linn.,Suggested source,Suggested to use this species as Kovidara,[1]
K,9,Kovidara,कोविदार,kovidāra,कोविदार,Bauhinia variegata,Accepted source,Kovidara is correlated to this species,[2]
K,9,Kovidara,कोविदार,kovidāra,कोविदार,Bauhinia variegata Linn.,Suggested source,Suggested to use this species as Kovidara,[1]
K,9,Kramuka,क्रमुक,kramuka,क्रमुक,Arcea catechu,Accepted source,Kramuka is identified with this species,[2]
K,9,Kramuka,क्रमुक,kramuka,क्रमुक,Lagerstroemia speciosa Pers.,,,[5]
K,9,Kramuka,क्रमुक,kramuka,क्रमुक,Morus indica,Suggested source,Kramuka is found to be a synonym of Tuda in the nighantus  but its clinical usage is nowhere mentioned in the Samhitas; As identification of Kramuka is not established Tuda bark may be used instead of Kramuka,[2]
K,9,Krauncadana,क्रौञ्चादन,krauñcādana,क्रौञ्चादन,Cyperus articulatus Linn.,Most probable,May be identified with it,[1]
K,9,Krauncadana,क्रौञ्चादन,krauñcādana,क्रौञ्चादन,Cyperus esculentus Linn.,Most probable,May be identified with it,[1]
K,9,Krauncadana,क्रौञ्चादन,krauñcādana,क्रौञ्चादन,Scirpus articulatus Linn.,Most probable,May be identified with it,[1]
K,9,Krauncadana,क्रौञ्चादन,krauñcādana,क्रौञ्चादन,Scirpus corymbosus Heyne.,Most probable,May be identified with it,[1]
K,9,Krauncadana - bheda,क्रौञ्चादन भेद,krauñcādana bheda,क्रौञ्चादन भेद,Scirpus articulatus Linn.,Most probable,May be identified with it,[1]
K,9,Krsnabija,कृष्णबीज,kṛṣṇabīja,कृष्णबीज,Ipomoea nil (Linn.) Roth.,,,[3]
K,9,Krsnajiraka,कृष्णजीरका,kṛṣṇajīrakā,कृष्णजीरका,Carum bulbocastanum W. Koch.,,,[3]
K,9,Krsnajiraka,कृष्णजीरका,kṛṣṇajīrakā,कृष्णजीरका,Carum bulbocastanum W. Koch.,Accepted source,Identified with this species,[5]
K,9,Krsnajiraka,कृष्णजीरका,kṛṣṇajīrakā,कृष्णजीरका,Carum carvi Linn.,,,[3]
K,9,Krsnamuskaka,कृष्णमुष्कक,kṛṣṇamuṣkaka,कृष्णमुष्कक,Elaeodendron glaucum Pers.,Accepted source,Identified with this species,[5]
K,9,Krsnasariva,कृष्णसारिवा,kṛṣṇasārivā,कृष्णसारिवा,Cryptolepis buchanani Roem. & Schult.,Accepted source,Identified with this species,[5]
K,9,Krtavedhana,कृतवेधन,kṛtavedhana,कृतवेधन,Cardiospermum sp.,Controversial,Krtavedhana has sometimes been identified with Malakangani which is correlated to Cardiospermum species. Some might use this as a substitute in regard with its features and medicinal use.,[1]
K,9,Krtavedhana,कृतवेधन,kṛtavedhana,कृतवेधन,Luffa acutangula (Linn) Roxb.,,,[3]
K,9,Krtavedhana,कृतवेधन,kṛtavedhana,कृतवेधन,Luffa acutangula (Linn.) Roxb.var.amara Clarke,Accepted source,Identified with it,[1]
K,9,Ksavaka,क्षवक,kṣavaka,क्षवक,Brassica juncea (Linn.) Czern. and Coss.,Controversial,This species has property like that of Ksavaka hence used in its place,[1]
K,9,Ksavaka,क्षवक,kṣavaka,क्षवक,Brassica nigra (Linn.) Koch.,Controversial,This species has property like that of Ksavaka hence used in its place,[1]
K,9,Ksavaka,क्षवक,kṣavaka,क्षवक,Centipeda minima (Linn.) A. Br. & Aschers.,Accepted source,Identified with this species,[5]
K,9,Ksavaka,क्षवक,kṣavaka,क्षवक,Centipeda minima (Linn.) A. Br. et Aschers,Controversial,This species has property like that of Ksavaka hence used in its place,[1]
K,9,Ksavaka,क्षवक,kṣavaka,क्षवक,Centipeda minima (Linn.) A.Br. & Aschers.,,,[3]
K,10,Ksirakakoli,क्षीरकाकोली,kṣīrakākolī,क्षीरकाकोली,Roscoea procera Wall.,Controversial,Tuberous roots of this species are being used as Ksirakakoli,[1]
K,10,Ksiranadi,क्षीरनाडी,kṣīranāḍī,क्षीरनाडी,Pentatropis sp.,Accepted source,"Ksiranadi' has been cited in Sodala nighantu; In Samhitas it was mentioned as Payasya, Ksirini etc; Its identified with this species",[5]
K,10,Ksirapalandu,क्षीरपलाण्डु,kṣīrapalāṇḍu,क्षीरपलाण्डु,Allium wallichii Kunth.,Accepted source,Ksirapalandu' is mentioned only once in Susruta samhita as 'Palandu'; Dalhana in his commentary explains that the 'Palandu' which is milky and sweet in taste is known as 'Ksirapalandu'; It is identified with this species,[5]
K,10,Ksirapalandu,क्षीरपलाण्डु,kṣīrapalāṇḍu,क्षीरपलाण्डु,Liliaceae,Suggested source,Considered as some bulbous orchid,[1]
K,10,Ksirapalandu,क्षीरपलाण्डु,kṣīrapalāṇḍu,क्षीरपलाण्डु,Orchid - bulbuous,?,?,[1]
K,10,Ksirika,क्षीरिका,kṣīrikā,क्षीरिका,Manilkara hexandra Roxb.,,,[4]
K,10,Ksirika,क्षीरिका,kṣīrikā,क्षीरिका,Mimusops hexandra Roxb.,Most probable,According to Dalhana it is Mimusops hexandra,[1]
K,10,Ksutkari,क्षुतकरी,kṣutakarī,क्षुतकरी,Centipeda orbicularis,Suggested source,Has been mentioned in Sodala nighantu; Vaidya Bapalal has identified it with this species but with regard to its synonyms it seems to be a different species and hence needs to be studied,[5]
K,10,Kuberaksi,कुबेराक्षी,kuberākṣī,कुबेराक्षी,Radermachera xylocarpa,Accepted source,It is identified with this species,[5]
K,10,Kubjaka,कुब्जक,kubjaka,कुब्जक,Rosa moschata Herrm.,Accepted source,Considered as a species of Rose,[1]
K,10,Kucala,कुचला,kucalā,कुचला,Strychnos nuxvomica Linn.,Accepted source,Kucala is identified with this species,[5]
K,10,Kucandana,कुचन्दन,kucandana,कुचन्दन,Caesalpinia sappan Linn.,Accepted source,Is a variety of Candana and identified with this species,[5]
K,10,Kuduhunci,कुडुहूञ्ची,kuḍuhūñcī,कुडुहूञ्ची,Momordica tuberosa (Roxb.) Cogn.,Accepted source,In Raja nighantu it has been mentioned as a variety of Trapusa; Botanists from Bangalore have identified it with this species; This species has all the features and properties as mentioned in the ancient texts,[5]
K,10,Kukkuta,कुक्कुट,kukkuṭa,कुक्कुटी,Chlorophytum sp.,Suggested source,"In Astanga sangraha, Kukkuti has been described in the chapter of Rasayana (rejuvenatives) after the explanation of Lasuna (garlic) and Palandu (onion); Kukkuti is mentioned in Susruta samhita and Astanga hrdaya; Based on the description given by Dalhana the author has suggested this species",[5]
K,10,Kukkuta,कुक्कुट,kukkuṭa,कुक्कुट,Fritillaria roylei Hook.,Most probable,This species is taken into consideration as it has resemblance to features described in the texts,[1]
K,10,Kukkuta,कुक्कुट,kukkuṭa,कुक्कुटी,Fritillaria sp.,Suggested source,"In Astanga sangraha, Kukkuti has been described in the chapter of Rasayana (rejuvenatives) after the explanation of Lasuna (garlic) and Palandu (onion); Kukkuti is mentioned in Susruta samhita and Astanga hrdaya; Some of them consider it to be a type of lasuna which is correlated to this species",[5]
K,10,Kukkuta,कुक्कुट,kukkuṭa,कुक्कुट,Polygonum affine Don.,Most probable,This species is taken into consideration as it has resemblance to features described in the texts,[1]
K,10,Kukkuta,कुक्कुट,kukkuṭa,कुक्कुटी,Polygonum sp.,Suggested source,"In Astanga sangraha, 'Kukkuti' has been described in the chapter of Rasayana (rejuvenatives) after the explanation of 'Lasuna' (garlic) and 'Palandu' (onion); 'Kukkuti' is mentioned in Susruta samhita and Astanga hrdaya; Some of them consider it to be a type of lasuna which is correlated to this species",[5]
K,10,Kukkuti,कुक्कुटी,kukkuṭī,कुक्कुटी,Chlorophytum sp.,Suggested source,"In Astanga sangraha, Kukkuti has been described in the chapter of Rasayana (rejuvenatives) after the explanation of Lasuna (garlic) and Palandu (onion); Kukkuti is mentioned in Susruta samhita and Astanga hrdaya; Based on the description given by Dalhana the author has suggested this species",[5]
K,10,Kukkuti,कुक्कुटी,kukkuṭī,कुक्कुट,Fritillaria roylei Hook.,Most probable,This species is taken into consideration as it has resemblance to features described in the texts,[1]
K,10,Kukkuti,कुक्कुटी,kukkuṭī,कुक्कुटी,Fritillaria sp.,Suggested source,"In Astanga sangraha, Kukkuti has been described in the chapter of Rasayana (rejuvenatives) after the explanation of Lasuna (garlic) and Palandu (onion); Kukkuti is mentioned in Susruta samhita and Astanga hrdaya; Some of them consider it to be a type of lasuna which is correlated to this species",[5]
K,10,Kukkuti,कुक्कुटी,kukkuṭī,कुक्कुट,Polygonum affine Don.,Most probable,This species is taken into consideration as it has resemblance to features described in the texts,[1]
K,10,Kukkuti,कुक्कुटी,kukkuṭī,कुक्कुटी,Polygonum sp.,Suggested source,"In Astanga sangraha, 'Kukkuti' has been described in the chapter of Rasayana (rejuvenatives) after the explanation of 'Lasuna' (garlic) and 'Palandu' (onion); 'Kukkuti' is mentioned in Susruta samhita and Astanga hrdaya; Some of them consider it to be a type of lasuna which is correlated to this species",[5]
K,10,Kukundara,कुकुन्दर,kukundara,कुकुन्दर,Blumea lacera DC.,,,[3]
K,10,Kukundara - prajati,कुकुन्दर प्रजाति,kukundara prajāti,कुकुन्दर प्रजाति,Blumea balsamifera DC.,,,[3]
K,10,Kukundara - prajati,कुकुन्दर प्रजाति,kukundara prajāti,कुकुन्दर प्रजाति,Blumea densiflora DC.,,,[3]
K,10,Kukundara - prajati,कुकुन्दर प्रजाति,kukundara prajāti,कुकुन्दर प्रजाति,Blumea erientha DC.,,,[3]
K,10,Kukurunda,कुकुरुन्द,kukurunda,कुकुरुन्द,Blumea lacera DC.,Accepted source,Identified with it; It is mentioned in Madhavadravya guna; In Bhavaprakasa it is known by the name 'Kukundara',[5]
K,10,Kulahala,कुलाहल,kulāhala,कुलाहल,Blumea balsmifera DC.,Most probable,"According to Desai, Kulahala is called as Kalahada in Gujrat which is correlated to this species",[1]
K,10,Kulahala,कुलाहल,kulāhala,कुलाहल,Blumea lacera DC.,Most probable,"According to Desai, Kulahala is called as Kalahada in Gujrat which is correlated to this species",[1]
K,10,Kulahala,कुलाहल,kulāhala,कुलाहल,Blumea sp.,Most probable,Dalhana has identified it with Mundika which is correlated to Sphaeranthus species,[1]
K,10,Kulahala,कुलाहल,kulāhala,कुलाहल,Sphaeranthus sp.,Accepted source,"Kulahala has been mentioned in Susruta samhita, Astanga hridaya but nowhere mentioned in Caraka samhita; Dalhana has interpreted it as 'Munditaka'; Based on this it should be considered as 'Mundi' which is identified with this species",[5]
K,10,Kulahala,कुलाहल,kulāhala,कुलाहल,Sphaeranthus sp.,Most probable,Others have identified it with Kukurasunga which is correlated to Blumea species,[1]
K,10,Kulaka,कुलक,kulaka,कुलक,Trichosanthes anguina Linn.,Most probable,Kulaka is usually identified with Patola or its variety which is correated to this species,[1]
K,10,Kulaka,कुलक,kulaka,कुलक,Trichosanthes cucumerina Linn.,Most probable,Kulaka is usually identified with Patola or its variety which is correated to this species,[1]
K,10,Kulaka,कुलक,kulaka,कुलक,Trichosanthes dioica Roxb.,Most probable,Kulaka is usually identified with Patola or its variety which is correated to this species,[1]
K,10,Kulaka,कुलक,kulaka,कुलक,Trichosanthes sp.,Accepted source,"Kulaka' is not mentioned in Susruta samhita but mentioned in Caraka samhita and Astanga hridaya; Cakrapani has interpreted it as 'Karavellaka' and 'Patolabheda', Arunadatta as 'Kakatinduka'; In Amarakosha and Bhavaprakasha it is given as the synonym of 'Kakatinduka' and 'Patola'; It should be considered as a variety of 'Patola' which is identified with this species",[5]
K,10,Kulanjana,कुलञ्जन,kulañjana,कुलञ्जन,Alpinia galanga Willd.,Accepted source,Raja nighantu has explained 'Kulanjana' in detail where as Bhavaprakasa explained it by the name 'Mahabharivaca'; It is identified by this species,[5]
K,10,Kulattha,कुलत्थ,kulattha,कुलत्थ,Cassia absus Linn.,Accepted source,Identified with this species,[5]
K,10,Kulattha,कुलत्थ,kulattha,कुलत्थ,Dolichos biflorus Linn.,,,[3]
K,10,Kulattha,कुलत्थ,kulattha,कुलत्थ,Dolichos biflorus Linn.,Accepted source,Identified with it,[1]
K,10,Kulatthika,कुलत्थिका,kulatthikā,कुलत्थिका,Cassia absus Linn.,Most probable,"In the Nighantus, Kulatthika has been named as Caksusya which is correlated to Cassia absus",[1]
K,10,Kulatthika,कुलत्थिका,kulatthikā,कुलत्थिका,Dolichos falcatus Linn.,Most probable,May be identified with this species,[1]
K,11,Kulecara,कुलेचर,kulecara,कुलेचर,Mushroom,Suggested source,Is a variety of mushroom,[1]
K,11,Kumarajiva,कुमारजीव,kumārajīva,कुमारजीव,Amaranthus paniculatus Linn.,Accepted source,Caraka Samhita mentions it under the Sakavarga (leafy vegetables); Cakrapani has mentioned 'Kumarajiva' as 'Jivasaka' which shows that 'Jivanta' and 'Kumarajiva' are one and the same; This species is identified as 'Kumarajiva' and 'Jivanta',[5]
K,11,Kumari,कुमारी,kumārī,कुमारी,Aloe variegata Linn.,,,[3]
K,11,Kumari,कुमारी,kumārī,कुमारी,Aloe vera Tourn. ex Linn.,,,[3]
K,11,Kumbhata,कुम्भाट,kumbhāṭa,कुम्भाट,Careya herbacea Roxb.,Accepted source,Mentioned in Paryayaratnamala; Its regional name has been mentioned as 'Kumbhadu'; It might be the smaller variety of Kumbhi which is identified with this species,[5]
K,11,Kumbhi,कुम्भि,kumbhi,कुम्भि,Careya arborea Roxb.,Accepted source,Identified with it; Mentioned in Raja nighantu,[5]
K,11,Kumbhi,कुम्भि,kumbhi,कुम्भि,Careya arborea Roxb.,Most probable,Careya arborea is identified as Kumbhi. Kumbhi has also been used as a substitute for Patala and Katphala and hence the confusion.,[1]
K,11,Kumbhika,कुम्भिका,kumbhikā,कुम्भिका,Pistia stratiotes Linn.,Controversial,"It is correlated to this species as Dalhana has given the name Variparni which is commonly known as Jalakumbhi for Kumbhika in his comments, but this is considered as a tree",[1]
K,11,Kumuda,कुमुद,kumuda,कुमुद,Nymphaea alba Linn.,Accepted source,Identified with it,[1]
K,11,Kumuda,कुमुद,kumuda,कुमुद,Nymphaea nouchali Burm. f.,,,[3]
K,11,Kumuda,कुमुद,kumuda,कुमुद,Nymphaea nouchali Burm.f.,,,[4]
K,11,Kumuda,कुमुद,kumuda,कुमुद,Nymphoea alba Linn.,,,[3]
K,11,Kumuda - prajati,कुमुद प्रजाति,kumuda prajāti,कुमुद प्रजाति,Nymphaea stellata Willd.,,,[3]
K,11,Kunanjara,कुणञ्जर,kuṇañjara,कुणञ्जर,Digeria muricata (Linn.) Mart.,Accepted source,Identified with it,[1]
K,11,Kunayana,कुनयन,kunayana,कुनयन प्रजाति,Cinchona calisaya Wedd.,,,[3]
K,11,Kunayana,कुनयन,kunayana,कुनयन,Cinchona officinalis Linn.,,,[3]
K,11,Kunayana,कुनयन,kunayana,कुनयन प्रजाति,Cinchona succirubra Pav. ex Klotzsch,,,[3]
K,11,Kunayana - prajati,कुनयन प्रजाति,kunayana prajāti,कुनयन प्रजाति,Cinchona calisaya Wedd.,,,[3]
K,11,Kunayana - prajati,कुनयन प्रजाति,kunayana prajāti,कुनयन,Cinchona officinalis Linn.,,,[3]
K,11,Kunayana - prajati,कुनयन प्रजाति,kunayana prajāti,कुनयन प्रजाति,Cinchona succirubra Pav. ex Klotzsch,,,[3]
K,11,Kuncika,कुञ्चिका,kuñcikā,कुञ्चिका,Trigonella foenum graecum Linn.,Most probable,Considered similar to Methi which is correlated to this species,[1]
K,11,Kunda,कुन्द,kunda,कुन्द भेद,Jasmimum arborescens Roxb.,Most probable,"Vasanti, Navamallika and Naipali are considered by many to be the names of a variety of Kunda which is identified as this species",[1]
K,11,Kunda,कुन्द,kunda,कुन्द,Jasminum multiflorum Andr.,Accepted source,Identified with it,[1]
K,11,Kunda - bheda,कुन्द भेद,kunda bheda,कुन्द भेद,Jasmimum arborescens Roxb.,Most probable,"Vasanti, Navamallika and Naipali are considered by many to be the names of a variety of Kunda which is identified as this species",[1]
K,11,Kunda - bheda,कुन्द भेद,kunda bheda,कुन्द,Jasminum multiflorum Andr.,Accepted source,Identified with it,[1]
K,11,Kunduru,कुन्दुरु,kunduru,कुन्दुरु,Boswellia serrata Roxb.,Accepted source,Is the gum of Boswellia serrata,[1]
K,11,Kunkuma,कुङ्कुम,kuṅkuma,कुङ्कुम,Crocus sativus Linn.,,,[3]
K,11,Kunkuma,कुङ्कुम,kuṅkuma,कुङ्कुम,Crocus sativus Linn.,Accepted source,Identified with it,[1]
K,11,Kunkuma,कुङ्कुम,kuṅkuma,कुङ्कुम,Euonymus tingens Wall.,Substituted source,With regard to its uses this can serve as a substitute,[1]
K,11,Kuntali,कुन्तली,kuntalī,कुन्तलिका,Corchorum sp.                    .,Accepted source,Based on the description given by Dalhana it is identified with this species,[5]
K,11,Kuntali,कुन्तली,kuntalī,कुन्तली,Corchorus sp.,Most probable,Kuntali may be Kuntalika mentioned in Susruta which according to Dalhana is similar to Cuccu which may be a Corchorus species,[1]
K,11,Kuntalika,कुन्तलिका,kuntalikā,कुन्तलिका,Corchorum sp.                    .,Accepted source,Based on the description given by Dalhana it is identified with this species,[5]
K,11,Kuntalika,कुन्तलिका,kuntalikā,कुन्तली,Corchorus sp.,Most probable,Kuntali may be Kuntalika mentioned in Susruta which according to Dalhana is similar to Cuccu which may be a Corchorus species,[1]
K,11,Kupilu,कुपीलु,kupīlu,कुपीलु,Strychnos nuxvomica Linn.,,,[3]
K,11,Kurabaka,कुरबक,kurabaka,कुरबक,Erythrina sp.,Substituted source,Needs to be studied whether this species can be used as a substitute,[1]
K,11,Kurabaka,कुरबक,kurabaka,कुरबक,Osmanthus sp.,Substituted source,Needs to be studied whether this species can be used as a substitute,[1]
K,11,Kurabaka,कुरबक,kurabaka,कुरबक,Rhododendron arboreum Sm.,Suggested source,This species is tentatively suggested to be used as Kurabaka,[1]
K,11,Kurabaka,कुरबक,kurabaka,कुरबक,Rhododendron barbatum Wall. ex Don,Suggested source,This species is tentatively suggested to be used as Kurabaka,[1]
K,12,Kurantika,कुरण्टिक,kuraṇṭika,कुरण्टिक,Celosia argentea Linn.,Accepted source,Identified with it,[1]
K,12,Kuri,कुरी,kurī,कुरी,Panicum miliare,,,[5]
K,12,Kuri,कुरी,kurī,कुरी प्रकार,Panicum psilopodium Trin. var. coloratum Hook.f.,Accepted source,Its identified with this species,[5]
K,12,Kuri,कुरी,kurī,कुरी प्रकार,Panicum psilopodium Trin. var. Psilopodium.,Accepted source,Its identified with this species,[5]
K,12,Kuri - prakara,कुरी प्रकार,kurī prakāra,कुरी,Panicum miliare,,,[5]
K,12,Kuri - prakara,कुरी प्रकार,kurī prakāra,कुरी प्रकार,Panicum psilopodium Trin. var. coloratum Hook.f.,Accepted source,Its identified with this species,[5]
K,12,Kuri - prakara,कुरी प्रकार,kurī prakāra,कुरी प्रकार,Panicum psilopodium Trin. var. Psilopodium.,Accepted source,Its identified with this species,[5]
K,12,Kuruntika,कुरुण्टिक,kuruṇṭika,कुरुण्टिक,Calosia argentea Linn.           .,Accepted source,Identified with this species,[5]
K,12,Kusa,कुश,kuśa,कुश,Desmostachya bipinnata Stapf,Accepted source,Identified with it,[1]
K,12,Kusa,कुश,kuśa,कुश,Desmostachya bipinnata Stapf.,,,[3]
K,12,Kusa,कुश,kuśa,कुश,Desmostachya bipinnata Stapf.,Accepted source,Identified with this species,[5]
K,12,Kusa,कुश,kuśa,कुश भेद,Imperata cylindrica Beauv.,,,[3]
K,12,Kusa - bheda,कुश भेद,kuśa bheda,कुश,Desmostachya bipinnata Stapf,Accepted source,Identified with it,[1]
K,12,Kusa - bheda,कुश भेद,kuśa bheda,कुश,Desmostachya bipinnata Stapf.,,,[3]
K,12,Kusa - bheda,कुश भेद,kuśa bheda,कुश,Desmostachya bipinnata Stapf.,Accepted source,Identified with this species,[5]
K,12,Kusa - bheda,कुश भेद,kuśa bheda,कुश भेद,Imperata cylindrica Beauv.,,,[3]
K,12,Kusimsipa,कुशिंशपा,kuśiṃśapā,कुशिंशपा,Dalbergia sissoides Grah.,Most probable,Kusimsipa' has been mentioned in 'Nighantusesha' as a type of 'Simsapa'; There is a mention of it even in Kaideva nighantu; It may be correlated to this species as the colour of the pithwood is slightly lighter when compared to Simsapa,[5]
K,12,Kusmanda,कूष्माण्ड,kūṣmāṇḍa,कूष्माण्ड,Benincasa hispida (Thunb.) Cogn.,,,[3]
K,12,Kusmanda,कूष्माण्ड,kūṣmāṇḍa,कूष्माण्ड,Benincasa hispida (Thunb.) Cogn.,Accepted source,Identified with it,[1]
K,12,Kusmanda,कूष्माण्ड,kūṣmāṇḍa,कूष्माण्ड,Cucurbita pepo F. I.,Accepted source,Identified with it,[1]
K,12,Kusmanda,कूष्माण्ड,kūṣmāṇḍa,कूष्माण्ड,Cucurbita pepo Linn.,Accepted source,Identified with it,[1]
K,12,Kustha,कुष्ठ,kuṣṭha,कुष्ठ,Saussurea lappa C. B. Clarke,Accepted source,Identified with it,[1]
K,12,Kustha,कुष्ठ,kuṣṭha,कुष्ठ,Saussurea lappa C. B. Clarke.,,,[3]
K,12,Kustha,कुष्ठ,kuṣṭha,कुष्ठ,Saussurea lappa C.B. Clarke.,Accepted source,It is presently identified with this species,[5]
K,12,Kustha,कुष्ठ,kuṣṭha,कुष्ठ,Sausurea lappa C-B-Clerke.,?,?,[2]
K,12,Kusumandaka,कूष्माण्डक,kūṣmāṇḍaka,शालि,Oryza sativa Linn.,Accepted source,Identified with it,[1]
K,12,Kusumandaka,कूष्माण्डक,kūṣmāṇḍaka,षष्टिक,Oryza sativa Linn.,Accepted source,Identified with it,[1]
K,12,Kusumandaka,कूष्माण्डक,kūṣmāṇḍaka,व्रीही,Oryza sativa Linn.,Accepted source,Identified with it,[1]
K,12,Kusumandaka,कूष्माण्डक,kūṣmāṇḍaka,कलम,Oryza sativa Linn. var.,Accepted source,"identified with it, VARIETY ?",[1]
K,12,Kusumandaka,कूष्माण्डक,kūṣmāṇḍaka,केदार,Rice var.,Suggested source,Is a variety of rice,[1]
K,12,Kusumandaka,कूष्माण्डक,kūṣmāṇḍaka,कूष्माण्डक,Rice var.,Suggested source,Is a variety of rice,[1]
K,12,Kusumandaka,कूष्माण्डक,kūṣmāṇḍaka,गन्धल,Rice variety,Suggested source,Is an inferior variety of rice,[1]
K,12,Kusumbha,कुसुम्भ,kusumbha,कुसुम्भ,Carthamus tinctorius Linn.,Accepted source,Identified with it,[1]
K,12,Kutaja,कुटज,kuṭaja,कुटज पुंकुटज,Holarrena antidysenterica (Linn.) Wall.,Accepted source,Identified with this species,[5]
K,12,Kutaja,कुटज,kuṭaja,कुटज,Holarrhena antidysenterica (Linn.) Wall.,,,[3]
K,12,Kutaja,कुटज,kuṭaja,कुटज,Holarrhena antidysenterica Wall.,Accepted source,Identified with it,[1]
K,12,Kutaja,कुटज,kuṭaja,कुटज,Wrightia tinctoria R. Br.,Accepted source,Identified with it,[1]
K,12,Kutaja,कुटज,kuṭaja,कुटज जाति,Wrightia tomentosa Roem. & Schult.,,,[3]
K,12,Kutaja,कुटज,kuṭaja,कुटज स्त्री,Wrightia tomentosa Roem. & Schult.,Accepted source,Identified with it,[1]
K,12,Kutaja,कुटज,kuṭaja,कुटज स्त्री,Wrightia tomentosa Roem. & Schult.,Accepted source,"In Caraka samhita, 'Kutaja' has been mentioned of two types-Stri (female) and Purusha (male); Dalhana has interpreted it similarly; 'Strikutaja' is identified with this species",[5]
K,12,Kutaja - jati,कुटज जाति,kuṭaja jāti,कुटज पुंकुटज,Holarrena antidysenterica (Linn.) Wall.,Accepted source,Identified with this species,[5]
K,12,Kutaja - jati,कुटज जाति,kuṭaja jāti,कुटज,Holarrhena antidysenterica (Linn.) Wall.,,,[3]
K,12,Kutaja - jati,कुटज जाति,kuṭaja jāti,कुटज,Holarrhena antidysenterica Wall.,Accepted source,Identified with it,[1]
K,12,Kutaja - jati,कुटज जाति,kuṭaja jāti,कुटज,Wrightia tinctoria R. Br.,Accepted source,Identified with it,[1]
K,12,Kutaja - jati,कुटज जाति,kuṭaja jāti,कुटज जाति,Wrightia tomentosa Roem. & Schult.,,,[3]
K,12,Kutaja - jati,कुटज जाति,kuṭaja jāti,कुटज स्त्री,Wrightia tomentosa Roem. & Schult.,Accepted source,Identified with it,[1]
K,12,Kutaja - jati,कुटज जाति,kuṭaja jāti,कुटज स्त्री,Wrightia tomentosa Roem. & Schult.,Accepted source,"In Caraka samhita, 'Kutaja' has been mentioned of two types-Stri (female) and Purusha (male); Dalhana has interpreted it similarly; 'Strikutaja' is identified with this species",[5]
K,12,Kutaja - prajati,कुटज प्रजाति,kuṭaja prajāti,कुटज प्रजाति,Wrightia coccinea Sims.,,,[3]
K,12,Kutaja - prajati,कुटज प्रजाति,kuṭaja prajāti,कुटज प्रजाति,Wrightia tinctoria R. Br.,,,[3]
K,12,Kutaja - punkutaja,कुटज पुंकुटज,kuṭaja puṃkuṭaja,कुटज पुंकुटज,Holarrena antidysenterica (Linn.) Wall.,Accepted source,Identified with this species,[5]
K,12,Kutaja - punkutaja,कुटज पुंकुटज,kuṭaja puṃkuṭaja,कुटज,Holarrhena antidysenterica (Linn.) Wall.,,,[3]
K,12,Kutaja - punkutaja,कुटज पुंकुटज,kuṭaja puṃkuṭaja,कुटज,Holarrhena antidysenterica Wall.,Accepted source,Identified with it,[1]
K,12,Kutaja - punkutaja,कुटज पुंकुटज,kuṭaja puṃkuṭaja,कुटज,Wrightia tinctoria R. Br.,Accepted source,Identified with it,[1]
K,12,Kutaja - punkutaja,कुटज पुंकुटज,kuṭaja puṃkuṭaja,कुटज जाति,Wrightia tomentosa Roem. & Schult.,,,[3]
K,12,Kutaja - punkutaja,कुटज पुंकुटज,kuṭaja puṃkuṭaja,कुटज स्त्री,Wrightia tomentosa Roem. & Schult.,Accepted source,Identified with it,[1]
K,12,Kutaja - punkutaja,कुटज पुंकुटज,kuṭaja puṃkuṭaja,कुटज स्त्री,Wrightia tomentosa Roem. & Schult.,Accepted source,"In Caraka samhita, 'Kutaja' has been mentioned of two types-Stri (female) and Purusha (male); Dalhana has interpreted it similarly; 'Strikutaja' is identified with this species",[5]
K,12,Kutaja - stri,कुटज स्त्री,kuṭaja strī,कुटज पुंकुटज,Holarrena antidysenterica (Linn.) Wall.,Accepted source,Identified with this species,[5]
K,12,Kutaja - stri,कुटज स्त्री,kuṭaja strī,कुटज,Holarrhena antidysenterica (Linn.) Wall.,,,[3]
K,12,Kutaja - stri,कुटज स्त्री,kuṭaja strī,कुटज,Holarrhena antidysenterica Wall.,Accepted source,Identified with it,[1]
K,12,Kutaja - stri,कुटज स्त्री,kuṭaja strī,कुटज,Wrightia tinctoria R. Br.,Accepted source,Identified with it,[1]
K,12,Kutaja - stri,कुटज स्त्री,kuṭaja strī,कुटज जाति,Wrightia tomentosa Roem. & Schult.,,,[3]
K,12,Kutaja - stri,कुटज स्त्री,kuṭaja strī,कुटज स्त्री,Wrightia tomentosa Roem. & Schult.,Accepted source,Identified with it,[1]
K,12,Kutaja - stri,कुटज स्त्री,kuṭaja strī,कुटज स्त्री,Wrightia tomentosa Roem. & Schult.,Accepted source,"In Caraka samhita, 'Kutaja' has been mentioned of two types-Stri (female) and Purusha (male); Dalhana has interpreted it similarly; 'Strikutaja' is identified with this species",[5]
K,12,Kutumbini,कुटुम्बिनी,kuṭumbinī,कुटुम्बिनी,Pentatropis sp.,Most probable,Kutumbini' has been cited in Raja nighantu; With regard to its properties and morphology its most probably a variety of 'Payasya' which is identified with this species,[5]
K,12,Kuvala,कुवल,kuvala,कुवल,Garcinia cowa Roxb.,Most probable,Likely to be considered as the fruit of Garcinia cowa which is called as Cova or Kusuma in Bihar,[1]
K,12,Kuvala,कुवल,kuvala,कुवल,Schleichera oleosa (Lour.) Merr.,Accepted source,Identified with it,[1]
L,1,Laghukacchu,लघुकच्छू,laghukacchū,लघुकच्छू,Girardenia heterophylla,Suggested source,According to the author Kathobhatt it is identified with this species and needs to be studied,[5]
L,1,Laghukacchu,लघुकच्छू,laghukacchū,लघुकच्छू,Mucuna sp.,Most probable,Vaidya Bapalal considers it to be a variety of 'Kapikacchu' and so most probably it can be identified with this species,[5]
L,1,Lajjalu,लज्जालु,lajjālu,लज्जालु,Mimosa pudica Linn.,,,[3]
L,1,Lajjalu - prajati,लज्जालु प्रजाति,lajjālu prajāti,लज्जालु प्रजाति,Mimosa pudica Linn. Var. hispida Brenan.,,,[3]
L,1,Lajjalu - prajati,लज्जालु प्रजाति,lajjālu prajāti,लज्जालु प्रजाति,Mimosa pudica Linn. Var. tetranda DC.,,,[3]
L,1,Lajjalu - prajati,लज्जालु प्रजाति,lajjālu prajāti,लज्जालु प्रजाति,Mimosa pudica Linn. Var. unijuga Griseb.,,,[3]
L,1,Laksmana,लक्ष्मणा,lakṣmaṇā,लक्ष्मणा,Aralia quinquefolia,Most probable,Taken into consideration as Laksmana as this species posseses similar fertility efficiency,[1]
L,1,Laksmana,लक्ष्मणा,lakṣmaṇā,लक्ष्मणा,Aralia quinquefolia,Suggested source,"With regard to its properties, Thakur Balwant Singh has correlated 'Laksmana' to many species; Aralia quinquefolia is one of the suggested species",[5]
L,1,Laksmana,लक्ष्मणा,lakṣmaṇā,लक्ष्मणा,Cynoglossum lanceolatum Forsk.,Most probable,"With regard to its referances in the texts, the following things can be resolved; Its morphology wasn’t described in the Brhatrayis but there was a mention of its pumsavana karma (…….) and it being included in the 'Saka varga' (group of vegetables) which shows it was a very well known drug; Earlier medieval texts have described its leaves having a shape resembling a child on it; Later medieval texts have mentioned its stem resembling a child; Considering the above the real 'Laksmana' became conspicous and other plants were substituted in its place; Vaidya Bapalal has suggested this species as 'Laksmana' as its used in pumsavana and has similar features as mentioned in the texts",[5]
L,1,Laksmana,लक्ष्मणा,lakṣmaṇā,लक्ष्मणा,Ipomoea sepiaria Koen.,Controversial,"With regard to its properties, Thakur Balwant Singh has correlated Laksmana to many species; Ipomoea sepiaria is one of the suggested species",[5]
L,1,Laksmana,लक्ष्मणा,lakṣmaṇā,लक्ष्मणा,Ipomoea sepiaria Koen.,Most probable,Taken into consideration as Laksmana as this species posseses similar fertility efficiency,[1]
L,1,Laksmana,लक्ष्मणा,lakṣmaṇā,लक्ष्मणा,Ipomoea sepiaria Roxb.,Controversial,"With regard to its properties, Thakur Balwant Singh has correlated Laksmana to many species; Ipomoea sepiaria is one of the suggested species",[5]
L,1,Laksmana,लक्ष्मणा,lakṣmaṇā,लक्ष्मणा,Lasia spinos Thwaites.,Controversial,"With regard to its properties, Thakur Balwant Singh has correlated Laksmana to many species; Lasia spinos is one of the suggested species",[5]
L,1,Laksmana,लक्ष्मणा,lakṣmaṇā,लक्ष्मणा,Lasia spinosa Thwaites,Most probable,Taken into consideration as Laksmana as this species posseses similar fertility efficiency,[1]
L,1,Laksmana,लक्ष्मणा,lakṣmaṇā,लक्ष्मणा,Mandragora autumnalis Spreng.,Controversial,"With regard to its properties, Thakur Balwant Singh has correlated Laksmana to many species; Mandragora autumnalis is one of the suggested species",[5]
L,1,Laksmana,लक्ष्मणा,lakṣmaṇā,लक्ष्मणा,Mandragora autumnalis spreng.,Most probable,Taken into consideration as Laksmana as this species posseses similar fertility efficiency,[1]
L,1,Laksmana,लक्ष्मणा,lakṣmaṇā,लक्ष्मणा,Remusatia vivipara Schott.,Controversial,"With regard to its properties, Thakur Balwant Singh has correlated 'Laksmana' to many species; Remusatia vivipara is one of the suggested species",[5]
L,1,Laksmana,लक्ष्मणा,lakṣmaṇā,लक्ष्मणा,Remusatia vivipara Schott.,Most probable,Taken into consideration as Laksmana as this species posseses similar fertility efficiency,[1]
L,1,Laksmana,लक्ष्मणा,lakṣmaṇā,लक्ष्मणा,Solanum xanthocarpum Schrad. & Wendle.,Substituted source,With regard to its similarity in features this species is considered as its substitute,[1]
L,1,Lakuca,लकुच,lakuca,लकुच,Artocarpus lakoocha Roxb.,,,[3]
L,1,Lakuca,लकुच,lakuca,लकुच,Artocarpus lakoocha Roxb.,,,[4]
L,1,Lakuca,लकुच,lakuca,लकुच,Artocarpus lakoocha Roxb.,Accepted source,Identified with it,[1]
L,1,Lamajja,लामज्ज,lāmajja,लामज्ज,Cymbopogon jwarankusa Schult.,Most probable,Lamajjaka is considered as a variety of Usira. This species is taken into consideration as it is a highly aromatic grass with aromatic roots like that of Usira,[1]
L,1,Lamajja,लामज्ज,lāmajja,लामज्जक,Vetiveria sp.,Accepted source,Lamajjaka' has been mentioned both in Caraka and Susruta samhita; Cakrapani has interpreted it initially as 'Usira' and later as 'Usira bheda'; He has clearly mentioned that the fragrant one is 'Usira' and the non fragrant one is 'Lamajjaka'; In some nighantus 'Usira' and 'Lamajjaka' have been given as synonyms of each other where as in some other nighantus as two different plants; There is a reference in a book that the workers use to get 'Lamajjaka' from the mountains which is similar to the interpretation given by Dalhana; According to the author it is correlated to some Vetiveria species,[5]
L,1,Lamajjaka,लामज्जक,lāmajjaka,लामज्ज,Cymbopogon jwarankusa Schult.,Most probable,Lamajjaka is considered as a variety of Usira. This species is taken into consideration as it is a highly aromatic grass with aromatic roots like that of Usira,[1]
L,1,Lamajjaka,लामज्जक,lāmajjaka,लामज्जक,Vetiveria sp.,Accepted source,Lamajjaka' has been mentioned both in Caraka and Susruta samhita; Cakrapani has interpreted it initially as 'Usira' and later as 'Usira bheda'; He has clearly mentioned that the fragrant one is 'Usira' and the non fragrant one is 'Lamajjaka'; In some nighantus 'Usira' and 'Lamajjaka' have been given as synonyms of each other where as in some other nighantus as two different plants; There is a reference in a book that the workers use to get 'Lamajjaka' from the mountains which is similar to the interpretation given by Dalhana; According to the author it is correlated to some Vetiveria species,[5]
L,1,Langalaka,लाङ्गलक,lāṅgalaka,लाङ्गलक,Costus speciosus (Koen.) Sm.,Market source,This species is sold in the market as Langali as it posseses properties similar to that of Langali,[1]
L,1,Langalaka,लाङ्गलक,lāṅgalaka,लाङ्गलक,Gloriosa superba Linn.,Accepted source,Identified with it,[1]
L,1,Langali,लाङ्गली,lāṅgalī,लाङ्गली,Gloriosa saperba,Accepted source,Langali is correlated to Gloriosa superba,[2]
L,1,Langali,लाङ्गली,lāṅgalī,लाङ्गली,Gloriosa superba Linn.,,,[3]
L,1,Langali,लाङ्गली,lāṅgalī,लाङ्गली,Lippia nodiflora,Controversial,Different synonyms were given for Langali and one among them was Jala pippali which is correlated to this species; This synonym is not retained for the plant at present,[2]
L,1,Langali,लाङ्गली,lāṅgalī,लाङ्गली,Picrorhiza kurroo,?,?,[2]
L,1,Lanka,लङ्का,laṅkā,लङ्का,Capsicum annuum Linn.,,,[3]
L,1,Lanka - prajati,लङ्का प्रजाति,laṅkā prajāti,लङ्का प्रजाति,Capsicum frutescens Linn.,,,[3]
L,1,Lasuna,लशुन,laśuna,लशुन,Allium sativum Linn.,Accepted source,Identified with it,[1]
L,1,Latakasturi,लताकस्तूरी,latākastūrī,लताकस्तूरी,Hibiscus abelmoschus Linn.,,,[3]
L,1,Latakasturi,लताकस्तूरी,latākastūrī,लताकस्तूरी,Hibiscus abelmoschus Linn.,Accepted source,Identified with it,[1]
L,1,Latakasturika,लताकस्तूरिका,latākastūrikā,लताकस्तूरिका,Hibiscus abelmoschus Linn.,Accepted source,Identified with it,[1]
L,1,Lavali,लवली,lavalī,लवली,Cicca acida (Linn.) Merr.,,,[4]
L,1,Lavali,लवली,lavalī,लवली,Cicca acida (Linn.) Merrill,Accepted source,Identified with it,[1]
L,1,Lavali,लवली,lavalī,लवली,Cicca acida (Linn.) Merrill.,Suggested source,Nowadays this species is suggested as 'Lavali' but it does not have properties as mentioned in the texts; Needs to be studied,[5]
L,1,Lavali,लवली,lavalī,लवली,Lavanga scandens Ham.,Accepted source,Based on the references given in the texts it can be intepreted that Lavali was found in East and South Western part of India along with 'Ela'; Its flowers are white and fragrant blooming during the hemanta ritu (early winter); Its fruits are used along with 'Tambula' as a mouth freshner; Identity of Lavali started getting conspicous during the later periods and in its place 'Harphorevadi' started getting popular; According to the author its identified with this species,[5]
L,1,Lavali,लवली,lavalī,लवली,Prunus sp.,Most probable,Lavali' has been cited just once in Caraka samhita and Susruta samhita under the Phala varga (group of fruits); Cakrapani has interpreted it as 'lavali prasiddha' meaning it to very important; Dalhana has interpreted it as a fragrant fruit; Its references claim that it was a reputed drug; According to Dalhana it might be some Prunus species,[5]
L,1,Lavanatrna,लवण तृण,lavaṇa tṛṇa,लवण तृण,Salsola sp.,Accepted source,Lavana trna' has been described in Raja nighantu and identified with this species; Its popularly known as 'Lavanatrna loni' or 'Noniya',[5]
L,1,Lavanatrna,लवण तृण,lavaṇa tṛṇa,लवण तृण,Suaeda sp.,Accepted source,Lavana trna' has been described in Raja nighantu and identified with this species; Its popularly known as 'Lavanatrna loni' or 'Noniya',[5]
L,1,Lavanga,लवङ्ग,lavaṅga,लवङ्ग,Syzygium aromaticum (Linn.) Merr. & L.M. Perry,Accepted source,Identified with it,[1]
L,1,Lavanga,लवङ्ग,lavaṅga,लवङ्ग,Syzygium aromaticum (Linn.) Merr. & Per.,,,[3]
L,1,Lici,लीची,līcī,लीची प्रकार,Enphoria longana Linn.,,,[4]
L,1,Lici,लीची,līcī,लीची,Litchi chinensis (Gaertn.),,,[4]
L,1,Lici,लीची,līcī,लीची प्रकार,Nephelium lappaceum Linn.,,,[4]
L,1,Lici - prakara,लीची प्रकार,līcī prakāra,लीची प्रकार,Enphoria longana Linn.,,,[4]
L,1,Lici - prakara,लीची प्रकार,līcī prakāra,लीची,Litchi chinensis (Gaertn.),,,[4]
L,1,Lici - prakara,लीची प्रकार,līcī prakāra,लीची प्रकार,Nephelium lappaceum Linn.,,,[4]
L,1,Lingini,लिङ्गिनी,liṅginī,लिङ्गिनी,Bryonopsis laciniosa (Linn) Naud.,Accepted source,Has been mentioned in Raja nighantu and Astanga nighantu; Widely known as 'Sivalingi'and correlated to this species,[5]
L,2,Lodhra,लोध्र,lodhra,लोध्र,Symplocos racemosa,Accepted source,Lodhra is correlated to this species,[2]
L,2,Lodhra,लोध्र,lodhra,लोध्र,Symplocos racemosa Roxb.,,,[3]
L,2,Lodhra,लोध्र,lodhra,लोध्र,Symplocos racemosa Roxb.,Accepted source,Identified with it,[1]
L,2,Lodhra,लोध्र,lodhra,लोध्र,Symplocos racemosa Roxb.,Accepted source,It is identified with this species,[5]
L,2,Lodhra - pattika,लोध्र पट्टिका,lodhra paṭṭikā,लोध्र पट्टिका,Symplocos crataegoides Buch.-Ham.,Accepted source,Identified with it,[1]
L,2,Lodhra - prajati,लोध्र प्रजाति,lodhra prajāti,लोध्र प्रजाति,Symplocos laurina Wall ex Rehd. & E. H.,,,[3]
L,2,Lodhra - prajati,लोध्र प्रजाति,lodhra prajāti,लोध्र प्रजाति,Symplocos paniculata Miq.,,,[3]
L,2,Lodhra - prajati,लोध्र प्रजाति,lodhra prajāti,लोध्र प्रजाति,Symplocos paniculata Miq.,Accepted source,It is identified with this species,[5]
L,2,Lodhra - prajati,लोध्र प्रजाति,lodhra prajāti,लोध्र प्रजाति,Symplocos racemosa Roxb.,Accepted source,It is identified with this species,[5]
L,2,Lodhra - prajati,लोध्र प्रजाति,lodhra prajāti,लोध्र प्रजाति,Symplocos sumuntia Buch. Ham ex D. Don.,,,[3]
L,2,Lohitika,लोहितिका,lohitikā,लोहितिका,Smilax sp.,Controversial,"According to Dalhana, Lohitika refers to another plant called Ramataruni which may be Smilax species",[1]
L,2,Lohitika,लोहितिका,lohitikā,लोहितिका,Ventilago sp.,Controversial,"According to Dalhana, Lohitika refers to another plant called Ramataruni which may be Ventilago species",[1]
L,2,Lonika,लोणिका,loṇikā,लोणिका,Portulaca oleracea Linn.,Suggested source 2,Identified with it,[1]
L,2,Lonika,लोणिका,loṇikā,लोणिका,Portulaca quadrifida Linn.,,,[4]
L,2,Lonika,लोणिका,loṇikā,लोणिका,Portulaca quadrifida Linn.,Suggested source 1,Identified with it,[1]
L,2,Lonika - jati,लोणिका जाति,loṇikā jāti,लोणिका जाति,Portulaca oleracea Linn.,,,[4]
L,2,Lonika - prakara,लोणिका प्रकार,loṇikā prakāra,लोणिका प्रकार,Portulaca oleracea Linn. Var oleracea,,,[4]
L,2,Lonika - prakara,लोणिका प्रकार,loṇikā prakāra,लोणिका प्रकार,Portulaca oleracea Linn. Var sativa DC.,,,[4]
M,1,Macika,माचीक,mācīka,माचीक,Tamarix aphylla Karst.,Accepted source,Identified with it,[1]
M,1,Macika,माचीक,mācīka,माचीक,Tamarix gallica Linn.,Accepted source,Identified with it,[1]
M,1,Macika,माचीक,mācīka,माचीक,Tamarix Sp.,Accepted source,Its identified with this species,[5]
M,1,Madana,मदन,madana,मदन,Randia dumetorum Lam.,Accepted source,Identified with it,[1]
M,1,Madanaka,मदनक,madanaka,मदनक,Lawsonia inermis Linn.,Accepted source,Identified with it,[1]
M,1,Madanaphala,मदनफल,madanaphala,मदनफल,Meyna laxiflora Robyns.,Accepted source,The word 'Mada' in 'Madana' means something which brings drowsiness but presently 'Madanaphala' is used as an emetic; This species has a lot of resemblance with 'Madanaphala' and popularly known as 'Mainphala'; The fruits of this species are narcotic; Its identified with this species; According to the author this might be the 'Madanaphala' of the ancient times,[5]
M,1,Madanaphala,मदनफल,madanaphala,मदनफल,Randia dumetorum Lam.,Accepted source,It is identified with this species,[5]
M,1,Madanaphala,मदनफल,madanaphala,मदनफल,Randia spinosa Poir.,,,[3]
M,1,Madayantika,मदयन्तिका,madayantikā,मदयन्तिका,Jasminum sp.,Most probable,Dalhana has identified it with Mallika which is usually considered as this species,[1]
M,1,Madayantika,मदयन्तिका,madayantikā,मदयन्तिका,Lawsonia inermis Linn.,,,[3]
M,1,Madhu,मधु,madhu,मधु,Glycyrrhiza glabra Linn.,Accepted source,Identified with it,[1]
M,1,Madhuka,मधुक,madhuka,मधुक,Madhuca indica J. F. Gmel.,,,[3]
M,1,Madhuka,मधुक,madhuka,मधुक,Madhuca indica J.F. Gmel.,,,[4]
M,1,Madhuka,मधुक,madhuka,मधुक,Madhuca indica J.F. Gmel.,Accepted source,Identified with it,[1]
M,1,Madhuka - prajati,मधुक प्रजाति,madhuka prajāti,मधुक प्रजाति,B. longifolia (Koenig) Macb.,,,[3]
M,1,Madhukapuspi,मधुकपुष्पी,madhukapuṣpī,मधुकपुष्पी,Madhuca butyracea (Roxb.) Macbride,Most probable,This is a variety of Madhuca species which may be substituted for Madhuka and called Madhukapuspi,[1]
M,1,Madhukarkati,मधुकर्कटी,madhukarkaṭī,मधुकर्कटी,Citrus maxima (Burm.) Merr,,,[4]
M,1,Madhuli,मधूली,madhūlī,मधूली,Eleusine carocana Gaertn.,Accepted source,Identified with it,[1]
M,1,Madhuli,मधूली,madhūlī,मधूलिका,Eleusine coracana Gaertn.,,,[4]
M,1,Madhuli,मधूली,madhūlī,मधूलिका,Eleusine coracana Gaertn.,Accepted source,With regard to its properties it is considered as a type of 'Godhuma' and hence identified with this species,[5]
M,1,Madhulika,मधूलिका,madhūlikā,मधूली,Eleusine carocana Gaertn.,Accepted source,Identified with it,[1]
M,1,Madhulika,मधूलिका,madhūlikā,मधूलिका,Eleusine coracana Gaertn.,,,[4]
M,1,Madhulika,मधूलिका,madhūlikā,मधूलिका,Eleusine coracana Gaertn.,Accepted source,With regard to its properties it is considered as a type of 'Godhuma' and hence identified with this species,[5]
M,1,Madhulika - prajati,मधूलिका प्रजाति,madhūlikā prajāti,मधूलिका प्रजाति,Eleusine flagellifra Nees.,,,[4]
M,1,Madhulika - prajati,मधूलिका प्रजाति,madhūlikā prajāti,मधूलिका प्रजाति,Eleusine indica Gaertn.,,,[4]
M,1,Madhuravalliphala,मधुरवल्लीफल,madhuravallīphala,मधुरवल्लीफल,Sweet cucurbitaceous fruits,Suggested source,Considered as one of the source,[1]
M,1,Madhurika,मधुरिका,madhurikā,मधुरिका,Eleusine carocana Gaertn.,Most probable,Originally these were names of a cereal food grain obtained from Eleusine carocana,[1]
M,1,Madhusigru,मधुशिग्रु,madhuśigru,मधुशिग्रु,Moringa concanensis Nimmo.,Accepted source,Its identified with this species,[5]
M,1,Madhusrava,मधुस्रवा,madhusravā,मधुस्रवा,Maerua arenaria Hook. f. & Th.,Most probable,Usually accepted as synonyms of Murva but it is considered more appropriate as Maerua arenaria with regard to its features,[1]
M,1,Madhuvalli,मधुवल्ली,madhuvallī,मधुवल्ली,Maerua arenaria Hook.f. and Thoms.,Accepted source,Madhuvalli' is interpreted as 'Morata' which is identified with this species; Its roots are sweet similar to 'Madhuyasti' and hence the name 'Madhuvalli' is given to it,[5]
M,1,Madhvaluka,मध्वालुक,madhvāluka,मध्वालुक,Dioscorea sp.,Suggested source,Considered as a sweet variety of Dioscorea tuber,[1]
M,1,Mahabala,महाबला,mahābalā,महाबला,Sida rhombifolia,Accepted source,Its identified with this species,[5]
M,1,Mahabala,महाबला,mahābalā,महाबला,Sida rhombifolia Linn.,Accepted source,Mahabala is correlated to this species,[2]
M,1,Mahabala,महाबला,mahābalā,महाबला,Sida rhombifolia Linn. Mast.,,,[3]
M,1,Mahabala,महाबला,mahābalā,महाबला,Sida rhombifolia Linn. Mast.,Accepted source,Mahabala' is identified with this species,[5]
M,2,Mahabala - bheda,महाबला भेद,mahābalā bheda,महाबला भेद,Sida rhombifolia Linn. Mast. Var rhomboidea (Roxb.,,,[3]
M,2,Mahabhari vaca,महाभारी वचा,mahābhārī vacā,महाभारी वचा,Alpinia galanga Willd.,Accepted source,Mahabhari vaca' is identified with this species,[5]
M,2,Mahadrona,महाद्रोणा,mahādroṇā,महाद्रोणा,Arisaema sp.,Most probable,Arisaema are considered as the source with regard to features of the plant,[1]
M,2,Mahadrona,महाद्रोणा,mahādroṇā,महाद्रोणा,Arisaema sp.,Most probable,Mahadrona is most probably identified with this species,[5]
M,2,Mahakarambha,महाकरम्भ,mahākarambha,महाकरम्भ,Araceae - spadix bearing plants,Suggested source,This source has been suggested,[1]
M,2,Mahakaya,महाकाय,mahākāya,महाकाय,Zea mays Linn.,,,[4]
M,2,Mahakosataki,महाकोशातकी,mahākośātakī,महाकोशातकी,Luffa cylindrica (Linn.) M.J. Roem.,,,[4]
M,2,Mahameda,महामेदा,mahāmedā,महामेदा,Polygonatum verticillatum Allioni,Substituted source,This species is being used as Mahameda,[1]
M,2,Mahanimba,महानिम्ब,mahānimba,महानिम्ब,Ailanthus excelsa,Controversial,In Paryayaratnamala there is a separate description about 'Mahanimba'; In Dhanvantari nighantu it has been described as a type of 'Nimba' but in Raja nighantu there is a separate description on 'Kaidarya' in which 'Mahanimba' and 'Parvatanimba' appears as its synonym by which he tries to interpret this as Aralu which is correlated to this species,[5]
M,2,Mahanimba,महानिम्ब,mahānimba,महानिम्ब,Melia azedarach Linn.,,,[3]
M,2,Mahanimba,महानिम्ब,mahānimba,महानिम्ब,Melia azedarach Linn.,Accepted source,Identified with it,[1]
M,2,Mahanimba - prajati,महानिम्ब प्रजाति,mahānimba prajāti,महानिम्ब प्रजाति,Melia composita Willd.,,,[3]
M,2,Mahapindi,महापिण्डी,mahāpiṇḍī,महापिण्डी,Gardenia turgida Roxb.,Accepted source,Identified with this species,[5]
M,2,Maharastri,महाराष्ट्री,mahārāṣṭrī,महाराष्ट्री,Spilanthus oleracea Murr.,Accepted source,It is identified with this species,[5]
M,2,Mahasveta,महाश्वेता,mahāśvetā,महाश्वेता,Albizzia procera (Roxb.) Benth.,Accepted source,Mahasveta' is identified with this species,[5]
M,2,Mahasyama,महाश्यामा,mahāśyāmā,महाश्यामा,Argyreia speciosa Sweet,Most probable,This is considered as a variety of Vrddhadaruka mentioned under the name Mahat Trivrt in Susruta which may be correlated to this species,[1]
M,2,Mahasyama,महाश्यामा,mahāśyāmā,महाश्यामा,Euphorbia sp.,Most probable,"Mahasyama' been cited just once in Susruta samhita; In their commentaries both Dalhana and Cakrapani have identified it with 'Vrddhadaraka'; In Caraka samhita, 'Adhoguda' is also mentioned once along with Syama and Trivrt; So Mahasyama and Adhoguda were considered synonymous to one another and most probably correlated to this species",[5]
M,2,Mahasyama,महाश्यामा,mahāśyāmā,महाश्यामा,Ipomoea pes-caprae Sw.,Most probable,This is considered as a variety of Vrddhadaruka mentioned under the name Mahat Trivrt in Susruta which may be correlated to this species,[1]
M,2,Mahasyama,महाश्यामा,mahāśyāmā,महाश्यामा,Ipomoea sp.,Accepted source,"Mahasyama has been cited just once in Susruta samhita under the 'Syamadi gana'; Dalhana has intepreted it as ""Vrddhadaruka'; In Caraka samhita along with 'Syama' and 'Trivrt', 'Adhoguda' has been mentioned once which Cakrapani has intepreted as 'Vrddhadaruka'; This evinces that Mahasyama of Susruta and Adhoguda of Caraka were one and the same; As it has been mentioned only once in the texts it can be known that it was not a popular drug; The chapter where Susruta explains the important parts of a plant there is mention of Syma-Trivrt but not Mahasyama; This can be intepreted in 2 ways that he considered Mahasyama as a type of Syama or he considered Mahavrksa mentioned in the same chapter as Mahasyama; According to the first intepretation it can be identified with this species",[5]
M,2,Maitri,मैत्री,maitrī,मैत्री,Smilax oxalifolia Roxb.,Accepted source,Maitri has been described in Sodala nighantu  which is popularly known as 'Mitri' and identified with this species,[5]
M,2,Makhanna,मखान्न,makhānna,मखान्न,Euryale ferox Salisb.,,,[3]
M,2,Makhanna,मखान्न,makhānna,मखान्न,Euryale ferox Salisb.,,,[4]
M,2,Makustha,मकुष्ठ,makuṣṭha,मकुष्ठ,Phaseolus aconitifolius Jacq.,Accepted source,Identified with it,[1]
M,2,Makusthaka,मकुष्ठक,makuṣṭhaka,मकुष्ठक,Vigna aconitifolia (Jacq.) Marechal,,,[4]
M,2,Malakanda,मालाकन्द,mālākanda,मालाकन्द,Eulophia nuda Lindl.,Most probable,Thakur Balwant Singh identifies Malakanda with this species but the Malakanda described in Raja nighantu has different properties when compared to this species so needs to be examined,[5]
M,2,Malati,मालती,mālatī,मालती,Aganosma dichotoma (Roth.) K. Schum.,Most probable,Some consider it different from Jati which may be identified with this species,[1]
M,2,Malayavaca,मलयवचा,malayavacā,मलयवचा,Alpinia galanga Willd.,,,[3]
M,2,Malayavaca,मलयवचा,malayavacā,मलयवचा,Alpinia officinarum Hance.,,,[3]
M,3,Mallika,मल्लिका,mallikā,मल्लिका,Jasminum sambac Ait.,Accepted source,Identified with it,[1]
M,3,Mallika,मल्लिका,mallikā,मल्लिका,Jasminum sambac Linn.,,,[3]
M,3,Mamira,ममीर,mamīra,ममीर,Coptis teeta,Accepted source,Mamira is correlated to this species,[2]
M,3,Mamsarohini,मांसरोहिणी,māṃsarohiṇī,मांसरोहिणी,Soymida febrifuga A. Juss.,,,[3]
M,3,Mamsarohini,मांसरोहिणी,māṃsarohiṇī,मांसरोहिणी,Soymida febrifuga A. Juss.,Accepted source,It is identified with this species,[5]
M,3,Mamsi,मांसी,māṃsī,मांसी,Nardostachys jatamansi DC.,Accepted source,Identified with it,[1]
M,3,Manaka,माणक,māṇaka,माणक,Alocasia indica Schott.,Accepted source,Identified with it,[1]
M,3,Manakanda,मानकन्द,mānakanda,मानकन्द,Alocasia indica (Roxb) schott.,,,[3]
M,3,Manakanda,मानकन्द,mānakanda,मानकन्द,Alocasia indica (Roxb.) Schott.,,,[4]
M,3,Mandara - sveta,मन्दार श्वेत,mandāra śveta,मन्दार श्वेत,Erythrina sp.,Accepted source,Identified with it,[1]
M,3,Mandari,मन्दारी,mandārī,मन्दारी,Cassia auriculata Linn.,Most probable,Cited only once in Susruta samhita; According to the author its most probably correlated to this species,[5]
M,3,Mandukaparni,मण्डूकपर्णी,maṇḍūkaparṇī,मण्डूकपर्णी,Centella asiatica (Linn.) Urban,Accepted source,Identified with it,[1]
M,3,Mandukaparni,मण्डूकपर्णी,maṇḍūkaparṇī,मण्डूकपर्णी,Centella asiatica (Linn.) Urban,Accepted source,Identified with it,[1]
M,3,Mandukaparni,मण्डूकपर्णी,maṇḍūkaparṇī,मण्डूकपर्णी,Centella asiatica (Linn.) Urban,Accepted source,Identified with this species,[5]
M,3,Mandukaparni,मण्डूकपर्णी,maṇḍūkaparṇī,मण्डूकपर्णी,Centella asiatica Linn. Urban,,,[3]
M,3,Mandukaparni,मण्डूकपर्णी,maṇḍūkaparṇī,मण्डूकपर्णी,Hydrocotyle asiatica,Accepted source,Mandukaparni is correlated to this species,[2]
M,3,Manjistha,मञ्जिष्ठा,mañjiṣṭhā,मञ्जिष्ठा,Rubia cordifolia Linn.,,,[3]
M,3,Manjistha,मञ्जिष्ठा,mañjiṣṭhā,मञ्जिष्ठा,Rubia cordifolia Linn.,Accepted source,Identified with it,[1]
M,3,Marica,मरिच,marica,मरिच,Piper nigrum Linn.,,,[3]
M,3,Marica,मरिच,marica,मरिच,Piper nigrum Linn.,Accepted source,Identified with it,[1]
M,3,Marisa,मारिष,māriṣa,मारिष,Amaranthus blitum var. oleracea Duthie,,,[4]
M,3,Markandi,मार्कण्डी,mārkaṇḍī,मार्कण्डी,Cassia angustifolia Vabl.,Accepted source,Markandi is being used for Sanaya which is correlated to this species; Most of the Vaidyas consider Markandi as Sanaya,[2]
M,3,Marsa,मार्ष,mārṣa,मार्ष,Amaranthus blitum Linn.,Suggested source 1,Identified with it,[1]
M,3,Marsa,मार्ष,mārṣa,मार्ष,Amaranthus blitum Linn. var. oleracea Duthie,Suggested source 2,Identified with it,[1]
M,3,Marsa,मार्ष,mārṣa,मार्ष,Amaranthus caudatus Linn.,Suggested source 3,Identified with it,[1]
M,3,Marsa,मार्ष,mārṣa,मार्ष,Amaranthus mangostanus Linn.,Suggested source 4,Identified with it,[1]
M,3,Marsa,मार्ष,mārṣa,मार्ष,Amaranthus spinosus Linn.,Suggested source 5,Identified with it,[1]
M,3,Marubaka,मरुबक,marubaka,मरुबक,Mojorana hortensis Moench.,,,[3]
M,3,Marubaka,मरुबक,marubaka,मरुबक जाति,Origanum vulgare Linn.,,,[3]
M,3,Marubaka - jati,मरुबक जाति,marubaka jāti,मरुबक,Mojorana hortensis Moench.,,,[3]
M,3,Marubaka - jati,मरुबक जाति,marubaka jāti,मरुबक जाति,Origanum vulgare Linn.,,,[3]
M,3,Masa,माष,māṣa,माष,Phaseolus mungo Linn.,,,[3]
M,3,Masa,माष,māṣa,माष,Phaseolus mungo Linn.,Accepted source,Identified with it,[1]
M,3,Masa,माष,māṣa,माष,Vigna mungo ( Linn) Hepper. Var. viridis,,,[4]
M,3,Masa,माष,māṣa,माष,Vigna mungo (Linn) Hepper.,,,[4]
M,3,Masa,माष,māṣa,माष प्रकार,Vigna mungo (Linn) Hepper. Var mungo,,,[4]
M,3,Masa - prakara,माष प्रकार,māṣa prakāra,माष,Phaseolus mungo Linn.,,,[3]
M,3,Masa - prakara,माष प्रकार,māṣa prakāra,माष,Phaseolus mungo Linn.,Accepted source,Identified with it,[1]
M,3,Masa - prakara,माष प्रकार,māṣa prakāra,माष,Vigna mungo ( Linn) Hepper. Var. viridis,,,[4]
M,3,Masa - prakara,माष प्रकार,māṣa prakāra,माष,Vigna mungo (Linn) Hepper.,,,[4]
M,3,Masa - prakara,माष प्रकार,māṣa prakāra,माष प्रकार,Vigna mungo (Linn) Hepper. Var mungo,,,[4]
M,3,Masaparni,माषपर्णी,māṣaparṇī,माषपर्णी,Teramnus labialis Spreng.,,,[3]
M,3,Masaparni,माषपर्णी,māṣaparṇī,माषपर्णी,Teramnus labialis Spreng.,Accepted source,Identified with it; With regard to its features Teramnus does not have much similarity in its leaves and fruits with that of Masaparni; As this is an important plant it needs to be identified correctly,[1]
M,3,Masaparni,माषपर्णी,māṣaparṇī,माषपर्णी,Teramnus labialis Spreng.,Accepted source,At present it is identified with this species,[5]
M,3,Masura,मसूर,masūra,मसूर,Lens culinaris Medic.,,,[4]
M,3,Masura,मसूर,masūra,मसूर,Lens culinaris Medic.,Accepted source,Identified with it,[1]
M,4,Masuravidala,मसूरविदला,masūravidalā,मसूरविदला,Ipomoea pes-caprae Sw.,Most probable,Most probably Identified with it,[1]
M,4,Matsyaksaka,मत्स्याक्षक,matsyākṣaka,मत्स्याक्षक,Alternanthera sessilis,,,[5]
M,4,Matsyaksaka,मत्स्याक्षक,matsyākṣaka,मत्स्याक्षक,Alternanthera sessilis (Linn.) R. Br.,Accepted source,Matsyaksaka is identified with this species,[5]
M,4,Matsyaksaka,मत्स्याक्षक,matsyākṣaka,मत्स्याक्षक,Alternanthera sessilis (Linn.) R. Br.,Most probable,Cakra identifies it with one plant in Bengal which is Alternanthera sessilis,[1]
M,4,Matsyaksaka,मत्स्याक्षक,matsyākṣaka,मत्स्याक्षक,Enhydra fluctuans Lour.,Accepted source,Thakur Balwant Singh has identified it with this species,[5]
M,4,Matsyaksaka,मत्स्याक्षक,matsyākṣaka,मत्स्याक्षक,Enhydra fluctuans Lour.,Most probable,Bhavamisra identifies it with Enhydra fluctuans which has functions similar to that of Matsyaksaka,[1]
M,4,Matsyaksaka,मत्स्याक्षक,matsyākṣaka,मत्स्याक्षक,Enhydra sp.,Substituted source,This species is being used in its place,[1]
M,4,Matsyaksaka,मत्स्याक्षक,matsyākṣaka,मत्स्याक्षक,Hydrocotyle sp.,Substituted source,This species is being used in its place,[1]
M,4,Matsyaksaka,मत्स्याक्षक,matsyākṣaka,मत्स्याक्षक,Polygonum sp.,Substituted source,This species is being used in its place,[1]
M,4,Matsyaksi,मत्स्याक्षी,matsyākṣī,मत्स्याक्षी,Alternanthera sessilis,Accepted source,Matsyaksi is identified with this species,[2]
M,4,Matsyaksi,मत्स्याक्षी,matsyākṣī,मत्स्याक्षी,Alternanthera sessilis,Accepted source,Brhatrayi explains a little about this drug; In Caraka samhita it is mentioned as an ingredient along with medhya (intellect promoting) drugs; In Susruta samhita it is one of the ingredient of Bala rasayana; Cakrapani points his view at it being a type of 'Aindri'; In the nighantus it is mentioned as 'Matsyaksi' and appears as a synonym of 'Brahmi'; Vaidya Bapalal has mentioned 'Matsyaksaka' and 'Matsyaksi' seperately and correlated this to A.sessilis,[5]
M,4,Matsyaksi,मत्स्याक्षी,matsyākṣī,मत्स्याक्षी,Alternanthera sessilis (Linn.) R. Br.,Accepted source,Matsyaksi is identified with this species. (Matsyaksi is identified as 'Hongonda' which is identified with this species),[2]
M,4,Matsyaksi,मत्स्याक्षी,matsyākṣī,मत्स्याक्षी,Alternanthera sessilis Linn.,?,?,[2]
M,4,Matsyaksi,मत्स्याक्षी,matsyākṣī,मत्स्याक्षी,Alternanthera sessilis Linn.,Controversial,Matsyaksi is not mentioned in the Brhat trayi but there is a mention of Matsyaksaka which is a synonym of Brahmi; This has created a confusion even though they are 2 different plants,[2]
M,4,Matsyaksi,मत्स्याक्षी,matsyākṣī,ब्राह्मी,Bacopa moneira,Accepted source,Brahmi is correlated to this species,[2]
M,4,Matsyaksi,मत्स्याक्षी,matsyākṣī,मत्स्याक्षी,Bacopa monniera,?,?,[2]
M,4,Matsyaksi,मत्स्याक्षी,matsyākṣī,मत्स्याक्षी,Bacopa monniera,?,?,[2]
M,4,Matsyaksi,मत्स्याक्षी,matsyākṣī,मत्स्याक्षी,Bacopa monniera,Accepted source,According to the author this seems to be the second variety of Brahmi so correlated to this species,[2]
M,4,Matsyaksi,मत्स्याक्षी,matsyākṣī,ब्राह्मी,Bacopa monnieri (Linn.) Pennell,Accepted source,Identified with it,[1]
M,4,Matsyaksi,मत्स्याक्षी,matsyākṣī,ब्राह्मी,Bacopa monnieri (Linn.) Pennell.,Accepted source,Brahmi is identified with this species,[5]
M,4,Matsyaksi,मत्स्याक्षी,matsyākṣī,ब्राह्मी,Centella asiatica (Linn.) Urban,Substituted source,This species is being used as Brahmi in some places but it is identified with  Mandukaparni,[1]
M,4,Matsyaksi,मत्स्याक्षी,matsyākṣī,ब्राह्मी,Hydrocotyle javanica Thunb.,Substituted source,This species is being used as Brahmi or Mandukaparni in some parts,[1]
M,4,Matsyaksi,मत्स्याक्षी,matsyākṣī,ब्राह्मी,Hydrocotyle rotundifolia Roxb.,Substituted source,This species is being used as Brahmi or Mandukaparni in some parts,[1]
M,4,Matulunga,मातुलुङ्ग,mātuluṅga,मातुलुङ्ग,Citrus maxima,Accepted source,Matulunga is identified with this species,[2]
M,4,Matulunga,मातुलुङ्ग,mātuluṅga,मातुलुङ्ग,Citrus medica Linn.,,,[3]
M,4,Mayaphala,मायाफल,māyāphala,मायाफल प्रजाति,Quercus ilex Linn.,,,[3]
M,4,Mayaphala,मायाफल,māyāphala,मायाफल प्रजाति,Quercus incana Roxb.,,,[3]
M,4,Mayaphala,मायाफल,māyāphala,मायाफल,Quercus infectoria Oliv.,,,[3]
M,4,Mayaphala - prajati,मायाफल प्रजाति,māyāphala prajāti,मायाफल प्रजाति,Quercus ilex Linn.,,,[3]
M,4,Mayaphala - prajati,मायाफल प्रजाति,māyāphala prajāti,मायाफल प्रजाति,Quercus incana Roxb.,,,[3]
M,4,Mayaphala - prajati,मायाफल प्रजाति,māyāphala prajāti,मायाफल,Quercus infectoria Oliv.,,,[3]
M,4,Mayurasikha,मयूरशिखा,mayūraśikhā,मयूरशिखा,Actiniopteris dichotoma Bedd.,Controversial,On basis of its morphology four drugs are popular as 'Mayurashikha'; Based on it this species is being taken into consideration,[5]
M,4,Mayurasikha,मयूरशिखा,mayūraśikhā,मयूरशिखा,Actiniopteris dichotoma Bedd.,Suggested source,The name Mayurasikha means a peacock crest and this species resembles the same hence it is identified with it,[2]
M,4,Mayurasikha,मयूरशिखा,mayūraśikhā,मयूरशिखा,Actinopteris dichotoma Bedd.,,,[3]
M,4,Mayurasikha,मयूरशिखा,mayūraśikhā,मयूरशिखा,Adiantum caudatum Linn.,,,[3]
M,4,Mayurasikha,मयूरशिखा,mayūraśikhā,मयूरशिखा,Adiantum caudatum Linn.,?,?,[2]
M,4,Mayurasikha,मयूरशिखा,mayūraśikhā,मयूरशिखा,Adiantum caudatum Linn.,Suggested source,Based on its features this species is taken into consideration; But otherwise A.caudatum is correlated to 'Hamsapadi',[5]
M,4,Mayurasikha,मयूरशिखा,mayūraśikhā,मयूरशिखा,Celosia argentea,Suggested source,The name Mayurasikha means a peacock crest and this species resembles the same hence it is identified with it,[2]
M,4,Mayurasikha,मयूरशिखा,mayūraśikhā,मयूरशिखा,Celosia argentea Linn. var. cristata.,Controversial,With regard to its features four species are correlated and widely known as 'Mayurasikha' and this species is one among them,[5]
M,4,Mayurasikha,मयूरशिखा,mayūraśikhā,मयूरशिखा,Celosia cristata Linn.,,,[3]
M,4,Mayurasikha,मयूरशिखा,mayūraśikhā,मयूरशिखा,Elephantopus scaber,Controversial,With regard to the local names given to this species it was considered as Mayursikha by Balwant Singh; This needs further studies,[2]
M,4,Mayurasikha,मयूरशिखा,mayūraśikhā,मयूरशिखा,Elephantopus scaber Linn.,,,[3]
M,4,Mayurasikha,मयूरशिखा,mayūraśikhā,मयूरशिखा,Elephantopus scaber Linn.,Controversial,With regard to its  morphology four species are widely known as 'Mayurasikha'; According to Thakur Balwant Singh this species is correlated to 'Mayurasikha' but it is considered to be 'Gojihva' hence needs to be analysed,[5]
M,4,Meda,मेदा,medā,मेदा,Polygonatum verticillatum Allioni,Substituted source,It is one of the Astavarga drugs which has not been identified and this species is used in its place,[1]
M,4,Medadvaya,मेदाद्वय,medādvaya,मेदाद्वय,Polygonatum sp.,Substituted source,Medadvaya' is among the 'Astavarga dravyas' (group of eight drugs); These are not mentioned in the Brhatrayi; Along with time its identity started getting conspicous and substitutes were used for them; Presently this species is used as a substitute for 'Medadvaya',[5]
M,4,Medasaka,मेदासक,medāsaka,मेदासक,Litsea glutinosa (Lour.) C.B. Robins.,,,[3]
M,4,Mesasrnga,मेषश्रृङ्ग,meṣaśrṛṅga,मेषश्रृङ्ग,Dolichadrone falcata Seem,Accepted source,Identified with this species,[5]
M,4,Mesasrnga,मेषश्रृङ्ग,meṣaśrṛṅga,मेषश्रृङ्ग,Dolichandrone falcata Seem,Most probable,With regard to its features this species is correlated to Mesasrnga,[1]
M,4,Mesasrnga,मेषश्रृङ्ग,meṣaśrṛṅga,मेषश्रृङ्ग,Dolichandrone falcata Seem.,Accepted source,Identified with this species,[5]
M,4,Mesasrnga,मेषश्रृङ्ग,meṣaśrṛṅga,मेषश्रृङ्ग,Dolichondron falcata,?,?,[2]
M,4,Mesasrnga,मेषश्रृङ्ग,meṣaśrṛṅga,मेषश्रृङ्ग,Dolichondron falcata,Most probable,Mesasrnga means 'horn of a sheep' and this species has similar features; With regard to this Mesasrnga is correlated to this species,[2]
M,4,Mesasrnga,मेषश्रृङ्ग,meṣaśrṛṅga,मेषश्रृङ्ग,Gymnema sylvestre R. Br.,Controversial,It is believed to be this species but in Susruta and Vagbhata it is mentioned under the tree category and the species mentioned is a climber,[1]
M,4,Mesasrnga,मेषश्रृङ्ग,meṣaśrṛṅga,मेषश्रृङ्ग,Helictres ixora,Most probable,Mesasrnga means 'horn of a sheep' and this species has similar features (twisted fruits) hence taken into consideration,[2]
M,4,Mesasrngi,मेषश्रृङ्गी,meṣaśrṛṅgī,मेषश्रृङ्गी,Gymnema sylvestre,Most probable,Many correlate this species to Mesasrngi; there is a doubt regarding this as Mesasrngi is a creeper where as in one referance it is included among the big trees but the name Mesasrnga has been given there; So it can be taken that Mesasrnga and Mesasrngi a,[2]
M,4,Mesasrngi,मेषश्रृङ्गी,meṣaśrṛṅgī,मेषश्रृङ्गी,Gymnema sylvestre R. Br.,,,[3]
M,4,Methika,मेथिका,methikā,मेथिका,Trigonella foenum-graecum Linn.,,,[3]
M,4,Misreya,मिश्रेया,miśreyā,मिश्रेया,Curculigo orchioides,Controversial,"In Nighantu Sesha, Talaparni is mentioned as the synonym of Misreya and Talaparni is correlated to this species hence it is taken into consideration here; This needs further studies",[2]
M,4,Misreya,मिश्रेया,miśreyā,मिश्रेया,Foeniculum vulgarae,Accepted source,Misreya is identified with this species,[2]
M,4,Misreya,मिश्रेया,miśreyā,मिश्रेया,Foeniculum vulgare Mill.,,,[3]
M,4,Misreya - prakara,मिश्रेया प्रकार,miśreyā prakāra,मिश्रेया प्रकार,Foeniculum vulgare Mill. var. dulce (Mill.) Thellu,,,[3]
M,4,Misreya - prakara,मिश्रेया प्रकार,miśreyā prakāra,मिश्रेया प्रकार,Foeniculum vulgare Mill. var. vulgare (Mill.) Thel,,,[3]
M,4,Mistanimbuka,मिष्टनिम्बुक,miṣṭanimbuka,मिष्टनिम्बुक,Citrus limettoides Tanaka.,,,[4]
M,4,Mocarasa,मोचरस,mocarasa,मोचरस,Salmalia malabarica Schott and Endl.,Accepted source,Is the gummy exudation from the bark of this tree,[1]
M,4,Modayanti,मोदयन्ती,modayantī,मोदयन्ती,Coleus aromaticus,Most probable,Vaidya Bapalal considers this as 'Parnayavani' which is correlated to this species,[5]
M,4,Mohanavalli,मोहनवल्ली,mohanavallī,मोहनवल्ली,Saxi fraga ligulata,Accepted source,According to the author Mohanavalli is best correlated with this species,[2]
M,4,Mohanavalli,मोहनवल्ली,mohanavallī,मोहनवल्ली,Saxi fraga ligulata,Most probable,Dalhana has identified Mohanavalli as Vatapatri; In Raja nighantu Vatapatri has been mentioned as a type of Pasanabheda which many of them have identified with this species,[2]
M,4,Mohanika,मोहनिका,mohanikā,मोहनिका,Viscum monoicum Roxb. ex DC.,Accepted source,Mohanika' has been cited in Susruta samhita and Astanga hridaya;  By the interpretation given by Dalhana there is nothing known about its morphology; If it was not 'Mandaka' but 'Vandaka' then 'Mohanika' can be a plant of this family and correlated to this species which has features like intoxicating and being poisonous to animals; From the word 'Mohanika' the word Madaka should be interpreted which means intoxication which is apt for this species,[5]
M,5,Moksaka,मोक्षक,mokṣaka,मोक्षक,Schrebera swietenioides Roxb.,Accepted source,Identified with it,[1]
M,5,Moksaka - krsna,मोक्षक कृष्ण,mokṣaka kṛṣṇa,मोक्षक कृष्ण,Elaeodendron glaucum Pers.,Accepted source,Black variety of Moksaka is correlated to this species,[2]
M,5,Moksaka - sveta,मोक्षक श्वेता,mokṣaka śvetā,मोक्षक श्वेता,Schrebera swietenioides Roxb.,Accepted source,Identified with it,[1]
M,5,Moksaka - sveta,मोक्षक श्वेता,mokṣaka śvetā,मोक्षक श्वेता,Schrebera swietenioides Roxb.,Accepted source,White variety of Moksaka is correlated to this species,[2]
M,5,Morata,मोरट,moraṭa,मोरट,Alangium Lamarkii.,Controversial,With regard to several commentaries Morata has been identified with different plants and this species is one among them; a look at the ancient texts gives a picture that Morata was not used much in medicine but still confusion prevailed,[2]
M,5,Morata,मोरट,moraṭa,मोरट,Caesalpinia bonducella,Controversial,With regard to several commentaries Morata has been identified with different plants and this species is one among them; a look at the ancient texts gives a picture that Morata was not used much in medicine but still confusion prevailed,[2]
M,5,Morata,मोरट,moraṭa,मोरट,Leea macrophylla.,Controversial,Morata has been identified by different plants and this species is one among them,[2]
M,5,Morata,मोरट,moraṭa,मोरट,Maerua arenaria Hook.f. and Th.,Accepted source,Identified with this species,[5]
M,5,Mrgalindika,मृगलिण्डिक,mṛgaliṇḍika,मृगलिण्डिक,Gnetum montanum Markgraf.,Accepted source,It is known amaong the adivasis as 'Milagandi' or 'Mirigalendi' which is identified with this species,[5]
M,5,Mucakunda,मुचकुन्द,mucakunda,मुचकुन्द,Pterospermum acerifolium Willd.,,,[3]
M,5,Mucakunda,मुचकुन्द,mucakunda,मुचकुन्द,Pterospermum acerifolium Willd.,Accepted source,Identified with it,[1]
M,5,Mudga,मुद्ग,mudga,मुद्ग,Phaseolus radiatus Linn.,Accepted source,Identified with it,[1]
M,5,Mudga,मुद्ग,mudga,मुद्ग,Vigna radiata (Linn) Wilczek.,,,[4]
M,5,Mudgaparni,मुद्गपर्णी,mudgaparṇī,मुद्गपर्णी,Phaseolus trilobus Ait.,,,[3]
M,5,Mudgaparni,मुद्गपर्णी,mudgaparṇī,मुद्गपर्णी,Phaseolus trilobus Ait.,Accepted source,Its identified with this species,[5]
M,5,Mudgaparni,मुद्गपर्णी,mudgaparṇī,मुद्गपर्णिनी,Phaseolus trilobus Ait.,Accepted source,Identified with it,[1]
M,5,Mudgaparnini,मुद्गपर्णिनी,mudgaparṇinī,मुद्गपर्णी,Phaseolus trilobus Ait.,,,[3]
M,5,Mudgaparnini,मुद्गपर्णिनी,mudgaparṇinī,मुद्गपर्णी,Phaseolus trilobus Ait.,Accepted source,Its identified with this species,[5]
M,5,Mudgaparnini,मुद्गपर्णिनी,mudgaparṇinī,मुद्गपर्णिनी,Phaseolus trilobus Ait.,Accepted source,Identified with it,[1]
M,5,Mudgara,मुद्गर,mudgara,मुद्गर,Jasminum malabaricum Wight.,Accepted source,It has been cited in Raja nighantu and identified with this species,[5]
M,5,Mukulaka,मुकूलक,mukūlaka,मुकूलक,Prunus sp.,?,don’t understand tht hindi word der……..,[5]
M,5,Mukulaka,मुकूलक,mukūlaka,मुकूलक,Sapium insigne Triven.,?,?,[5]
M,5,Mula rasna,मूल रास्ना,mūla rāsnā,मूल रास्ना,Rauwolfia serpentina.,Most probable,Bengali Kavirajas consider 3 types of Rasna but there is no referance of this in the Brhatrayi; One type is Mula Rasna which is correlated to this species,[2]
M,5,Mulaka,मूलक,mūlaka,मूलक,Raphanus sativus Linn.,,,[4]
M,5,Mulaka,मूलक,mūlaka,मूलक,Raphanus sativus Linn.,Accepted source,Identified with it,[1]
M,5,Mulakaparni,मूलकपर्णी,mūlakaparṇī,मूलकपर्णी,Euphorbia acaulis Roxb.,Most probable,"With regard to its morphology, Mulakaparni may be a synonym of 'Adhoguda' which is correlated to this species; Properties of Mulakaparni mentioned by Caraka are similar to 'Adhoguda' so its most probably correlated to this species",[5]
M,5,Mundi,मुण्डी,muṇḍī,मुण्डी जाति,Sphaeranthus africans Linn.,,,[3]
M,5,Mundi,मुण्डी,muṇḍī,मुण्डी,Sphaeranthus indicus Linn.,,,[3]
M,5,Mundi - jati,मुण्डी जाति,muṇḍī jāti,मुण्डी जाति,Sphaeranthus africans Linn.,,,[3]
M,5,Mundi - jati,मुण्डी जाति,muṇḍī jāti,मुण्डी,Sphaeranthus indicus Linn.,,,[3]
M,5,Munjata,मुञ्जात,muñjāta,मुञ्जात,Orchis latifolia Linn.,Substituted source,Orchis latifolia has functions similar to that of Munjata and hence this can be used as its substitute,[1]
M,5,Munjjataka,मुञ्जातक,muñjātaka,मुञ्जातक,Eulophia campestris Wall.,Accepted source,This species is used as a substitute for Munjjataka,[3]
M,5,Munjjataka,मुञ्जातक,muñjātaka,मुञ्जातक,Eulophia herbacea Lindl.,Accepted source,This species is used as a substitute for Munjjataka,[3]
M,5,Munjjataka,मुञ्जातक,muñjātaka,मुञ्जातक,Orchis latifolia Linn.,Accepted source,Munjataka is correlated to this species,[3]
M,5,Mura,मुरा,murā,मुरा,Curcuma sp.,Substituted source,At present this species is being used in its place,[1]
M,5,Mura,मुरा,murā,मुरा,Hedychium sp.,Substituted source,At present this species is being used in its place,[1]
M,5,Mura,मुरा,murā,मुरा,Selinium tenuifolium Wall.,Accepted source,Very few referances of 'Mura' are mentioned in the samhitas; It is identified with this species,[5]
M,5,Mura,मुरा,murā,मुरा,Selinum tenuifolium Wall.,Most probable,May be identified with this species,[1]
M,5,Murva,मूर्वा,mūrvā,मूर्वा,Bauhinia tomentosa,Controversial,With regard to the description given by the nighantus this species which is otherwise correlated to Kancanara was considered as Murva,[2]
M,5,Murva,मूर्वा,mūrvā,मूर्वा,Bauhinia vahlii,?,?,[2]
M,5,Murva,मूर्वा,mūrvā,मूर्वा,Bauhinia vahlii,Controversial,The fibres of this species are very strong so it is taken into consideration as this is the most important feature of Murva; there is a controversy regarding this as this species is known as 'Maluka' which is a synonym of Kancanara,[2]
M,5,Murva,मूर्वा,mūrvā,मूर्वा,Bauhinia vahlii W. & A.,Most probable,This species being used as Murva with regard to its features,[1]
M,5,Murva,मूर्वा,mūrvā,मूर्वा,Bauhinia vahlii W. & A.,Substituted source,Throughout the country many species have been correlated to Murva and this species is one among them,[5]
M,5,Murva,मूर्वा,mūrvā,मूर्वा,Chenomorpha macrophylla,Controversial,Murva is a highly controversial drug; Murva means a plant which has tough fibres and there are many such plants with  this feature; This species is used as Murva by Vaidyas in Kerala,[2]
M,5,Murva,मूर्वा,mūrvā,मूर्वा,Chenomorpha macrophylla,Controversial,Murva is a highly controversial drug; This species is used by the Vaidyas in Kerala,[2]
M,5,Murva,मूर्वा,mūrvā,मूर्वा,Chlonemorpha macrophylla.,Substituted source,Throughout the country many species have been correlated to Murva and this species is one among them,[5]
M,5,Murva,मूर्वा,mūrvā,मूर्वा,Chonemorpha macrophylla (Roxb.) G. Don.,Controversial,Throughout the country many species have been correlated to Murva and this species is one among them,[5]
M,5,Murva,मूर्वा,mūrvā,मूर्वा,Chonemorpha macrophylla G. Don,Substituted source,In Kerala it is used as a substitute for Murva,[1]
M,5,Murva,मूर्वा,mūrvā,मूर्वा,Clematis gouriana Roxb.,Controversial,Throughout the country many species have been correlated to Murva and this species is one among them,[5]
M,5,Murva,मूर्वा,mūrvā,मूर्वा,Clematis gouriana Roxb.,Substituted source,Used as a substitute for Murva,[1]
M,5,Murva,मूर्वा,mūrvā,मूर्वा,Clematis triloba,Controversial,Murva is a highly controversial drug; Many species are correlated to it with regard to its feature of having tough fibres and this species is one among them; This species is used as Murva in Maharashtra and Gujarat,[2]
M,5,Murva,मूर्वा,mūrvā,मूर्वा,Clematis triloba,Controversial,Murva is a highly controversial drug; This species is being used as Murva in Maharashtra and Gujarat,[2]
M,5,Murva,मूर्वा,mūrvā,मूर्वा,Helicteres isora,Controversial,Murva is a highly controversial drug; Murva means a plant which has tough fibres and there are many such plants with  this feature; This species is one among  them and used as Murva in Punjab,[2]
M,5,Murva,मूर्वा,mūrvā,मूर्वा,Helicteres isora Linn.,Substituted source,Used as a substitute for Murva,[1]
M,5,Murva,मूर्वा,mūrvā,मूर्वा,Helicterus isora Linn.,Controversial,Throughout the country many species have been correlated to Murva and this species is one among them,[5]
M,5,Murva,मूर्वा,mūrvā,मूर्वा,Maerua arenaria,Controversial,Murva means a plant which has tough fibres and there are many plants available with this feature; This is one of the species being used as Murva since long in some parts of India,[2]
M,5,Murva,मूर्वा,mūrvā,मूर्वा,Maerua arenaria,Controversial,Murva means a plant which has tough fibres and there are many plants available with this feature; This is one of the species being used as Murva in Gujarat,[2]
M,5,Murva,मूर्वा,mūrvā,मूर्वा,Maerua arenaria Hook. f. & Th.,Substituted source,Used as a substitute for Murva,[1]
M,5,Murva,मूर्वा,mūrvā,मूर्वा,Maerva arenaria Hook.f. & Thoms.,Controversial,Throughout the country many species have been correlated to Murva and this species is one among them,[5]
M,5,Murva,मूर्वा,mūrvā,मूर्वा,Marsdenea roylei,Accepted source,,[2]
M,5,Murva,मूर्वा,mūrvā,मूर्वा प्रजाति,Marsdenia roylei Wight.,,,[3]
M,5,Murva,मूर्वा,mūrvā,मूर्वा,Marsdenia tenacissima,Accepted source,This species resembles exactly as the Murva mentioned in the texts and thus correlated to it,[2]
M,5,Murva,मूर्वा,mūrvā,मूर्वा,Marsdenia tenacissima W. & A.,,,[3]
M,5,Murva,मूर्वा,mūrvā,मूर्वा,Marsdenia tenacissima W. & A.,Accepted source,Identified with it,[1]
M,5,Murva,मूर्वा,mūrvā,मूर्वा,Marsdenia tenacissima W. & A.,Accepted source,Identified with this species as it has features similar to Murva as told in Ayurvedic literature,[1]
M,5,Murva,मूर्वा,mūrvā,मूर्वा,Marsdenia tenacissima W. & A.,Accepted source,Identified with this species,[5]
M,5,Murva,मूर्वा,mūrvā,मूर्वा,Marsdenia tenacissima W. & A.,Accepted source,Identified with this species,[5]
M,5,Murva,मूर्वा,mūrvā,मूर्वा,Marsdenia tenacissima W. & A.,Controversial,Throughout the country many species have been correlated to Murva and this species is one among them,[5]
M,5,Murva,मूर्वा,mūrvā,मूर्वा,Marsdenia tenacissima W. & A.,Most probable,This species being used as Murva with regard to its features,[1]
M,5,Murva,मूर्वा,mūrvā,मूर्वा,Salvadora persica,?,?,[2]
M,5,Murva,मूर्वा,mūrvā,मूर्वा,Sansevieria roxburghiana Schult.,Most probable,This species being used as Murva with regard to its features,[1]
M,5,Murva,मूर्वा,mūrvā,मूर्वा,Sansvieria roxburghiana Schult.f.,Controversial,Throughout the country many species have been correlated to 'Murva' and this species is one among them,[5]
M,5,Murva,मूर्वा,mūrvā,मूर्वा,Senseviera zeylanica,Controversial,This species is used as Murva by the Bengali Kavirajas; its morphology matches exactly with some of those of Murva which compel them to use this,[2]
M,5,Murva,मूर्वा,mūrvā,मूर्वा,Wattakaka volubilis (Linn.f.) Stapf.,Controversial,Throughout the country many species have been correlated to 'Murva' and this species is one among them,[5]
M,6,Murva - prajati,मूर्वा प्रजाति,mūrvā prajāti,मूर्वा,Bauhinia tomentosa,Controversial,With regard to the description given by the nighantus this species which is otherwise correlated to Kancanara was considered as Murva,[2]
M,6,Murva - prajati,मूर्वा प्रजाति,mūrvā prajāti,मूर्वा,Bauhinia vahlii,?,?,[2]
M,6,Murva - prajati,मूर्वा प्रजाति,mūrvā prajāti,मूर्वा,Bauhinia vahlii,Controversial,The fibres of this species are very strong so it is taken into consideration as this is the most important feature of Murva; there is a controversy regarding this as this species is known as 'Maluka' which is a synonym of Kancanara,[2]
M,6,Murva - prajati,मूर्वा प्रजाति,mūrvā prajāti,मूर्वा,Bauhinia vahlii W. & A.,Most probable,This species being used as Murva with regard to its features,[1]
M,6,Murva - prajati,मूर्वा प्रजाति,mūrvā prajāti,मूर्वा,Bauhinia vahlii W. & A.,Substituted source,Throughout the country many species have been correlated to Murva and this species is one among them,[5]
M,6,Murva - prajati,मूर्वा प्रजाति,mūrvā prajāti,मूर्वा,Chenomorpha macrophylla,Controversial,Murva is a highly controversial drug; Murva means a plant which has tough fibres and there are many such plants with  this feature; This species is used as Murva by Vaidyas in Kerala,[2]
M,6,Murva - prajati,मूर्वा प्रजाति,mūrvā prajāti,मूर्वा,Chenomorpha macrophylla,Controversial,Murva is a highly controversial drug; This species is used by the Vaidyas in Kerala,[2]
M,6,Murva - prajati,मूर्वा प्रजाति,mūrvā prajāti,मूर्वा,Chlonemorpha macrophylla.,Substituted source,Throughout the country many species have been correlated to Murva and this species is one among them,[5]
M,6,Murva - prajati,मूर्वा प्रजाति,mūrvā prajāti,मूर्वा,Chonemorpha macrophylla (Roxb.) G. Don.,Controversial,Throughout the country many species have been correlated to Murva and this species is one among them,[5]
M,6,Murva - prajati,मूर्वा प्रजाति,mūrvā prajāti,मूर्वा,Chonemorpha macrophylla G. Don,Substituted source,In Kerala it is used as a substitute for Murva,[1]
M,6,Murva - prajati,मूर्वा प्रजाति,mūrvā prajāti,मूर्वा,Clematis gouriana Roxb.,Controversial,Throughout the country many species have been correlated to Murva and this species is one among them,[5]
M,6,Murva - prajati,मूर्वा प्रजाति,mūrvā prajāti,मूर्वा,Clematis gouriana Roxb.,Substituted source,Used as a substitute for Murva,[1]
M,6,Murva - prajati,मूर्वा प्रजाति,mūrvā prajāti,मूर्वा,Clematis triloba,Controversial,Murva is a highly controversial drug; Many species are correlated to it with regard to its feature of having tough fibres and this species is one among them; This species is used as Murva in Maharashtra and Gujarat,[2]
M,6,Murva - prajati,मूर्वा प्रजाति,mūrvā prajāti,मूर्वा,Clematis triloba,Controversial,Murva is a highly controversial drug; This species is being used as Murva in Maharashtra and Gujarat,[2]
M,6,Murva - prajati,मूर्वा प्रजाति,mūrvā prajāti,मूर्वा,Helicteres isora,Controversial,Murva is a highly controversial drug; Murva means a plant which has tough fibres and there are many such plants with  this feature; This species is one among  them and used as Murva in Punjab,[2]
M,6,Murva - prajati,मूर्वा प्रजाति,mūrvā prajāti,मूर्वा,Helicteres isora Linn.,Substituted source,Used as a substitute for Murva,[1]
M,6,Murva - prajati,मूर्वा प्रजाति,mūrvā prajāti,मूर्वा,Helicterus isora Linn.,Controversial,Throughout the country many species have been correlated to Murva and this species is one among them,[5]
M,6,Murva - prajati,मूर्वा प्रजाति,mūrvā prajāti,मूर्वा,Maerua arenaria,Controversial,Murva means a plant which has tough fibres and there are many plants available with this feature; This is one of the species being used as Murva since long in some parts of India,[2]
M,6,Murva - prajati,मूर्वा प्रजाति,mūrvā prajāti,मूर्वा,Maerua arenaria,Controversial,Murva means a plant which has tough fibres and there are many plants available with this feature; This is one of the species being used as Murva in Gujarat,[2]
M,6,Murva - prajati,मूर्वा प्रजाति,mūrvā prajāti,मूर्वा,Maerua arenaria Hook. f. & Th.,Substituted source,Used as a substitute for Murva,[1]
M,6,Murva - prajati,मूर्वा प्रजाति,mūrvā prajāti,मूर्वा,Maerva arenaria Hook.f. & Thoms.,Controversial,Throughout the country many species have been correlated to Murva and this species is one among them,[5]
M,6,Murva - prajati,मूर्वा प्रजाति,mūrvā prajāti,मूर्वा,Marsdenea roylei,Accepted source,,[2]
M,6,Murva - prajati,मूर्वा प्रजाति,mūrvā prajāti,मूर्वा प्रजाति,Marsdenia roylei Wight.,,,[3]
M,6,Murva - prajati,मूर्वा प्रजाति,mūrvā prajāti,मूर्वा,Marsdenia tenacissima,Accepted source,This species resembles exactly as the Murva mentioned in the texts and thus correlated to it,[2]
M,6,Murva - prajati,मूर्वा प्रजाति,mūrvā prajāti,मूर्वा,Marsdenia tenacissima W. & A.,,,[3]
M,6,Murva - prajati,मूर्वा प्रजाति,mūrvā prajāti,मूर्वा,Marsdenia tenacissima W. & A.,Accepted source,Identified with it,[1]
M,6,Murva - prajati,मूर्वा प्रजाति,mūrvā prajāti,मूर्वा,Marsdenia tenacissima W. & A.,Accepted source,Identified with this species as it has features similar to Murva as told in Ayurvedic literature,[1]
M,6,Murva - prajati,मूर्वा प्रजाति,mūrvā prajāti,मूर्वा,Marsdenia tenacissima W. & A.,Accepted source,Identified with this species,[5]
M,6,Murva - prajati,मूर्वा प्रजाति,mūrvā prajāti,मूर्वा,Marsdenia tenacissima W. & A.,Accepted source,Identified with this species,[5]
M,6,Murva - prajati,मूर्वा प्रजाति,mūrvā prajāti,मूर्वा,Marsdenia tenacissima W. & A.,Controversial,Throughout the country many species have been correlated to Murva and this species is one among them,[5]
M,6,Murva - prajati,मूर्वा प्रजाति,mūrvā prajāti,मूर्वा,Marsdenia tenacissima W. & A.,Most probable,This species being used as Murva with regard to its features,[1]
M,6,Murva - prajati,मूर्वा प्रजाति,mūrvā prajāti,मूर्वा,Salvadora persica,?,?,[2]
M,6,Murva - prajati,मूर्वा प्रजाति,mūrvā prajāti,मूर्वा,Sansevieria roxburghiana Schult.,Most probable,This species being used as Murva with regard to its features,[1]
M,6,Murva - prajati,मूर्वा प्रजाति,mūrvā prajāti,मूर्वा,Sansvieria roxburghiana Schult.f.,Controversial,Throughout the country many species have been correlated to 'Murva' and this species is one among them,[5]
M,6,Murva - prajati,मूर्वा प्रजाति,mūrvā prajāti,मूर्वा,Senseviera zeylanica,Controversial,This species is used as Murva by the Bengali Kavirajas; its morphology matches exactly with some of those of Murva which compel them to use this,[2]
M,6,Murva - prajati,मूर्वा प्रजाति,mūrvā prajāti,मूर्वा,Wattakaka volubilis (Linn.f.) Stapf.,Controversial,Throughout the country many species have been correlated to 'Murva' and this species is one among them,[5]
M,6,Musali,मुशली,muśalī,मुशली,Asparagus adscendens Roxb.,,,[3]
M,6,Musali,मुशली,muśalī,मुशली,Asparagus adscendens Roxb.,Accepted source,Identified with it,[5]
M,6,Musali,मुशली,muśalī,मुशली श्वेता,Asparagus sp.,Market source,Asparagus roots are being used in the market in its place,[1]
M,6,Musali,मुशली,muśalī,मुशली,Chlorophytnm arundinaceum Baker.,,,[3]
M,6,Musali,मुशली,muśalī,मुशली,Chlorophytum arundinaceum Baker.,Accepted source,Musali' has been mentioned only once by Vagbhata which was used in diseases only externally; 'Talapatri' and 'Talamuli' has also been mentioned only once in Caraka samhita; Dalhana has identified both of them with 'Musali'; Nighantus have mentioned two types of Musali as white and black variety; Both are supposed to be used as Jivaniya (life promoting) and Brimhaniya (nourishing); There is a doubt whether the Talamuli of Brhatrayi is the same Musali or a different drug; There are chances that the nourishing property of 'Musali' was analysed in the later periods; Based on the above it is identified with this species,[5]
M,6,Musali,मुशली,muśalī,मुशली श्वेता,Chlorophytum arundinaceum Baker.,Most probable,May be identified with this species,[1]
M,6,Musali,मुशली,muśalī,मुशली श्वेता,Chlorophytum tuberosum Baker,Most probable,May be identified with this species,[1]
M,6,Musali - sveta,मुशली श्वेता,muśalī śvetā,मुशली,Asparagus adscendens Roxb.,,,[3]
M,6,Musali - sveta,मुशली श्वेता,muśalī śvetā,मुशली,Asparagus adscendens Roxb.,Accepted source,Identified with it,[5]
M,6,Musali - sveta,मुशली श्वेता,muśalī śvetā,मुशली श्वेता,Asparagus sp.,Market source,Asparagus roots are being used in the market in its place,[1]
M,6,Musali - sveta,मुशली श्वेता,muśalī śvetā,मुशली,Chlorophytnm arundinaceum Baker.,,,[3]
M,6,Musali - sveta,मुशली श्वेता,muśalī śvetā,मुशली,Chlorophytum arundinaceum Baker.,Accepted source,Musali' has been mentioned only once by Vagbhata which was used in diseases only externally; 'Talapatri' and 'Talamuli' has also been mentioned only once in Caraka samhita; Dalhana has identified both of them with 'Musali'; Nighantus have mentioned two types of Musali as white and black variety; Both are supposed to be used as Jivaniya (life promoting) and Brimhaniya (nourishing); There is a doubt whether the Talamuli of Brhatrayi is the same Musali or a different drug; There are chances that the nourishing property of 'Musali' was analysed in the later periods; Based on the above it is identified with this species,[5]
M,6,Musali - sveta,मुशली श्वेता,muśalī śvetā,मुशली श्वेता,Chlorophytum arundinaceum Baker.,Most probable,May be identified with this species,[1]
M,6,Musali - sveta,मुशली श्वेता,muśalī śvetā,मुशली श्वेता,Chlorophytum tuberosum Baker,Most probable,May be identified with this species,[1]
M,6,Musikakarni,मूषिककर्णी,mūṣikakarṇī,मूषिककर्णी,Ipomoea reniformis Chois.,Accepted source,Identified with it,[1]
M,6,Muskaka - krsna,मुष्कक कृष्णा,muṣkaka kṛṣṇā,मुष्कक कृष्णा,Schrebera swietenioides Roxb.,Accepted source,Identified with it,[1]
M,6,Muskaka - sveta,मुष्कक श्वेता,muṣkaka śvetā,मुष्कक श्वेता,Elaeodendron glaucum Pers.,Accepted source,Identified with it,[1]
M,6,Musta,मुस्त,musta,मुस्त,Cyperus rotundus,Accepted source,Musta is correlated to this species,[2]
M,6,Musta,मुस्त,musta,मुस्त,Cyperus rotundus Linn.,Accepted source,Identified with it,[1]
M,6,Musta,मुस्त,musta,मुस्त,Cyperus rotundus Linn.,Suggested source 1,Identified with it,[1]
M,6,Musta,मुस्त,musta,मुस्त,Cyperus scariosus R. Br.,Suggested source 2,Identified with it,[1]
M,6,Mustaka,मुस्तक,mustaka,मुस्तक,Cyperus rotundus Linn.,,,[3]
M,6,Mustaka,मुस्तक,mustaka,मुस्तक,Cyperus rotundus Linn.,Accepted source,Identified with this species,[5]
N,1,Nadibhallataka,नदीभल्लातक,nadībhallātaka,नदीभल्लातक,Lantana sp.,,,[5]
N,1,Nadihingu,नाडीहिङ्गु,nāḍīhiṅgu,नाडीहिङ्गु,Gardenia gummifera Linn.,Accepted source,Identified with this species,[5]
N,1,Nadihingu,नाडीहिङ्गु,nāḍīhiṅgu,नाडीहिङ्गु,Gardenia gummifera Linn. f.,,,[3]
N,1,Nadihingu,नाडीहिङ्गु,nāḍīhiṅgu,नाडीहिङ्गु,Gardenia lucida Roxb.,,,[3]
N,1,Nadikalaya,नाडीकलाय,nāḍīkalāya,नाडीकलाय,Corchorus capsularis Linn.,Accepted source,This species is used as a vegetable and identified with it,[1]
N,1,Nagabala,नागबला,nāgabalā,नागबला,Grewia hirsuta Vahl var. helicterifolia,Most probable,This species may be identified as Nagabala,[1]
N,1,Nagabala,नागबला,nāgabalā,नागबला,Grewia hirsuta Vahl.,,,[3]
N,1,Nagabala,नागबला,nāgabalā,नागबला,Grewia hirsuta Vahl.,Accepted source,Identified with this species,[5]
N,1,Nagabala,नागबला,nāgabalā,नागबला,Grewia populifolia Vahl,Most probable,This species may be identified as Nagabala and used in its place,[1]
N,1,Nagabala,नागबला,nāgabalā,नागबला,Grewia tenax fiori Bos.,Accepted source,Nagabala is correlated to this species,[2]
N,1,Nagabala,नागबला,nāgabalā,नागबला,Grewia tenax fiori Bos.,Most probable,This species is considered to be Nagabala in Gujarat,[2]
N,1,Nagabala,नागबला,nāgabalā,नागबला,Sida spinosa Linn.,Most probable,This species may be identified as Nagabala and used in its place,[1]
N,1,Nagabala,नागबला,nāgabalā,नागबला,Sida vernonicaefolia Lam.,?,?,[1]
N,1,Nagabala,नागबला,nāgabalā,नागबला,Sida veronicaefolia Lam.,Accepted source,Identified with it,[1]
N,1,Nagabala,नागबला,nāgabalā,नागबला,Sida veronicaefolia Lam.,Accepted source,Nagabala is correlated to this species,[2]
N,1,Nagabala,नागबला,nāgabalā,नागबला,Urena lobata Linn.,Most probable,This species may be identified as Nagabala and used in its place,[1]
N,1,Nagadamana,नागदमन,nāgadamana,नागदमन,Sansevieria roxburghiana Schult. f.,,,[3]
N,1,Nagadamana - prajati,नागदमन प्रजाति,nāgadamana prajāti,नागदमन प्रजाति,Sansevieria hyacinthoides (Linn.) Druce.,,,[3]
N,1,Nagadanti,नागदन्ती,nāgadantī,नागदन्ती,Baliospernum calycinum Muell-Arg.,Accepted source,Nagadanti is not Danti or Dravanti as they are mentioned seperately but it is clear that it is a bigger variety of Danti; Fruits of this species are six times bigger than danti fruits; The word 'Naga' in Danti depicts that it is a bigger variety and hence this is the most appropriate correlation,[5]
N,1,Nagadanti,नागदन्ती,nāgadantī,नागदन्ती,Croton oblongifolius,Accepted source,Identified with it,[1]
N,1,Nagadanti,नागदन्ती,nāgadantī,नागदन्ती,Croton oblongifolius Roxb.,Most probable,May be ideintified with it,[1]
N,1,Nagakesara,नागकेशर,nāgakeśara,नागकेशर,Calophyllum inophyllum Linn.,Substituted source,At present this is used as a substitute,[1]
N,1,Nagakesara,नागकेशर,nāgakeśara,नागकेशर,Cinnamomum sp.,Substituted source,At present this is used as a substitute,[1]
N,1,Nagakesara,नागकेशर,nāgakeśara,नागकेशर,Cinnamomum wightii,?,?,[2]
N,1,Nagakesara,नागकेशर,nāgakeśara,नागकेशर,Cinnamomum wightii,Market source,Unripe fruits of this species is sold in the markets as Nagakesara,[2]
N,1,Nagakesara,नागकेशर,nāgakeśara,नागकेशरम्,Cinnamomum Wightii,Adulterated source,Unripe fruits of this species is used as an adulterant for Nagakesara,[2]
N,1,Nagakesara,नागकेशर,nāgakeśara,नागकेशरम्,Cinnamomum Wightii,Market source,Unripe fruits of this species is sold in the markets as Nagakesara,[2]
N,1,Nagakesara,नागकेशर,nāgakeśara,नागकेशर,Dilienia pentagyna Roxb.,?,?,[5]
N,1,Nagakesara,नागकेशर,nāgakeśara,नागकेशरम्,Dillenia pentagyna,?,?,[2]
N,1,Nagakesara,नागकेशर,nāgakeśara,नागकेशरम्,Dillenia pentagyna,Market source,This species known as Malabar nagakesara is sold as Nagakesara in the markets of South India,[2]
N,1,Nagakesara,नागकेशर,nāgakeśara,नागकेशर,Mesua ferrea,Accepted source,Identified with it,[1]
N,1,Nagakesara,नागकेशर,nāgakeśara,नागकेशरम्,Mesua ferrea,Accepted source,Nagakesara is correlated to this species,[2]
N,1,Nagakesara,नागकेशर,nāgakeśara,नागकेशर,Mesua ferrea Linn.,,,[3]
N,1,Nagakesara,नागकेशर,nāgakeśara,नागकेशर,Mesua ferrea Linn.,Accepted source,Identified with it,[1]
N,1,Nagakesara,नागकेशर,nāgakeśara,नागकेशर,Mesua ferrea Linn.,Accepted source,Three species are being used as Nagakesara and this species is identified with with it,[5]
N,1,Nagakesara,नागकेशर,nāgakeśara,नागकेशरम्,Ochrocarpus longifolia,Market source,Unripe buds of the flowers of this species is used as Nagakesara in the markets,[2]
N,1,Nagakesara,नागकेशर,nāgakeśara,नागकेशर,Ochrocarpus longifolius Benth. & Hook.f.,Substituted source,At present this is used as a substitute,[1]
N,1,Nagakesara,नागकेशर,nāgakeśara,नागकेशरम्,Piper longum Linn.,Market source,This species is used as Nagakesara in the markets,[2]
N,1,Nagakesara,नागकेशर,nāgakeśara,नागकेशरम्,Piper officinarum C. DC.,Market source,This species is used as Nagakesara in the markets,[2]
N,1,Nagakesaram,नागकेशरम्,nāgakeśaram,नागकेशर,Calophyllum inophyllum Linn.,Substituted source,At present this is used as a substitute,[1]
N,1,Nagakesaram,नागकेशरम्,nāgakeśaram,नागकेशर,Cinnamomum sp.,Substituted source,At present this is used as a substitute,[1]
N,1,Nagakesaram,नागकेशरम्,nāgakeśaram,नागकेशर,Cinnamomum wightii,?,?,[2]
N,1,Nagakesaram,नागकेशरम्,nāgakeśaram,नागकेशर,Cinnamomum wightii,Market source,Unripe fruits of this species is sold in the markets as Nagakesara,[2]
N,1,Nagakesaram,नागकेशरम्,nāgakeśaram,नागकेशरम्,Cinnamomum Wightii,Adulterated source,Unripe fruits of this species is used as an adulterant for Nagakesara,[2]
N,1,Nagakesaram,नागकेशरम्,nāgakeśaram,नागकेशरम्,Cinnamomum Wightii,Market source,Unripe fruits of this species is sold in the markets as Nagakesara,[2]
N,1,Nagakesaram,नागकेशरम्,nāgakeśaram,नागकेशर,Dilienia pentagyna Roxb.,?,?,[5]
N,1,Nagakesaram,नागकेशरम्,nāgakeśaram,नागकेशरम्,Dillenia pentagyna,?,?,[2]
N,1,Nagakesaram,नागकेशरम्,nāgakeśaram,नागकेशरम्,Dillenia pentagyna,Market source,This species known as Malabar nagakesara is sold as Nagakesara in the markets of South India,[2]
N,1,Nagakesaram,नागकेशरम्,nāgakeśaram,नागकेशर,Mesua ferrea,Accepted source,Identified with it,[1]
N,1,Nagakesaram,नागकेशरम्,nāgakeśaram,नागकेशरम्,Mesua ferrea,Accepted source,Nagakesara is correlated to this species,[2]
N,1,Nagakesaram,नागकेशरम्,nāgakeśaram,नागकेशर,Mesua ferrea Linn.,,,[3]
N,1,Nagakesaram,नागकेशरम्,nāgakeśaram,नागकेशर,Mesua ferrea Linn.,Accepted source,Identified with it,[1]
N,1,Nagakesaram,नागकेशरम्,nāgakeśaram,नागकेशर,Mesua ferrea Linn.,Accepted source,Three species are being used as Nagakesara and this species is identified with with it,[5]
N,1,Nagakesaram,नागकेशरम्,nāgakeśaram,नागकेशरम्,Ochrocarpus longifolia,Market source,Unripe buds of the flowers of this species is used as Nagakesara in the markets,[2]
N,1,Nagakesaram,नागकेशरम्,nāgakeśaram,नागकेशर,Ochrocarpus longifolius Benth. & Hook.f.,Substituted source,At present this is used as a substitute,[1]
N,1,Nagakesaram,नागकेशरम्,nāgakeśaram,नागकेशरम्,Piper longum Linn.,Market source,This species is used as Nagakesara in the markets,[2]
N,1,Nagakesaram,नागकेशरम्,nāgakeśaram,नागकेशरम्,Piper officinarum C. DC.,Market source,This species is used as Nagakesara in the markets,[2]
N,1,Nagamustaka,नागमुस्तक,nāgamustaka,नागमुस्तक,Cyperus scariosuss R. Br.,,,[3]
N,1,Nagapurisacchatra,नागरपुरीषछ्त्र,nāgarapurīṣachtra,नागरपुरीषछ्त्र,Mushroom,Suggested source,This name conveys some mushroom growing on the excreta of plants,[1]
N,1,Nagapuspi,नागपुष्पी,nāgapuṣpī,नागपुष्पी,Arisaema alba N.E. Br.,Most probable,Nagini' is the synonym of 'Nagapuspi' and hence the 'Nagini' mentioned in Raja nighantu and Kaideva nighantu may be the same 'Nagapuspi' so most probably correlated to this species,[5]
N,1,Nagaramustaka,नागरमुस्तक,nāgaramustaka,नागरमुस्तक,Cyperus esculentus Linn.,Accepted source,Identified with this species,[5]
N,1,Nagarjuni,नागार्जुनी,nāgārjunī,नागार्जुनी,Euphorbia Thymifolia,Accepted source,Identified with this species,[5]
N,1,Nahi,नाही,nāhī,नाही,Enicostemma littorale Blume.,,,[3]
N,1,Nakuli,नाकुली,nākulī,नाकुली,Rauwolfia serpentina Benth. ex Kurz.,Accepted source,Identified with it,[1]
N,1,Nakuli,नाकुली,nākulī,नाकुली,Rauwolfia serpentina Benth. ex Kurz.,Accepted source,Identified with it,[1]
N,1,Nakuli,नाकुली,nākulī,नाकुली,Rauwolfia serpentina Benth. ex Kurz.,Accepted source,"After exploring the ancient texts and nighantus it can be concluded that 1. According to Susruta, 'Nakuli' was interpreted as 'Sarpagandha' 2. Initially commentators considered 'Nakuli' and 'Rasna' as synonyms of each other 3. Arunadatta has interpreted 'Sarpaksi' and 'Sarpasugandha' as 'Nakulidvaya'; Thakur Balwant Singh has interpreted 'Nakuli' as 'Sarpagandha' which is identified with this species",[5]
N,1,Nala,नल,nala,नल,Arundo donax Linn.,,,[3]
N,1,Nala,नल,nala,नल,Phragmites maxima Blatter & McCann.,Accepted source,Identified with it,[1]
N,1,Nala - jati,नल जाति,nala jāti,नल जाति,Phragmites karka Trin. Ex. Steud.,,,[3]
N,1,Nalada,नलद,nalada,नलद,Valeriana sp.,Accepted source,It is identified with this species,[5]
N,1,Nalika,नलिका,nalikā,नलिका,Cinnamomum sp.,Substituted source,Bark of this species is being used as its substitute,[1]
N,1,Nalika,नलिका,nalikā,नलिका,Cinnamomum tamala,?,?,[2]
N,1,Nalika,नलिका,nalikā,नलिका,Ipomaea aquatica,Accepted source,Nalika is correlated to this species,[2]
N,1,Nalika,नलिका,nalikā,नलिका,Ipomoea acquatica Forsk.,Most probable,May be identified with this species,[1]
N,1,Nalika,नलिका,nalikā,नलिका,Litsea sp.,Substituted source,Bark of this species is being used as its substitute,[1]
N,2,Nandi,नन्दी,nandī,नन्दी,Ficus sp.,Most probable,May be identified with this species,[1]
N,2,Nandimukha,नन्दीमुख,nandīmukha,नन्दीमुख,Eleusine indica Gaertn.,Accepted source,Nandimukha is a variety of Madhuli which is correlated to this species,[1]
N,2,Nandimukhi,नन्दीमुखी,nandīmukhī,नन्दीमुखी,Eleusine indica Gaertn.,Accepted source,Identified with it,[1]
N,2,Nandimukhi,नन्दीमुखी,nandīmukhī,नन्दीमुखी,Eleusine indica Gaertn.,Accepted source,With regard to its properties it is considered as a type of 'Godhuma' and hence identified with this species,[5]
N,2,Nandivrksa,नन्दीवृक्ष,nandīvṛkṣa,नन्दीवृक्ष,Cedrela toona,Suggested source,"According to Dhanvantari nighantu, Raja nighantu and Amarakosa, Nandivrksa is identified with Tuni which is correlated to this species",[2]
N,2,Nandivrksa,नन्दीवृक्ष,nandīvṛkṣa,नन्दीवृक्ष,Ficus altissima Blume,Accepted source,Identified with this species,[5]
N,2,Nandivrksa,नन्दीवृक्ष,nandīvṛkṣa,नन्दीवृक्ष,Ficus retusa,Accepted source,Nandivrksa is identified with this species,[2]
N,2,Nandivrksa,नन्दीवृक्ष,nandīvṛkṣa,नन्दीवृक्ष,Ficus retusa Linn.,Most probable,May be identified with it,[1]
N,2,Nandivrksa,नन्दीवृक्ष,nandīvṛkṣa,नन्दीवृक्ष,Ficus rumphii Blume,Most probable,May be identified with it,[1]
N,2,Nandivrksa,नन्दीवृक्ष,nandīvṛkṣa,नन्दीवृक्ष,Gmelina arborea,Suggested source,There are different views regarding Nandivriksa; Some consider it to be Kasmari which is correlated to this species,[2]
N,2,Nandivrksa,नन्दीवृक्ष,nandīvṛkṣa,नन्दीवृक्ष,Tabernaemontana coronaria,Suggested source,Dr Vaman Ganesh Desai identifies Nandivrksa with this species,[2]
N,2,Nandivrksa,नन्दीवृक्ष,nandīvṛkṣa,नन्दीवृक्ष,Thespesia populnea,Most probable,Some identify Nandivrksa as Gardabhand which is correlated to this species,[2]
N,2,Naraci,नाराची,nārācī,नाराची,Corchorus sp.,Most probable,Based on the synonyms its most probably correlated to this species; Locally this species is called as 'Narca',[5]
N,2,Naranga,नारङ्ग,nāraṅga,नारङ्ग,Citrus reticulata Blanc.,Accepted source,Identified with it,[1]
N,2,Naranga,नारङ्ग,nāraṅga,नारङ्ग,Citrus reticulata Blanco.,,,[4]
N,2,Naranga - prakara,नारङ्ग प्रकार,nāraṅga prakāra,नारङ्ग प्रकार,Citrus auranticum Linn.,,,[4]
N,2,Naranga - prakara,नारङ्ग प्रकार,nāraṅga prakāra,नारङ्ग प्रकार,Citrus sinensis Linn.,,,[4]
N,2,Narapuspa,नरपुष्पा,narapuṣpā,नरपुष्पा,Indigofera sp.,Accepted source,Narapuspa is mentioned in Sodala nighantu and with regard to the given synonyms it is identified with this species,[5]
N,2,Narikela,नारिकेल,nārikela,नारिकेल,Cocos nucifera Linn.,,,[3]
N,2,Narikela,नारिकेल,nārikela,नारिकेल,Cocos nucifera Linn.,,,[4]
N,2,Narikela,नारिकेल,nārikela,नारिकेल,Cocos nucifera Linn.,Accepted source,Identified with it,[1]
N,2,Nicula,निचुल,nicula,निचुल,Barringtonia acutangula (Linn.) Gaertn.,Accepted source,Identified with it,[1]
N,2,Nicula,निचुल,nicula,निचुल,Barringtonia racemosa Roxb.,?,?,[2]
N,2,Nicula,निचुल,nicula,निचुल,Barringtonia racemosa Roxb.,Accepted source,Nicula is identified with this species,[2]
N,2,Nicula,निचुल,nicula,निचुल,Prunus armeniaca Linn.,A-C,?,[1]
N,2,Nicula,निचुल,nicula,निचुल,Prunus persica Batsch,A-C,?,[1]
N,2,Nikocaka,निकोचक,nikocaka,निकोचक,Aesculus indicus Colebr.,Most probable,Aesculus indicus may be correlated to Nikocaka,[1]
N,2,Nikocaka,निकोचक,nikocaka,निकोचक,Pinus gerardiana Wall.,,,[4]
N,2,Nila,नीला,nīlā,नीला,Indigofera sp.,Most probable,It may be identified with this species,[5]
N,2,Nili,नीली,nīlī,नीली,Indigofera tinctoria Linn.,Accepted source,Identified with it,[1]
N,2,Nili,नीली,nīlī,नीलिनी,Indigofera tinctoria Linn.,,,[3]
N,2,Nili,नीली,nīlī,नीली,Ipomoea hederacea (Linn.) Jacq.,?,?,[1]
N,2,Nilini,नीलिनी,nīlinī,नीली,Indigofera tinctoria Linn.,Accepted source,Identified with it,[1]
N,2,Nilini,नीलिनी,nīlinī,नीलिनी,Indigofera tinctoria Linn.,,,[3]
N,2,Nilini,नीलिनी,nīlinī,नीली,Ipomoea hederacea (Linn.) Jacq.,?,?,[1]
N,2,Nimba,निम्ब,nimba,निम्ब,Azadirachta indica A. Juss,,,[3]
N,2,Nimba,निम्ब,nimba,निम्ब,Azadirachta indica A. Juss.,Accepted source,Identified with it,[1]
N,2,Nimbi,निम्बी,nimbī,निम्बी,Picrasma quassioides Bennett.,Most probable,With regard to its synonyms its most probably correlated to this species and popular by the name 'Kadvi' or 'Nimatota',[5]
N,2,Nimbuka,निम्बुक,nimbuka,निम्बुक,Citrus aurantifolia (Christm) Swingle.,,,[4]
N,2,Nipa,नीप,nīpa,नीप,Adina cordifolia Benth. and Hook.f.,Most probable,May be identified with this species. This is considered as a variety of Kadamba,[1]
N,2,Nirgundi,निर्गुण्डी,nirguṇḍī,निर्गुण्डी,Vitex negundo Linn.,,,[3]
N,2,Nirgundi,निर्गुण्डी,nirguṇḍī,निर्गुण्डी,Vitex negundo Linn.,?,?,[5]
N,2,Nirgundi,निर्गुण्डी,nirguṇḍī,निर्गुण्डी,Vitex negundo Linn.,Accepted source,Identified with it,[1]
N,2,Nirgundi,निर्गुण्डी,nirguṇḍī,निर्गुण्डी,Vitex negundo Linn.,Accepted source,Identified with it,[1]
N,2,Nirgundi,निर्गुण्डी,nirguṇḍī,निर्गुण्डी,Vitex Trifolia Linn. F.,,,[3]
N,2,Nirvisa,निर्विषा,nirviṣā,निर्विषा,Delphinium denudatum Wall.,,,[3]
N,3,Nirvisi,निर्विषी,nirviṣī,निर्विषी,Delphinium denudatum,Accepted source,Nirvisi is correlated to this species,[2]
N,3,Nispava,निष्पाव,niṣpāva,निष्पाव,Dolichos lablab Linn.,,,[4]
N,3,Nispava,निष्पाव,niṣpāva,निष्पाव,Dolichos lablab Linn.,Accepted source,Identified with it,[1]
N,3,Nivara,नीवार,nīvāra,नीवार,Hygroryza aristata Nees.,,,[4]
N,3,Nrtyakundaka,नृत्यकुण्डक,nṛtyakuṇḍaka,नृत्यकुण्डक,Eleusine aegyptiaca Desf.,Most probable,May be identified with this species as its features resemble with that of the plant; Its also known with the name Makara which is popular in Varanasi and correlated to this species itself.,[1]
N,3,Nrtyakundala,नृत्यकुण्डल,nṛtyakuṇḍala,नृत्यकुण्डल,Achyranthes aspera.,Controversial,With regard to the meaning given to Nrtyakundala by the commentator in Susruta samhita it is correlated to this species but considering other facts later  this cannot be taken as the accepted source,[2]
N,3,Nrtyakundala,नृत्यकुण्डल,nṛtyakuṇḍala,नृत्यकुण्डल,Anthocephalus cadamb,Controversial,With regard to comments given by Dalhana it can be correlated to this species but there are many views regarding this plant,[2]
N,3,Nrtyakundala,नृत्यकुण्डल,nṛtyakuṇḍala,नृत्यकुण्डल,Eleusine corocana,Suggested source,With regard to its features and properties many plants are correlated to Nrtyakundala. Among them seeds of this species are suggested to be used as Nrtyakundala,[2]
N,3,Nrtyakundala,नृत्यकुण्डल,nṛtyakuṇḍala,नृत्यकुण्डल,Eleusine corocuna,Suggested source,With regard to its features and properties many plants are correlated to Nrtyakundala. Among them seeds of this species are suggested to be used as Nrtyakundala,[2]
N,3,Nrtyakundala,नृत्यकुण्डल,nṛtyakuṇḍala,नृत्यकुण्डल,Martynia diandra,Controversial,Many plants are considered as Nrtyakundala and this species is one among them,[2]
N,3,Nrtyakundala,नृत्यकुण्डल,nṛtyakuṇḍala,नृत्यकुण्डल,Martynia diandra,Most probable,Some consider Nrtyakundala as this species with regard to its features,[2]
N,3,Nrtyakundala,नृत्यकुण्डल,nṛtyakuṇḍala,नृत्यकुण्डल,Pergularia extensa,Controversial,With regard to its features and properties many plants are correlated to Nrtyakundala. Among them this species is suggested to be used as Nrtyakundala,[2]
O,1,Odanapaki,ओदनपाकी,odanapākī,ओदनपाकी,Hymenachne amplexicaulis (Rudge) Nees.,Suggested source,"Odanapaki has been mentioned in Caraka samhita, Astanga sangraha and Astanga hridaya where as not mentioned in Susruta samhita; Cakrapani has identified it with 'Nilajhinti'; In Dhanvantari nighantu it has been mentioned as a synonym of 'Bala' as its fruits ripen during the winter season and its seeds are used as rice; But Odanapaki cannot be considered as Bala as in Caraka samhita its mentioned seperately and not mentioned in the Bala catustaya (four bala); Most probably can be correlated to this species as it has features similar to the ones described above",[5]
P,1,Paci,पाची,pācī,पाची,Pogostemon cablin Benth.,Accepted source,Its identified with this species,[5]
P,1,Paci,पाची,pācī,पाची,Pogostemon heyneanus Benth.,Accepted source,Its identified with this species,[5]
P,1,Padma,पद्म,padma,पद्म,Physalis minima Linn.,Accepted source,It is identified with this species,[5]
P,1,Padma,पद्म,padma,पद्म,Physalis peruviana Linn.,?,?,[5]
P,1,Padma,पद्म,padma,पद्म,Premna herbacea Roxb.,Accepted source,Identified with it,[1]
P,1,Padmabija,पद्मबीज,padmabīja,कमल,Nelumbo nucifera Gaertn.,Accepted source,Identified with it,[1]
P,1,Padmabija,पद्मबीज,padmabīja,कमल,Nelumbo nucifera Gaertn.,Accepted source,Identified with it,[3]
P,1,Padmabija,पद्मबीज,padmabīja,पद्मबीज,Nelumbo nucifera Gaertn.,,,[4]
P,1,Padmacarati,पद्मचारटी,padmacāraṭī,पद्मचारटी,Clerodendrum indicum (Linn.) Ktze.,Accepted source,Padmacarati has been identified with Brahmayastika which is correlated to Clerodendrum indicum,[1]
P,1,Padmacarati,पद्मचारटी,padmacāraṭī,पद्मचारटी,Premna herbacea Roxb.,Substituted source,This species may be used in its place as it has resemblance with habit and habitat of Padmacarati,[1]
P,1,Padmaka,पद्मक,padmaka,पद्मक,Prunus cerasoides D. Don.,,,[3]
P,1,Padmaka,पद्मक,padmaka,पद्मक,Prunus cerasoides D. Don.,Accepted source,Identified with it,[1]
P,1,Padmaka,पद्मक,padmaka,पद्मक उपजाति,Prunus cerasoides D. Don. var. majestica ingram,,,[3]
P,1,Padmaka,पद्मक,padmaka,पद्मक उपजाति,Prunus cerasoides D. Don. var. rubeus ingram,,,[3]
P,1,Padmaka - upajati,पद्मक उपजाति,padmaka upajāti,पद्मक,Prunus cerasoides D. Don.,,,[3]
P,1,Padmaka - upajati,पद्मक उपजाति,padmaka upajāti,पद्मक,Prunus cerasoides D. Don.,Accepted source,Identified with it,[1]
P,1,Padmaka - upajati,पद्मक उपजाति,padmaka upajāti,पद्मक उपजाति,Prunus cerasoides D. Don. var. majestica ingram,,,[3]
P,1,Padmaka - upajati,पद्मक उपजाति,padmaka upajāti,पद्मक उपजाति,Prunus cerasoides D. Don. var. rubeus ingram,,,[3]
P,1,Palandu,पलाण्डु,palāṇḍu,पलाण्डु,Allium cepa Linn.,,,[3]
P,1,Palandu,पलाण्डु,palāṇḍu,पलाण्डु,Allium cepa Linn.,Accepted source,Identified with it,[1]
P,1,Palankya,पालङ्क्य,pālaṅkya,पालङ्क्य,Spinacia oleracea Linn.,Accepted source,Identified with it,[1]
P,1,Palankya,पालङ्क्य,pālaṅkya,पालङ्क्य,Spinacia oleracia Linn.,,,[4]
P,1,Palasa,पलाश,palāśa,पलाश,Butea monosperma (Lam.) Kuntze.,,,[3]
P,1,Palasa,पलाश,palāśa,पलाश,Butea monosperma (Linn.) Kuntze.,Accepted source,Identified with it,[1]
P,1,Palasini,पलाशिनी,palāśinī,पलाशिनी,Butea superba Roxb.,Accepted source,Widely known by the name 'Latapalasa' and identified with this species; It is mentioned in Sodala and Raja nighantu,[5]
P,1,Palevata,पालेवत,pālevata,पालेवत,Psidium guyava,Accepted source,Palevatam is correlated to this species,[2]
P,1,Panasa,पनस,panasa,पनस,Artocarpus heterophyllus Lam.,Accepted source,Identified with it,[1]
P,1,Panasa,पनस,panasa,पनस,Artocarpus integra (Thunb) Merrill.,,,[3]
P,1,Panasa,पनस,panasa,पनस,Artocarpus integra (Thunb.) Merrill.,,,[4]
P,1,Paniyavalli,पानीयवल्ली,pānīyavallī,पानीयवल्ली,Delima scandens Burkill.,Most probable,"With regard to its name that it’s a creeper in which there is water, three species are correlated to it and this species is one among them",[5]
P,1,Paniyavalli,पानीयवल्ली,pānīyavallī,पानीयवल्ली,Uncaria sessilifructus Roxb.,Most probable,"With regard to its name that it’s a creeper in which there is water, three species are correlated to it and this species is one among them; Its found in North Bengal, Assam and Northeast part of Andhra Pradesh",[5]
P,1,Paniyavalli,पानीयवल्ली,pānīyavallī,पानीयवल्ली,Vitis latifolia Roxb.,Controversial,"With regard to its name that it’s a creeper in which there is water, three species are correlated to it and this species is one among them; This species is found all over India",[5]
P,1,Parasikavaca,पारसीक वचा,pārasīka vacā,पारसीक वचा,Iris ensata thunb.,Accepted source,Identified with this species,[5]
P,1,Parasikayavani,पारसीकयवानी,pārasīkayavānī,पारसीकयवानी,Hyoscyamus niger Linn.,,,[3]
P,1,Parasikayavani,पारसीकयवानी,pārasīkayavānī,पारसीकयवानी,Hyoscyamus niger Linn.,Accepted source,Identified with it,[1]
P,1,Paravata,पारावत,pārāvata,पारावत,Garcinia cowa Roxb.,Accepted source,"With regard to its habitat, morphology, etc it is identified with this species",[5]
P,1,Paravata,पारावत,pārāvata,पारावत,Psidium guajava Linn.,Most probable,Some of them identify it with this species,[1]
P,1,Paravatapadi,पारावतपदी,pārāvatapadī,पारावतपदी,Adiantum capillus,Accepted source,Paravatapadi has been identified with this species on the basis of commenatry given by Dalhana in Susruta samhita,[2]
P,1,Paravatapadi,पारावतपदी,pārāvatapadī,पारावतपदी,Leea sp.,Most probable,May be identified with this species with regard to its resemblance in features,[1]
P,1,Paravatapadi,पारावतपदी,pārāvatapadī,पारावतपदी,Vitex leucoxylon Linn.f.,Accepted source,Paravatapadi' has been cited just once in Susruta and Caraka; Cakrapani has interpreted it as 'Jyotismati' and Dalhana as 'Hamsapdi'; According to the author it is identified with this species which is known among the adivasis (tribal people) as 'Cirai-Godi',[5]
P,1,Paravatapadi,पारावतपदी,pārāvatapadī,पारावतपदी,Vitex pedunculalaris Wall.,Suggested source,Paravatapadi' has been cited just once in Susruta and Caraka; Cakrapani has interpreted it as 'Jyotismati' and Dalhana as 'Hamsapdi'; Some people suggest to use this species as 'Paravatapadi',[5]
P,1,Paravatapadi,पारावतपदी,pārāvatapadī,पारावतपदी,Vitex sp.,Most probable,May be identified with this species with regard to its resemblance in features,[1]
P,1,Paravatapadi,पारावतपदी,pārāvatapadī,पारावतपदी,Zanthoxylum sp.,Most probable,May be identified with this species with regard to its resemblance in features,[1]
P,1,Paribhadra,पारिभद्र,pāribhadra,पारिभद्र,Erythrina indica Lam.,Most probable,With regard to its features this species may be correlated to Paribhadra,[1]
P,1,Paribhadra,पारिभद्र,pāribhadra,पारिभद्र,Erythrina suberosa Roxb.,Most probable,With regard to its features this species may be correlated to Paribhadra,[1]
P,1,Paribhadra,पारिभद्र,pāribhadra,पारिभद्र,Erythrina variegata Linn. Var. orientalis (Linn.),,,[3]
P,1,Paribhadra,पारिभद्र,pāribhadra,पारिभद्र,Nyctanthes arbortristis Linn.,Substituted source,May be correlated with this species as it was used as a substitute in its place,[1]
P,1,Parijata,पारिजात,pārijāta,पारिजात,Erythrina variegata Linn. var. orientalis (Linn.),Accepted source,Parijata and Paribhadra are synonymous to each other and identified with this species,[5]
P,1,Parijata,पारिजात,pārijāta,पारिजात,Nyctanthes arbor-tristis Linn.,,,[3]
P,1,Parisa,पारीश,pārīśa,पारीश,Ficus sp.,Accepted source,Identified with it,[1]
P,1,Parisa,पारीश,pārīśa,पारीश,Thespasia populnea Soland ex Correa.,Accepted source,It is identified with this species,[5]
P,2,Parnabija,पर्णबीज,parṇabīja,पर्णबीज,Bryophyllum pinnatum (Lam.) Kurz.,,,[3]
P,2,Parnabija,पर्णबीज,parṇabīja,पर्णबीज जाति,Kalanchoe integra (Medic) Kutze.,,,[3]
P,2,Parnabija,पर्णबीज,parṇabīja,पर्णबीज जाति,Kalanchoe laciniata (Linn.) DC.,,,[3]
P,2,Parnabija - jati,पर्णबीज जाति,parṇabīja jāti,पर्णबीज,Bryophyllum pinnatum (Lam.) Kurz.,,,[3]
P,2,Parnabija - jati,पर्णबीज जाति,parṇabīja jāti,पर्णबीज जाति,Kalanchoe integra (Medic) Kutze.,,,[3]
P,2,Parnabija - jati,पर्णबीज जाति,parṇabīja jāti,पर्णबीज जाति,Kalanchoe laciniata (Linn.) DC.,,,[3]
P,2,Parnasa,पर्णास,parṇāsa,पर्णास,Ocimum sanctum Linn.,Accepted source,"Parnasa' has been cited only in Caraka Samhita along with 'Surasa'; It seems that during the period of Caraka, 'Parnasa' was the name used for 'Tulasi' as its uses were mentioned extensively; Therefore Cakrapani has interpreted all the drugs in Tulasi group as 'Parnasabheda'; Hence it can be identified with this species",[5]
P,2,Parnayavani,पर्णयवानी,parṇayavānī,पर्णयवानी,Coleus amboinicus Lour.,,,[3]
P,2,Parpata,पर्पट,parpaṭa,पर्पट,Fumaria indica Pugsley,Controversial,All over the country different plants are used under this name hence remains a controversy; With regard to its character it is correlated to this species,[1]
P,2,Parpata,पर्पट,parpaṭa,पर्पट,Fumaria officinalis Linn.,,,[3]
P,2,Parpata,पर्पट,parpaṭa,पर्पट,Fumaria officinalis Linn.,Controversial,All over the country different plants are used under this name hence remains a controversy; With regard to its character it is correlated to this species,[1]
P,2,Parpata,पर्पट,parpaṭa,पर्पट,Fumaria parviflora,Controversial,Is a controversial plant and different species are being used as Parpata all over the country; This species is used as Parpata in Punjab and North India,[2]
P,2,Parpata,पर्पट,parpaṭa,पर्पट,Fumaria parviflora Lam.,Controversial,All over the country different plants are used under this name hence remains a controversy; With regard to its character it is correlated to this species,[1]
P,2,Parpata,पर्पट,parpaṭa,पर्पट,Fumaria vaillantii Loisel.,,,[3]
P,2,Parpata,पर्पट,parpaṭa,पर्पट,Fumaria vaillantii Loisel.,Controversial,Parpata was a very useful drug but in due course of time it turned out to be controversial and its usage started diminishing; Presently many drugs are being used as Parpata and this species is one among them,[5]
P,2,Parpata,पर्पट,parpaṭa,पर्पट,Glossocardia bosvallia DC.,Controversial,All over the country different plants are used under this name hence remains a controversy; With regard to its character it is correlated to this species,[1]
P,2,Parpata,पर्पट,parpaṭa,पर्पट,Glossocardia bosvallia DC.,Controversial,Parpata was a very useful drug but in due course of time it turned out to be controversial and its usage started diminishing; Presently many drugs are being used as Parpata and this species is one among them,[5]
P,2,Parpata,पर्पट,parpaṭa,पर्पट,Justica procumbens Linn.,Controversial,All over the country different plants are used under this name hence remains a controversy; With regard to its character it is correlated to this species,[1]
P,2,Parpata,पर्पट,parpaṭa,पर्पट,Justicia procumbens Linn.,Controversial,Parpata was a very useful drug but in due course of time it turned out to be controversial and its usage started diminishing; Presently many drugs are being used as Parpata and this species is one among them,[5]
P,2,Parpata,पर्पट,parpaṭa,पर्पट,Mollugo cerviana Ser.,Controversial,All over the country different plants are used under this name hence remains a controversy; With regard to its character it is correlated to this species,[1]
P,2,Parpata,पर्पट,parpaṭa,पर्पट,Mollugo hirta Thunb.,,,[5]
P,2,Parpata,पर्पट,parpaṭa,पर्पट,Mollugo oppositaefolia,Controversial,Is a controversial plant and different species are being used as Parpata all over the country; This species is used as Parpata in Kerala and South India,[2]
P,2,Parpata,पर्पट,parpaṭa,पर्पट,Mollugo oppositaefolia Linn.,Controversial,Parpata' was a very useful drug but in due course of time it turned out to be controversial and its usage started diminishing; Presently many drugs are being used as 'Parpata' and this species is one among them,[5]
P,2,Parpata,पर्पट,parpaṭa,पर्पट,Oldenlandea corymbosa Linn.,Controversial,Many plants are being used as Parpata in different parts of India; This species is used as Parpata in Maharashtra,[2]
P,2,Parpata,पर्पट,parpaṭa,पर्पट,Oldenlandea corymbosa Linn.,Controversial,Many plants are being used as Parpata in different parts of India; This species is used as Parpata in Maharashtra,[2]
P,2,Parpata,पर्पट,parpaṭa,पर्पट,Oldenlandia biflora Linn.,Controversial,All over the country different plants are used under this name hence remains a controversy; With regard to its character it is correlated to this species,[1]
P,2,Parpata,पर्पट,parpaṭa,पर्पट,Oldenlandia corymbosa Linn.,Controversial,Parpata was a very useful drug but in due course of time it turned out to be controversial and its usage started diminishing; Presently many drugs are being used as Parpata and this species is one among them,[5]
P,2,Parpata,पर्पट,parpaṭa,पर्पट,Polycarpaea corymbeosa Linn.,Controversial,Parpata' was a very useful drug but in due course of time it turned out to be controversial and its usage started diminishing; Presently many drugs are being used as 'Parpata' and this species is one among them,[5]
P,2,Parpata,पर्पट,parpaṭa,पर्पट,Polycarpaea corymbosa,Controversial,Many plants are being used as Parpata in different parts of India; This species is used as Parpata in rural districts of Uttar Pradesh,[2]
P,2,Parpata,पर्पट,parpaṭa,पर्पट,Polycarpea corymbosa Linn.,Controversial,All over the country different plants are used under this name hence remains a controversy; With regard to its character it is correlated to this species,[1]
P,2,Parpata,पर्पट,parpaṭa,पर्पट,Rungia repens,Controversial,Parpata is a controversial plant and different species are being used as Parpata all over the country; This species is used as Parpata in Gujarat and Saurashtra,[2]
P,2,Parpata,पर्पट,parpaṭa,पर्पट,Rungia repens Nees.,Controversial,Parpata' was a very useful drug but in due course of time it turned out to be controversial and its usage started diminishing; Presently many drugs are being used as 'Parpata' and this species is one among them,[5]
P,2,Parpataki,पर्पटकी,parpaṭakī,पर्पटकी,Gardenia latifolia Ait.,Accepted source,Identified with this species,[5]
P,2,Parpataki,पर्पटकी,parpaṭakī,पर्पटकी फल,Physalis minima Linn.,Accepted source,Identified with it,[1]
P,2,Parpataki phala,पर्पटकी फल,parpaṭakī phala,पर्पटकी,Gardenia latifolia Ait.,Accepted source,Identified with this species,[5]
P,2,Parpataki phala,पर्पटकी फल,parpaṭakī phala,पर्पटकी फल,Physalis minima Linn.,Accepted source,Identified with it,[1]
P,2,Parpoti,पर्पोटी,parpoṭī,पर्पोटी,Physalis minima Linn.,Accepted source,It is identified with this species,[5]
P,2,Parusaka,परूषक,parūṣaka,परूषक,Grewia asiatica Linn.,,,[4]
P,2,Parusaka,परूषक,parūṣaka,परूषक,Grewia asiatica Linn.,Accepted source,Identified with it,[1]
P,2,Parvani,पर्वणी,parvaṇī,पर्वणी,Polygonum sp.,Most probable,Parvani' has been mentioned in the Saka varga (group of leafy vegetables) of Caraka samhita; Cakrapani has interpreted it as 'Parvasaka'; With regard to its features it may most probably be identified with this species,[5]
P,2,Pasanabheda,पाषाणभेद,pāṣāṇabheda,पाषाणभेद,Aerva Javanica Juss.,Controversial,Many plants are being used as Pasanabheda in different parts of India; Aerva javanica is found abundant in Gujarat and used as Pasanabheda,[2]
P,2,Pasanabheda,पाषाणभेद,pāṣāṇabheda,पाषाणभेद,Aerva lanata Juss.,Controversial,Many species are correlated to this plant and one among them is Aerva lanata which is used as 'Pasanabheda' in South India,[5]
P,2,Pasanabheda,पाषाणभेद,pāṣāṇabheda,पाषाणभेद,Aerva lanata Juss.,Most probable,"This species is being used as Pasanabheda in Tamil Nadu, Andhra Pradesh and Rajasthan and have found it to be efficacious; Most of the eminent writers have considered this to be as Pasanabheda as it bears all its properties",[2]
P,2,Pasanabheda,पाषाणभेद,pāṣāṇabheda,पाषाणभेद,Aerva lanata Juss.,Substituted source,This species is used as a substitute with regard to its functions to that of Pasanabheda,[1]
P,2,Pasanabheda,पाषाणभेद,pāṣāṇabheda,पाषाणभेद,Ammania baccifera Linn.,Accepted source,Ammania baccifera is accepted and used as Pasanabheda in Kerala,[2]
P,2,Pasanabheda,पाषाणभेद,pāṣāṇabheda,पाषाणभेद,Ammania baccifera Linn.,Controversial,Many species are correlated to this plant and one among them is Ammania baccifera which is used as 'Pasanabheda' in Kerala,[5]
P,2,Pasanabheda,पाषाणभेद,pāṣāṇabheda,पाषाणभेद,Bergenia Ligulata,Accepted source,Identified with this species,[5]
P,2,Pasanabheda,पाषाणभेद,pāṣāṇabheda,पाषाणभेद,Bergenia ligulata (Wall),Controversial,Pasanabheda is a highly controversial drug; There is a variety of Pasanabheda mentioned in Raja nighantu which has resemblance with this species (leaves resembling vata) hence taken into consideration; Used as Pasanabheda in Gujarat and North India,[2]
P,2,Pasanabheda,पाषाणभेद,pāṣāṇabheda,पाषाणभेद,Bergenia ligulata (Wall.) Engl.,,,[3]
P,2,Pasanabheda,पाषाणभेद,pāṣāṇabheda,पाषाणभेद,Bergenia ligulata (Wall.) Engle.,Controversial,Throughout the country many species have been correlated to Pasanabheda and this is one among them,[5]
P,2,Pasanabheda,पाषाणभेद,pāṣāṇabheda,पाषाणभेद,Bridelia montana,Controversial,Pasanabheda is a highly controversial drug; With regard to its property (stone breaking) this species is taken into consideration,[2]
P,2,Pasanabheda,पाषाणभेद,pāṣāṇabheda,पाषाणभेद,Bridelia retusa Spreng.,Controversial,Throughout the country many species have been correlated to Pasanabheda and this is one among them,[5]
P,2,Pasanabheda,पाषाणभेद,pāṣāṇabheda,पाषाणभेद,Bryophyllum calicynum Salisb.,Controversial,Pasanabheda is a highly controversial drug; This species is used as Pasanabheda by Vaidyas in Bengal,[2]
P,2,Pasanabheda,पाषाणभेद,pāṣāṇabheda,पाषाणभेद,Bryophyllum calycinum Salisb.,Substituted source,This species is used as a substitute with regard to its functions to that of Pasanabheda,[1]
P,2,Pasanabheda,पाषाणभेद,pāṣāṇabheda,पाषाणभेद,Bryophyllum pinnatum (Lam.) Kurz.,Controversial,Pasanabheda is correlated to many species and this is one among them; In Hindi it is known as 'Patharcur' and in Bengali as 'Patharkuci'; Both the names convey that it’s a drug use to break stones and hence correlated to this species,[5]
P,2,Pasanabheda,पाषाणभेद,pāṣāṇabheda,पाषाणभेद,Coleus amboinicus Lour.,Controversial,Throughout the country many species have been correlated to Pasanabheda and this is one among them,[5]
P,2,Pasanabheda,पाषाणभेद,pāṣāṇabheda,पाषाणभेद,Coleus aromaticus,Controversial,Pasanabheda is a highly controversial drug; Pasanabheda means the one which breaks stone and based on this property different species are being used in different parts of India; Vaidyas in Bengal use this species as Pasanabheda,[2]
P,2,Pasanabheda,पाषाणभेद,pāṣāṇabheda,पाषाणभेद,Didymocarpus pedicellata. R. Br.,?,?,[5]
P,2,Pasanabheda,पाषाणभेद,pāṣāṇabheda,पाषाणभेद,Homania riporia Lour.,Controversial,Pasanabheda is a highly controversial drug and different plants are being used in its name all over India; This species is one among them,[2]
P,2,Pasanabheda,पाषाणभेद,pāṣāṇabheda,पाषाणभेद,Homonoia riparia Lour.,Controversial,"Many species are correlated to this plant and one among them is Homomoia riparia which is used as Pasanabheda in Northern, Eastern, Central and Southern parts of India",[5]
P,2,Pasanabheda,पाषाणभेद,pāṣāṇabheda,पाषाणभेद,Iris sp.,Controversial,Throughout the country many species have been correlated to Pasanabheda and this is one among them,[5]
P,2,Pasanabheda,पाषाणभेद,pāṣāṇabheda,पाषाणभेद,Northosaerva brachiata Wight.,Controversial,Many species are correlated to this plant and one among them is Northosaerva brachiata which is used as Pasanabheda in Rajasthan,[5]
P,2,Pasanabheda,पाषाणभेद,pāṣāṇabheda,पाषाणभेद,Ocimum basilicum Linn.,Controversial,Throughout the country many species have been correlated to Pasanabheda and this is one among them,[5]
P,2,Pasanabheda,पाषाणभेद,pāṣāṇabheda,पाषाणभेद,Ocimum basillicum,Controversial,Pasanabheda means a plant which breaks the stone; It is a highly controversial drug as there are many plants with this property hence different plants are used all over the country; Some consider this species to be Pasanabheda,[2]
P,2,Pasanabheda,पाषाणभेद,pāṣāṇabheda,पाषाणभेद,Rotula Aquatica Lour.,Controversial,Pasanabheda is a highly controversial drug and different plants are being used in its name; This species is used as Pasanabheda in regions adjacent to Mangalore and in Mysore,[2]
P,2,Pasanabheda,पाषाणभेद,pāṣāṇabheda,पाषाणभेद,Rotula aquatica Lour.,Controversial,Many species are correlated to this plant and one among them is Rotula aquatica where in its roots are used as 'Pasanabheda' in Karnataka,[5]
P,2,Pasanabheda - prajati,पाषाणभेद प्रजाति,pāṣāṇabheda prajāti,पाषाणभेद प्रजाति,Bergenia stracheyi H.f. & T.,,,[3]
P,2,Pasanabheda - prajati,पाषाणभेद प्रजाति,pāṣāṇabheda prajāti,पाषाणभेद प्रजाति,Didymocarpus aromatica,Accepted source,Identified with this species,[5]
P,2,Pasanabheda - prajati,पाषाणभेद प्रजाति,pāṣāṇabheda prajāti,पाषाणभेद प्रजाति,Didymocarpus oblonga Wall.,Accepted source,Identified with this species,[5]
P,2,Pasanabheda - prajati,पाषाणभेद प्रजाति,pāṣāṇabheda prajāti,पाषाणभेद प्रजाति,Didymocarpus pedicellata.R. Br.,Accepted source,Identified with this species,[5]
P,2,Pasanabheda - prajati,पाषाणभेद प्रजाति,pāṣāṇabheda prajāti,पाषाणभेद प्रजाति,Didymocarpus podocarpa Clarke.,Accepted source,Identified with this species,[5]
P,2,Pasanabheda - prajati,पाषाणभेद प्रजाति,pāṣāṇabheda prajāti,पाषाणभेद प्रजाति,Didymocarpus villosa Don.,Accepted source,Identified with this species,[5]
P,2,Patala,पाटला,pāṭalā,पाटला श्वेता,Radermachera xylocarpa (Roxb.)K. Schum.,Accepted source,It is identified with this species,[5]
P,2,Patala,पाटला,pāṭalā,पाटला,Stereospermum chelonoides,Accepted source,Patala is correlated to this species,[2]
P,2,Patala,पाटला,pāṭalā,पाटला,Stereospermum suaveolens DC.,,,[3]
P,2,Patala,पाटला,pāṭalā,पाटला,Stereospermum suaveolens DC.,Accepted source,Identified with it,[1]
P,2,Patala,पाटला,pāṭalā,पाटला,Stereospermum Suaveolens DC.,Accepted source,Patala is correlated to this species,[2]
P,2,Patala,पाटला,pāṭalā,पाटला,Stereospermum suaveolens DC.,Accepted source,Patala is usually interpreted as 'Krshnapatala' which is identified with this species,[5]
P,2,Patala,पाटला,pāṭalā,पाटला,Stereospermum tetragonum DC.,Substituted source,As it is used extensively this species might be used as a substitute,[1]
P,2,Patala - sveta,पाटला श्वेता,pāṭalā śvetā,पाटला श्वेता,Radermachera xylocarpa (Roxb.)K. Schum.,Accepted source,It is identified with this species,[5]
P,2,Patala - sveta,पाटला श्वेता,pāṭalā śvetā,पाटला,Stereospermum chelonoides,Accepted source,Patala is correlated to this species,[2]
P,2,Patala - sveta,पाटला श्वेता,pāṭalā śvetā,पाटला,Stereospermum suaveolens DC.,,,[3]
P,2,Patala - sveta,पाटला श्वेता,pāṭalā śvetā,पाटला,Stereospermum suaveolens DC.,Accepted source,Identified with it,[1]
P,2,Patala - sveta,पाटला श्वेता,pāṭalā śvetā,पाटला,Stereospermum Suaveolens DC.,Accepted source,Patala is correlated to this species,[2]
P,2,Patala - sveta,पाटला श्वेता,pāṭalā śvetā,पाटला,Stereospermum suaveolens DC.,Accepted source,Patala is usually interpreted as 'Krshnapatala' which is identified with this species,[5]
P,2,Patala - sveta,पाटला श्वेता,pāṭalā śvetā,पाटला,Stereospermum tetragonum DC.,Substituted source,As it is used extensively this species might be used as a substitute,[1]
P,2,Patha,पाठा,pāṭhā,पाठा,Cissampelos pareira Linn.,,,[3]
P,2,Patha,पाठा,pāṭhā,पाठा,Cissampelos pareira Linn.,Accepted source,Identified with this species,[5]
P,2,Patha,पाठा,pāṭhā,पाठा,Cissampelos pariera Linn.,Accepted source,Identified with it,[1]
P,2,Patha,पाठा,pāṭhā,पाठा अन्या,Cyclea burmanni Miers.,Substituted source,Used as a substitute for Patha,[1]
P,2,Patha,पाठा,pāṭhā,पाठा अन्या,Cyclea peltata H.f.& T.,Substituted source,Used as a substitute for Patha,[1]
P,2,Patha,पाठा,pāṭhā,पाठा अन्या,Stephania hernandifolia (Willd.) Walp.,Substituted source,Used as a substitute for Patha,[1]
P,2,Patha - anya,पाठा अन्या,pāṭhā anyā,पाठा,Cissampelos pareira Linn.,,,[3]
P,2,Patha - anya,पाठा अन्या,pāṭhā anyā,पाठा,Cissampelos pareira Linn.,Accepted source,Identified with this species,[5]
P,2,Patha - anya,पाठा अन्या,pāṭhā anyā,पाठा,Cissampelos pariera Linn.,Accepted source,Identified with it,[1]
P,2,Patha - anya,पाठा अन्या,pāṭhā anyā,पाठा अन्या,Cyclea burmanni Miers.,Substituted source,Used as a substitute for Patha,[1]
P,2,Patha - anya,पाठा अन्या,pāṭhā anyā,पाठा अन्या,Cyclea peltata H.f.& T.,Substituted source,Used as a substitute for Patha,[1]
P,2,Patha - anya,पाठा अन्या,pāṭhā anyā,पाठा अन्या,Stephania hernandifolia (Willd.) Walp.,Substituted source,Used as a substitute for Patha,[1]
P,2,Patha - jati,पाठा जाति,pāṭhā jāti,पाठा जाति,Cyclea arnotii Miers.,,,[3]
P,2,Patha - jati,पाठा जाति,pāṭhā jāti,पाठा जाति,Cyclea arnotii Miers.,Most probable,"Caraka samhita mentions 'Patha dve' which indicates two types of Patha, one with big leaves and the other with small leaves; This species may most probably be correlated to the Patha having small leaves",[5]
P,2,Patha - jati,पाठा जाति,pāṭhā jāti,पाठा जाति,Stephania glabra Miers.,,,[3]
P,2,Patha - jati,पाठा जाति,pāṭhā jāti,पाठा जाति,Stephania glabra Miers.,Most probable,Two types of 'Patha' are mentioned in Caraka Samhita; The variety with big leaves and thick stems is most probably correlated to this species,[5]
P,2,Patha - laghu,पाठा लघु,pāṭhā laghu,पाठा लघु,Cissampelos pariera.,Accepted source,Laghu patha is identified with this species,[2]
P,2,Patha - raja,पाठा राजा,pāṭhā rājā,पाठा राजा,Cyclea peltata,Accepted source,Raja Patha is correlated to this species,[2]
P,2,Patola,पटोल,paṭola,पटोल,Trichosanthes dioica Roxb.,,,[3]
P,2,Patola,पटोल,paṭola,पटोल,Trichosanthes dioica Roxb.,,,[4]
P,2,Patola,पटोल,paṭola,पटोलशाक,Trichosanthes dioica Roxb.,Accepted source,Identified with it,[1]
P,3,Patola - saka,पटोलशाक,paṭolaśāka,पटोल,Trichosanthes dioica Roxb.,,,[3]
P,3,Patola - saka,पटोलशाक,paṭolaśāka,पटोल,Trichosanthes dioica Roxb.,,,[4]
P,3,Patola - saka,पटोलशाक,paṭolaśāka,पटोलशाक,Trichosanthes dioica Roxb.,Accepted source,Identified with it,[1]
P,3,Patola - vana,पटोल वन,paṭola vana,पटोल वन,Trichosanthes cucumerina Linn.,Accepted source,Identified with it,[1]
P,3,Patra,पत्र,patra,पत्र,Cinnamomum tamala Nees and Eberm.,Accepted source,Identified with it,[1]
P,3,Patra rasna,पत्ररास्ना,patrarāsnā,पत्ररास्ना,Lochnera rosea,Most probable,Bengali Kavirajas consider 3 types of Rasna but there is no referance of this in the Brhatrayi; One type is Patra Rasna which is correlated to this species,[2]
P,3,Patragobhi,पत्रगोभी,patragobhī,पत्रगोभी,Brassica oleracia Var. capitata Linn.,,,[4]
P,3,Patranga,पत्राङ्ग,patrāṅga,पत्राङ्ग,Caesalpinia sappan Linn.,,,[3]
P,3,Pattanga,पत्तङ्ग,pattaṅga,पत्तङ्ग,Caesalpinia sappan Linn.,Accepted source,Identified with it,[1]
P,3,Pattura,पत्तूर,pattūra,पत्तूर,Aerva lanata Juss.,Most probable,Aerva lanata is being used as Pasanabheda in the South but its properties are similar to Pattura so considered as a most probable candidate,[1]
P,3,Pattura,पत्तूर,pattūra,पत्तूर,Aerva lanata Juss.,Suggested source,Thakur Balwant Singh has interpreted 'Pattura' as 'Goraksaganja' which is correlated to this species,[5]
P,3,Pattura,पत्तूर,pattūra,पत्तूर,Alternanthera sessilis (Linn.) R. Br.,Most probable,This species has been identified by Cakrapani to Pattura,[1]
P,3,Pattura,पत्तूर,pattūra,पत्तूर,Celosia argentea var. cristata Voss.,Accepted source,Identified with this species,[5]
P,3,Pattura,पत्तूर,pattūra,पत्तूर,Celosia argentia Linn.,,,[5]
P,3,Pattura,पत्तूर,pattūra,पत्तूर,Celosia argentia Linn.,Most probable,Caraka has mentioned it under the Saka varga; Similarly Susruta has mentioned it under Saka varga along with drugs like Kuruntika etc; Cakrapani has identified it with 'Salinca' where as Dalhana has identified it with Sarabalika which in turn is identified with Sitivara and he considers this as a type or synonym of Pattura; Sitivara is correlated to this species so most probably Pattura is identified with this species,[5]
P,3,Paundraka,पौड्रक,pauḍraka,पौड्रक प्रजाति,Saccharum officinarum Linn.,Accepted source,It is a variety of 'Iksu' and identified with this species,[5]
P,3,Paundraka,पौड्रक,pauḍraka,पौड्रक,Saccharum sinense Roxb.,Accepted source,It’s a type of 'Iksu' and identified with this species,[5]
P,3,Paundraka - prajati,पौड्रक प्रजाति,pauḍraka prajāti,पौड्रक प्रजाति,Saccharum officinarum Linn.,Accepted source,It is a variety of 'Iksu' and identified with this species,[5]
P,3,Paundraka - prajati,पौड्रक प्रजाति,pauḍraka prajāti,पौड्रक,Saccharum sinense Roxb.,Accepted source,It’s a type of 'Iksu' and identified with this species,[5]
P,3,Peuu,पेंऊ,peṃū,पेंऊ,Zingiber cassumunar Roxb.,Accepted source,It is the wild variety of 'Ardraka' (ginger) which is correlated to this species,[5]
P,3,Phalgu,फल्गु,phalgu,फल्गु,Ficus carica Linn.,,,[3]
P,3,Phalgu,फल्गु,phalgu,फल्गु,Ficus carica Linn.,,,[4]
P,3,Phalgu,फल्गु,phalgu,फल्गु,Ficus carica Linn.,Accepted source,Identified with this species,[5]
P,3,Phalgu,फल्गु,phalgu,फल्गु,Ficus cunia Ham. ex Roxb.,Accepted source,Identified with it,[1]
P,3,Phalgu,फल्गु,phalgu,फल्गु,Ficus palmata Forsk.,Substituted source,This species is used as a substitute in India,[5]
P,3,Phanijja,फणिज्ज,phaṇijja,फणिज्ज,Ocimum basilicum Linn.,Most probable,Usually identified with this species,[1]
P,3,Phanijja,फणिज्ज,phaṇijja,फणिज्ज,Origanum majorana Linn.,Most probable,Usually identified with this species,[1]
P,3,Phanji,फञ्जी,phañjī,फञ्जी,Premna herbacea Roxb.,Accepted source,According to Thakur Balwant Singh 'Phanji' is identified with this species,[5]
P,3,Phanji,फञ्जी,phañjī,फञ्जी,Rivea ornata Chois,Accepted source,"According to Thakur Balwant Singh, 'Phanji' is identified with this species",[5]
P,3,Phanji,फञ्जी,phañjī,फञ्जी,Rivea ornata Chois.,Accepted source,Identified with it,[1]
P,3,Phoga,फोग,phoga,फोग,Calligonum polygonoides Linn.,Accepted source,Has been described in Madanapala; Identified with this species,[5]
P,3,Picu,पिचु,picu,पिचु,Prunus sp.,?,don’t understand tht hindi word der……..,[5]
P,3,Picuka,पिचुक,picuka,पिचुक,Celosia sp.,Suggested source,Is correlated to this species as it has properties similar to Picuka,[1]
P,3,Picuka,पिचुक,picuka,पिचुक,Hibiscus cancellatus Roxb.,Accepted source,Dalhana has identified it with 'Karira' or 'Karpasa' where as Arundatta has identified it with 'Sitivara'; Thakur Balwant Singh has identified it with this species,[5]
P,3,Picuka,पिचुक,picuka,पिचुक,Hibiscus cancellatus Roxb.,Most probable,This species is called as Piska kanda or Balaraja by the tribals in Bihar and U.P so most probably correlated to this species,[1]
P,3,Picuka,पिचुक,picuka,पिचुक,Prunus persica Batsch,Most probable,Is correlated to this species with regard to its name used in the region of Kumaon,[1]
P,3,Pilu,पीलु,pīlu,पीलु,Salvadora oleoides Dcne.,Suggested source 1,Identified with it,[1]
P,3,Pilu,पीलु,pīlu,पीलु,Salvadora oleoides Decne.,,,[3]
P,3,Pilu,पीलु,pīlu,पीलु,Salvadora persica Linn.,,,[3]
P,3,Pilu,पीलु,pīlu,पीलु,Salvadora persica Linn.,,,[4]
P,3,Pilu,पीलु,pīlu,पीलु,Salvadora persica Linn.,Suggested source 2,Identified with it,[1]
P,3,Piluparni,पीलुपर्णी,pīluparṇī,पीलुपर्णी,Maerua arenaria Hook. f. & Th.,Accepted source,Identified with it,[1]
P,3,Piluparni,पीलुपर्णी,pīluparṇī,पीलुपर्णी,Maerua arenaria Hook. f. & Th.,Accepted source,Identified with it,[1]
P,3,Piluparnika,पीलुपर्णिका,pīluparṇikā,पीलुपर्णिका,Clematis gouriana Roxb.,Most probable,This species is taken into consideration as it has similarity in properties with Piluparni,[1]
P,3,Piluparnika,पीलुपर्णिका,pīluparṇikā,पीलुपर्णिका,Maerua arenaria Hook. f. & Th.,Most probable,Most probably correlated with regard to its general appearance,[1]
P,4,Pindalu,पिण्डालु,piṇḍālu,पिण्डालु,Colocasia esculenta (Linn.) Schott.,Controversial,Needs to be studied whether this species can be correlated,[1]
P,4,Pindalu,पिण्डालु,piṇḍālu,पिण्डालु,Dioscorea sp.,Most probable,Dioscorea species are known as Aluka and Pindaluka may be considered one of them,[1]
P,4,Pindara,पिण्डार,piṇḍāra,पिण्डार,Randia uliginosa DC.,Accepted source,It has been cited in Madanapala nighantu and identified with this species,[5]
P,4,Pinditaka,पिण्डीतक,piṇḍītaka,पिण्डीतक,Randia uliginosa DC.,Most probable,Most probably correlated to this species,[1]
P,4,Pinditaka,पिण्डीतक,piṇḍītaka,पिण्डीतक,Randia uliginosa DC.,Suggested source,According to some 'Pinditaka' is interpreted as 'Pindara' which may be identified with this species,[5]
P,4,Pippala,पिप्पल,pippala,पिप्पल,Ficus religiosa Linn.,Accepted source,Identified with it,[1]
P,4,Pippala,पिप्पल,pippala,पिप्पल,Ficus religiosa Linn.,Accepted source,Identified with it,[1]
P,4,Pippali,पिप्पली,pippalī,पिप्पली,Piper longum Linn.,,,[3]
P,4,Pippali,पिप्पली,pippalī,पिप्पली,Piper longum Linn.,Accepted source,Identified with it,[1]
P,4,Pippali,पिप्पली,pippalī,पिप्पली,Piper peepuloides Roxb.,,,[3]
P,4,Pippalimula,पिप्पलीमूल,pippalīmūla,पिप्पलीमूल,Piper longum,Accepted source,Pippalimula is correlated to this species,[2]
P,4,Pippalimula,पिप्पलीमूल,pippalīmūla,पिप्पलीमूल,Piper sp.,Accepted source,Its identified with this species,[5]
P,4,Pitacandana,पीतचन्दन,pītacandana,पीतचन्दन,Calumba-Jateorhiza palmata. miers.,Suggested source,Pitacandana is widely known as Kalambaka which is considered by some as C. jateorhiza palmata; Kalambaka is a herb and not a synonym of Pitacandana so it cannot be correlated to this species,[2]
P,4,Pitacandana,पीतचन्दन,pītacandana,पीतचन्दन,Coscinum fenestratum,Substituted source,This species is used as a substitute,[2]
P,4,Pitakusmanda,पीतकूष्माण्ड,pītakūṣmāṇḍa,पीतकूष्माण्ड,Cucurbita maxima Duchesne.,,,[4]
P,4,Pitakusmanda,पीतकूष्माण्ड,pītakūṣmāṇḍa,पीतकूष्माण्ड,Cucurbita moschata Duchesne ex Poir.,,,[4]
P,4,Pitakusmanda,पीतकूष्माण्ड,pītakūṣmāṇḍa,पीतकूष्माण्ड प्रकार,Cucurbita moschata Duchesne ex Poir.,,,[4]
P,4,Pitakusmanda - prakara,पीतकूष्माण्ड प्रकार,pītakūṣmāṇḍa prakāra,पीतकूष्माण्ड,Cucurbita maxima Duchesne.,,,[4]
P,4,Pitakusmanda - prakara,पीतकूष्माण्ड प्रकार,pītakūṣmāṇḍa prakāra,पीतकूष्माण्ड,Cucurbita moschata Duchesne ex Poir.,,,[4]
P,4,Pitakusmanda - prakara,पीतकूष्माण्ड प्रकार,pītakūṣmāṇḍa prakāra,पीतकूष्माण्ड प्रकार,Cucurbita moschata Duchesne ex Poir.,,,[4]
P,4,Plaksa,प्लक्ष,plakṣa,प्लक्ष,Cyperus sp.,?,,[1]
P,4,Plaksa,प्लक्ष,plakṣa,प्लक्ष,Ficus arnottiana Miq.,Accepted source,Identified with Plaksa in other parts of the country,[1]
P,4,Plaksa,प्लक्ष,plakṣa,प्लक्ष,Ficus lacor Buch-Ham.,,,[3]
P,4,Plaksa,प्लक्ष,plakṣa,प्लक्ष,Ficus lacor Buch.-Ham.,Accepted source,Identified with it,[1]
P,4,Plaksa,प्लक्ष,plakṣa,प्लक्ष,Ficus lacor Buch.-Ham.,Accepted source,Identified with it,[1]
P,4,Plaksa,प्लक्ष,plakṣa,प्लक्ष,Ficus rumphii Blume,Accepted source,Identified with Plaksa in other parts of the country,[1]
P,4,Plaksa,प्लक्ष,plakṣa,प्लक्ष,Ficus talboti G. King,Accepted source,Identified with Plaksa in other parts of the country,[1]
P,4,Pracibala,प्राचीबल,prācībala,प्राचीबल,Vitex peduncularis Wall.,Controversial,Needs to be studied as the identity of the plant is disputed,[1]
P,4,Pracinamalaka,प्राचीनामलक,prācīnāmalaka,प्राचीनामलक,Flacourtia jangomas (Lour.) Raeusch,Accepted source,Identified with it,[1]
P,4,Pracinamalaka,प्राचीनामलक,prācīnāmalaka,प्राचीनामलक,Flacourtia jangomas Raeusch.,,,[4]
P,4,Prapaundarika,प्रपौण्डरीक,prapauṇḍarīka,प्रपौण्डरीक,Cassia absus Linn.,Controversial,There are many views regarding identification of Prapaundarika; Based on its synonym 'Caksusya' it is correlated to this species,[2]
P,4,Prapaundarika,प्रपौण्डरीक,prapauṇḍarīka,प्रपौण्डरीक,Hedychium flavescens Carey,Suggested source,Its botanical source is still a matter of confusion; This species is taken into consideration with regard to its properties,[1]
P,4,Prasarani,प्रसारणी,prasāraṇī,प्रसारणी,Leptadenia spartium Wight.,Accepted source,In Rajasthan this species is used as Prasarani,[1]
P,4,Prasarani,प्रसारणी,prasāraṇī,प्रसारणी,Paederia foetida Linn.,Accepted source,At present this species is correlated to Prasarani,[1]
P,4,Prasarani,प्रसारणी,prasāraṇī,प्रसारणी,Sida veronicaefolia Lam.,Most probable,Prasarani may be a type of Bala which is correlated to this species,[1]
P,4,Prativisha,प्रतिविषा,prativiṣā,प्रतिविषा,Aconitum palmatum,Accepted source,Prativisha is popularly known as 'Vakhma' and identified with this species,[2]
P,4,Prativisha,प्रतिविषा,prativiṣā,प्रतिविषा,Aconitum palmatum D. Don.,,,[3]
P,4,Prativisha,प्रतिविषा,prativiṣā,प्रतिविषा,Aconitum palmatum D. Don.,Accepted source,Prativisha is identified with this species,[5]
P,4,Priyala,प्रियाल,priyāla,प्रियाल,Buchanania lanzan Spreng.,,,[3]
P,4,Priyala,प्रियाल,priyāla,प्रियाल,Buchanania lanzan Spreng.,,,[4]
P,4,Priyala,प्रियाल,priyāla,प्रियाल,Buchanania lanzan Spreng.,Accepted source,Identified with it,[1]
P,4,Priyangu,प्रियङ्गु,priyaṅgu,प्रियङ्गु,Aglaia roxburghiana Miq.,Controversial,Three species are correlated to this plant which are widely known as 'Priyangu' and among them one is A.roxburghiana,[5]
P,4,Priyangu,प्रियङ्गु,priyaṅgu,प्रियङ्गु,Aglaia roxburghiana Miq.,Substituted source,Priyangu has been a subject of controversy and this species is used as a substitute in different parts of the country,[1]
P,4,Priyangu,प्रियङ्गु,priyaṅgu,प्रियङ्गु,Aglaia roxburghiana Miq.,Substituted source,Priyangu has been a subject of controversy and this species is used as a substitute in different parts of the country,[1]
P,4,Priyangu,प्रियङ्गु,priyaṅgu,प्रियङ्गु,Callicarpa macrophylla Vahl.,,,[3]
P,4,Priyangu,प्रियङ्गु,priyaṅgu,प्रियङ्गु,Callicarpa macrophylla Vahl.,Most probable,Three species are widely known as Priyangu and this species is one among them; Present scholars consider this species to be Priyangu,[5]
P,4,Priyangu,प्रियङ्गु,priyaṅgu,प्रियङ्गु औषध,Callicarpa macrophylla Vahl.,Accepted source,Identified with it,[1]
P,4,Priyangu,प्रियङ्गु,priyaṅgu,प्रियङ्गु,Prunus mahaleb Linn.,Controversial,Three plants are popular in the name of 'Priyangu' and this species is one among them,[5]
P,4,Priyangu,प्रियङ्गु,priyaṅgu,प्रियङ्गु,Prunus mahaleb Linn.,Substituted source,Priyangu has been a subject of controversy and this species is used as a substitute in different parts of the country,[1]
P,4,Priyangu - ausadha,प्रियङ्गु औषध,priyaṅgu auṣadha,प्रियङ्गु,Aglaia roxburghiana Miq.,Controversial,Three species are correlated to this plant which are widely known as 'Priyangu' and among them one is A.roxburghiana,[5]
P,4,Priyangu - ausadha,प्रियङ्गु औषध,priyaṅgu auṣadha,प्रियङ्गु,Aglaia roxburghiana Miq.,Substituted source,Priyangu has been a subject of controversy and this species is used as a substitute in different parts of the country,[1]
P,4,Priyangu - ausadha,प्रियङ्गु औषध,priyaṅgu auṣadha,प्रियङ्गु,Aglaia roxburghiana Miq.,Substituted source,Priyangu has been a subject of controversy and this species is used as a substitute in different parts of the country,[1]
P,4,Priyangu - ausadha,प्रियङ्गु औषध,priyaṅgu auṣadha,प्रियङ्गु,Callicarpa macrophylla Vahl.,,,[3]
P,4,Priyangu - ausadha,प्रियङ्गु औषध,priyaṅgu auṣadha,प्रियङ्गु,Callicarpa macrophylla Vahl.,Most probable,Three species are widely known as Priyangu and this species is one among them; Present scholars consider this species to be Priyangu,[5]
P,4,Priyangu - ausadha,प्रियङ्गु औषध,priyaṅgu auṣadha,प्रियङ्गु औषध,Callicarpa macrophylla Vahl.,Accepted source,Identified with it,[1]
P,4,Priyangu - ausadha,प्रियङ्गु औषध,priyaṅgu auṣadha,प्रियङ्गु,Prunus mahaleb Linn.,Controversial,Three plants are popular in the name of 'Priyangu' and this species is one among them,[5]
P,4,Priyangu - ausadha,प्रियङ्गु औषध,priyaṅgu auṣadha,प्रियङ्गु,Prunus mahaleb Linn.,Substituted source,Priyangu has been a subject of controversy and this species is used as a substitute in different parts of the country,[1]
P,4,Priyangu - dhanya,प्रियङ्गु धान्य,priyaṅgu dhānya,प्रियङ्गु धान्य,Aglaia roxburghiana,?,?,[2]
P,4,Priyangu - dhanya,प्रियङ्गु धान्य,priyaṅgu dhānya,प्रियङ्गु धान्य,Buchanania latifolia Roxb.,?,?,[2]
P,4,Priyangu - dhanya,प्रियङ्गु धान्य,priyaṅgu dhānya,प्रियङ्गु धान्य,Callicarpa macrophylla,?,?,[2]
P,4,Priyangu - dhanya,प्रियङ्गु धान्य,priyaṅgu dhānya,प्रियङ्गु धान्य,Prunus mahaleb,?,?,[2]
P,4,Priyangu - dhanya,प्रियङ्गु धान्य,priyaṅgu dhānya,प्रियङ्गु धान्य,Setaria italica,Accepted source,Dhanya priyangu is correlated to this species,[2]
P,4,Priyangu - dhanya,प्रियङ्गु धान्य,priyaṅgu dhānya,प्रियङ्गु धान्य,Setaria italica Beauv.,Accepted source,Identified with it,[1]
P,4,Prsni,पृश्नि,pṛśni,पृश्नि,Uraria lagopoides DC.,Suggested source 1,Identified with it,[1]
P,4,Prsni,पृश्नि,pṛśni,पृश्नि,Uraria picta Desv.,Suggested source 2,Identified with it,[1]
P,5,Prsniparni,पृश्निपर्णी,pṛśniparṇī,पृश्निपर्णी,Uraria lagopoides DC.,Accepted source,Identified with it,[1]
P,5,Prsniparni,पृश्निपर्णी,pṛśniparṇī,पृश्निपर्णी,Uraria picta,Accepted source,Prsniparni is correlated to this species,[2]
P,5,Prsniparni,पृश्निपर्णी,pṛśniparṇī,पृश्निपर्णी,Uraria picta Deso,Accepted source,Prsniparni is correlated to this species,[2]
P,5,Prsniparni,पृश्निपर्णी,pṛśniparṇī,पृश्निपर्णी,Uraria picta Desv.,,,[3]
P,5,Prthvika,पृथ्वीका,pṛthvīkā,पृथ्वीका,Entada scandens Benth.,ST,This species may be examined; They are used for external application,[1]
P,5,Puga,पूग,pūga,पूग,Areca catechu Linn.,,,[3]
P,5,Puga,पूग,pūga,पूग,Areca catechu Linn.,Accepted source,Identified with it,[1]
P,5,Pullasa,पुल्लास,pullāsa,पुल्लास,Rhododendron arboreum sm.,Most probable,Most probably 'Pullasa' is correlated to this species according to the author,[5]
P,5,Punarnava,पुनर्नवा,punarnavā,पुनर्नवा,Boerhaavia diffusa Linn.,Accepted source,Punarnava is identified with this species,[2]
P,5,Punarnava,पुनर्नवा,punarnavā,पुनर्नवा रक्त,Boerhaavia diffusa Linn.,Suggested source,"Red flowered species, may be considered as Rakta Punarnava and these are used in practice",[1]
P,5,Punarnava,पुनर्नवा,punarnavā,पुनर्नवा रक्त,Boerhaavia repanda Willd.,Controversial,These are red flowered species believed to be Rakta Punarnava,[1]
P,5,Punarnava,पुनर्नवा,punarnavā,पुनर्नवा श्वेता,Boerhaavia repens Linn.,Most probable,On the basis of description given by Bhavamisra this species may be accepted for Sveta Punarnava,[1]
P,5,Punarnava,पुनर्नवा,punarnavā,पुनर्नवा श्वेता,Boerhaavia verticillata Poir.,Controversial,These are white flowered species believed to be Sveta Punarnava,[1]
P,5,Punarnava,पुनर्नवा,punarnavā,पुनर्नवा,Boerhavia diffusa Linn.,,,[3]
P,5,Punarnava,पुनर्नवा,punarnavā,पुनर्नवा,Boerhavia diffusa Linn.,Accepted source,Identified with this species,[5]
P,5,Punarnava,पुनर्नवा,punarnavā,पुनर्नवा श्वेता,Trianthema decandra Linn.,Controversial,These are white flowered species believed to be Sveta Punarnava,[1]
P,5,Punarnava,पुनर्नवा,punarnavā,पुनर्नवा,Trianthema partulacastrum Linn.,?,?,[2]
P,5,Punarnava,पुनर्नवा,punarnavā,पुनर्नवा श्वेता,Trianthema pentandra Linn.,Controversial,These are white flowered species believed to be Sveta Punarnava,[1]
P,5,Punarnava,पुनर्नवा,punarnavā,पुनर्नवा श्वेता,Trianthema portulacastrum Linn.,Controversial,These are white flowered species believed to be Sveta Punarnava,[1]
P,5,Punarnava - prajati,पुनर्नवा प्रजाति,punarnavā prajāti,पुनर्नवा प्रजाति,Boerhavia repanda Willd.,,,[3]
P,5,Punarnava - rakta,पुनर्नवा रक्त,punarnavā rakta,पुनर्नवा,Boerhaavia diffusa Linn.,Accepted source,Punarnava is identified with this species,[2]
P,5,Punarnava - rakta,पुनर्नवा रक्त,punarnavā rakta,पुनर्नवा रक्त,Boerhaavia diffusa Linn.,Suggested source,"Red flowered species, may be considered as Rakta Punarnava and these are used in practice",[1]
P,5,Punarnava - rakta,पुनर्नवा रक्त,punarnavā rakta,पुनर्नवा रक्त,Boerhaavia repanda Willd.,Controversial,These are red flowered species believed to be Rakta Punarnava,[1]
P,5,Punarnava - rakta,पुनर्नवा रक्त,punarnavā rakta,पुनर्नवा श्वेता,Boerhaavia repens Linn.,Most probable,On the basis of description given by Bhavamisra this species may be accepted for Sveta Punarnava,[1]
P,5,Punarnava - rakta,पुनर्नवा रक्त,punarnavā rakta,पुनर्नवा श्वेता,Boerhaavia verticillata Poir.,Controversial,These are white flowered species believed to be Sveta Punarnava,[1]
P,5,Punarnava - rakta,पुनर्नवा रक्त,punarnavā rakta,पुनर्नवा,Boerhavia diffusa Linn.,,,[3]
P,5,Punarnava - rakta,पुनर्नवा रक्त,punarnavā rakta,पुनर्नवा,Boerhavia diffusa Linn.,Accepted source,Identified with this species,[5]
P,5,Punarnava - rakta,पुनर्नवा रक्त,punarnavā rakta,पुनर्नवा श्वेता,Trianthema decandra Linn.,Controversial,These are white flowered species believed to be Sveta Punarnava,[1]
P,5,Punarnava - rakta,पुनर्नवा रक्त,punarnavā rakta,पुनर्नवा,Trianthema partulacastrum Linn.,?,?,[2]
P,5,Punarnava - rakta,पुनर्नवा रक्त,punarnavā rakta,पुनर्नवा श्वेता,Trianthema pentandra Linn.,Controversial,These are white flowered species believed to be Sveta Punarnava,[1]
P,5,Punarnava - rakta,पुनर्नवा रक्त,punarnavā rakta,पुनर्नवा श्वेता,Trianthema portulacastrum Linn.,Controversial,These are white flowered species believed to be Sveta Punarnava,[1]
P,5,Punarnava - sveta,पुनर्नवा श्वेता,punarnavā śvetā,पुनर्नवा,Boerhaavia diffusa Linn.,Accepted source,Punarnava is identified with this species,[2]
P,5,Punarnava - sveta,पुनर्नवा श्वेता,punarnavā śvetā,पुनर्नवा रक्त,Boerhaavia diffusa Linn.,Suggested source,"Red flowered species, may be considered as Rakta Punarnava and these are used in practice",[1]
P,5,Punarnava - sveta,पुनर्नवा श्वेता,punarnavā śvetā,पुनर्नवा रक्त,Boerhaavia repanda Willd.,Controversial,These are red flowered species believed to be Rakta Punarnava,[1]
P,5,Punarnava - sveta,पुनर्नवा श्वेता,punarnavā śvetā,पुनर्नवा श्वेता,Boerhaavia repens Linn.,Most probable,On the basis of description given by Bhavamisra this species may be accepted for Sveta Punarnava,[1]
P,5,Punarnava - sveta,पुनर्नवा श्वेता,punarnavā śvetā,पुनर्नवा श्वेता,Boerhaavia verticillata Poir.,Controversial,These are white flowered species believed to be Sveta Punarnava,[1]
P,5,Punarnava - sveta,पुनर्नवा श्वेता,punarnavā śvetā,पुनर्नवा,Boerhavia diffusa Linn.,,,[3]
P,5,Punarnava - sveta,पुनर्नवा श्वेता,punarnavā śvetā,पुनर्नवा,Boerhavia diffusa Linn.,Accepted source,Identified with this species,[5]
P,5,Punarnava - sveta,पुनर्नवा श्वेता,punarnavā śvetā,पुनर्नवा श्वेता,Trianthema decandra Linn.,Controversial,These are white flowered species believed to be Sveta Punarnava,[1]
P,5,Punarnava - sveta,पुनर्नवा श्वेता,punarnavā śvetā,पुनर्नवा,Trianthema partulacastrum Linn.,?,?,[2]
P,5,Punarnava - sveta,पुनर्नवा श्वेता,punarnavā śvetā,पुनर्नवा श्वेता,Trianthema pentandra Linn.,Controversial,These are white flowered species believed to be Sveta Punarnava,[1]
P,5,Punarnava - sveta,पुनर्नवा श्वेता,punarnavā śvetā,पुनर्नवा श्वेता,Trianthema portulacastrum Linn.,Controversial,These are white flowered species believed to be Sveta Punarnava,[1]
P,5,Punnaga,पुन्नाग,punnāga,पुन्नाग,Calophyllum inophyllum Linn.,Accepted source,Three species are being used as Nagakesara; Punnaga which is correlated to this species is one among them to be used as Nagakesara,[5]
P,5,Punnaga,पुन्नाग,punnāga,पुन्नाग,Calophyllum inophyllum Linn.,Most probable,Punnaga is mostly correlated to this species,[1]
P,5,Punnaga,पुन्नाग,punnāga,पुन्नाग,Colopfiyllumm inophyllum Linn.,,,[3]
P,5,Puskarabija,पुष्करबीज,puṣkarabīja,पुष्करबीज,Nelemubo nucifera Gaertn.,,,[4]
P,5,Puskaramula,पुष्करमूल,puṣkaramūla,पुष्करमूल,Inula racemosa Hook f.,Suggested source 1,Identified with it,[1]
P,5,Puskaramula,पुष्करमूल,puṣkaramūla,पुष्करमूल,Inula racemosa Hook.f.,,,[3]
P,5,Puskaramula,पुष्करमूल,puṣkaramūla,पुष्करमूल,Inula racemosa.,Accepted source,Identified with this species,[5]
P,5,Puskaramula,पुष्करमूल,puṣkaramūla,पुष्करमूल,Inula royleana DC,Suggested source 2,Identified with it,[1]
P,5,Puspagobhi,पुष्पगोभी,puṣpagobhī,पुष्पगोभी,Brassica oleracea var. botrytis Linn.,,,[4]
P,5,Putiha,पूतिहा,pūtihā,पूतिहा,Mentha spicata Linn. Emend. Nethh.,,,[3]
P,5,Putiha - prajati,पूतिहा प्रजाति,pūtihā prajāti,पूतिहा प्रजाति,Mentha arvensis,,,[3]
P,5,Putiha - prajati,पूतिहा प्रजाति,pūtihā prajāti,पूतिहा प्रजाति,Mentha longifolia,,,[3]
P,5,Putiha - prajati,पूतिहा प्रजाति,pūtihā prajāti,पूतिहा प्रजाति,Santalum album,Suggested source,According to the author white variety of Candana is Pitacandana; he suggests it should be considered as Candana which is correlated to this species,[2]
P,5,Putrajivaka,पुत्रजीवक,putrajīvaka,पुत्रजीवक,Putranjiva roxburghii Wall.,,,[3]
P,5,Putrajivaka,पुत्रजीवक,putrajīvaka,पुत्रजीवक,Putranjiva zeylanica Muell-Arg.,,,[3]
P,5,Putranjiva,पुत्रञ्जीव,putrañjīva,पुत्रञ्जीव,Putranjiva roxburghii Wall.,Accepted source,Putranjiva is correlated to this species,[2]
P,5,Putranjivaka,पुत्रञ्जीवक,putrañjīvaka,पुत्रञ्जीवक,Putranjiva roxburghii Wall.,Accepted source,Identified with it,[1]
P,5,Putrasreni,पुत्रश्रेणी,putraśreṇī,पुत्रश्रेणी,Croton oblongifolius Roxb.,Most probable,May be identified with this species,[1]
P,5,Putrasreni,पुत्रश्रेणी,putraśreṇī,पुत्रश्रेणी,Croton oblongifolius Roxb.,Most probable,Putrasreni has been cited just twice in Susruta samhita which Dalhana has considered as 'Dravanti'; According to the author this species can most probably be correlated to it as it has similar properties,[5]
R,1,Rajabala,राजबला,rājabalā,राजबला,Sida veronicaefolia Lam.,Accepted source,Rajabala' is identified with this species,[5]
R,1,Rajabala,राजबला,rājabalā,राजबला,Sida veronicaefolia Linn.,,,[3]
R,1,Rajadri,राजाद्री,rājādrī,राजाद्री,Amaranthus caudatus Linn.,Accepted source,In Raja nighantu it is mentioned as a type of Dhanya (cereal) and identified with it,[5]
R,1,Rajakaseruka,राजकसेरुक,rājakaseruka,राजकसेरुक,Scirpus grossus Linn.f.,Suggested source 1,Identified with it,[1]
R,1,Rajakaseruka,राजकसेरुक,rājakaseruka,राजकसेरुक,Scripus kysoor Roxb.,Suggested source 2,Identified with it,[1]
R,1,Rajaksavaka,राजक्षवक,rājakṣavaka,राजक्षवक,Asclepiadaceae - laticiferous plants,Suggested source,With regard to its actions and inclusion in Brimhaniya and Madhuraskanda group this species is considered as its source,[1]
R,1,Rajaksavaka,राजक्षवक,rājakṣavaka,राजक्षवक,Brassica nigra (Linn.) Koch.,Most probable,Dalhana has identified it with Krsna Rajika which is Brassica nigra,[1]
R,1,Rajamasa,राजमाष,rājamāṣa,राजमाष,Phaseolus vulgaris Linn.,,,[4]
R,1,Rajamasa,राजमाष,rājamāṣa,राजमाष प्रजाति,subsp. cylindrica (Linn.),,,[4]
R,1,Rajamasa,राजमाष,rājamāṣa,राजमाष प्रजाति,subsp. sesquipedalis (Linn.),,,[4]
R,1,Rajamasa,राजमाष,rājamāṣa,राजमाष प्रजाति,subsp. unguiculata,,,[4]
R,1,Rajamasa,राजमाष,rājamāṣa,राजमाष,Vigna unguiculata (Linn.) Walp,,,[4]
R,1,Rajamasa,राजमाष,rājamāṣa,राजमाष,Vigna unguiculata (Linn.) Walp.,,,[4]
R,1,Rajamasa - prajati,राजमाष प्रजाति,rājamāṣa prajāti,राजमाष,Phaseolus vulgaris Linn.,,,[4]
R,1,Rajamasa - prajati,राजमाष प्रजाति,rājamāṣa prajāti,राजमाष प्रजाति,subsp. cylindrica (Linn.),,,[4]
R,1,Rajamasa - prajati,राजमाष प्रजाति,rājamāṣa prajāti,राजमाष प्रजाति,subsp. sesquipedalis (Linn.),,,[4]
R,1,Rajamasa - prajati,राजमाष प्रजाति,rājamāṣa prajāti,राजमाष प्रजाति,subsp. unguiculata,,,[4]
R,1,Rajamasa - prajati,राजमाष प्रजाति,rājamāṣa prajāti,राजमाष,Vigna unguiculata (Linn.) Walp,,,[4]
R,1,Rajamasa - prajati,राजमाष प्रजाति,rājamāṣa prajāti,राजमाष,Vigna unguiculata (Linn.) Walp.,,,[4]
R,1,Rajapatha,राजपाठा,rājapāṭhā,राजपाठा,Stephania japonica Miers.,,,[3]
R,1,Rajapatha,राजपाठा,rājapāṭhā,राजपाठा प्रकार,Stephania japonica Miers. Var discolor,,,[3]
R,1,Rajapatha,राजपाठा,rājapāṭhā,राजपाठा प्रकार,Stephania japonica Miers. Var japonica,,,[3]
R,1,Rajapatha - prakara,राजपाठा प्रकार,rājapāṭhā prakāra,राजपाठा,Stephania japonica Miers.,,,[3]
R,1,Rajapatha - prakara,राजपाठा प्रकार,rājapāṭhā prakāra,राजपाठा प्रकार,Stephania japonica Miers. Var discolor,,,[3]
R,1,Rajapatha - prakara,राजपाठा प्रकार,rājapāṭhā prakāra,राजपाठा प्रकार,Stephania japonica Miers. Var japonica,,,[3]
R,1,Rajasami,राजशमी,rājaśamī,राजशमी,Prosopis cineraria Druce.,Accepted source,It is identified with this species,[5]
R,1,Rajasimbi,राजशिम्बी,rājaśimbī,राजशिम्बी,Glycine max Merrill.,,,[4]
R,1,Rajika,राजिका,rājikā,राजिका,Brassica juncea (Linn.) Czern. and Coss.,Accepted source,Identified with it,[1]
R,1,Rajika,राजिका,rājikā,राजिका,Brassica juncea Czern & Coss.,,,[3]
R,1,Rajika - krsna,राजिका कृष्णा,rājikā kṛṣṇā,राजिका कृष्णा,Brassica nigra (Linn.) Koch.,Accepted source,Identified with it,[1]
R,1,Rajjudara,रज्जुदार,rajjudāra,रज्जुदार,Olax scandens Roxb.,Most probable,With regard to its features it is most probably the correlated species,[1]
R,1,Raktacandana,रक्तचन्दन,raktacandana,रक्तचन्दन,Pterocarpus santalinus,,,[3]
R,1,Raktacandana,रक्तचन्दन,raktacandana,रक्तचन्दन,Pterocarpus santalinus Linn.,,,[3]
R,1,Raktacandana,रक्तचन्दन,raktacandana,रक्तचन्दन,Pterocarpus santalinus Linn. f.,Accepted source,Identified with it,[1]
R,1,Raktacandana,रक्तचन्दन,raktacandana,रक्तचन्दन,Pterocarpus santalinus Linn.f.,Accepted source,Its identified with this species,[5]
R,1,Raktaluka,रक्तालुका,raktālukā,रक्तालुका,Dioscorea alata Linn.,Accepted source,Identified with it,[1]
R,1,Raktaniryasa,रक्तनिर्यास,raktaniryāsa,रक्तनिर्यास,Daemenorops draco Blume.,,,[3]
R,1,Raktaniryasa,रक्तनिर्यास,raktaniryāsa,रक्तनिर्यास,Daemenorops kurzianus Hook.f.,,,[3]
R,1,Raktavasa,रक्तवासा,raktavāsā,रक्तवासा,Jacobini tinctoria Henol.,Accepted source,Raktavasa is correlated to this species,[2]
R,1,Raktavrntaka,रक्तवृन्ताक,raktavṛntāka,रक्तवृन्ताक,Lycoprslcon esculentum Mill.,,,[4]
R,1,Raktotpala,रक्तोत्पल,raktotpala,रक्तोत्पल,Nymphaea rubra Roxb.,Accepted source,Identified with it,[1]
R,1,Raktotpala,रक्तोत्पल,raktotpala,रक्तोत्पल,Nymphoea nouchali Burm. f.,,,[3]
R,1,Ramatulasi,रामतुलसी,rāmatulasī,रामतुलसी,Ocimum gratissimum Linn.,,,[3]
R,1,Ramatulasi,रामतुलसी,rāmatulasī,रामतुलसी,Ocimum gratissimum Linn.,,,[3]
R,2,Rasa,रस,rasa,रस,Commiphora myrrha (Nees) Engl.,Accepted source,Identified with it,[1]
R,2,Rasna,रास्ना,rāsnā,रास्ना,Alpinia galanga Swartz.,Controversial,Rasna is a highly controversial drug and this is considered as Rasna in South India; With regard to the synonyms given in the text matching with the morphological features of the plant this species was taken into consideration,[2]
R,2,Rasna,रास्ना,rāsnā,रास्ना,Alpinia galanga Willd.,Controversial,In various parts of India different species are assumed as 'Rasna' and this is one of the species which is suggested as a correlation,[5]
R,2,Rasna,रास्ना,rāsnā,रास्ना,Aristolochia bracteata,Accepted source,Rasna is correlated to this species,[2]
R,2,Rasna,रास्ना,rāsnā,रास्ना,Aristolochia indica,C (Sub),Many species are correlated to 'Rasna' and this species is one among them; It is used as a substitute in different parts of the country,[5]
R,2,Rasna,रास्ना,rāsnā,रास्ना,Blepharispermum subsessile DC.,Controversial,In various parts of India different species are assumed as Rasna and this is one of the species which is suggested as a correlation,[5]
R,2,Rasna,रास्ना,rāsnā,रास्ना,Dodonaea viscosa Linn.,Controversial,In various parts of India different species are assumed as Rasna and this is one of the species which is suggested as a correlation,[5]
R,2,Rasna,रास्ना,rāsnā,रास्ना,Enicostema littoral Blume,Controversial,Rasna is a highly controversial drug and this species was used by some Vaidyas as Trina Rasna,[2]
R,2,Rasna,रास्ना,rāsnā,रास्ना,Enicostema littorale Blume.,Controversial,In various parts of India different species are assumed as Rasna and hence this species is suggested as a correlation,[5]
R,2,Rasna,रास्ना,rāsnā,रास्ना,Inula racemosa Hook f.,Controversial,Considered controversial as it may be identified with Puskaramula,[1]
R,2,Rasna,रास्ना,rāsnā,रास्ना,Inula racemosa Hook.,Controversial,Rasna is a highly controversial drug and many plants are being used as Rasna all over India; Dr Vaman Ganesh Desai considers this species to be the real Rasna,[2]
R,2,Rasna,रास्ना,rāsnā,रास्ना,Lochnera rosea Reichb.,Controversial,Rasna is a highly controversial plant and different plants are being used as Rasna in different parts of the country; This species is considered as Trina Rasna,[2]
R,2,Rasna,रास्ना,rāsnā,रास्ना,Lochnera rosea Reichb.,Controversial,Many species are correlated to Rasna and this species is one among them; It is used as a substitute in different parts of the country,[5]
R,2,Rasna,रास्ना,rāsnā,रास्ना,Pluchea lanceolata,Suggested source,This species is suggested to be used as Rasna tentatively till better proof is obtained,[2]
R,2,Rasna,रास्ना,rāsnā,रास्ना,Pluchea lanceolata C.B. Clarke,,,[3]
R,2,Rasna,रास्ना,rāsnā,रास्ना,Pluchea lanceolata C.B. Clarke.,Controversial,In various parts of India different species are assumed as 'Rasna' and this is one of the species which is suggested as a correlation,[5]
R,2,Rasna,रास्ना,rāsnā,रास्ना,Pluchea lanceolata Oliver & Hiern.,Accepted source,Identified with it,[1]
R,2,Rasna,रास्ना,rāsnā,रास्ना,Pluchea lanceolate C. B. Clarke.,Controversial,"Rasna is a highly controversial plant and different plants are being used as Rasna in different parts of the country; This species is used as Rasna in North, Punjab and Gujarat",[2]
R,2,Rasna,रास्ना,rāsnā,रास्ना,Rauwolfia serpentina,Controversial,In various parts of India different species are assumed as 'Rasna' and this is one of the species suggested as a correlation,[5]
R,2,Rasna,रास्ना,rāsnā,रास्ना,Ruawolfia serpentina.,Controversial,Bengali Kavirajas consider 3 types of Rasna but there is no referance of this in the Brhatrayi; One type is Mula Rasna which is correlated to this species,[2]
R,2,Rasna,रास्ना,rāsnā,रास्ना,Saccolabium papillosum Lindl.,Controversial,With regard to its habit and features this species cannot be considered as Rasna,[1]
R,2,Rasna,रास्ना,rāsnā,रास्ना,Vanda roghurghii R. Br.,Controversial,In various parts of India different species are assumed as 'Rasna' and this is one of the species which is suggested as a correlation,[5]
R,2,Rasna,रास्ना,rāsnā,रास्ना,Vanda roxburghii R. Br.,Controversial,With regard to its habit and features this species cannot be considered as Rasna,[1]
R,2,Rasna,रास्ना,rāsnā,रास्ना,Vanda tessellata Hook ex G.,Controversial,Rasna is a highly controversial drug and different species are being used as Rasna all over India; This species is one among them,[2]
R,2,Rasna,रास्ना,rāsnā,रास्ना,Viola odorata Linn.,,,[3]
R,2,Rasna,रास्ना,rāsnā,रास्ना,Viscum album,Controversial,In various parts of India different species are assumed as 'Rasna' and hence this species is suggested as a correlation,[5]
R,2,Rasna,रास्ना,rāsnā,रास्ना,Viscum album Linn.,Controversial,Rasna is a highly controversial drug and different species are being used as Rasna all over India; This species is used as Rasna in Punjab,[2]
R,2,Rasna,रास्ना,rāsnā,रास्ना,Withania coagulens,Controversial,In various parts of India different species are assumed as 'Rasna' and hence this species is suggested as a correlation,[5]
R,2,Rasna,रास्ना,rāsnā,रास्ना,Withania coagulens.,Controversial,Rasna is a highly controversial drug and different species are being used as Rasna all over India; This species is used as Rasna by the Sindhi Vaidyas,[2]
R,2,Rasona,रसोन,rasona,रसोन,Allium ascalonium Linn.,,,[3]
R,2,Rasona,रसोन,rasona,रसोन,Allium sativum Linn.,,,[3]
R,2,Ratanjota,रतनजोत,ratanajota,रतनजोत,Alkanna tinctoria,Suggested source,Ratanjota has not been mentioned in any of the texts; This species is used as Ratanjota,[2]
R,2,Ratanjota,रतनजोत,ratanajota,रतनजोत,Anemone obtusiloba D-Don,Suggested source,Anemone obtusiloba is suggested to be used as Ratanjota acoording to Glossary of Indian Medicinal Plants,[2]
R,2,Ratanjota,रतनजोत,ratanajota,रतनजोत,Clausena pentaphylla,Suggested source,Ratanjota has not been mentioned in any of the texts; This species is used as Ratanjota,[2]
R,2,Ratanjota,रतनजोत,ratanajota,रतनजोत,Clausena pentaphylla D. C.,Accepted source,Ratanjota has not been mentioned in any of the texts; This species is used as Ratanjota,[2]
R,2,Ratanjota,रतनजोत,ratanajota,रतनजोत,Geraneum wallichianum,Suggested source,Ratanjota has not been mentioned in any of the texts; This species is suggested to be used as Ratanjota,[2]
R,2,Ratanjota,रतनजोत,ratanajota,रतनजोत,Geraneum wallichianum Sw. Geran.,Suggested source,Ratanjota has not been mentioned in any of the texts; This species is suggested to be used as Ratanjota,[2]
R,2,Ratanjota,रतनजोत,ratanajota,रतनजोत,Jatropha glandulifera,Controversial,In Gujarat this species is known as Ratanjota which is otherwise correlated to some other plant; But according to Dalhanas interpretation it exactly resembles the Ratanjota,[2]
R,2,Ratanjota,रतनजोत,ratanajota,रतनजोत,Onosma echioides,Controversial,Ratanjota has not been mentioned in any of the texts; This species is used as Ratanjota in Punjab and North western Himalaya,[2]
R,2,Ratanjota,रतनजोत,ratanajota,रतनजोत,Onosma echioides Linn.,Controversial,Ratanjota has not been mentioned in any of the texts; This species is used as Ratanjota in Punjab and North western Himalaya,[2]
R,2,Ratanjota,रतनजोत,ratanajota,रतनजोत,Potentilla nepalensis,Controversial,Ratanjota has not been mentioned in any of the texts; This species is used as Ratanjota in Punjab,[2]
R,2,Rddhi,ऋद्धि,ṛddhi,ऋद्धि,Eulophia nuda Lindl.,ST,Rddhi is one of the Astavarga drugs which is not yet identified; This species is used as its substitute which may be examined,[1]
R,2,Rddhi,ऋद्धि,ṛddhi,ऋद्धि,Habenaria sp.,ST,Rddhi is one of the Astavarga drugs which is not yet identified; This species is used as its substitute at present,[1]
R,2,Rddhidvaya,ऋद्धिद्वय,ṛddhidvaya,ऋद्धिद्वय,Habenaria sp.,Substituted source,Rddhidvaya is among the 'Astavarga dravyas' (group of eight drugs); These are not mentioned in the Brhatrayi; Along with time its identity started getting conspicous and substitutes were used for them; Presently this species is used as a substitute for Rddhidvaya,[5]
R,2,Renuka,रेणुका,reṇukā,रेणुका,Peper cubeba,Substituted source,Renuka is a controversial plant; With regard to its properties this species can be used as a substitute as it fulfills almost all the properties of Renuka,[2]
R,2,Renuka,रेणुका,reṇukā,रेणुका,Vitex agnus costus,Accepted source,Renuka is correlated to this species,[2]
R,2,Rocanatagara,रोचनातगर,rocanātagara,रोचनातगर,Selinum vaginatum Wall.,Most probable,The word Rocanatagara can be either yellow variety of tagara or two drugs i.e Rocana and Tagara. Yellow variety of Tagara can be correlated to this species,[1]
R,2,Rohini,रोहिणी,rohiṇī,रोहिणी,Erycibe paniculata Roxb.,?,?,[5]
R,2,Rohini,रोहिणी,rohiṇī,रोहिणी,Soymida febrifuga A. Juss.,Most probable,Mamsarohini is known as Rohini in many parts of the country and this is correlated to Soymida febrifuga,[1]
R,2,Rohini - prajati,रोहिणी प्रजाति,rohiṇī prajāti,रोहिणी प्रजाति,Gentiana sp.,?,?,[5]
R,2,Rohisa,रोहिष,rohiṣa,रोहिष,Andropogon nardus Linn.,,,[1]
R,2,Rohisa,रोहिष,rohiṣa,रोहिष,Andropogon nardus var. flexuosus Hack.,Most probable,Most probably identified with it as its an aromatic grass,[1]
R,2,Rohisa,रोहिष,rohiṣa,रोहिष,Andropogon schoenanthus var. caesius Hack.,Substituted source,Might have been used as a substitute,[1]
R,2,Rohisa,रोहिष,rohiṣa,रोहिष,Andropogon schoenanthus var. martini Hook.f.,Most probable,Previously it was identified with this species,[1]
R,2,Rohisa,रोहिष,rohiṣa,रोहिष,Cymbopogon caesius Stapf,Substituted source,Might have been used as a substitute,[1]
R,2,Rohisa,रोहिष,rohiṣa,रोहिष,Cymbopogon citratus (DC.) Stapf,Most probable,May be identified with it with regard to its aroma,[1]
R,2,Rohisa,रोहिष,rohiṣa,रोहिष,Cymbopogon martini (Roxb.) Wats,,,[3]
R,2,Rohisa,रोहिष,rohiṣa,रोहिष,Cymbopogon martini (Roxb.) Wats.,Most probable,Previously it was identified as Andropogon species (now Cymbopogon),[1]
R,2,Rohisa,रोहिष,rohiṣa,रोहिष,Cymbopogon martinii (Roxb.),Accepted source,Identified with this species,[5]
R,2,Rohisa,रोहिष,rohiṣa,रोहिष,Cymbopogon schoenanthus Spreng.,Substituted source,The roots of this species might have been used in place of Rohisa,[1]
R,2,Rohisa,रोहिष,rohiṣa,रोहिष,Tecoma undulata G. Don.,,,[3]
R,2,Rohitaka,रोहितक,rohitaka,रोहितक,Aphanamixis polystachia (Blatter.),Suggested source,There are many species being used as Rohitaka and this is one among them which is used in Bengal,[2]
R,2,Rohitaka,रोहितक,rohitaka,रोहितक,Aphanamixis polystachya (Wall.) Parker,Substituted source,Due to its limited distribution in the western parts of the country this species is used as its substitute in Eastern parts of the country,[1]
R,2,Rohitaka,रोहितक,rohitaka,रोहितक,Aphanamixis polystacia (Wall.) Parker.,Suggested source,"Samhitas have mentioned the uses of 'Rohitaka' but there is no mention of its morphology;The word 'Rohitaka' itself describes its bark and flowers to be red in colour; Nighantus have given synonyms which indicate its leaves and flowers to resemble 'Dadima'; Based on this, two species have been suggested and this is one among them",[5]
R,2,Rohitaka,रोहितक,rohitaka,रोहितक श्वेता,Aphanamixis polystacia (Wall.) parker.,Accepted source,Raja nighantu and Sodala nighantu have mentioned two types of 'Rohitaka' based on the colour of flowers; White variety is identified with this species,[5]
R,2,Rohitaka,रोहितक,rohitaka,रोहितक,Erythrina sp.,Controversial,"With regard to different synonyms given to Rohitaka, bark of this species has been found to be used",[1]
R,2,Rohitaka,रोहितक,rohitaka,रोहितक,Maba nigrescens Dalz and Gibs.,Controversial,Different plants are being used as Rohitaka in various parts of India; This species is one among them which is found in Mumbai,[2]
R,2,Rohitaka,रोहितक,rohitaka,रोहितक,Myristica Attenuata Wall.,Controversial,Many plants are being used as Rohitaka all over India; This species is one among them but the features of this species does not match with Rohitaka; When the trunk is cut it gives a copious blood red juice which needs to be tested for its property,[2]
R,2,Rohitaka,रोहितक,rohitaka,रोहितक,Polygonum glabbrum Willd.,Controversial,Different plants are being used as Rohitaka in various parts of India; This species is one among them which is used as Raktarohitaka,[2]
R,2,Rohitaka,रोहितक,rohitaka,रोहितक,Rhamnus Wightii,?,?,[2]
R,2,Rohitaka,रोहितक,rohitaka,रोहितक,Rhamnus Wightii,Controversial,Different plants are being used as Rohitaka in various parts of India; This species is one among them which is used as Rohitaka in South India,[2]
R,2,Rohitaka,रोहितक,rohitaka,रोहितक,Tecoma undulata (G. Don.),Suggested source,"Samhitas have mentioned the uses of 'Rohitaka' but there is no mention of its morphology;The word 'Rohitaka' itself describes its bark and flowers to be red in colour; Nighantus have given synonyms which indicate its leaves and flowers to resemble 'Dadima'; Based on this, two species have been suggested and this is one among them",[5]
R,2,Rohitaka,रोहितक,rohitaka,रोहितक,Tecomella undulata,Accepted source,According to the author Rohitaka is best correlated to this species with regard to its morphology,[2]
R,2,Rohitaka,रोहितक,rohitaka,रोहितक,Tecomella undulata (G. Don) Seem.,Accepted source,Identified with it,[1]
R,2,Rohitaka,रोहितक,rohitaka,रोहितक,Tecomella undulata Seem.,Controversial,Different plants are being used as Rohitaka in various parts of India; This species is one among them which is used as Rohitaka all over India except Bengal,[2]
R,2,Rohitaka,रोहितक,rohitaka,रोहितक,Ventilago madraspatana Gaertn.,Controversial,Presently different plants are being used as Rohitaka in different parts of India and this species is one among them,[2]
R,2,Rohitaka - rakta,रोहितक रक्त,rohitaka rakta,रोहितक रक्त,Tecoma undulata,Accepted source,"The features of this species equals with the features of 'Rohitaka' mentioned in the ancient texts, hence identified with Tecoma undulata",[5]
R,2,Rohitaka - sveta,रोहितक श्वेता,rohitaka śvetā,रोहितक,Aphanamixis polystachia (Blatter.),Suggested source,There are many species being used as Rohitaka and this is one among them which is used in Bengal,[2]
R,2,Rohitaka - sveta,रोहितक श्वेता,rohitaka śvetā,रोहितक,Aphanamixis polystachya (Wall.) Parker,Substituted source,Due to its limited distribution in the western parts of the country this species is used as its substitute in Eastern parts of the country,[1]
R,2,Rohitaka - sveta,रोहितक श्वेता,rohitaka śvetā,रोहितक,Aphanamixis polystacia (Wall.) Parker.,Suggested source,"Samhitas have mentioned the uses of 'Rohitaka' but there is no mention of its morphology;The word 'Rohitaka' itself describes its bark and flowers to be red in colour; Nighantus have given synonyms which indicate its leaves and flowers to resemble 'Dadima'; Based on this, two species have been suggested and this is one among them",[5]
R,2,Rohitaka - sveta,रोहितक श्वेता,rohitaka śvetā,रोहितक श्वेता,Aphanamixis polystacia (Wall.) parker.,Accepted source,Raja nighantu and Sodala nighantu have mentioned two types of 'Rohitaka' based on the colour of flowers; White variety is identified with this species,[5]
R,2,Rohitaka - sveta,रोहितक श्वेता,rohitaka śvetā,रोहितक,Erythrina sp.,Controversial,"With regard to different synonyms given to Rohitaka, bark of this species has been found to be used",[1]
R,2,Rohitaka - sveta,रोहितक श्वेता,rohitaka śvetā,रोहितक,Maba nigrescens Dalz and Gibs.,Controversial,Different plants are being used as Rohitaka in various parts of India; This species is one among them which is found in Mumbai,[2]
R,2,Rohitaka - sveta,रोहितक श्वेता,rohitaka śvetā,रोहितक,Myristica Attenuata Wall.,Controversial,Many plants are being used as Rohitaka all over India; This species is one among them but the features of this species does not match with Rohitaka; When the trunk is cut it gives a copious blood red juice which needs to be tested for its property,[2]
R,2,Rohitaka - sveta,रोहितक श्वेता,rohitaka śvetā,रोहितक,Polygonum glabbrum Willd.,Controversial,Different plants are being used as Rohitaka in various parts of India; This species is one among them which is used as Raktarohitaka,[2]
R,2,Rohitaka - sveta,रोहितक श्वेता,rohitaka śvetā,रोहितक,Rhamnus Wightii,?,?,[2]
R,2,Rohitaka - sveta,रोहितक श्वेता,rohitaka śvetā,रोहितक,Rhamnus Wightii,Controversial,Different plants are being used as Rohitaka in various parts of India; This species is one among them which is used as Rohitaka in South India,[2]
R,2,Rohitaka - sveta,रोहितक श्वेता,rohitaka śvetā,रोहितक,Tecoma undulata (G. Don.),Suggested source,"Samhitas have mentioned the uses of 'Rohitaka' but there is no mention of its morphology;The word 'Rohitaka' itself describes its bark and flowers to be red in colour; Nighantus have given synonyms which indicate its leaves and flowers to resemble 'Dadima'; Based on this, two species have been suggested and this is one among them",[5]
R,2,Rohitaka - sveta,रोहितक श्वेता,rohitaka śvetā,रोहितक,Tecomella undulata,Accepted source,According to the author Rohitaka is best correlated to this species with regard to its morphology,[2]
R,2,Rohitaka - sveta,रोहितक श्वेता,rohitaka śvetā,रोहितक,Tecomella undulata (G. Don) Seem.,Accepted source,Identified with it,[1]
R,2,Rohitaka - sveta,रोहितक श्वेता,rohitaka śvetā,रोहितक,Tecomella undulata Seem.,Controversial,Different plants are being used as Rohitaka in various parts of India; This species is one among them which is used as Rohitaka all over India except Bengal,[2]
R,2,Rohitaka - sveta,रोहितक श्वेता,rohitaka śvetā,रोहितक,Ventilago madraspatana Gaertn.,Controversial,Presently different plants are being used as Rohitaka in different parts of India and this species is one among them,[2]
R,2,Rohitakalata,रोहितकलता,rohitakalatā,रोहितकलता,Tecoma grandiflora Loisel,Suggested source,Rohitakalata' is mentioned in Caraka samhita; Cakrapani has interpreted it as small pieces of 'Rohitaka'; Originally tender branches of 'Rohitaka' were considered as 'Rohitakalata'; With regard to its features the author has identified it with this species,[5]
R,2,Rohitakalata,रोहितकलता,rohitakalatā,रोहितकलता,Ventilago madraspatana Gaertn.,Controversial,This species is known as 'Ragatrohedo' in Gujarat; With regard to its morphology it can be considered as 'Raktavalli' and not 'Rohitakalata'; Needs further studies,[5]
R,2,Rsabha,ऋषभ,ṛṣabha,ऋषभ,Microstylis wallichii Lindl.,Substituted source,Rsabha is one of the Astavarga drugs which is not yet identified; At present this species is used as its substitute,[1]
R,2,Rsyagandha,ऋष्यगंधा,ṛṣyagaṃdhā,ऋष्यगंधा,Withania coagulens Dunal,Accepted source,Rsyagandha' is mentioned in Caraka samhita; Cakrapani has interpreted it as 'Rsyajangalaka' and in another context as a type of 'Bala'; In the madhura skanda (group of sweet drugs) plants are written in pairs for e.g. 'Chatra' and 'Atichatra' similarly 'Rsyagandha' and 'Asvagandha' are written together; This depicts that 'Rsyagandha' is from 'Asvagandha' family and hence correlated to this species,[5]
R,2,Rsyaprokta,ऋष्यप्रोक्ता,ṛṣyaproktā,ऋष्यप्रोक्ता,Miliusa velutina Hook.f. & Th.,Most probable,Most probably it can be identified with this species; This species is popularly known among the adivasis(tribals) as 'Siyarbhuka',[5]
R,2,Rudanti,रुदन्ती,rudantī,रुदन्ती,Astragalus sp.,Most probable,It is mentioned in Raja nighantu; Sarnghadhara has mentioned it as a drug used for rasayana which depicts that during that period it was a noted drug for rasayana; This species is considered by some as Rudanti so considered as a most probable candidate,[5]
R,2,Rudanti,रुदन्ती,rudantī,रुदन्ती,Capparis mooni,Suggested source,In the past Rudanti was correlated to this species but there is no evidence to support this claim,[2]
R,2,Rudanti,रुदन्ती,rudantī,रुदन्ती,Capparis moonii Wight.,,,[3]
R,2,Rudanti,रुदन्ती,rudantī,रुदन्ती,Capparis moonii Wight.,Suggested source,Its mentioned in Raja nighantu; During the period of Sarnghadara it was widely used as a rasayana (rejuvenative); In the medieval period it was used in sorcery; Present scholars use the fruits of this species as Rudanti,[5]
R,2,Rudanti,रुदन्ती,rudantī,रुदन्ती,Cressa cretica Linn.,Most probable,Its mentioned in Raja nighantu; During the period of Sarnghadara it was widely used as a rasayana (rejuvenative); In the medieval period it was used in sorcery; Present scholars identify this species with Rudanti,[5]
R,2,Rudanti,रुदन्ती,rudantī,रुदन्ती,Cressa cretiea,Most probable,This species is suggested to be taken as Rudanti with regard to its morphology,[2]
R,2,Rudanti - prajati,रुदन्ती प्रजाति,rudantī prajāti,रुदन्ती प्रजाति,Capparis roxburghii DC.,,,[3]
R,3,Rudrajata,रुद्रजात,rudrajāta,रुद्रजात,Celosia cristata Linn.,Most probable,Is mentioned in Raja nighantu; Most probably correlated with this species which is widely known as 'Jatadhari',[5]
R,3,Rudrajata,रुद्रजात,rudrajāta,रुद्रजात,Lygodium sp.,Most probable,Is mentioned in Raja nighantu; Thakur Balwant Singh has identified it with this species which is popularly known as 'Kaarijhaank' or 'Mahaadevajata',[5]
R,3,Rudraksa,रुद्राक्ष,rudrākṣa,रुद्राक्ष,Elaeocarpus ganitrus Roxb.,,,[3]
R,3,Rudraksa,रुद्राक्ष,rudrākṣa,रुद्राक्ष,Elaeocorpus ganitrus Roxb.,Accepted source,Identified with this species,[5]
S,1,Sabuna,साबून,sābūna,साबून,Saponaria vaccaria Linn.,Accepted source,Sabuna is identified with this species,[5]
S,1,Sadampuspa,सदंपुष्पा,sadaṃpuṣpā,सदंपुष्पा,Lochnera rosea (Linn.) Reichb.,,,[3]
S,1,Sadampuspa - prajati,सदंपुष्पा प्रजाति,sadaṃpuṣpā prajāti,सदंपुष्पा प्रजाति,Lochnera pusilla (Murr.) K. Schum.,,,[3]
S,1,Sadgrantha,षड्ग्रन्था,ṣaḍgranthā,षड्ग्रन्था,Acorus sp.,Most probable,Is most probably considered to this species as it has features similar to Sadgrantha,[1]
S,1,Sadgrantha,षड्ग्रन्था,ṣaḍgranthā,षड्ग्रन्था,Iris sp.,Most probable,Is most probably considered to this species as it has features similar to Sadgrantha,[1]
S,1,Sahadevi,सहदेवी,sahadevī,सहदेवी,Vernonia cineria Less.,,,[3]
S,1,Sahasravirya,सहस्रवीर्या,sahasravīryā,सहस्रवीर्या,Asparagus sp.,Most probable,Sahasravirya is one of the varieties of Durva or Satavari; There is a plant found in Kangra region known as Sahaspai which is an Asparagus species so this is the most probable candidate,[1]
S,1,Saileya,शैलेय,śaileya,शैलेय,Parmelia perlata Ach.,Accepted source,Identified with it,[1]
S,1,Saileya,शैलेय,śaileya,शैलेय,"Parmelia perlata, Ach.",,,[3]
S,1,Saimhali,सैंहली,saiṃhalī,सैंहली,Piper retrofractum Vahl.,,,[3]
S,1,Saireyaka,सैरेयक,saireyaka,सैरीयक श्वेता,Avicennia sp.,,,[1]
S,1,Saireyaka,सैरेयक,saireyaka,सैरेयक श्वेतरक्ता,Barleria cristata Linn.,Accepted source,Identified with this species,[5]
S,1,Saireyaka,सैरेयक,saireyaka,सैरेयक पीता,Barleria prionities Linn.,Accepted source,Identified with this species,[5]
S,1,Saireyaka,सैरेयक,saireyaka,सैरेयक,Barleria prionitis Linn.,,,[3]
S,1,Saireyaka,सैरेयक,saireyaka,सैरेयक नील,Barleria strigosa Willd.,Accepted source,Identified with this species,[5]
S,1,Saireyaka,सैरेयक,saireyaka,सैरीयक श्वेता,Rhizophora sp.,,,[1]
S,1,Saireyaka,सैरेयक,saireyaka,सैरीयक,Rhododendron arboreum Sm.,,,[1]
S,1,Saireyaka,सैरेयक,saireyaka,सैरीयक,Rhododendron falconeri Hook.,,,[1]
S,1,Saireyaka,सैरेयक,saireyaka,सैरीयक श्वेता,Rhododendron sp.,,,[1]
S,1,Saireyaka - nila,सैरेयक नील,saireyaka nīla,सैरीयक श्वेता,Avicennia sp.,,,[1]
S,1,Saireyaka - nila,सैरेयक नील,saireyaka nīla,सैरेयक श्वेतरक्ता,Barleria cristata Linn.,Accepted source,Identified with this species,[5]
S,1,Saireyaka - nila,सैरेयक नील,saireyaka nīla,सैरेयक पीता,Barleria prionities Linn.,Accepted source,Identified with this species,[5]
S,1,Saireyaka - nila,सैरेयक नील,saireyaka nīla,सैरेयक,Barleria prionitis Linn.,,,[3]
S,1,Saireyaka - nila,सैरेयक नील,saireyaka nīla,सैरेयक नील,Barleria strigosa Willd.,Accepted source,Identified with this species,[5]
S,1,Saireyaka - nila,सैरेयक नील,saireyaka nīla,सैरीयक श्वेता,Rhizophora sp.,,,[1]
S,1,Saireyaka - nila,सैरेयक नील,saireyaka nīla,सैरीयक,Rhododendron arboreum Sm.,,,[1]
S,1,Saireyaka - nila,सैरेयक नील,saireyaka nīla,सैरीयक,Rhododendron falconeri Hook.,,,[1]
S,1,Saireyaka - nila,सैरेयक नील,saireyaka nīla,सैरीयक श्वेता,Rhododendron sp.,,,[1]
S,1,Saireyaka - pita,सैरेयक पीता,saireyaka pītā,सैरीयक श्वेता,Avicennia sp.,,,[1]
S,1,Saireyaka - pita,सैरेयक पीता,saireyaka pītā,सैरेयक श्वेतरक्ता,Barleria cristata Linn.,Accepted source,Identified with this species,[5]
S,1,Saireyaka - pita,सैरेयक पीता,saireyaka pītā,सैरेयक पीता,Barleria prionities Linn.,Accepted source,Identified with this species,[5]
S,1,Saireyaka - pita,सैरेयक पीता,saireyaka pītā,सैरेयक,Barleria prionitis Linn.,,,[3]
S,1,Saireyaka - pita,सैरेयक पीता,saireyaka pītā,सैरेयक नील,Barleria strigosa Willd.,Accepted source,Identified with this species,[5]
S,1,Saireyaka - pita,सैरेयक पीता,saireyaka pītā,सैरीयक श्वेता,Rhizophora sp.,,,[1]
S,1,Saireyaka - pita,सैरेयक पीता,saireyaka pītā,सैरीयक,Rhododendron arboreum Sm.,,,[1]
S,1,Saireyaka - pita,सैरेयक पीता,saireyaka pītā,सैरीयक,Rhododendron falconeri Hook.,,,[1]
S,1,Saireyaka - pita,सैरेयक पीता,saireyaka pītā,सैरीयक श्वेता,Rhododendron sp.,,,[1]
S,1,Saireyaka - svetarakta,सैरेयक श्वेतरक्ता,saireyaka śvetaraktā,सैरीयक श्वेता,Avicennia sp.,,,[1]
S,1,Saireyaka - svetarakta,सैरेयक श्वेतरक्ता,saireyaka śvetaraktā,सैरेयक श्वेतरक्ता,Barleria cristata Linn.,Accepted source,Identified with this species,[5]
S,1,Saireyaka - svetarakta,सैरेयक श्वेतरक्ता,saireyaka śvetaraktā,सैरेयक पीता,Barleria prionities Linn.,Accepted source,Identified with this species,[5]
S,1,Saireyaka - svetarakta,सैरेयक श्वेतरक्ता,saireyaka śvetaraktā,सैरेयक,Barleria prionitis Linn.,,,[3]
S,1,Saireyaka - svetarakta,सैरेयक श्वेतरक्ता,saireyaka śvetaraktā,सैरेयक नील,Barleria strigosa Willd.,Accepted source,Identified with this species,[5]
S,1,Saireyaka - svetarakta,सैरेयक श्वेतरक्ता,saireyaka śvetaraktā,सैरीयक श्वेता,Rhizophora sp.,,,[1]
S,1,Saireyaka - svetarakta,सैरेयक श्वेतरक्ता,saireyaka śvetaraktā,सैरीयक,Rhododendron arboreum Sm.,,,[1]
S,1,Saireyaka - svetarakta,सैरेयक श्वेतरक्ता,saireyaka śvetaraktā,सैरीयक,Rhododendron falconeri Hook.,,,[1]
S,1,Saireyaka - svetarakta,सैरेयक श्वेतरक्ता,saireyaka śvetaraktā,सैरीयक श्वेता,Rhododendron sp.,,,[1]
S,1,Sairiyaka,सैरीयक,sairīyaka,सैरीयक श्वेता,Avicennia sp.,,,[1]
S,1,Sairiyaka,सैरीयक,sairīyaka,सैरेयक श्वेतरक्ता,Barleria cristata Linn.,Accepted source,Identified with this species,[5]
S,1,Sairiyaka,सैरीयक,sairīyaka,सैरेयक पीता,Barleria prionities Linn.,Accepted source,Identified with this species,[5]
S,1,Sairiyaka,सैरीयक,sairīyaka,सैरेयक,Barleria prionitis Linn.,,,[3]
S,1,Sairiyaka,सैरीयक,sairīyaka,सैरेयक नील,Barleria strigosa Willd.,Accepted source,Identified with this species,[5]
S,1,Sairiyaka,सैरीयक,sairīyaka,सैरीयक श्वेता,Rhizophora sp.,,,[1]
S,1,Sairiyaka,सैरीयक,sairīyaka,सैरीयक,Rhododendron arboreum Sm.,,,[1]
S,1,Sairiyaka,सैरीयक,sairīyaka,सैरीयक,Rhododendron falconeri Hook.,,,[1]
S,1,Sairiyaka,सैरीयक,sairīyaka,सैरीयक श्वेता,Rhododendron sp.,,,[1]
S,1,Sairiyaka - krsna,सैरीयक कृष्णा,sairīyaka  kṛṣṇā,सैरीयक कृष्णा,Acanthus ilicifolius Linn.,,,[1]
S,1,Sairiyaka - nila,सैरीयक नीला,sairīyaka  nīlā,सैरीयक नीला,Barleria stigosa Linn.,,,[1]
S,1,Sairiyaka - pita,सैरीयक पीता,sairīyaka  pītā,सैरीयक पीता,Barleria prionitis Linn.,,,[1]
S,1,Sairiyaka - rakta,सैरीयक रक्त,sairīyaka  rakta,सैरीयक रक्त,Barleria cristata Linn.,Accepted source,Identified with this species,[1]
S,1,Sairiyaka - sveta,सैरीयक श्वेता,sairīyaka  śvetā,सैरीयक श्वेता,Avicennia sp.,,,[1]
S,1,Sairiyaka - sveta,सैरीयक श्वेता,sairīyaka  śvetā,सैरेयक श्वेतरक्ता,Barleria cristata Linn.,Accepted source,Identified with this species,[5]
S,1,Sairiyaka - sveta,सैरीयक श्वेता,sairīyaka  śvetā,सैरेयक पीता,Barleria prionities Linn.,Accepted source,Identified with this species,[5]
S,1,Sairiyaka - sveta,सैरीयक श्वेता,sairīyaka  śvetā,सैरेयक,Barleria prionitis Linn.,,,[3]
S,1,Sairiyaka - sveta,सैरीयक श्वेता,sairīyaka  śvetā,सैरेयक नील,Barleria strigosa Willd.,Accepted source,Identified with this species,[5]
S,1,Sairiyaka - sveta,सैरीयक श्वेता,sairīyaka  śvetā,सैरीयक श्वेता,Rhizophora sp.,,,[1]
S,1,Sairiyaka - sveta,सैरीयक श्वेता,sairīyaka  śvetā,सैरीयक,Rhododendron arboreum Sm.,,,[1]
S,1,Sairiyaka - sveta,सैरीयक श्वेता,sairīyaka  śvetā,सैरीयक,Rhododendron falconeri Hook.,,,[1]
S,1,Sairiyaka - sveta,सैरीयक श्वेता,sairīyaka  śvetā,सैरीयक श्वेता,Rhododendron sp.,,,[1]
S,1,Saivala,शैवाल,śaivāla,शैवाल,Algae,Not Identified,Correlation with Algae is not right as roots of Saivala being used are mentioned,[1]
S,1,Saivala,शैवाल,śaivāla,शैवाल,Ceratophyllum demersum Linn.,,,[3]
S,1,Saivala,शैवाल,śaivāla,शैवाल,Potamogeton pectinatus Linn.,Most probable,Saivala is known as Sevara and this species is known as Sevara near Varanasi  so most probably identified with it,[1]
S,1,Saivala,शैवाल,śaivāla,शैवाल,Zanichellia palustris Linn.,Most probable,Saivala is known as Sevara and this species is known as Sevara near Varanasi  so most probably identified with it,[1]
S,1,Saka,शाक,śāka,शाक,Tectona grandis Linn. f.,,,[3]
S,1,Saka,शाक,śāka,शाक,Tectona grandis Linn. f.,Accepted source,Identified with it,[1]
S,2,Sakhota,शाखोट,śākhoṭa,शाखोट,Strebulus asper Lour.,Accepted source,Identified with it,[1]
S,2,Sakhotaka,शाखोटक,śākhoṭaka,शाखोटक,Streblus asper Lour.,,,[3]
S,2,Sakuladani,शकुलादनी,śakulādanī,शकुलादनी,Alternanthera sessilis (Linn.) R. Br.,Most probable,Most probably identified with this species,[1]
S,2,Sakuladani,शकुलादनी,śakulādanī,शकुलादनी,Enhydra fluctuans Lour.,Accepted source,Caraka and Vagbhata have mentioned this among the 'Saka varga' (group of vegetables); In their commentary Cakrapani and Arundatta have considered this as 'Katuka' but 'Katuka' is not a well known Saka but instead its tuber is widely used in medicines; Katuka has been mentioned in different varga (group) in Caraka so its a different drug when equated with 'Sakuladani'; 'Sakuladani' is a vegetable and found near water and its identified with this species,[5]
S,2,Sala,शाल,śāla,शाल,Shorea robusta Gaertn.,,,[3]
S,2,Sala,शाल,śāla,शाल,Shorea robusta Gaertn.,Accepted source,Identified with it,[1]
S,2,Sala - bheda,शाल भेद,śāla bheda,शाल भेद,Terminalia alata Heyne ex Roth,,,[3]
S,2,Salaparni,शालपर्णी,śālaparṇī,शालपर्णी,Desmodium gangeticum,Accepted source,Salaparni is correlated to this species,[2]
S,2,Salaparni,शालपर्णी,śālaparṇī,शालपर्णी,Desmodium gangeticum DC.,,,[3]
S,2,Salaparni,शालपर्णी,śālaparṇī,शालपर्णी,Desmodium gangeticum DC.,Accepted source,Identified with it,[1]
S,2,Salaparni,शालपर्णी,śālaparṇī,शालपर्णी,Desmodium gangeticum DC.,Accepted source,Primitively 'Salaparni' and 'Vidarigandha' were considered as two different drugs; Presently Salaparni is considered to be Vidarigandha which is correlated to this species whose roots have the aroma of Vidarigandha tuber,[5]
S,2,Salaparni - prajati,शालपर्णी प्रजाति,śālaparṇī prajāti,शालपर्णी प्रजाति,Desmodium polycarpum DC.,,,[3]
S,2,Salaparni - prajati,शालपर्णी प्रजाति,śālaparṇī prajāti,शालपर्णी प्रजाति,Uraria hamosa Wall.,,,[3]
S,2,Salaparni - prajati,शालपर्णी प्रजाति,śālaparṇī prajāti,शालपर्णी प्रजाति,Uraria lagopoides DC.,,,[3]
S,2,Salayam,सलयम,salayama,सलयम,Brassica rapa Linn.,,,[4]
S,2,Sali,शालि,śāli,शालि,Oryza sativa Linn.,Accepted source,Identified with it,[1]
S,2,Sali,शालि,śāli,षष्टिक,Oryza sativa Linn.,Accepted source,Identified with it,[1]
S,2,Sali,शालि,śāli,व्रीही,Oryza sativa Linn.,Accepted source,Identified with it,[1]
S,2,Sali,शालि,śāli,कलम,Oryza sativa Linn. var.,Accepted source,"identified with it, VARIETY ?",[1]
S,2,Sali,शालि,śāli,केदार,Rice var.,Suggested source,Is a variety of rice,[1]
S,2,Sali,शालि,śāli,कूष्माण्डक,Rice var.,Suggested source,Is a variety of rice,[1]
S,2,Sali,शालि,śāli,गन्धल,Rice variety,Suggested source,Is an inferior variety of rice,[1]
S,2,Salinja,शालिञ्ज,śāliñja,शालिञ्ज,Alternanthera sessilis Br.,Accepted source,Cakrapani has mentioned 'Pattura' as Salinca; In Bengal 'Salinca' is known as 'Matsyaksi' which is correlated to this species,[5]
S,2,Sallaki,शल्लकी,śallakī,शल्लकी,Boswellia serrata Roxb.,,,[3]
S,2,Sallaki,शल्लकी,śallakī,शल्लकी,Boswellia serrata Roxb.,Accepted source,Identified with it,[1]
S,2,Sallaki,शल्लकी,śallakī,शल्लकी भेद,Boswellia serrata Roxb. Var. glabra,,,[3]
S,2,Sallaki - bheda,शल्लकी भेद,śallakī bheda,शल्लकी,Boswellia serrata Roxb.,,,[3]
S,2,Sallaki - bheda,शल्लकी भेद,śallakī bheda,शल्लकी,Boswellia serrata Roxb.,Accepted source,Identified with it,[1]
S,2,Sallaki - bheda,शल्लकी भेद,śallakī bheda,शल्लकी भेद,Boswellia serrata Roxb. Var. glabra,,,[3]
S,2,Salmali,शाल्मली,śālmalī,शाल्मली,Salmalia malabarica Schott & Endl.,,,[3]
S,2,Salmali,शाल्मली,śālmalī,शाल्मली,Salmalia malabarica Schott and Endl.,Accepted source,Identified with it,[1]
S,2,Salmali - jati,शाल्मली जाति,śālmalī jāti,शाल्मली जाति,Eriodendron anfructuosum DC.,,,[3]
S,2,Salmali - jati,शाल्मली जाति,śālmalī jāti,शाल्मली प्रजाति,Salmalia insignis (Wall.) Schott. & Endl.,,,[3]
S,2,Salmali - prajati,शाल्मली प्रजाति,śālmalī prajāti,शाल्मली जाति,Eriodendron anfructuosum DC.,,,[3]
S,2,Salmali - prajati,शाल्मली प्रजाति,śālmalī prajāti,शाल्मली प्रजाति,Salmalia insignis (Wall.) Schott. & Endl.,,,[3]
S,2,Samanga,समङ्गा,samaṅgā,समङ्गा,Biophytum sensitivum (Linn.) DC.,Suggested source,"Different names given to this plant by different commentators are given to this species, hence it's suggested to be considered",[1]
S,2,Samanga,समङ्गा,samaṅgā,समङ्गा,Mimosa pudica Linn.,Most probable,This species is mostly correlated to Samanga,[1]
S,2,Samanga,समङ्गा,samaṅgā,समङ्गा,Neptunia oleracea Lour.,Suggested source,"Different names given to this plant by different commentators are given to this species, hence it's suggested to be considered",[1]
S,2,Samharsa,संहर्ष,saṃharṣa,संहर्ष,Loranthus sp.,Most probable,Samharsha has been cited in Caraka samhita under the madhura skanda; Cakrapani has interpreted it as 'Bandaka'; In Dhanvantari nighantu it has been mentioned as a synonym of 'Jantukari'; With regard to its synonyms it can be depicted to be 'Bandaka' and its fruits resemble 'Kapikacchu' hence Cakrapani has inferred it as Bandaka; But when compared with the properties of Jantukari and Samharsa there is a lot of difference; Bandaka is identified with this species,[5]
S,2,Samharsa,संहर्ष,saṃharṣa,संहर्ष,Mucuna sp.,Accepted source,Samharsha' has been cited in Caraka samhita under the madhura skanda; Cakrapani has interpreted it as 'Bandaka'; In Dhanvantari nighantu it has been mentioned as a synonym of 'Jantukari'; With regard to its synonyms it can be depicted to be 'Bandaka' and its fruits resemble 'Kapikacchu' hence Cakrapani has inferred it as 'Bandaka'; But when compared with the properties of 'Jantukari' and 'Samharsa' there is a lot of difference; It can be considered as Bandaka or a type of 'Kapikacchu' which is identified with this species,[5]
S,2,Sami,शमी,śamī,शमी,Prosopis cineraria Druce.,,,[3]
S,2,Sami,शमी,śamī,शमी,Prosopis cineraria Druce.,,,[4]
S,2,Sami,शमी,śamī,शमी,Prosopis spicigera Linn.,Accepted source,Identified with it,[1]
S,2,Sami - prajati,शमी प्रजाति,śamī prajāti,शमी प्रजाति,Prosopis stephaniana Kunth.,,,[3]
S,2,Samudranarikela,समुद्रनारिकेल,samudranārikela,समुद्रनारिकेल,Lodoicea maldivica (Poir.) Pers.,,,[3]
S,3,Samudrasami,समुद्रशमी,samudraśamī,समुद्रशमी,Prosopis stephaniana Kunth.,Accepted source,Samudrasami' has been cited in Sodala nighantu and Raja nighantu; It is identified with this species,[5]
S,3,Samudrasosa,समुद्रशोष,samudraśoṣa,समुद्रशोष,Salvia ptebeia,?,?,[2]
S,3,Sana,शण,śaṇa,शण,Crotalaria juncea Linn.,,,[3]
S,3,Sana,शण,śaṇa,शण,Crotalaria juncea Linn.,Accepted source,Identified with it,[1]
S,3,Sana,शण,śaṇa,शण,Crotalaria sp.,Most probable,Krsnasana cannot be correlated to a specific species of Crotolaria as it has a large number of species,[1]
S,3,Sanapuspi,शणपुष्पी,śaṇapuṣpī,शणपुष्पी,Crotalaria verrucosa Linn.,,,[3]
S,3,Sanapuspi,शणपुष्पी,śaṇapuṣpī,शणपुष्पी,Indigofera pulchella Roxb.,Most probable,With regard to its popular name Jirahula this species may be taken into consideration,[1]
S,3,Sankhaluka,शङ्कालुक,śaṅkāluka,शङ्कालुक,Dioscorea sp.,Most probable,May be identified with this species,[1]
S,3,Sankhaluka,शङ्कालुक,śaṅkāluka,शङ्कालुक,Pogonia flabelliformis Lindl.,Most probable,May be identified with this species,[1]
S,3,Sankhapuspi,शङ्खपुष्पी,śaṅkhapuṣpī,शङ्खपुष्पी,Canscora decussata Schult,Controversial,"Among the Brhatrayi, Sankhapuspi was widely used as medhya (promotes memory); In Dhanvantari and Bhavaprakasa nighantu it is explained seperately; Raja nighantu and Kaideva nighantu have mentioned 3 types of Sankhapuspi based on the colour of flowers; Due to these reasons it ran into controversy; Many species are correlated to Sankhapuspi and this is one among them; Its widely used in Bengal",[5]
S,3,Sankhapuspi,शङ्खपुष्पी,śaṅkhapuṣpī,शङ्खपुष्पी,Canscora decussata Schult.,Accepted source,Is a controversial drug; Canscora decussata has been accepted as Sankhapuspi by the Bengali Kavirajas,[1]
S,3,Sankhapuspi,शङ्खपुष्पी,śaṅkhapuṣpī,शङ्खपुष्पी,Canscora diffusa R. Br.,Controversial,With regard to its morphology many plants are correlated to Sankhapuspi and among them this is one of the suggested species,[2]
S,3,Sankhapuspi,शङ्खपुष्पी,śaṅkhapuṣpī,शङ्खपुष्पी,Clitorea ternatea Linn.,Controversial,Due to various reasons Sankhapuspi turned out to be a controversial drug; Many species are widely used around the country as Sankhapuspi and this is one among them,[5]
S,3,Sankhapuspi,शङ्खपुष्पी,śaṅkhapuṣpī,शङ्खपुष्पी,Clitoria ternatea Linn.,Accepted source,Is a controversial drug; Clitorea ternatea has been accepted as Sankhapuspi by the South Indian Vaidyas,[1]
S,3,Sankhapuspi,शङ्खपुष्पी,śaṅkhapuṣpī,शङ्खपुष्पी,Clitoria ternatea Linn.,Controversial,With regard to its morphology many plants are correlated to Sankhapuspi and among them this is one of the suggested species,[2]
S,3,Sankhapuspi,शङ्खपुष्पी,śaṅkhapuṣpī,शङ्खपुष्पी,Convolvulus pluricaulis Chois,Controversial,Different species are being used as Sankhapuspi in different parts of India; Convolvulus pluricaulis  is used as Sankhapuspi in Gujarat,[2]
S,3,Sankhapuspi,शङ्खपुष्पी,śaṅkhapuṣpī,शङ्खपुष्पी,Convolvulus pluricaulis Chois,Most probable,With regard to its feature of conch shaped flowers many plants are correlated to Sankhapuspi and this is one of the species; This is used extensively in Gujarat,[2]
S,3,Sankhapuspi,शङ्खपुष्पी,śaṅkhapuṣpī,शङ्खपुष्पी,Convolvulus pluricaulis Chois.,,,[3]
S,3,Sankhapuspi,शङ्खपुष्पी,śaṅkhapuṣpī,शङ्खपुष्पी,Convolvulus pluricaulis Chois.,Accepted source,Identified with it,[1]
S,3,Sankhapuspi,शङ्खपुष्पी,śaṅkhapuṣpī,शङ्खपुष्पी,Convolvulus pluricaulis Chois.,Controversial,Many species are being used as Sankhapuspi in different parts of the country; This species is used as Sankhapuspi in Southern India and is considered as the most probable with regard to its features and properties,[5]
S,3,Sankhapuspi,शङ्खपुष्पी,śaṅkhapuṣpī,शङ्खपुष्पी,Convolvulus sp.,Accepted source,Identified with it,[1]
S,3,Sankhapuspi,शङ्खपुष्पी,śaṅkhapuṣpī,शङ्खपुष्पी,Convovulus pluricaulis Chois.,Controversial,With regard to its feature of conch shaped flowers many plants are correlated to Sankhapuspi and this is one of the species; This is used extensively in Gujarat,[2]
S,3,Sankhapuspi,शङ्खपुष्पी,śaṅkhapuṣpī,शङ्खपुष्पी,Evolvulous alsinoides Linn.,Controversial,Many plants are being used as Sankhapuspi all over the country; This species is one among them,[2]
S,3,Sankhapuspi,शङ्खपुष्पी,śaṅkhapuṣpī,शङ्खपुष्पी,Evolvulus alsinioides Linn.,Controversial,"Among the Brhatrayi, Sankhapuspi was widely used as medhya (promotes memory); In Dhanvantari and Bhavaprakasa nighantu it is explained seperately; Raja nighantu and Kaideva nighantu have mentioned 3 types of Sankhapuspi based on the colour of flowers; Due to these reasons it ran into controversy; Many species are correlated to Sankhapuspi and this is one among them",[5]
S,3,Sankhapuspi,शङ्खपुष्पी,śaṅkhapuṣpī,शङ्खपुष्पी,Lavendula bipinnata,Controversial,Different species are being used as Sankhapuspi in different parts of India; This species is one among them,[2]
S,3,Sankhini,शङ्खिनी,śaṅkhinī,शङ्खिनी,Andrographis sp.,Not Identified,As this species does have properties of the Sankhini mentioned in the texts it cannot be considered,[1]
S,3,Sankhini,शङ्खिनी,śaṅkhinī,शङ्खिनी,Calonyction muricatum G. Don,?,?,[1]
S,3,Sankhini,शङ्खिनी,śaṅkhinī,शङ्खिनी,Clitoria ternatea Linn.,Most probable,South Indian Vaidyas accept Clitorea ternatea as Sankhapuspi so Sankhini might be correlated to this species,[1]
S,3,Sankhini,शङ्खिनी,śaṅkhinī,शङ्खिनी,Euphorbia dracunculoides Lam.,Controversial,?,[5]
S,3,Saptacakra,सप्तचक्रा,saptacakrā,सप्तचक्रा,Salacia chinensis Linn.,,,[3]
S,3,Saptala,सप्तला,saptalā,सप्तला,Acacia concinna D. C.,Most probable,Even though it is a highly controversial drug many of them have identified it with this species,[2]
S,3,Saptala,सप्तला,saptalā,सप्तला,Acacia concinna DC.,Substituted source,This species might have been used as its substitute,[1]
S,3,Saptala,सप्तला,saptalā,सप्तला,Acacia concinna DC.,Suggested source,On basis of common synonyms given to 'Shikakai' as well as to 'Saptala' this species is taken into consideration,[5]
S,3,Saptala,सप्तला,saptalā,सप्तला,Euphorbia dracunculoides,Most probable,Saptala is a highly controversial drug; There are many species correlated to it but with regard to its description this species tentatively  comes very near to the description,[2]
S,3,Saptala,सप्तला,saptalā,सप्तला,Euphorbia dracunculoides Lam.,Controversial,?,[5]
S,3,Saptala,सप्तला,saptalā,सप्तला,Euphorbia dracunculoides Lam.,Most probable,This species can be taken into consideration with regard to its features and properties,[1]
S,3,Saptala,सप्तला,saptalā,सप्तला,Euphorbia pilosa Linn.,Controversial,Many drugs are correlated to Saptala; On basis of its name and actions this species is taken into consideration,[5]
S,3,Saptala,सप्तला,saptalā,सप्तला,Euphorbia pilosa Linn.,Most probable,This species can be considered with regard to its properties and its use by Garhwalis for their purgative action,[1]
S,3,Saptala,सप्तला,saptalā,सप्तला,Euphorbia royleana Boiss.,Controversial,Many drugs are correlated to Saptala; On basis of its name this species is taken into consideration,[5]
S,3,Saptala,सप्तला,saptalā,सप्तला,Euphorbia tirucalli Linn.,Most probable,Taken into consideration with regard to its characteristic features,[1]
S,3,Saptaparna,सप्तपर्ण,saptaparṇa,सप्तपर्ण,Alstonia scholaris R. Br.,,,[3]
S,3,Saptaparna,सप्तपर्ण,saptaparṇa,सप्तपर्ण,Alstonia scholaris R. Br.,Accepted source,Identified with it,[1]
S,3,Sarala,सरल,sarala,सरल,Pinus roxburghii Sargent.,,,[3]
S,3,Sarala,सरल,sarala,सरल,Pinus roxburghii Sargent.,Accepted source,Identified with it,[1]
S,3,Sarapunkha,शरपुङ्खा,śarapuṅkhā,शरपुङ्खा,Tephrosia purpurea (Linn.) Pers.,Accepted source,Identified with it,[1]
S,3,Sarapunkha,शरपुङ्खा,śarapuṅkhā,शरपुङ्खा,Tephrosia purpurea Pers.,,,[3]
S,3,Sarapunkha - prajati,शरपुङ्खा प्रजाति,śarapuṅkhā prajāti,शरपुङ्खा प्रजाति,Tephrosia candida DC.,,,[3]
S,3,Sarapunkha - prajati,शरपुङ्खा प्रजाति,śarapuṅkhā prajāti,शरपुङ्खा प्रजाति,Tephrosia procumbens Buch-Ham,,,[3]
S,3,Sariva,सारिवा,sārivā,सारिवा प्रकार,Cryptolepis buchanana Roem & Schult.,,,[3]
S,3,Sariva,सारिवा,sārivā,सारिवा,Decalpis hamiltonii W. &  A.,Substituted source,This species is used as a substitute in South India for Sveta Sariva,[5]
S,3,Sariva,सारिवा,sārivā,सारिवा,Hamidesmus indicus,Accepted source,Sariva is correlated to this species,[2]
S,3,Sariva,सारिवा,sārivā,सारिवा,Hemidesmus indicus R. Br.,,,[3]
S,3,Sariva,सारिवा,sārivā,सारिवा,Hemidesmus indicus R. Br.,Accepted source,Identified with it,[1]
S,3,Sariva,सारिवा,sārivā,सारिवा,Hemidesmus indicus R. Br.,Accepted source,Identified with it,[5]
S,3,Sariva,सारिवा,sārivā,सारिवा प्रकार,Ichnocarpus frutescens R. Br.,,,[3]
S,3,Sariva,सारिवा,sārivā,सारिवा,Ichnocarpus frutiscens R. B.,Controversial,Bengali Kavirajas correlate Ananta with this species; Ananta is a synonym of Sariva so it was correlated to this species,[2]
S,3,Sariva,सारिवा,sārivā,सारिवा,Vallaris solanacea,Market source,This species is being used as Sariva in Dehradun and Haridwar,[2]
S,3,Sariva,सारिवा,sārivā,सारिवा,Vallaris solanacea,Substituted source,At some places Vallaris species is being used as Sariva instead of the correlated species i.e. Hemidesmus indicus,[2]
S,3,Sariva - krsna,सारिवा कृष्णा,sārivā kṛṣṇā,सारिवा कृष्णा,Cryptolepis buchanani Roem. and Schult.,Most probable,Most probably identified with this species,[1]
S,3,Sariva - krsna,सारिवा कृष्णा,sārivā kṛṣṇā,सारिवा कृष्णा,Ichnocarpus fruitescens R. Br.,Controversial,It is believed to be Krsna Sariva but it doesn’t possess characteristic features mentioned in the literature,[1]
S,3,Sariva - krsna,सारिवा कृष्णा,sārivā kṛṣṇā,सारिवा कृष्णा,Tylophora fasciculata Ham. ex Wight.,Suggested source,Aromatic smell is essential in this variety of Sariva similar to Sveta variety which is correlated to Hemidesmus; So this species is suggested to be examined which belongs to the same family of Hemidesmus,[1]
S,3,Sariva - prakara,सारिवा प्रकार,sārivā prakāra,सारिवा प्रकार,Cryptolepis buchanana Roem & Schult.,,,[3]
S,3,Sariva - prakara,सारिवा प्रकार,sārivā prakāra,सारिवा,Decalpis hamiltonii W. &  A.,Substituted source,This species is used as a substitute in South India for Sveta Sariva,[5]
S,3,Sariva - prakara,सारिवा प्रकार,sārivā prakāra,सारिवा,Hamidesmus indicus,Accepted source,Sariva is correlated to this species,[2]
S,3,Sariva - prakara,सारिवा प्रकार,sārivā prakāra,सारिवा,Hemidesmus indicus R. Br.,,,[3]
S,3,Sariva - prakara,सारिवा प्रकार,sārivā prakāra,सारिवा,Hemidesmus indicus R. Br.,Accepted source,Identified with it,[1]
S,3,Sariva - prakara,सारिवा प्रकार,sārivā prakāra,सारिवा,Hemidesmus indicus R. Br.,Accepted source,Identified with it,[5]
S,3,Sariva - prakara,सारिवा प्रकार,sārivā prakāra,सारिवा प्रकार,Ichnocarpus frutescens R. Br.,,,[3]
S,3,Sariva - prakara,सारिवा प्रकार,sārivā prakāra,सारिवा,Ichnocarpus frutiscens R. B.,Controversial,Bengali Kavirajas correlate Ananta with this species; Ananta is a synonym of Sariva so it was correlated to this species,[2]
S,3,Sariva - prakara,सारिवा प्रकार,sārivā prakāra,सारिवा,Vallaris solanacea,Market source,This species is being used as Sariva in Dehradun and Haridwar,[2]
S,3,Sariva - prakara,सारिवा प्रकार,sārivā prakāra,सारिवा,Vallaris solanacea,Substituted source,At some places Vallaris species is being used as Sariva instead of the correlated species i.e. Hemidesmus indicus,[2]
S,3,Sarja,सर्ज,sarja,सर्ज,Shorea robusta Gaertn.,Most probable,Sarja is correlated to this species with regard to its popular usage name 'Sarjam' in U.P and Bihar,[1]
S,3,Sarja,सर्ज,sarja,सर्जरस,Shorea sp.,Accepted source,Resin of this species is being used by the Vaidyas,[1]
S,3,Sarja,सर्ज,sarja,सर्ज,Terminalia tomentosa W. & A.,Most probable,Sarja is correlated to this species with regard to its popular usage name 'Saja' which is Terminalia tomentosa,[1]
S,3,Sarja,सर्ज,sarja,सर्ज,Vateria indica Linn.,,,[3]
S,3,Sarja,सर्ज,sarja,सर्ज,Vateria indica Linn.,Most probable,May be identified with this species,[1]
S,3,Sarja,सर्ज,sarja,सर्जरस,Vateria sp.,ST,Unani hakims use this species as a substitute which is found equally useful,[1]
S,3,Sarjarasa,सर्जरस,sarjarasa,सर्ज,Shorea robusta Gaertn.,Most probable,Sarja is correlated to this species with regard to its popular usage name 'Sarjam' in U.P and Bihar,[1]
S,3,Sarjarasa,सर्जरस,sarjarasa,सर्जरस,Shorea sp.,Accepted source,Resin of this species is being used by the Vaidyas,[1]
S,3,Sarjarasa,सर्जरस,sarjarasa,सर्ज,Terminalia tomentosa W. & A.,Most probable,Sarja is correlated to this species with regard to its popular usage name 'Saja' which is Terminalia tomentosa,[1]
S,3,Sarjarasa,सर्जरस,sarjarasa,सर्ज,Vateria indica Linn.,,,[3]
S,3,Sarjarasa,सर्जरस,sarjarasa,सर्ज,Vateria indica Linn.,Most probable,May be identified with this species,[1]
S,3,Sarjarasa,सर्जरस,sarjarasa,सर्जरस,Vateria sp.,ST,Unani hakims use this species as a substitute which is found equally useful,[1]
S,3,Sarngesta,शार्ङ्गेष्टा,śārṅgeṣṭā,शार्ङ्गेष्टा,Cardiospermum halicacabum Linn.,Most probable,Most probably identified with this species,[1]
S,3,Sarngesta,शार्ङ्गेष्टा,śārṅgeṣṭā,शार्ङ्गेष्टा,Dregia volubilis Benth.,Accepted source,Sarngesta has been mentioned in the Brhatrayi; Cakrapani has identified this with 'Kakatikta' and 'Gunja' but was inclined more towards 'Gunja'; Dalhana considers this as 'Kakatikta'; Due to all the above confusions the author adopted his views depending on the referances given in the text; According to him Sarngesta and Murva have been mentioned together at most of the places; Both of them have similar etymological meanings for e.g. both are used in making bows; So its a plant similar to Murva belonging to the same family; Its identified with this species,[5]
S,3,Sarngesta,शार्ङ्गेष्टा,śārṅgeṣṭā,शार्ङ्गेष्टा,Physalis minima Linn.,Most probable,Most probably identified with this species,[1]
S,3,Sarpa,सर्प,sarpa,सर्प,Arisaema Sp.,Most probable,Sarpa' is mentioned in Caraka as a divya aushadhi (divine drug) and most probably correlated to this species,[5]
S,4,Sarpagandha,सर्पगन्धा,sarpagandhā,सर्पगन्धा,Arisaema sp.,Most probable,Dalhana at one place has identified Sarpagandha with Sarpacchatrika which may be identified with Arisaema species,[1]
S,4,Sarpagandha,सर्पगन्धा,sarpagandhā,सर्पगन्धा,Rauwolfia serpentina Benth ex. Kurz.,,,[3]
S,4,Sarpagandha,सर्पगन्धा,sarpagandhā,सर्पगन्धा,Rauwolfia serpentina Benth. ex Kurz.,Accepted source,Identified with it,[1]
S,4,Sarpaksi,सर्पाक्षी,sarpākṣī,सर्पाक्षी,Convolvulus sp.,Most probable,Most probably identified with this species,[1]
S,4,Sarpaksi,सर्पाक्षी,sarpākṣī,सर्पाक्षी,Ophiarrhiza Mungos Linn,Accepted source,Sarpaksi is correlated to this species,[2]
S,4,Sarpaksi,सर्पाक्षी,sarpākṣī,सर्पाक्षी,Ophiorrhiza mungos Linn.,Most probable,Most probably identified with this species,[1]
S,4,Sarpaksi,सर्पाक्षी,sarpākṣī,सर्पाक्षी,Ophiorrhlza mungos.,Most probable,Sarpaksi' has not been cited in Caraka; In Susruta it has been mentioned in treatment of poisons; Vagbhata has mentioned it as 'Sarpalocana'; 'Sarpalocana' and 'Sarpaksi' are one and the same; Nighantus have considered this as a red variety of 'Sankhapuspi' similarly the way Dalhana had interpreted; Most probably it can be correlated to this species as it has similar properties to that of 'Sarpaksi' but the colour of this species is white and not red as mentioned above,[5]
S,4,Sarpaksi,सर्पाक्षी,sarpākṣī,सर्पाक्षी,Polygonum plebejum R. Br.,Most probable,Most probably identified with this species; Several species of Polygonum are antipoisonous so this was taken into consideration,[1]
S,4,Sarpini,सर्पिनी,sarpinī,सर्पिनी,Arisaema sp.,Accepted source,Sarpini' is identified with this species,[5]
S,4,Sarsapa,सर्षप,sarṣapa,सर्षप,Brassica campestris Linn. Var. Sarson Prain,,,[3]
S,4,Sarsapa,सर्षप,sarṣapa,सर्षप,Brassica campestris var. sarson Prain.,Accepted source,Identified with it,[1]
S,4,Sasanduli,शशाण्डुली,śaśāṇḍulī,शशाण्डुली,Mucuna sp.,Accepted source,With regard to its synonyms its most probably a variety of 'Kapikacchu' and correlated to this species,[5]
S,4,Sastika,षष्टिक,ṣaṣṭika,शालि,Oryza sativa Linn.,Accepted source,Identified with it,[1]
S,4,Sastika,षष्टिक,ṣaṣṭika,षष्टिक,Oryza sativa Linn.,Accepted source,Identified with it,[1]
S,4,Sastika,षष्टिक,ṣaṣṭika,व्रीही,Oryza sativa Linn.,Accepted source,Identified with it,[1]
S,4,Sastika,षष्टिक,ṣaṣṭika,कलम,Oryza sativa Linn. var.,Accepted source,"identified with it, VARIETY ?",[1]
S,4,Sastika,षष्टिक,ṣaṣṭika,केदार,Rice var.,Suggested source,Is a variety of rice,[1]
S,4,Sastika,षष्टिक,ṣaṣṭika,कूष्माण्डक,Rice var.,Suggested source,Is a variety of rice,[1]
S,4,Sastika,षष्टिक,ṣaṣṭika,गन्धल,Rice variety,Suggested source,Is an inferior variety of rice,[1]
S,4,Sataparvika,शतपर्विका,śataparvikā,शतपर्विका,Polygonum sp.,Most probable,Dalhana has interpreted 'Sataparvika' as 'Jalagandira' where as Cakrapani as 'Sveta durva'; 'Sataparva' cannot be 'Durva' as 'Durva' is mentioned seperately under sita virya dravya (drugs having cold potency); Considering the interpretation by Dalhana it may be identified with this species,[5]
S,4,Satapuspa,शतपुष्पा,śatapuṣpā,शतपुष्पा,Anethum sowa Kurz.,,,[3]
S,4,Satapuspa,शतपुष्पा,śatapuṣpā,शतपुष्पा,Foeniculum vulgare Mill.,Suggested source 1,Identified with it,[1]
S,4,Satapuspa,शतपुष्पा,śatapuṣpā,शतपुष्पा,Peucedanum graveolens,Accepted source,Satapuspa is correlated to this species,[2]
S,4,Satapuspa,शतपुष्पा,śatapuṣpā,शतपुष्पा,Peucedanum graveolens Linn.,Suggested source 2,Identified with it,[1]
S,4,Satavari,शतावरी,śatāvarī,शतावरी,Asparagus adscendens Roxb.,Suggested source 2,Identified with it,[1]
S,4,Satavari,शतावरी,śatāvarī,शतावरी,"Asparagus curillis, Buch.-Ham",Suggested source 3,Identified with it,[1]
S,4,Satavari,शतावरी,śatāvarī,शतावरी,Asparagus filicinus Buch-Ham.,Suggested source 4,Identified with it,[1]
S,4,Satavari,शतावरी,śatāvarī,शतावरी,Asparagus racemosus Willd.,,,[3]
S,4,Satavari,शतावरी,śatāvarī,शतावरी,Asparagus racemosus Willd.,,,[4]
S,4,Satavari,शतावरी,śatāvarī,शतावरी,Asparagus racemosus Willd.,Accepted source,Satavari is correlated to this species,[2]
S,4,Satavari,शतावरी,śatāvarī,शतावरी,Asparagus racemosus Willd.,Suggested source 1,Identified with it,[1]
S,4,Satavari,शतावरी,śatāvarī,शतावरी,Asparagus sarmentosus Linn.,Accepted source,Two varieties of Satavari are mentioned where in the big variety is correlated to this species,[2]
S,4,Satavari,शतावरी,śatāvarī,शतावरी,Asparagus sarmentosus Linn.,Suggested source 5,Identified with it,[1]
S,4,Satavari - jati,शतावरी जाति,śatāvarī jāti,शतावरी जाति,Asparagus filicinus Ham.,,,[3]
S,4,Satavari - jati,शतावरी जाति,śatāvarī jāti,शतावरी जाति,Asparagus sarmentosa Linn.,,,[3]
S,4,Sathi,शठी,śaṭhī,शटी,Hedychium spicatium Buch-Ham.,,,[3]
S,4,Sathi,शठी,śaṭhī,शठी,Hedychium spicatum Ham. ex Smith.,Most probable,Most probably identified with this species,[1]
S,4,Sathi,शठी,śaṭhī,शटी,Hedychium spicatum Ham. ex Smith.,Accepted source,Identified with it,[1]
S,4,Sati,शटी,śaṭī,शटी,Hedychium spicatium Buch-Ham.,,,[3]
S,4,Sati,शटी,śaṭī,शठी,Hedychium spicatum Ham. ex Smith.,Most probable,Most probably identified with this species,[1]
S,4,Sati,शटी,śaṭī,शटी,Hedychium spicatum Ham. ex Smith.,Accepted source,Identified with it,[1]
S,4,Satina,सतीन,satīna,सतीन,Pisum arvense Linn.,Controversial,This species has been identified with Triputaka of the texts,[1]
S,4,Satina,सतीन,satīna,सतीन,Pisum sativum linn.,,,[4]
S,4,Satina,सतीन,satīna,सतीन,Pisum sativum Linn.,Accepted source,Identified with it,[1]
S,4,Satina - jati,सतीन जाति,satīna jāti,सतीन जाति,"subsp.sativum, covar.sativum",,,[4]
S,4,Satina - jati,सतीन जाति,satīna jāti,सतीन जाति,"subsp.sativum, covar.speciosum",,,[4]
S,4,Satyanasi,सत्यानाशी,satyānāśī,सत्यानाशी,Argemone mexicana Linn.,Accepted source,Satyanasi' is identified with this species,[5]
S,4,Saumya,सौम्या,saumyā,सौम्या,Canabis indica,Suggested source,Saumya is said to be a kind of Soma which is not yet identified; Its not mentioned in the Brhatrayi but mentioned in Raja nighantu and with regard to its description given many plants were suggested and this species is one among them,[2]
S,4,Saumya,सौम्या,saumyā,सौम्या,Sarcoetemma brevistigma,Suggested source,Soma has not been identified as yet and many plants are being suggested to be used as Soma; This species is one among them,[2]
S,4,Sauvarnitvak,सौवर्णीत्वक्,sauvarṇītvak,सौवर्णीत्वक्,Berberis sp.,Accepted source,Identified with the bark of this species,[1]
S,4,Sauvarnitvak,सौवर्णीत्वक्,sauvarṇītvak,सौवर्णीत्वक्,Toddalia asiatica Lam.,Most probable,Most probably identified with this species with regard to its root bark which is yellow in colour,[1]
S,4,Sauvira,सौवीर,sauvīra,सौवीर,Zizyphus jujuba Mill.,Accepted source,Its identified with this species,[5]
S,4,Sauvira,सौवीर,sauvīra,सौवीर,Zizyphus sativa Gaertn.,Suggested source 1,Identified with it,[1]
S,4,Sauvira,सौवीर,sauvīra,सौवीर,Zizyphus vulgaris Lam.,Suggested source 2,Identified with it,[1]
S,4,Sephali,शेफाली,śephālī,शेफाली,Nyctanthes sp.,Most probable,Most probably identified with this species with regard to similarities in medicinal value,[1]
S,4,Sephali,शेफाली,śephālī,शेफाली,Symphorema sp.,Most probable,Most probably identified with this species with regard to its similarity in features,[1]
S,4,Sephali,शेफाली,śephālī,शेफाली,Symphorema sp.,Most probable,Most probably identified with this species with regard to similarities in medicinal value,[1]
S,4,Sephalika,शेफालिका,śephālikā,शेफालिका,Nyctanthes arbor-tristis Linn.,Accepted source,Nighantus have mentioned 'Sephalika' as as a variety of 'Nirgundi' which created a confusion regarding it but there is a clear description given in Susruta samhita; With regard to this it can be considered to be as 'Parijata' and hence identified with this species,[5]
S,4,Sephalika,शेफालिका,śephālikā,शेफालिका,Nyctanthes arbortristis Linn.,Accepted source,Identified with it,[1]
S,4,Sephalika,शेफालिका,śephālikā,शेफालिका,Nyctanthes arbortristis Linn.,Accepted source,Its identified with this species,[5]
S,5,Seva,सेव,seva,सेव,Malus pumila Mill.,,,[4]
S,5,Siddha,सिद्ध,siddha,सिद्ध,Lagerstroemia parviflora Roxb.,Accepted source,Identified with it,[1]
S,5,Siddhaka,सिद्धक,siddhaka,सिद्धक,Lagerstroemia parviflora Roxb.,Accepted source,Identified with it,[1]
S,5,Siddhesvara,सिद्धेश्वर,siddheśvara,सिद्धेश्वर,Delonix elata,Controversial,Has been mentioned in Sodala nighantu; According to Vaidya Bapalal it is 'Gulmohar' which is correlated to this species but Gulmohar is not a native of India,[5]
S,5,Siddhesvara,सिद्धेश्वर,siddheśvara,सिद्धेश्वर,Lagerstroemia indica Linn.,,,[5]
S,5,Sigru,शिग्रु,śigru,शिग्रु,Moringa concanensis Nimmo,Suggested source 2,Identified with it,[1]
S,5,Sigru,शिग्रु,śigru,शिग्रु,Moringa oleifera Lam.,Accepted source,Its identified with this species,[5]
S,5,Sigru,शिग्रु,śigru,शोभाञ्जन,Moringa oleifera Lam.,,,[3]
S,5,Sigru,शिग्रु,śigru,शिग्रु,Moringa pterygosperma Gaertn.,Suggested source 1,Identified with it,[1]
S,5,Silhaka,सिल्हक,silhaka,सिल्हक,Liquidamber orientalis Miller.,,,[3]
S,5,Silhaka,सिल्हक,silhaka,सिल्हक,Liquidamber orientalis Miller.,Accepted source,"Silhaka' has not been mentioned in the Brhatrayis; In Dhanvantari nighantu, 'Silhaka' has been mentioned as the synonym of' Turuska'; In Sodala nighantu both of them have been mentioned seperately; This clarifies that in earlier days, 'Turuska' was well known and later 'Silhaka' became popular in its place and still later they became synonymous to each other; Thats the reason that commentators during the medieval period regarded 'Turuska' as 'Silhaka'; Silhaka is identified with this species",[5]
S,5,Simba,शिम्ब,śimba,शिम्ब,Dolichos lablab Linn.,?,?,[1]
S,5,Simbi,शिम्बी,śimbī,शिम्बी,Phaseolus lunatus Linn.,,,[4]
S,5,Simsapa,शिंशपा,śiṃśapā,शिंशपा,Dalbergia sissoo Roxb.,,,[3]
S,5,Simsapa,शिंशपा,śiṃśapā,शिंशपा,Dalbergia sissoo Roxb.,Accepted source,Identified with it,[1]
S,5,Simsapa - prajati,शिंशपा प्रजाति,śiṃśapā prajāti,शिंशपा प्रजाति,Dalbergia latifolia Roxb.,,,[3]
S,5,Sincitika,सिञ्चितिका,siñcitikā,सिञ्चितिका,Pyrus malus Linn.,Accepted source,Identified with it,[1]
S,5,Sincitikaphala,सिञ्चितिकाफल,siñcitikāphala,सिञ्चितिकाफल,Zizyphus jujuba Mill.,Accepted source,Its identified with this species,[5]
S,5,Sindhuvara,सिन्दुवार,sinduvāra,सिन्दुवार,Ocimum sp.,,,[1]
S,5,Sindhuvara,सिन्दुवार,sinduvāra,सिन्दुवार,Vitex sp.,?,?,[5]
S,5,Sindhuvara,सिन्दुवार,sinduvāra,सिन्दुवार,Vitex trifolia Linn.f.,Most probable,Most probably identified with this species,[1]
S,5,Sinduri,सिन्धूरी,sindhūrī,सिन्धूरी,Bixa orellana Linn.,Accepted source,Identified with this species,[5]
S,5,Sinduri,सिन्धूरी,sindhūrī,सिन्धूरी,Eunymus tingens Wall.,Most probable,Sinduri is considered as Japa bheda (variety of Japa) so its most probably correlated to this species,[5]
S,5,Sirisa,शिरीष,śirīṣa,शिरीष,Albizzia lebbeck Benth.,,,[3]
S,5,Sirisa,शिरीष,śirīṣa,शिरीष,Albizzia lebbeck Benth.,Suggested source 1,Identified with it,[1]
S,5,Sirisa,शिरीष,śirīṣa,शिरीष,Albizzia odoratissima Benth.,Suggested source 2,Identified with it,[1]
S,5,Sirisa,शिरीष,śirīṣa,शिरीष,Albizzia procera (Roxb.) Benth.,Suggested source 3,Identified with it,[1]
S,5,Sirisa - prajati,शिरीष प्रजाति,śirīṣa prajāti,शिरीष प्रजाति,Albizzia lucida Benth.,,,[3]
S,5,Sirisa - prajati,शिरीष प्रजाति,śirīṣa prajāti,शिरीष प्रजाति,Albizzia odorotissima Benth.,,,[3]
S,5,Sirisa - sveta,शिरीष श्वेता,śirīṣa śvetā,शिरीष श्वेता,Albizzia procera (Roxb.) Benth.,Accepted source,Identified with it,[1]
S,5,Sirisa - sveta,शिरीष श्वेता,śirīṣa śvetā,शिरीष श्वेता,Albizzia procera Benth.,,,[3]
S,5,Sirisika,शिरीषिका,śirīṣikā,शिरीषिका,Dalbergia volubilis Roxb.,Accepted source,Identified with this species,[5]
S,5,Sitaba,सिताब,sitāba,सिताब,Ruta graveolens Linn.,,,[3]
S,5,Sitaka,शीतक,śītaka,शीतक,Bauhinia malabarica Roxb.,Most probable,"Said to be known as Amlalota, which was identified by Dalhana as some sour species hence correlated to Bauhinia malabarica",[1]
S,6,Sitaluka,सितालुक,sitāluka,सितालुक,Ipomoea batatas (Linn.) Lam.,,,[4]
S,6,Sitapatala,सितपाटला,sitāpaṭalā,सितपाटला,Adansonia digitata Linn.,Most probable,With regard to description given by Dalhana it is correlated to this species,[1]
S,6,Sitapatala,सितपाटला,sitāpaṭalā,सितपाटला,Adansonia digitata Linn.,Most probable,"In Susruta Samhita, 'Sitaphala' is mentioned only once under the Phala varga (group of fruits); Dalhana has mentioned this as 'Ravana amlika' and 'Kasmira amlika' which mean the same plant; This species may be most probably correlated to it",[5]
S,6,Sitapatala,सितपाटला,sitāpaṭalā,सितपाटला,Annona squamosa Linn.,,,[4]
S,6,Sitapatala,सितपाटला,sitāpaṭalā,सितपाटला,Stereospermum Tetragonum DC.,Accepted source,Sitapatala is correlated to this species,[2]
S,6,Sitaphala,शीतफल,śītaphala,शीतफल प्रजाति,Annona reticulata Linn.,,,[4]
S,6,Sitaphala - prajati,शीतफल प्रजाति,śītaphala prajāti,शीतफल प्रजाति,Annona reticulata Linn.,,,[4]
S,6,Sitavalli,शीतवल्ली,śītavallī,शीतवल्ली,Ipomoea eriocarpa R. Br.,Most probable,It has been mentioned under the 'Agurvadya' drugs in Caraka samhita; Cakrapani has intepreted it as 'Vrksakalambuka'; This can be equated with 'Kalambuka' which is a climber that grows on trees; Most probably it is correlated with this species with regard to its features,[5]
S,6,Sitavalli,शीतवल्ली,śītavallī,शीतवल्ली,Ipomoea maxima (Linn.f.) G. Don.,Most probable,It has been mentioned under the 'Agurvadya' drugs in Caraka samhita; Cakrapani has intepreted it as 'Vrksakalambuka'; This can be equated with 'Kalambuka' which is a climber that grows on trees; Most probably it is correlated with this species with regard to its features,[5]
S,6,Sitivaraka,शितिवारक,śitivāraka,शितिवारक,Celosia argentea Linn.,Accepted source,Identified with it,[1]
S,6,Sitivaraka,शितिवारक,śitivāraka,शितिवारक,Celosia argentia Linn.,Accepted source,Identified with this species,[5]
S,6,Sitivaraka - bheda,शितिवारक भेद,śitivāraka bheda,शितिवारक भेद,Celosia argentia Var. cristata Voss.,Accepted source,Identified with this species,[5]
S,6,Slesmataka,श्लेष्मातक,śleṣmātaka,श्लेष्मातक,Callicarpa sp.,?,,[1]
S,6,Slesmataka,श्लेष्मातक,śleṣmātaka,श्लेष्मातक,Cordia dichotoma Forst. f.,,,[3]
S,6,Slesmataka,श्लेष्मातक,śleṣmātaka,श्लेष्मातक,Cordia dichotoma Forst. f.,,,[4]
S,6,Slesmataka,श्लेष्मातक,śleṣmātaka,श्लेष्मातक,Cordia mixa,Accepted source,Slesmataka is identified with this species,[2]
S,6,Slesmataka,श्लेष्मातक,śleṣmātaka,श्लेष्मातक,Cordia myxa Roxb.,Accepted source,Identified with it,[1]
S,6,Slesmataka,श्लेष्मातक,śleṣmātaka,श्लेष्मातक,Cordia rotthii Roem. & Schult.,Substituted source,This species is used as its substitute,[1]
S,6,Slesmataka,श्लेष्मातक,śleṣmātaka,श्लेष्मातक,Cordia wallichii G. Don.,Substituted source,This species is used as its substitute,[1]
S,6,Slesmataka,श्लेष्मातक,śleṣmātaka,श्लेष्मातक,Setaria sp.,?,,[1]
S,6,Slesmataka,श्लेष्मातक,śleṣmātaka,श्लेष्मातक,Setaria sp.,?,,[1]
S,6,Slesmataka,श्लेष्मातक,śleṣmātaka,श्लेष्मातक,Typha sp.,?,,[1]
S,6,Slesmataka - jati,श्लेष्मातक जाति,śleṣmātaka jāti,श्लेष्मातक जाति,Cordia rothii Roem Schult.,,,[3]
S,6,Slesmataka - jati,श्लेष्मातक जाति,śleṣmātaka jāti,श्लेष्मातक जाति,Cordia Wallichii G. Don.,,,[3]
S,6,Snuhi,स्नुही,snuhī,स्नुही,Euphorbia antiquorum Linn.,Most probable,Most probably identified with this species,[1]
S,6,Snuhi,स्नुही,snuhī,स्नुही जाति,Euphorbia antiquorum Linn.,,,[3]
S,6,Snuhi,स्नुही,snuhī,स्नुही,Euphorbia neriifolia Linn.,,,[3]
S,6,Snuhi,स्नुही,snuhī,स्नुही,Euphorbia neriifolia Linn.,Most probable,Most probably identified with this species,[1]
S,6,Snuhi,स्नुही,snuhī,स्नुही,Euphorbia nevulia Buch.-Ham.,Most probable,Most probably identified with this species,[1]
S,6,Snuhi,स्नुही,snuhī,स्नुही जाति,Euphorbia nivulia Buch-Ham,,,[3]
S,6,Snuhi,स्नुही,snuhī,स्नुही,Euphorbia royleana Boiss.,Most probable,Most probably identified with this species,[1]
S,6,Snuhi,स्नुही,snuhī,स्नुही जाति,Euphorbia royleana Boiss.,,,[3]
S,6,Snuhi,स्नुही,snuhī,स्नुही जाति,Euphorbia tirucalli Linn.,,,[3]
S,6,Snuhi,स्नुही,snuhī,स्नुही,Euphorbia trigona Haw.,Most probable,Most probably identified with this species,[1]
S,6,Snuhi - jati,स्नुही जाति,snuhī jāti,स्नुही,Euphorbia antiquorum Linn.,Most probable,Most probably identified with this species,[1]
S,6,Snuhi - jati,स्नुही जाति,snuhī jāti,स्नुही जाति,Euphorbia antiquorum Linn.,,,[3]
S,6,Snuhi - jati,स्नुही जाति,snuhī jāti,स्नुही,Euphorbia neriifolia Linn.,,,[3]
S,6,Snuhi - jati,स्नुही जाति,snuhī jāti,स्नुही,Euphorbia neriifolia Linn.,Most probable,Most probably identified with this species,[1]
S,6,Snuhi - jati,स्नुही जाति,snuhī jāti,स्नुही,Euphorbia nevulia Buch.-Ham.,Most probable,Most probably identified with this species,[1]
S,6,Snuhi - jati,स्नुही जाति,snuhī jāti,स्नुही जाति,Euphorbia nivulia Buch-Ham,,,[3]
S,6,Snuhi - jati,स्नुही जाति,snuhī jāti,स्नुही,Euphorbia royleana Boiss.,Most probable,Most probably identified with this species,[1]
S,6,Snuhi - jati,स्नुही जाति,snuhī jāti,स्नुही जाति,Euphorbia royleana Boiss.,,,[3]
S,6,Snuhi - jati,स्नुही जाति,snuhī jāti,स्नुही जाति,Euphorbia tirucalli Linn.,,,[3]
S,6,Snuhi - jati,स्नुही जाति,snuhī jāti,स्नुही,Euphorbia trigona Haw.,Most probable,Most probably identified with this species,[1]
S,6,Sobhanjana,शोभाञ्जन,śobhāñjana,शिग्रु,Moringa concanensis Nimmo,Suggested source 2,Identified with it,[1]
S,6,Sobhanjana,शोभाञ्जन,śobhāñjana,शिग्रु,Moringa oleifera Lam.,Accepted source,Its identified with this species,[5]
S,6,Sobhanjana,शोभाञ्जन,śobhāñjana,शोभाञ्जन,Moringa oleifera Lam.,,,[3]
S,6,Sobhanjana,शोभाञ्जन,śobhāñjana,शिग्रु,Moringa pterygosperma Gaertn.,Suggested source 1,Identified with it,[1]
S,6,Soma,सोम,soma,सोम,Amanita muscaria Linn.,?,,[1]
S,6,Soma,सोम,soma,सोम,Amanita muscaria.,Controversial,"Exploring ancient texts we can come to the conclusion that: during the period of Caraka, 'Soma' was not notable. During Susruta period it was very popular and many drugs were known as 'Soma'.During the period of Vagbhata it bacame inconspicous; Considering these facts it becomes difficult to ascertain which is the real 'Soma' of ancient times; Presently scholars have correlated many species to 'Soma' and this species is one among them",[5]
S,6,Soma,सोम,soma,सोम,Betula sp.,?,,[1]
S,6,Soma,सोम,soma,सोम,Cannabis sativa.,Controversial,"Exploring ancient texts we can come to the conclusion that: during the period of Caraka, Soma was not notable. During Susruta period it was very popular and many drugs were known as Soma.During the period of Vagbhata it bacame inconspicous; Considering these facts it becomes difficult to ascertain which is the real Soma of ancient times; Presently scholars have correlated many species to Soma and this species is one among them",[5]
S,6,Soma,सोम,soma,सोम,Ceropegia sp.,Controversial,"Exploring ancient texts we can come to the conclusion that: during the period of Caraka, Soma was not notable. During Susruta period it was very popular and many drugs were known as Soma.During the period of Vagbhata it bacame inconspicous; Considering these facts it becomes difficult to ascertain which is the real Soma of ancient times; Presently scholars have correlated many species to Soma and this species is one among them",[5]
S,6,Soma,सोम,soma,सोम,Ceropegia sp.,Suggested source,This species was proposed to be used as Soma,[1]
S,6,Soma,सोम,soma,सोम,Ephedra,Suggested source,This species was proposed to be used as Soma,[1]
S,6,Soma,सोम,soma,सोम,Ephedra gerardiana (Wall.) Stapf.,Substituted source,This species is used as its substitute,[5]
S,6,Soma,सोम,soma,सोम,Ephedra gerardiana Wall.,,,[3]
S,6,Soma,सोम,soma,सोम,Ephepra sp.,Controversial,Currently scholars have suggested many species as Soma as its difficult to signify which is the real Soma of the past hence this species is suggested one among them,[5]
S,6,Soma,सोम,soma,सोम,Peganum hermala,Controversial,"Exploring ancient texts we can come to the conclusion that: during the period of Caraka, Soma was not notable. During Susruta period it was very popular and many drugs were known as Soma.During the period of Vagbhata it bacame inconspicous; Considering these facts it becomes difficult to ascertain which is the real Soma of ancient times; Presently scholars have correlated many species to Soma and this species is one among them",[5]
S,6,Soma,सोम,soma,सोम,Periploca aphylla.,Controversial,"Exploring ancient texts we can come to the conclusion that: during the period of Caraka, Soma was not notable. During Susruta period it was very popular and many drugs were known as Soma.During the period of Vagbhata it bacame inconspicous; Considering these facts it becomes difficult to ascertain which is the real Soma of ancient times; Presently scholars have correlated many species to Soma and this species is one among them",[5]
S,6,Soma,सोम,soma,सोम,Rheum emodi.,Controversial,"Exploring ancient texts we can come to the conclusion that: during the period of Caraka, 'Soma' was not notable. During Susruta period it was very popular and many drugs were known as 'Soma'.During the period of Vagbhata it became inconspicous; Considering these facts it becomes difficult to ascertain which is the real 'Soma' of ancient times; Presently scholars have correlated many species to 'Soma' and this species is one among them",[5]
S,6,Soma,सोम,soma,सोम,Ruta graveolens.,Controversial,"Exploring ancient texts we can come to the conclusion that: during the period of Caraka, 'Soma' was not notable. During Susruta period it was very popular and many drugs were known as 'Soma'.During the period of Vagbhata it bacame inconspicous; Considering these facts it becomes difficult to ascertain which is the real Soma of ancient times; Presently scholars have correlated many species to Soma and this species is one among them",[5]
S,6,Soma,सोम,soma,सोम,Saccharum officinarum.,Controversial,"Exploring ancient texts we can come to the conclusion that: during the period of Caraka, 'Soma' was not notable. During Susruta period it was very popular and many drugs were known as 'Soma'.During the period of Vagbhata it bacame inconspicous; Considering these facts it becomes difficult to ascertain which is the real Soma of ancient times; Presently scholars have correlated many species to Soma and this species is one among them",[5]
S,6,Soma,सोम,soma,सोम,Sarcostemma acidum Voigt.,Controversial,"Exploring ancient texts we can come to the conclusion that: during the period of Caraka, 'Soma' was not notable. During Susruta period it was very popular and many drugs were known as 'Soma'.During the period of Vagbhata it bacame inconspicous; Considering these facts it becomes difficult to ascertain which is the real 'Soma' of ancient times; Presently scholars have correlated many species to 'Soma' and this species is one among them",[5]
S,6,Soma,सोम,soma,सोम,Sarcostemma acidum.,Controversial,"Exploring ancient texts we can come to the conclusion that: during the period of Caraka, 'Soma' was not notable. During Susruta period it was very popular and many drugs were known as 'Soma'.During the period of Vagbhata it bacame inconspicous; Considering these facts it becomes difficult to ascertain which is the real 'Soma' of ancient times; Presently scholars have correlated many species to 'Soma' and this species is one among them",[5]
S,6,Soma,सोम,soma,सोमवल्ली,Sarcostemma Brevistigma W. & A.,Accepted source,It is identified with this species,[5]
S,6,Soma,सोम,soma,सोम,Sarcostemma sp.,Suggested source,This species was proposed to be used as Soma,[1]
S,6,Soma,सोम,soma,सोम,Vernonia anthelmintica Willd.,?,,[1]
S,6,Soma,सोम,soma,सोम,Vitis vinifera.,Controversial,"Exploring ancient texts we can come to the conclusion that: during the period of Caraka, 'Soma' was not notable. During Susruta period it was very popular and many drugs were known as 'Soma'.During the period of Vagbhata it became inconspicous; Considering these facts it becomes difficult to ascertain which is the real 'Soma' of ancient times; Presently scholars have correlated many species to 'Soma' and this species is one among them",[5]
S,6,Somalata,सोमलता,somalatā,सोमलता,Sarcostemma acidum.,Accepted source,It is identified with this species,[5]
S,6,Somaraji,सोमराजी,somarājī,सोमराजी,Amanita muscaria Linn.,,,[1]
S,6,Somaraji,सोमराजी,somarājī,सोमराजी,Centratherum anthelminticum Kuntze.,Accepted source,Sodala has mentioned Somaraji as a synonym of Bakuci as well as described it seperately; This is identified with Kalijiri which is correlated to this species and widely known as 'Soharai' or 'Rai',[5]
S,6,Somavalli,सोमवल्ली,somavallī,सोम,Amanita muscaria Linn.,?,,[1]
S,6,Somavalli,सोमवल्ली,somavallī,सोम,Amanita muscaria.,Controversial,"Exploring ancient texts we can come to the conclusion that: during the period of Caraka, 'Soma' was not notable. During Susruta period it was very popular and many drugs were known as 'Soma'.During the period of Vagbhata it bacame inconspicous; Considering these facts it becomes difficult to ascertain which is the real 'Soma' of ancient times; Presently scholars have correlated many species to 'Soma' and this species is one among them",[5]
S,6,Somavalli,सोमवल्ली,somavallī,सोम,Betula sp.,?,,[1]
S,6,Somavalli,सोमवल्ली,somavallī,सोम,Cannabis sativa.,Controversial,"Exploring ancient texts we can come to the conclusion that: during the period of Caraka, Soma was not notable. During Susruta period it was very popular and many drugs were known as Soma.During the period of Vagbhata it bacame inconspicous; Considering these facts it becomes difficult to ascertain which is the real Soma of ancient times; Presently scholars have correlated many species to Soma and this species is one among them",[5]
S,6,Somavalli,सोमवल्ली,somavallī,सोम,Ceropegia sp.,Controversial,"Exploring ancient texts we can come to the conclusion that: during the period of Caraka, Soma was not notable. During Susruta period it was very popular and many drugs were known as Soma.During the period of Vagbhata it bacame inconspicous; Considering these facts it becomes difficult to ascertain which is the real Soma of ancient times; Presently scholars have correlated many species to Soma and this species is one among them",[5]
S,6,Somavalli,सोमवल्ली,somavallī,सोम,Ceropegia sp.,Suggested source,This species was proposed to be used as Soma,[1]
S,6,Somavalli,सोमवल्ली,somavallī,सोम,Ephedra,Suggested source,This species was proposed to be used as Soma,[1]
S,6,Somavalli,सोमवल्ली,somavallī,सोम,Ephedra gerardiana (Wall.) Stapf.,Substituted source,This species is used as its substitute,[5]
S,6,Somavalli,सोमवल्ली,somavallī,सोम,Ephedra gerardiana Wall.,,,[3]
S,6,Somavalli,सोमवल्ली,somavallī,सोम,Ephepra sp.,Controversial,Currently scholars have suggested many species as Soma as its difficult to signify which is the real Soma of the past hence this species is suggested one among them,[5]
S,6,Somavalli,सोमवल्ली,somavallī,सोम,Peganum hermala,Controversial,"Exploring ancient texts we can come to the conclusion that: during the period of Caraka, Soma was not notable. During Susruta period it was very popular and many drugs were known as Soma.During the period of Vagbhata it bacame inconspicous; Considering these facts it becomes difficult to ascertain which is the real Soma of ancient times; Presently scholars have correlated many species to Soma and this species is one among them",[5]
S,6,Somavalli,सोमवल्ली,somavallī,सोम,Periploca aphylla.,Controversial,"Exploring ancient texts we can come to the conclusion that: during the period of Caraka, Soma was not notable. During Susruta period it was very popular and many drugs were known as Soma.During the period of Vagbhata it bacame inconspicous; Considering these facts it becomes difficult to ascertain which is the real Soma of ancient times; Presently scholars have correlated many species to Soma and this species is one among them",[5]
S,6,Somavalli,सोमवल्ली,somavallī,सोम,Rheum emodi.,Controversial,"Exploring ancient texts we can come to the conclusion that: during the period of Caraka, 'Soma' was not notable. During Susruta period it was very popular and many drugs were known as 'Soma'.During the period of Vagbhata it became inconspicous; Considering these facts it becomes difficult to ascertain which is the real 'Soma' of ancient times; Presently scholars have correlated many species to 'Soma' and this species is one among them",[5]
S,6,Somavalli,सोमवल्ली,somavallī,सोम,Ruta graveolens.,Controversial,"Exploring ancient texts we can come to the conclusion that: during the period of Caraka, 'Soma' was not notable. During Susruta period it was very popular and many drugs were known as 'Soma'.During the period of Vagbhata it bacame inconspicous; Considering these facts it becomes difficult to ascertain which is the real Soma of ancient times; Presently scholars have correlated many species to Soma and this species is one among them",[5]
S,6,Somavalli,सोमवल्ली,somavallī,सोम,Saccharum officinarum.,Controversial,"Exploring ancient texts we can come to the conclusion that: during the period of Caraka, 'Soma' was not notable. During Susruta period it was very popular and many drugs were known as 'Soma'.During the period of Vagbhata it bacame inconspicous; Considering these facts it becomes difficult to ascertain which is the real Soma of ancient times; Presently scholars have correlated many species to Soma and this species is one among them",[5]
S,6,Somavalli,सोमवल्ली,somavallī,सोम,Sarcostemma acidum Voigt.,Controversial,"Exploring ancient texts we can come to the conclusion that: during the period of Caraka, 'Soma' was not notable. During Susruta period it was very popular and many drugs were known as 'Soma'.During the period of Vagbhata it bacame inconspicous; Considering these facts it becomes difficult to ascertain which is the real 'Soma' of ancient times; Presently scholars have correlated many species to 'Soma' and this species is one among them",[5]
S,6,Somavalli,सोमवल्ली,somavallī,सोम,Sarcostemma acidum.,Controversial,"Exploring ancient texts we can come to the conclusion that: during the period of Caraka, 'Soma' was not notable. During Susruta period it was very popular and many drugs were known as 'Soma'.During the period of Vagbhata it bacame inconspicous; Considering these facts it becomes difficult to ascertain which is the real 'Soma' of ancient times; Presently scholars have correlated many species to 'Soma' and this species is one among them",[5]
S,6,Somavalli,सोमवल्ली,somavallī,सोमवल्ली,Sarcostemma Brevistigma W. & A.,Accepted source,It is identified with this species,[5]
S,6,Somavalli,सोमवल्ली,somavallī,सोम,Sarcostemma sp.,Suggested source,This species was proposed to be used as Soma,[1]
S,6,Somavalli,सोमवल्ली,somavallī,सोम,Vernonia anthelmintica Willd.,?,,[1]
S,6,Somavalli,सोमवल्ली,somavallī,सोम,Vitis vinifera.,Controversial,"Exploring ancient texts we can come to the conclusion that: during the period of Caraka, 'Soma' was not notable. During Susruta period it was very popular and many drugs were known as 'Soma'.During the period of Vagbhata it became inconspicous; Considering these facts it becomes difficult to ascertain which is the real 'Soma' of ancient times; Presently scholars have correlated many species to 'Soma' and this species is one among them",[5]
S,6,Sphurdana,स्फूर्दन,sphūrdana,स्फूर्दन,Mentha sylvestris.,Accepted source,Identified with the species,[5]
S,6,Sphurjaka,स्फूर्जक,sphūrjaka,स्फूर्जक,Calligonum polygonoides Linn.,,,[5]
S,6,Sphurjaka,स्फूर्जक,sphūrjaka,स्फूर्जक,Calligonum polygonoides Linn.,Accepted source,Has been mentioned in Caraka and Susruta samhita; Sphurjaka is well known in Rajasthan as 'Phoga' which is identified with this species,[5]
S,6,Sprkka,स्पृक्का,spṛkkā,स्पृक्का,Anisomelus malabarica,Substituted source,This species can be used as a substitute,[2]
S,6,Sprkka,स्पृक्का,spṛkkā,स्पृक्का,Anisomelus malabarica,Suggested source,This species was taken into consideration as all plants of this family are aromatic which are similar with the features of Sprkka,[2]
S,6,Sprkka,स्पृक्का,spṛkkā,स्पृक्का,Delphinium brunonianum Royle.,Suggested source,According to description given by Dalhana this species can be considered its source,[1]
S,6,Sprkka,स्पृक्का,spṛkkā,स्पृक्का,Delphinium zalil Aitch & Hensl.,Accepted source,Identified with this species; Sprkka has been mentioned among the Gandhadravyas (fragrant drugs),[5]
S,6,Sprkka,स्पृक्का,spṛkkā,स्पृक्का,Delphinium zalil Aitch. and Hemsl.,Suggested source,According to description given by Dalhana this species can be considered its source,[1]
S,6,Sprkka,स्पृक्का,spṛkkā,स्पृक्का,Melitotus officinalis Linn.,Accepted source,Sprkka is correlated to this species,[2]
S,6,Sravana,श्रवण,śravaṇa,श्रवण,Blumea sp.,Controversial,Needs to be examined,[1]
S,6,Sravana,श्रवण,śravaṇa,श्रवण,Polygonum sp.,Controversial,Needs to be examined,[1]
S,6,Sravana,श्रवण,śravaṇa,श्रवण,Sphaeranthus indicus Linn.,Accepted source,Identified with it,[1]
S,7,Srivestaka,श्रीवेष्टक,śrīveṣṭaka,श्रीवेष्टक,Pinus roxburghii Sargent.,Accepted source,Is the resinous exudation obtained from this species,[1]
S,7,Srngalabadari,श्रृङ्गालबदरी,śrṛṅgālabadarī,श्रृङ्गालबदरी,Zizyphus oenophia Mill.,Accepted source,Its identified with this species,[5]
S,7,Srngataka,श्रृङ्गाटक,śrṛṅgāṭaka,श्रृङ्गाटिक,Pedalium murex Linn.,Accepted source,With regard to its morphology and properties it is identified with this species,[5]
S,7,Srngataka,श्रृङ्गाटक,śrṛṅgāṭaka,श्रृङ्गाटक,Trapa bispinosa Roxb.,Accepted source,Identified with it,[1]
S,7,Srngataka,श्रृङ्गाटक,śrṛṅgāṭaka,श्रृङ्गाटक,Trapa natans Linn. Var. bispinosa (Roxb.) Makino.,,,[4]
S,7,Srngataka,श्रृङ्गाटक,śrṛṅgāṭaka,श्रृङ्गाटक,Trapa natans Linn. Var.bispinosa (Roxb.) Makino.,,,[3]
S,7,Srngatika,श्रृङ्गाटिक,śrṛṅgāṭika,श्रृङ्गाटिक,Pedalium murex Linn.,Accepted source,With regard to its morphology and properties it is identified with this species,[5]
S,7,Srngatika,श्रृङ्गाटिक,śrṛṅgāṭika,श्रृङ्गाटक,Trapa bispinosa Roxb.,Accepted source,Identified with it,[1]
S,7,Srngatika,श्रृङ्गाटिक,śrṛṅgāṭika,श्रृङ्गाटक,Trapa natans Linn. Var. bispinosa (Roxb.) Makino.,,,[4]
S,7,Srngatika,श्रृङ्गाटिक,śrṛṅgāṭika,श्रृङ्गाटक,Trapa natans Linn. Var.bispinosa (Roxb.) Makino.,,,[3]
S,7,Srngi,श्रृङ्गी,śrṛṅgī,श्रृङ्गीविष,Aconite,Most probable,Srngivisa is a variety of poisonous Aconite believed by ancients,[1]
S,7,Srngi,श्रृङ्गी,śrṛṅgī,श्रृङ्गीविष,Aconitum chasmanthum,Accepted source,Srngivisa is identified with this species,[2]
S,7,Srngi,श्रृङ्गी,śrṛṅgī,श्रृङ्गी,Asclepiadaceae,Suggested source,Considered as a source,[1]
S,7,Srngivisa,श्रृङ्गीविष,śrṛṅgīviṣa,श्रृङ्गीविष,Aconite,Most probable,Srngivisa is a variety of poisonous Aconite believed by ancients,[1]
S,7,Srngivisa,श्रृङ्गीविष,śrṛṅgīviṣa,श्रृङ्गीविष,Aconitum chasmanthum,Accepted source,Srngivisa is identified with this species,[2]
S,7,Srngivisa,श्रृङ्गीविष,śrṛṅgīviṣa,श्रृङ्गी,Asclepiadaceae,Suggested source,Considered as a source,[1]
S,7,Sthauneyaka,स्थौणेयक,sthauṇeyaka,स्थौणेयक,Taxus baccata,Controversial,Granthiparna is a controversial drug and three plants are correlated to it; Taxus baccata is one of the correlated species,[2]
S,7,Sthauneyaka,स्थौणेयक,sthauṇeyaka,स्थौणेयक,Taxus baccata Linn.,Accepted source,Sthauneyaka is identified with this species,[5]
S,7,Sthauneyaka,स्थौणेयक,sthauṇeyaka,स्थौणेयक,Taxus baccata Linn.,Most probable,Based on the popular name 'Thuneraka' this species was considered as its source,[1]
S,7,Sthulagranthi,स्थूलग्रन्थि,sthūlagranthi,स्थूलग्रन्थि,Alpinia speciosa K. Schum.,Accepted source,It is a type of 'Vaca' which is identified with this species,[5]
S,7,Sthulagranthi,स्थूलग्रन्थि,sthūlagranthi,स्थूलग्रन्थि,Zingiber zerumbet Rose ex Smith.,Suggested source,Some of them consider this species to be as 'Sthula granthi',[5]
S,7,Sthulakanda,स्थूलकन्द,sthūlakanda,स्थूलकन्द,Colocasia esculenta (Linn.) Schott.,Most probable,Susruta has mentioned Sthulakanda along with Surana; Vagbhata has explained Bhukanda after the explanation of Surana; According to the author Sthulakanda and Bhukanda mean one and the same and has correlated with this species which is known by the name 'Kanda' or 'Banda' nowadays,[5]
S,7,Sthulakanda,स्थूलकन्द,sthūlakanda,स्थूलकन्द,Ipomoea batatas (Linn.) Lam.,,,[5]
S,7,Suci,सूची,sūcī,सूची,Atropa belladonna Linn.,,,[3]
S,7,Sudarsana,सुदर्शन,sudarśana,सुदर्शन,Crinum latifolium Linn.,,,[3]
S,7,Sudarsana - jati,सुदर्शन जाति,sudarśana jāti,सुदर्शन जाति,Crinum asiaticum Linn.,,,[3]
S,7,Sudarsana - jati,सुदर्शन जाति,sudarśana jāti,सुदर्शन जाति,Crinum defixum Ker-Gawl.,,,[3]
S,7,Sugandhaka,सुगन्धक,sugandhaka,सुगन्धक,Cymbopogon jwarancusa Schult.,Most probable,With regard to its habit this species is most probably correlated to Sugandhaka,[1]
S,7,Sukanasa,शुकनासा,śukanāsā,शुकनासा,Aristolochia indica Linn.,Controversial,"With regard to names given for Sukanasa such as Nahika etc, this species has been correlated as it has similar synonyms",[1]
S,7,Sukanasa,शुकनासा,śukanāsā,शुकनासा,Corallocarpus epigaeus Benth. ex Hook. f.,Accepted source,Identified with it,[1]
S,7,Sukanasa,शुकनासा,śukanāsā,शुकनासा,Corallocarpus epigaeus Benth. ex Hook. f.,Accepted source,Identified with this species,[5]
S,7,Sukanasa,शुकनासा,śukanāsā,शुकनासा,Corallocarpus epigaeus Benth. ex Hook. f.,Controversial,"With regard to names given for Sukanasa such as Nahika etc, this species has been correlated as it has similar synonyms",[1]
S,7,Sukanasa,शुकनासा,śukanāsā,शुकनासा,Crotalaria laburaifolia,Controversial,?,[2]
S,7,Sukanasa,शुकनासा,śukanāsā,शुकनासा,Enicostemma littorale Blume.,Controversial,"With regard to names given for Sukanasa such as Nahika etc, this species has been correlated as it has similar synonyms",[1]
S,7,Sukanasa,शुकनासा,śukanāsā,शुकनासा,Ficus krishnae C. DC.,?,?,[1]
S,7,Sumukha,सुमुख,sumukha,सुमुख,Ocimum sp.,Suggested source,Most probably considered as a source,[1]
S,7,Sunisannaka,सुनिषण्णक,suniṣaṇṇaka,सुनिषण्णक,Marsilea minuta Linn.,,,[3]
S,7,Sunisannaka,सुनिषण्णक,suniṣaṇṇaka,सुनिषण्णक,Marsilea minuta Linn.,,,[4]
S,7,Sunisannaka,सुनिषण्णक,suniṣaṇṇaka,सुनिषण्णक,Marsilea minuta Linn.,Accepted source,In Caraka samhita it has been cited under the 'Saka varga'; In different diseased condition its leaves are said to be wholesome; Similarly in Susruta samhita it has been mentioned similarly; Its identified with this species,[5]
S,7,Sunisannaka,सुनिषण्णक,suniṣaṇṇaka,सुनिषण्णक,Marsilea quadrifolia,Accepted source,Sunisannaka is correlated to this species,[2]
S,7,Sunisannaka,सुनिषण्णक,suniṣaṇṇaka,सुनिषण्णक,Marsilia minuta Linn.,Accepted source,Identified with it,[1]
S,7,Sunisannaka - prajati,सुनिषण्णक प्रजाति,suniṣaṇṇaka prajāti,सुनिषण्णक प्रजाति,Marsilea quadrifolia Linn.,,,[3]
S,7,Sunthi,शुण्ठी,śuṇṭhī,शुण्ठी,Zingiber officinale Rosc.,,,[3]
S,7,Sunthi,शुण्ठी,śuṇṭhī,शुण्ठी,Zingiber officinale Roscoe,Accepted source,Identified with it,[1]
S,7,Sunthi - prakara,शुण्ठी प्रकार,śuṇṭhī prakāra,त्रिपुटक,Lathyrus sativus Linn.,,,[4]
S,7,Sunthi - prakara,शुण्ठी प्रकार,śuṇṭhī prakāra,त्रिपुटक,Lathyrus sativus Linn.,Most probable,This species was called by the name Triputaka,[1]
S,7,Sunthi - prakara,शुण्ठी प्रकार,śuṇṭhī prakāra,त्रिपुटक,Pisum arvense Linn.,Most probable,This species was called by the name Triputaka,[1]
S,7,Sunthi - prakara,शुण्ठी प्रकार,śuṇṭhī prakāra,शुण्ठी प्रकार,Zingiber mioga Rosc.,,,[3]
S,7,Sunthi - prakara,शुण्ठी प्रकार,śuṇṭhī prakāra,शुण्ठी प्रकार,Zingiber zerumbet Rosc ex Sm.,,,[3]
S,7,Surana,सूरन,sūrana,सूरन,Amorphophallus campanulatus Blume.,,,[3]
S,7,Surana,सूरन,sūrana,सूरन,Amorphophallus campanulatus Blume.,,,[4]
S,7,Surana,सूरन,sūrana,सूरन,Amorphophallus campanulatus Blume.,Accepted source,Identified with it,[1]
S,7,Surana,सूरन,sūrana,सूरन,Amorphophallus campanulatus Blume. Var. blumei Pra,,,[3]
S,8,Surapunnaga,सुरपुन्नाग,surapunnāga,सुरपुन्नाग,Mammea longifolia Planch & Triana.,Accepted source,Identified with this species,[5]
S,8,Surapunnaga,सुरपुन्नाग,surapunnāga,सुरपुन्नाग,Mammea longifolia planch. & Triana.,,,[3]
S,8,Surapunnaga,सुरपुन्नाग,surapunnāga,सुरपुन्नाग,Ochrocarpus longifolius Benth. & Hook.f.,Most probable,Surapunnaga is most probably correlated to this species,[1]
S,8,Surasa,सुरसा,surasā,सुरसी,Clausena pentaphylla DC.,Most probable,Dalhana has identified it with this species but there is a slight confusion as others consider it to be a white variety of Nirgundi,[1]
S,8,Surasa,सुरसा,surasā,सुरसी,Limonia crenulata Roxb.,Most probable,Dalhana has identified it with this species but there is a slight confusion as others consider it to be a white variety of Nirgundi,[1]
S,8,Surasa,सुरसा,surasā,सुरसा,Ocimum sanctum,Accepted source,Identified with it,[1]
S,8,Surasi,सुरसी,surasī,सुरसी,Clausena pentaphylla DC.,Most probable,Dalhana has identified it with this species but there is a slight confusion as others consider it to be a white variety of Nirgundi,[1]
S,8,Surasi,सुरसी,surasī,सुरसी,Limonia crenulata Roxb.,Most probable,Dalhana has identified it with this species but there is a slight confusion as others consider it to be a white variety of Nirgundi,[1]
S,8,Surasi,सुरसी,surasī,सुरसा,Ocimum sanctum,Accepted source,Identified with it,[1]
S,8,Suryavarta,सूर्यावर्त,sūryāvarta,सूर्यावर्त,Helianthus annuus Linn.,Accepted source,Identified with this species,[5]
S,8,Suryavarta,सूर्यावर्त,sūryāvarta,सूर्यावर्त भेद,Malva rotundifolia Linn.,Accepted source,Identified with this species,[5]
S,8,Suryavarta - bheda,सूर्यावर्त भेद,sūryāvarta bheda,सूर्यावर्त,Helianthus annuus Linn.,Accepted source,Identified with this species,[5]
S,8,Suryavarta - bheda,सूर्यावर्त भेद,sūryāvarta bheda,सूर्यावर्त भेद,Malva rotundifolia Linn.,Accepted source,Identified with this species,[5]
S,8,Suskasaka,शुष्कशाक,śuṣkaśāka,शुष्कशाक,Corchorus olitorius Linn.,Most probable,May be identified with this species,[1]
S,8,Suvarcala,सुवर्चला,suvarcalā,सुवर्चला,Malva rotundifolia Linn.,Controversial,Correlation is considered doubtful as ther is no resemblance with the morphology or physiological behaviour of Suvarcala,[1]
S,8,Suvarcala,सुवर्चला,suvarcalā,सुवर्चला,Malva rotundifolia Linn.,Most probable,With regard to the synonym Sauncala given to Suvarcala this species is correlated to it,[1]
S,8,Suvarcala,सुवर्चला,suvarcalā,सुवर्चला,Malva sylvestris Linn.,Most probable,With regard to the synonym Sauncala given to Suvarcala this species is correlated to it,[1]
S,8,Suvarnaksiri,सुवर्णक्षीरी,suvarṇakṣīrī,सुवर्णक्षीरी,Argemone mexicana,Accepted source,Two varieties of Suvarnaksiri have been mentioned by Dalhana where in Argemone mexicana is correlated to the second variety Satyanashi,[2]
S,8,Suvarnaksiri,सुवर्णक्षीरी,suvarṇakṣīrī,सुवर्णक्षीरी,Argemone mexicana,Substituted source,According to the context and uses this species can be used as a substitute for Suvarnksiri,[2]
S,8,Suvarnaksiri,सुवर्णक्षीरी,suvarṇakṣīrī,सुवर्णक्षीरी,Euphorbia thomsoniana Boiss.,Accepted source,With regard to Dalhanas description about Suvarnksiri this species correlates well with its morphology,[2]
S,8,Suvarnaksiri,सुवर्णक्षीरी,suvarṇakṣīrī,सुवर्णक्षीरी,Hemedesmus indicus,?,?,[2]
S,8,Svadamstra,स्वदंष्ट्रा,svadaṃṣṭrā,स्वदंष्ट्रा,Smilax aspera Linn.,Most probable,Smilax aspera is popularly known as Kukuradadha which is a name equaivalent to Svadamstra and so most probably identified with it,[1]
S,8,Svadamstra,स्वदंष्ट्रा,svadaṃṣṭrā,स्वदंष्ट्रा,Smilax china Linn.,Most probable,This species posseses some of the important clinical properties of Svadamstra hence taken into consideration,[1]
S,8,Svadamstra,स्वदंष्ट्रा,svadaṃṣṭrā,स्वदंष्ट्रा,Smilax zeylanica Linn.,Most probable,This species posseses some of the important clinical properties of Svadamstra hence taken into consideration,[1]
S,8,Svagupta,स्वगुप्ता,svaguptā,स्वगुप्ता,Mucuna pruriens DC.,Accepted source,Identified with it,[1]
S,8,Svarnaksiri,स्वर्णक्षीरी,svarṇakṣīrī,स्वर्णक्षीरी,Argemone mexicana Linn.,,,[3]
S,8,Svarnaksiri,स्वर्णक्षीरी,svarṇakṣīrī,स्वर्णक्षीरी,Argemone mexicana Linn.,Accepted source,Svarnaksiri' is identified with this species,[5]
S,8,Svarnaksiri,स्वर्णक्षीरी,svarṇakṣīrī,स्वर्णक्षीरी,Argemone mexicana Linn.,Most probable,Most probably identified with this species,[1]
S,8,Svarnaksiri,स्वर्णक्षीरी,svarṇakṣīrī,स्वर्णक्षीरी,Argemone mexicana Linn.,Most probable,Most probably identified with this species,[1]
S,8,Svarnaksiri,स्वर्णक्षीरी,svarṇakṣīrī,स्वर्णक्षीरी,Euphorbia thomsoniana Boiss.,,,[3]
S,8,Svarnaksiri,स्वर्णक्षीरी,svarṇakṣīrī,स्वर्णक्षीरी,Euphorbia thomsoniana Boiss.,Accepted source,"With regard to its synonyms, Dalhana in his commentary has described it as a plant having 'leaves like that of Ananta'. Popularly it is known as 'Hiyavalli' and identified with this species",[5]
S,8,Svarnaksiri,स्वर्णक्षीरी,svarṇakṣīrī,स्वर्णक्षीरी,Euphorbia thomsoniana Boiss.,Most probable,Most probably identified with this species as it posseses yellow latex which is a feature of this plant,[1]
S,8,Svarnaksiri,स्वर्णक्षीरी,svarṇakṣīrī,स्वर्णक्षीरी,Garcinia morella Desr.,Most probable,Most probably identified with this species as it posseses solidified yellow latex which is a feature of this plant,[1]
S,8,Svarnapatri,स्वर्णपत्री,svarṇapatrī,स्वर्णपत्री,Cassia angustifolia Vahl.,,,[3]
S,8,Svarnayuthika,स्वर्णयूथिका,svarṇayūthikā,स्वर्णयूथिका,Jasminum humile Linn.,Most probable,Most probably identified with this species,[1]
S,8,Sveta,श्वेता,śvetā,श्वेता,Clitoria ternatea Linn.,Accepted source,"Identified with this species; Sveta was used extensively during the period of Caraka and Susruta; Based on the description given by Cakrapani and Dalhana, 'Sveta' is 'Aparajita'; But in the Brhatrayis the word 'Aparajita' is not mentioned but 'Girikarnika' is used instead;",[5]
S,8,Sveta,श्वेता,śvetā,श्वेता,Vitex negundo Linn.,Suggested source,With regard to its properties this species may be tentatively accepted,[1]
S,8,Svetabunha,श्वेतबुन्हा,śvetabunhā,श्वेतबुन्हा,Convolvulus sp.,,,[1]
S,8,Svetakumbhika,श्वेतकुम्भिका,śvetakumbhikā,श्वेतकुम्भिका,Careya arborea Roxb.,Most probable,Most probably this species is taken into consideration,[1]
S,8,Svetamuskaka,श्वेतमुष्कक,śvetamuṣkaka,श्वेतमुष्कक,Schrebera swietenioides Roxb.,Accepted source,It is identified with this species,[5]
S,8,Svetasurasa,श्वेतसुरसा,śvetasurasā,श्वेतसुरसा,Ocimum canum Sims.,,,[3]
S,8,Syama,श्यामा,śyāmā,श्यामा त्रिवृत्,Ipomoea petaloidea Chois.,Most probable,Most probably identified with this species,[1]
S,8,Syama,श्यामा,śyāmā,श्यामा,Ipomoea petaloiodea Chois.,Accepted source,"Syama' has been mentioned as a synonym of 'Priyangu' and 'Krishna sariva' but in this context it refers to a plant which is a drastic purgative; Dalhana has identified it with ' Sveta trivrt', 'Arunamula trivrt', Krishnamula trivrt' and 'Vrddhadaruka'; This shows that there was a complete chaos during that period regarding 'Syama'; According to the author it is identified with this species",[5]
S,8,Syama - trivrt,श्यामा त्रिवृत्,śyāmā trivṛt,श्यामा त्रिवृत्,Ipomoea petaloidea Chois.,Most probable,Most probably identified with this species,[1]
S,8,Syama - trivrt,श्यामा त्रिवृत्,śyāmā trivṛt,श्यामा,Ipomoea petaloiodea Chois.,Accepted source,"Syama' has been mentioned as a synonym of 'Priyangu' and 'Krishna sariva' but in this context it refers to a plant which is a drastic purgative; Dalhana has identified it with ' Sveta trivrt', 'Arunamula trivrt', Krishnamula trivrt' and 'Vrddhadaruka'; This shows that there was a complete chaos during that period regarding 'Syama'; According to the author it is identified with this species",[5]
S,9,Syamaka,श्यामाक,śyāmāka,श्यामाक,Echinochloa crus-galli Beauv.,Accepted source,Identified with it,[1]
S,9,Syamaka,श्यामाक,śyāmāka,श्यामाक,Echinochloa frumentacea Link.,Accepted source,Identified with it,[1]
S,9,Syamaka,श्यामाक,śyāmāka,श्यामाक,Echinochloa frumentacea Linn.,,,[4]
S,9,Syamaka - prajati,श्यामाक प्रजाति,śyāmāka prajāti,श्यामाक प्रजाति,Echinochloa colonum Link,,,[4]
S,9,Syamaka - prajati,श्यामाक प्रजाति,śyāmāka prajāti,श्यामाक प्रजाति,Echinochloa crus-galli Beauv.,,,[4]
S,9,Syonaka,श्योनाक,śyonāka,श्योनाक,Oroxylan indicum,Accepted source,Syonaka is correlated to this species,[2]
S,9,Syonaka,श्योनाक,śyonāka,श्योनाक,Oroxylum indicum Vent.,,,[3]
S,9,Syonaka,श्योनाक,śyonāka,श्योनाक,Oroxylum indicum Vent.,Accepted source,Identified with it,[1]
S,9,Syonaka,श्योनाक,śyonāka,श्योनाक,Oroxylum indicum Vent.,Accepted source,Its identified with this species,[5]
S,9,Syonaka,श्योनाक,śyonāka,श्योनाक,Orxylon indicum,Accepted source,Syonaka is correlated to this species,[2]
T,1,Tagara,तगर,tagara,तगर,Asarum europeum Linn.,Most probable,Is taken into consideration as this species is known as 'Taggara',[1]
T,1,Tagara,तगर,tagara,तगर,Delphinium Burnonianum Royle.,Accepted source,Identified with this species with regard to its properties mentioned in the texts,[5]
T,1,Tagara,तगर,tagara,तगर,Valeriana hardwickii Wall.,,,[3]
T,1,Tagara,तगर,tagara,तगर,Valeriana wallichii DC.,,,[3]
T,1,Tagara,तगर,tagara,तगर,Valeriana wallichii DC.,Suggested source,This species has been recommended to be used for Tagara,[1]
T,1,Tagara - bheda,तगर भेद,tagara bheda,तगर भेद,Nymphoides macrospermum Vasudevan.,Accepted source,Its identified with this species,[5]
T,1,Tagara - jati,तगर जाति,tagara jāti,तगर जाति,Delphinium brunonianum Royle.,Accepted source,Identified with this species with regard to its properties mentioned in the texts,[5]
T,1,Tagara - jati,तगर जाति,tagara jāti,तगर जाति,Delphinium cashmarianum Royle.,Accepted source,Identified with this species with regard to its properties mentioned in the texts,[5]
T,1,Tagara - jati,तगर जाति,tagara jāti,तगर जाति,Delphinium glaciale Hook.f. TH.,Accepted source,Identified with this species with regard to its properties mentioned in the texts,[5]
T,1,Tailaparna,तैलपर्ण,tailaparṇa,तैलपर्ण,Eucalyptus globulus Labill.,,,[3]
T,1,Tairini,तैरिणी,tairiṇī,तैरिणी,Impatiens balsamina Linn.,Accepted source,Identified with this species; It might be the plant 'Terad' from Maharashtra,[5]
T,1,Takrahva,तक्राह्वा,takrāhvā,तक्राह्वा,Dactyloctanium aegyptium Beauv.,Most probable,"With regard to the synonyms given to it, this species is most probably correlated to it",[5]
T,1,Taksaki,तक्षकी,takṣakī,तक्षकी,Sansvieria roxburghiana Schult.f.,Accepted source,Taksaki' is identified with this species which has been described in Sodala nighantu,[5]
T,1,Tala,ताल,tāla,ताल,Borassus flabellifer Linn.,,,[4]
T,1,Tala,ताल,tāla,ताल,Borassus flabellifer Linn.,Accepted source,Identified with it,[1]
T,1,Talamuli,तालमूली,tālamūlī,तालमूली,Curculigo orchioides Gaertn.,,,[3]
T,1,Talamuli,तालमूली,tālamūlī,तालमूली,Curculigo orchioides Gaertn.,Accepted source,"Talamuli' or 'Talapatri' has been mentioned by Caraka only once where as Susruta has mentioned its usages in various conditions; Dalhana has specified that 'Talapatri' and 'Talamuli' is 'Musali'; Musali has been mentioned by Vagbhata only once externally in various conditions, similarly Talamuli has been used in similar conditions externally; In the nighantus 'Musali' is used as' Jivaniya' (life promoting)and 'Brimhaniya'(bulk promoting) with regard to which the confusion arises that whether Talamuli is the same drug or not; But there is a possibility that its nutritious value were known during later periods;  Talamuli was identified with 'Krsna Musali' which is correlated to this species",[5]
T,1,Talamulika,तालमूलिका,tālamūlikā,तालमूलिका,Curculigo orchioides Geartn.,Accepted source,Identified with it,[1]
T,1,Talisa,तालीश,tālīśa,तालीश प्रजाति,Abies pindrow Royle,,,[3]
T,1,Talisa,तालीश,tālīśa,तालीशपत्र,Abies webbiana,Most probable,Presently leaves of 3 species are being used as Talisa patra and this is one among them,[2]
T,1,Talisa,तालीश,tālīśa,तालीश,Abies webbiana Lindl.,Substituted source,This species is being used as Talisapatra with regard to its similarity in leaves,[1]
T,1,Talisa,तालीश,tālīśa,तालीश,Abies webbiana Lindle,,,[3]
T,1,Talisa,तालीश,tālīśa,तालीशपत्र,Abies webbiana Lindle.,Accepted source,Talisapatra' is identified with this species,[5]
T,1,Talisa,तालीश,tālīśa,तालीशपत्र,Abies webbiana Lindle.,Controversial,Originally three drugs were considered to be as 'Talisapatra'; This species was one among them,[5]
T,1,Talisa,तालीश,tālīśa,तालीशपत्र,Flacourtia cataphracta,Controversial,The leaves of this species were used as Talisapatra till present but nowadays vaidyas are using other leaves as Talisapatra,[2]
T,1,Talisa,तालीश,tālīśa,तालीशपत्र,Rhododendron anthopogan,Controversial,Presently leaves of 3 species are being used as Talisa patra and this is one among them,[2]
T,1,Talisa,तालीश,tālīśa,तालीश,Rhododendron anthopogon D. Don,Most probable,This species is being accepted in Garwhal and Punjab with regard to its popular names Talisaphara and Talisa respectively,[1]
T,1,Talisa,तालीश,tālīśa,तालीशपत्र,Rhododendron anthopogon.D.Don.,Substituted source,In earlier days three drugs were considered to be as 'Talisapatra'; Subsequently with discussions it could be concluded that this species was used as a substitute for 'Talisapatra',[5]
T,1,Talisa,तालीश,tālīśa,तालीश,Rhododendron campanulatum D. Don.,Most probable,This species is being accepted in Garwhal and Punjab with regard to its popular names Talisaphara and Talisa respectively,[1]
T,1,Talisa,तालीश,tālīśa,तालीश,Rhododendron lepidotum Wall.,Most probable,This species is being accepted in Garwhal and Punjab with regard to its popular names Talisaphara and Talisa respectively,[1]
T,1,Talisa,तालीश,tālīśa,तालीशपत्र,Taxus baccata,Controversial,Presently leaves of 3 species are being used as Talisa patra and this is one among them,[2]
T,1,Talisa,तालीश,tālīśa,तालीश,Taxus baccata Linn.,Suggested source,In practice this species is being used,[1]
T,1,Talisa,तालीश,tālīśa,तालीशपत्र,Taxus baccata Linn.,Controversial,In earlier days three drugs were considered to be as 'Talisapatra'; This species was one among them,[5]
T,1,Talisa - prajati,तालीश प्रजाति,tālīśa prajāti,तालीश प्रजाति,Abies pindrow Royle,,,[3]
T,1,Talisa - prajati,तालीश प्रजाति,tālīśa prajāti,तालीशपत्र,Abies webbiana,Most probable,Presently leaves of 3 species are being used as Talisa patra and this is one among them,[2]
T,1,Talisa - prajati,तालीश प्रजाति,tālīśa prajāti,तालीश,Abies webbiana Lindl.,Substituted source,This species is being used as Talisapatra with regard to its similarity in leaves,[1]
T,1,Talisa - prajati,तालीश प्रजाति,tālīśa prajāti,तालीश,Abies webbiana Lindle,,,[3]
T,1,Talisa - prajati,तालीश प्रजाति,tālīśa prajāti,तालीशपत्र,Abies webbiana Lindle.,Accepted source,Talisapatra' is identified with this species,[5]
T,1,Talisa - prajati,तालीश प्रजाति,tālīśa prajāti,तालीशपत्र,Abies webbiana Lindle.,Controversial,Originally three drugs were considered to be as 'Talisapatra'; This species was one among them,[5]
T,1,Talisa - prajati,तालीश प्रजाति,tālīśa prajāti,तालीशपत्र,Flacourtia cataphracta,Controversial,The leaves of this species were used as Talisapatra till present but nowadays vaidyas are using other leaves as Talisapatra,[2]
T,1,Talisa - prajati,तालीश प्रजाति,tālīśa prajāti,तालीशपत्र,Rhododendron anthopogan,Controversial,Presently leaves of 3 species are being used as Talisa patra and this is one among them,[2]
T,1,Talisa - prajati,तालीश प्रजाति,tālīśa prajāti,तालीश,Rhododendron anthopogon D. Don,Most probable,This species is being accepted in Garwhal and Punjab with regard to its popular names Talisaphara and Talisa respectively,[1]
T,1,Talisa - prajati,तालीश प्रजाति,tālīśa prajāti,तालीशपत्र,Rhododendron anthopogon.D.Don.,Substituted source,In earlier days three drugs were considered to be as 'Talisapatra'; Subsequently with discussions it could be concluded that this species was used as a substitute for 'Talisapatra',[5]
T,1,Talisa - prajati,तालीश प्रजाति,tālīśa prajāti,तालीश,Rhododendron campanulatum D. Don.,Most probable,This species is being accepted in Garwhal and Punjab with regard to its popular names Talisaphara and Talisa respectively,[1]
T,1,Talisa - prajati,तालीश प्रजाति,tālīśa prajāti,तालीश,Rhododendron lepidotum Wall.,Most probable,This species is being accepted in Garwhal and Punjab with regard to its popular names Talisaphara and Talisa respectively,[1]
T,1,Talisa - prajati,तालीश प्रजाति,tālīśa prajāti,तालीशपत्र,Taxus baccata,Controversial,Presently leaves of 3 species are being used as Talisa patra and this is one among them,[2]
T,1,Talisa - prajati,तालीश प्रजाति,tālīśa prajāti,तालीश,Taxus baccata Linn.,Suggested source,In practice this species is being used,[1]
T,1,Talisa - prajati,तालीश प्रजाति,tālīśa prajāti,तालीशपत्र,Taxus baccata Linn.,Controversial,In earlier days three drugs were considered to be as 'Talisapatra'; This species was one among them,[5]
T,1,Talisapatra,तालीशपत्र,tālīśapatra,तालीश प्रजाति,Abies pindrow Royle,,,[3]
T,1,Talisapatra,तालीशपत्र,tālīśapatra,तालीशपत्र,Abies webbiana,Most probable,Presently leaves of 3 species are being used as Talisa patra and this is one among them,[2]
T,1,Talisapatra,तालीशपत्र,tālīśapatra,तालीश,Abies webbiana Lindl.,Substituted source,This species is being used as Talisapatra with regard to its similarity in leaves,[1]
T,1,Talisapatra,तालीशपत्र,tālīśapatra,तालीश,Abies webbiana Lindle,,,[3]
T,1,Talisapatra,तालीशपत्र,tālīśapatra,तालीशपत्र,Abies webbiana Lindle.,Accepted source,Talisapatra' is identified with this species,[5]
T,1,Talisapatra,तालीशपत्र,tālīśapatra,तालीशपत्र,Abies webbiana Lindle.,Controversial,Originally three drugs were considered to be as 'Talisapatra'; This species was one among them,[5]
T,1,Talisapatra,तालीशपत्र,tālīśapatra,तालीशपत्र,Flacourtia cataphracta,Controversial,The leaves of this species were used as Talisapatra till present but nowadays vaidyas are using other leaves as Talisapatra,[2]
T,1,Talisapatra,तालीशपत्र,tālīśapatra,तालीशपत्र,Rhododendron anthopogan,Controversial,Presently leaves of 3 species are being used as Talisa patra and this is one among them,[2]
T,1,Talisapatra,तालीशपत्र,tālīśapatra,तालीश,Rhododendron anthopogon D. Don,Most probable,This species is being accepted in Garwhal and Punjab with regard to its popular names Talisaphara and Talisa respectively,[1]
T,1,Talisapatra,तालीशपत्र,tālīśapatra,तालीशपत्र,Rhododendron anthopogon.D.Don.,Substituted source,In earlier days three drugs were considered to be as 'Talisapatra'; Subsequently with discussions it could be concluded that this species was used as a substitute for 'Talisapatra',[5]
T,1,Talisapatra,तालीशपत्र,tālīśapatra,तालीश,Rhododendron campanulatum D. Don.,Most probable,This species is being accepted in Garwhal and Punjab with regard to its popular names Talisaphara and Talisa respectively,[1]
T,1,Talisapatra,तालीशपत्र,tālīśapatra,तालीश,Rhododendron lepidotum Wall.,Most probable,This species is being accepted in Garwhal and Punjab with regard to its popular names Talisaphara and Talisa respectively,[1]
T,1,Talisapatra,तालीशपत्र,tālīśapatra,तालीशपत्र,Taxus baccata,Controversial,Presently leaves of 3 species are being used as Talisa patra and this is one among them,[2]
T,1,Talisapatra,तालीशपत्र,tālīśapatra,तालीश,Taxus baccata Linn.,Suggested source,In practice this species is being used,[1]
T,1,Talisapatra,तालीशपत्र,tālīśapatra,तालीशपत्र,Taxus baccata Linn.,Controversial,In earlier days three drugs were considered to be as 'Talisapatra'; This species was one among them,[5]
T,1,Tamala,तमाल,tamāla,तमाल,Cinnamomum tamala Nees and Eberm.,Accepted source,Identified with it,[1]
T,1,Tamala,तमाल,tamāla,तमाल वृक्ष,Garcinia morella Desr.,Accepted source,Identified with it,[1]
T,1,Tamala,तमाल,tamāla,तमाल,Garcinia morella Dsv.,Accepted source,Identified with this species,[5]
T,1,Tamala - vrksa,तमाल वृक्ष,tamāla vṛkṣa,तमाल,Cinnamomum tamala Nees and Eberm.,Accepted source,Identified with it,[1]
T,1,Tamala - vrksa,तमाल वृक्ष,tamāla vṛkṣa,तमाल वृक्ष,Garcinia morella Desr.,Accepted source,Identified with it,[1]
T,1,Tamala - vrksa,तमाल वृक्ष,tamāla vṛkṣa,तमाल,Garcinia morella Dsv.,Accepted source,Identified with this species,[5]
T,1,Tamalaki,तामलकी,tāmalakī,तामलकी,Phyllanthus niruri Linn.,Suggested source 1,Identified with it,[1]
T,1,Tamalaki,तामलकी,tāmalakī,तामलकी,Phyllanthus urinaria Linn.,Suggested source 2,Identified with it,[1]
T,1,Tambula,ताम्बूल,tāmbūla,ताम्बूल,Piper betle Linn.,,,[3]
T,1,Tambula,ताम्बूल,tāmbūla,ताम्बूल,Piper betle Linn.,Accepted source,Identified with it,[1]
T,1,Tamraparna,ताम्रपर्ण,tāmraparṇa,ताम्रपर्ण जाति,Nicotiana rustica Linn.,,,[3]
T,1,Tamraparna,ताम्रपर्ण,tāmraparṇa,ताम्रपर्ण,Nicotiana tabacum Linn.,,,[3]
T,1,Tamraparna - jati,ताम्रपर्ण जाति,tāmraparṇa jāti,ताम्रपर्ण जाति,Nicotiana rustica Linn.,,,[3]
T,1,Tamraparna - jati,ताम्रपर्ण जाति,tāmraparṇa jāti,ताम्रपर्ण,Nicotiana tabacum Linn.,,,[3]
T,1,Tamravalli,ताम्रवल्ली,tāmravallī,ताम्रवल्ली,Smilax sp.,Most probable,Dalhana has identified this plant with Vamataruni which may be correlated to this species,[1]
T,1,Tamravalli,ताम्रवल्ली,tāmravallī,ताम्रवल्ली,Ventilago maderaspatana Gaertn.,Most probable,Dalhana has identified this plant with Vamataruni which may be correlated to this species,[1]
T,1,Tamravalli,ताम्रवल्ली,tāmravallī,ताम्रवल्ली,Ventilago maderaspatana.,Accepted source,It is identified with this species,[5]
T,2,Tandulasahvaya,तण्डुलसाह्व्य,taṇḍulasāhvya,तण्डुलसाह्व्य,Amaranthus spinosus Linn.,Accepted source,Identified with it,[1]
T,2,Tandulasahvaya,तण्डुलसाह्व्य,taṇḍulasāhvya,तण्डुलीय,Amaranthus spinosus Linn.,,,[4]
T,2,Tanduliya,तण्डुलीय,taṇḍulīya,तण्डुलसाह्व्य,Amaranthus spinosus Linn.,Accepted source,Identified with it,[1]
T,2,Tanduliya,तण्डुलीय,taṇḍulīya,तण्डुलीय,Amaranthus spinosus Linn.,,,[4]
T,2,Tanduliya - bheda,तण्डुलीय भेद,taṇḍulīya bheda,तण्डुलीय भेद,Amaranthus paniculatus Linn.,,,[4]
T,2,Tanka,टङ्क,ṭaṅka,टङ्क,Pyrus communis Linn.,,,[4]
T,2,Tanka,टङ्क,ṭaṅka,टङ्क,Pyrus communis Linn.,Accepted source,Identified with it,[1]
T,2,Tanka,टङ्क,ṭaṅka,टङ्क,Pyrus communis Linn.,Accepted source,Tanka is correlated to this species,[2]
T,2,Tanka,टङ्क,ṭaṅka,टङ्क,Pyrus communis Linn.,Accepted source,Tanka' has been cited just once under the Phala varga (group of fruits) in both Caraka and Susruta samhita; Its identified with this species,[5]
T,2,Tanka - prajati,टङ्क प्रजाति,ṭaṅka prajāti,टङ्क प्रजाति,Pyrus pyrifolia (Burm.f.),,,[4]
T,2,Tankari,टङ्कारी,ṭaṅkārī,टङ्कारी,Physalis Minima,Accepted source,It is considered to be 'Cirapotika' which is popularly known as 'Tankari' in Maharashtra and identified with this species,[5]
T,2,Tantidika,तन्तिडीक,tantiḍīka,तन्तिडीक,Rhus parviflora Roxb.,Accepted source,Its identified with this species,[5]
T,2,Tarati,तरटी,taraṭī,तरटी,Acacia sp.,Most probable,Barbura' has been mentioned as its synonym; on basis of this synonym it might be considered as a variety of Babbula and hence may be identified with this species,[5]
T,2,Tarkari,तर्कारी,tarkārī,तर्कारी,Clerodendrum phlomidis Linn. f.,Accepted source,Identified with it,[1]
T,2,Tarkari,तर्कारी,tarkārī,तर्कारी,Clerodendrum phlomidis Linn. f.,Accepted source,Identified with this species,[5]
T,2,Taruni,तरुणी,taruṇī,तरुणी,Jasminum flexile Vahl.,Accepted source,"Taruni has been mentioned under the 'Kasaya skanda' in Caraka and Cakrapani has intepreted it as 'Aaraamataruni', 'Navamalika'; In Susruta it is mentioned along with 'Yuthika'; Caraka has mentioned it along with flowers like 'Utpala', 'Padma' etc; With regard to the above it might be some Jasminum species and according to the author it is identified with this species as it flowers throughout the year hence it goes along the name 'Taruni' (meaning the one which flowers always)",[5]
T,2,Taruni,तरुणी,taruṇī,तरुणी,Rosa centifolia Linn.,,,[3]
T,2,Taruni,तरुणी,taruṇī,तरुणी,Rosa centifolia Linn.,Accepted source,Identified with it,[1]
T,2,Taruta,तरूट,tarūṭa,तरूट,Dioscorea belophylla Voight,Most probable,Most probably identified with this species,[1]
T,2,Tavaksiri,तवक्षीरी,tavakṣīrī,तवक्षीरी,Curcuma angustifolia Roxb.,Accepted source,It is the starch seperated from the rhizomes of this species,[1]
T,2,Tavaksiri,तवक्षीरी,tavakṣīrī,तवक्षीरी,Maranta arundinacea Linn.,?,Curcuma angustifolia is used as a substitute for this species,[1]
T,2,Tejapatra,तेजपत्र,tejapatra,तेजपत्र,Cinnammum wightii Meism.,,,[5]
T,2,Tejapatra,तेजपत्र,tejapatra,तेजपत्र,Cinnammum wightii Meism.,Accepted source,Identified with this species,[5]
T,2,Tejaphala,तेजफल,tejaphala,तेजफल,Xanthoxylum sp.,Accepted source,Tejaphala' has been cited in Raja nighantu and identified with this species,[5]
T,2,Tejobati,तेजोबती,tejobatī,तेजोबती,Zanthoxylun armatum DC.,,,[3]
T,2,Tejobati - bheda,तेजोबती भेद,tejobatī bheda,तेजोबती भेद,Zanthoxylun aconthopodium DC.,,,[3]
T,2,Tejobati - bheda,तेजोबती भेद,tejobatī bheda,तेजोबती भेद,Zanthoxylun limonella (Dennst.) Alston,,,[3]
T,2,Tejovati,तेजोवती,tejovatī,तेजोवती,Zanthoxylum budrunga Wall.,Accepted source,Tejovati is correlated to this species,[2]
T,2,Tejovati,तेजोवती,tejovatī,तेजोवती,Zarthoxylum armatum DC.,Accepted source,Traditionally 'Tejovati' is identified with this species,[5]
T,2,Tiktala,तिक्तला,tiktalā,तिक्तला,Euphorbia dracunculoides Lam.,Most probable,Is a synonym of Saptala which is most probably correlated to this species,[1]
T,2,Tiktamula,तिक्तमूला,tiktamūlā,तिक्तमूला,Coptis teeta Wall.,,,[3]
T,2,Tila,तिल,tila,तिल,Sesamum indicum Linn.,,,[3]
T,2,Tila,तिल,tila,तिल,Sesamum indicum Linn.,Accepted source,Identified with it,[1]
T,2,Tila,तिल,tila,तिल,Sesamum tudicum,Accepted source,Tila is correlated to this species,[2]
T,3,Tila - prakara,तिल प्रकार,tila prakāra,तिल प्रकार,Guizotra abyssinica,?,?,[2]
T,3,Tila - prakara,तिल प्रकार,tila prakāra,तिल प्रकार,Guizotra abyssinica,Accepted source,This is the black variety and correlated to this species,[2]
T,3,Tila - prakara,तिल प्रकार,tila prakāra,तिल प्रकार,Sesamum prostratum,Accepted source,White variety of tila is correlated to this species,[2]
T,3,Tilaka,तिलका,tilakā,तिलका,Wendlandia exerta DC.,Accepted source,Identified with it,[1]
T,3,Tilaka,तिलका,tilakā,तिलका,Wendlandia exerta DC.,Accepted source,Identified with it,[1]
T,3,Tilaka,तिलका,tilakā,तिलका,Wendlandia exerta DC.,Accepted source,Tilaka is identified with this species,[5]
T,3,Tilaparni,तिलपर्णी,tilaparṇī,तिलपर्णी पीत,Cleome viscosa Linn.,Suggested source,According to the author he has suggested this species as Tilaparni,[5]
T,3,Tilaparni,तिलपर्णी,tilaparṇī,तिलपर्णी,Gynandropsis gynandra (Linn.) Briquet.,Most probable,Tilaparni is usually identified with this species,[1]
T,3,Tilaparni,तिलपर्णी,tilaparṇī,तिलपर्णी,Gynandropsis gynanndra (Linn.) Briquet,,,[3]
T,3,Tilaparni - pita,तिलपर्णी पीत,tilaparṇī pīta,तिलपर्णी पीत,Cleome viscosa Linn.,Suggested source,According to the author he has suggested this species as Tilaparni,[5]
T,3,Tilaparni - pita,तिलपर्णी पीत,tilaparṇī pīta,तिलपर्णी,Gynandropsis gynandra (Linn.) Briquet.,Most probable,Tilaparni is usually identified with this species,[1]
T,3,Tilaparni - pita,तिलपर्णी पीत,tilaparṇī pīta,तिलपर्णी,Gynandropsis gynanndra (Linn.) Briquet,,,[3]
T,3,Tilaparni - sveta,तिलपर्णी श्वेता,tilaparṇī śvetā,तिलपर्णी श्वेता,Gynandropsis pentaphylla DC,Accepted source,Identified with this species,[5]
T,3,Tilaparni - sveta,तिलपर्णी श्वेता,tilaparṇī śvetā,तिलपर्णिका,Gynandropsis pentaphylla DC.,Most probable,With regard to its features and name as 'Tilvana' in Gujarat it is most probably correlated to this species,[1]
T,3,Tilaparnika,तिलपर्णिका,tilaparṇikā,तिलपर्णी श्वेता,Gynandropsis pentaphylla DC,Accepted source,Identified with this species,[5]
T,3,Tilaparnika,तिलपर्णिका,tilaparṇikā,तिलपर्णिका,Gynandropsis pentaphylla DC.,Most probable,With regard to its features and name as 'Tilvana' in Gujarat it is most probably correlated to this species,[1]
T,3,Tilvaka,तिल्वक,tilvaka,तिल्वक,Viburnum nervosum D. Don,Most probable,With regard to its popular country names like Tilena and Thelka in the Garhwal Himalayas this species is the most probable consideration,[1]
T,3,Tilvaka,तिल्वक,tilvaka,तिल्वक,Viburnum nervosum D. Don,Suggested source,With regard to its properties this species is tentatively accepted as Tilvaka,[1]
T,3,Tilvaka,तिल्वक,tilvaka,तिल्वक,Viburnum nervosum.D.Don.,Accepted source,Tilvaka' is identified with this species,[5]
T,3,Tilvaka,तिल्वक,tilvaka,तिल्वक,Viburnum sp.,Accepted source,Tilvaka' has been described in Caraka samhita and identified with this species,[5]
T,3,Tilvaka bheda,तिल्वक भेद,tilvaka bheda,तिल्वक भेद,viburnum coriaceum Blume.,Accepted source,Tilvaka bheda is identified with this species,[5]
T,3,Timira,तिमिर,timira,तिमिर,Avicenna officinalis Linn.,Controversial,It is mentioned once in Susruta; With regard to Dalhanas description the leaves if this plant are used to color nails; This does not give a clear view; Vaidya Bapalal has identified it with this species which needs to be studied,[5]
T,3,Timira,तिमिर,timira,तिमिर,Eleusine aegyptiaca Desf.,?,?,[5]
T,3,Timira,तिमिर,timira,तिमिर,Eleusine aegyptiaca Desf.,Accepted source,Identified with it,[1]
T,3,Tindisa,तिण्डिश,tiṇḍiśa,तिण्डिश,Citrullus vulgaris var. fistulosus (Stocks) D F,Accepted source,Identified with it,[1]
T,3,Tindisa,तिण्डिश,tiṇḍiśa,तिण्डिश,Citrullus vulgaris var. fistulosus (Stocks)Duthie,Most probable,Has been mentioned in Astanga hrdaya among the valliphala; Is considered as the most probable species,[5]
T,3,Tindisa,तिण्डिश,tiṇḍiśa,तिण्डिश,Hibiscus ficulnans (Linn.),Accepted source,It has been mentioned under the 'Valliphala' in Astanga hridaya. Identified with this species,[5]
T,3,Tinduka,तिन्दुक,tinduka,तिन्दुक,Diospyros embryopteris Pers.,Suggested source 3,Identified with it,[1]
T,3,Tinduka,तिन्दुक,tinduka,तिन्दुक,Diospyros melanoxylon Roxb.,Suggested source 2,Identified with it,[1]
T,3,Tinduka,तिन्दुक,tinduka,तिन्दुक,Diospyros Peregrina (Gaertn) Gurke.,,,[3]
T,3,Tinduka,तिन्दुक,tinduka,तिन्दुक,Diospyros peregrina (Gaertn.) Guerke.,,,[4]
T,3,Tinduka,तिन्दुक,tinduka,तिन्दुक,Diospyros tomentosa Roxb.,Suggested source 1,Identified with it,[1]
T,3,Tini,तिनि,tini,तिनि,Lagerstroemia flos-reginae Retz.,Substituted source,This species needs to be examined and can be used as a substitute for Tinisa,[1]
T,3,Tini,तिनि,tini,तिनि,Ougeinia dalbergioides Benth.,Accepted source,Identified with it,[1]
T,3,Tinisa,तिनिश,tiniśa,तिनिश,Ougenia oojeinensis (Roxb.) Hochr.,,,[3]
T,3,Tintidika,तिन्तिडीक,tintiḍīka,तिन्तिडीक,Rhus coriaria Linn.,Substituted source,This species is used as its substitute,[1]
T,3,Tintidika,तिन्तिडीक,tintiḍīka,तिन्तिडीक,Rhus parviflora,Accepted source,Tintidika is correlated to this species,[2]
T,3,Tintidika,तिन्तिडीक,tintiḍīka,तिन्तिडीक,Rhus parviflora Roxb.,,,[1]
T,3,Tintidika,तिन्तिडीक,tintiḍīka,तिन्तिडीक,Rhus parviflora Roxb.,,,[3]
T,3,Tintidika,तिन्तिडीक,tintiḍīka,तिन्तिडीक,Rhus parviflora Roxb.,Accepted source,Identified with it,[1]
T,3,Tivariya,तिवरीय,tivarīya,तिवरीय,Avicennia officinalis Linn,Accepted source,Tivariya is correlated to this species,[2]
T,3,Todana,तोदन,todana,तोदन,Grewia optiva Drummond.,Most probable,Todana has been mentioned under the 'Phala varga' (group of fruits) alongside 'Dhanvana'; In Kaideva nighantu its mentioned as a synonym of 'Mrgalindika'; Vagbhata has not given any explanation on Todana but just about 'Mrgalindika which shows a possibility that it might be 'Mrgalindika'; If it is considered as 'Dhanvana' then it might be correlated to this species,[5]
T,3,Todari,तोदरी,todarī,तोदरी,Lepidium iberis Linn.,,,[3]
T,3,Todari - prakara,तोदरी प्रकार,todarī prakāra,तोदरी प्रकार,Lepidium iberis Linn. var. alba,,,[3]
T,3,Trapusa,त्रपुस,trapusa,त्रपुस,Cucumis sativus Linn.,,,[3]
T,3,Trapusa,त्रपुस,trapusa,त्रपुस,Cucumis sativus Linn.,,,[4]
T,3,Trapusa,त्रपुस,trapusa,त्रपुस,Cucumis sativus Linn.,,,[4]
T,3,Trapusa,त्रपुस,trapusa,त्रपुस,Cucumis sativus Linn.,Accepted source,Identified with it,[1]
T,3,Trayamana,त्रायमाणा,trāyamāṇā,त्रायमाणा,Delphinium Zalil Aitch.,Suggested source,This species is used as Trayamana nowadays,[2]
T,3,Trayamana,त्रायमाणा,trāyamāṇā,त्रायमाणा,Delphinium zalil Aitch. and Hemsl.,Suggested source,As Trayamana was a drug of disputed origin this species was considered as its source,[1]
T,3,Trayamana,त्रायमाणा,trāyamāṇā,त्रायमाणा,Ficus heterophylla Linn.f.,Suggested source,As Trayamana was a drug of disputed origin this species was considered as its source,[1]
T,3,Trayamana,त्रायमाणा,trāyamāṇā,त्रायमाणा,Gentiana kurroo Royle,Accepted source,Identified with it,[1]
T,3,Trayamana,त्रायमाणा,trāyamāṇā,त्रायमाणा,Gentiana Kurroo Royle,Accepted source,Presently this species is accepted as Trayamana,[2]
T,3,Trayamana,त्रायमाणा,trāyamāṇā,त्रायमाणा,Gentiana Kurroo Royle,Suggested source,This species is used as Trayamana nowadays,[2]
T,3,Trayamana,त्रायमाणा,trāyamāṇā,त्रायमाणा,Gentiana kurroo Royle.,,,[3]
T,3,Trayamana,त्रायमाणा,trāyamāṇā,त्रायमाणा,Gentiana olivieri Griseb.,Market source,This species was being imported from outside to the Bombay market under the name Trayamana,[1]
T,3,Trayamana,त्रायमाणा,trāyamāṇā,त्रायमाणा,Thalictrum foliolosum DC.,Suggested source,As Trayamana was a drug of disputed origin this species was considered as its source,[1]
T,4,Trayamana - jati,त्रायमाणा जाति,trāyamāṇā jāti,त्रायमाणा जाति,Gentiana olivieri Griseb,,,[3]
T,4,Trikantaka,त्रिकण्टक,trikaṇṭaka,त्रिकण्टक,Acanthospermum sp.,Most probable,,[1]
T,4,Triparni,त्रिपर्णी,triparṇī,त्रिपर्णी,Uraria lagopoides Desv.,?,?,[5]
T,4,Triputaka,त्रिपुटक,tripuṭaka,त्रिपुटक,Lathyrus sativus Linn.,,,[4]
T,4,Triputaka,त्रिपुटक,tripuṭaka,त्रिपुटक,Lathyrus sativus Linn.,Most probable,This species was called by the name Triputaka,[1]
T,4,Triputaka,त्रिपुटक,tripuṭaka,त्रिपुटक,Pisum arvense Linn.,Most probable,This species was called by the name Triputaka,[1]
T,4,Triputaka,त्रिपुटक,tripuṭaka,शुण्ठी प्रकार,Zingiber mioga Rosc.,,,[3]
T,4,Triputaka,त्रिपुटक,tripuṭaka,शुण्ठी प्रकार,Zingiber zerumbet Rosc ex Sm.,,,[3]
T,4,Trivrt,त्रिवृत्,trivṛt,त्रिवृत्,Argyreia speciosa,Market source,Roots of Argyreia speciosa are sold as Trivrt in Kanpur,[2]
T,4,Trivrt,त्रिवृत्,trivṛt,त्रिवृत् श्वेता,Marsdenia sp.,?,?,[1]
T,4,Trivrt,त्रिवृत्,trivṛt,त्रिवृत्,Marsdenia tenacissima W & A,Market source,"Even though it does not possess property of Trivrt, root and stems of this species are being sold as Whire  trivrt in the market",[2]
T,4,Trivrt,त्रिवृत्,trivṛt,त्रिवृत्,Marsdenia tenassisimus,Market source,"Even though it does not possess property of Trivrt, root and stems of this species are being sold as Whire  trivrt in the market",[2]
T,4,Trivrt,त्रिवृत्,trivṛt,त्रिवृत्,Operculina turpethum,Accepted source,Trivrt is correlated to this species,[2]
T,4,Trivrt,त्रिवृत्,trivṛt,त्रिवृत्,Operculina turpethum (Linn.) Silva Manso,,,[3]
T,4,Trivrt,त्रिवृत्,trivṛt,त्रिवृत्,Operculina turpethum (Linn.) Silva Manso,Accepted source,Identified with it,[1]
T,4,Trivrt,त्रिवृत्,trivṛt,त्रिवृत्,Operculina turpethum (Linn.) Silva Manso,Accepted source,Its identified with this species,[5]
T,4,Trivrt - sveta,त्रिवृत् श्वेता,trivṛt śvetā,त्रिवृत्,Argyreia speciosa,Market source,Roots of Argyreia speciosa are sold as Trivrt in Kanpur,[2]
T,4,Trivrt - sveta,त्रिवृत् श्वेता,trivṛt śvetā,त्रिवृत् श्वेता,Marsdenia sp.,?,?,[1]
T,4,Trivrt - sveta,त्रिवृत् श्वेता,trivṛt śvetā,त्रिवृत्,Marsdenia tenacissima W & A,Market source,"Even though it does not possess property of Trivrt, root and stems of this species are being sold as Whire  trivrt in the market",[2]
T,4,Trivrt - sveta,त्रिवृत् श्वेता,trivṛt śvetā,त्रिवृत्,Marsdenia tenassisimus,Market source,"Even though it does not possess property of Trivrt, root and stems of this species are being sold as Whire  trivrt in the market",[2]
T,4,Trivrt - sveta,त्रिवृत् श्वेता,trivṛt śvetā,त्रिवृत्,Operculina turpethum,Accepted source,Trivrt is correlated to this species,[2]
T,4,Trivrt - sveta,त्रिवृत् श्वेता,trivṛt śvetā,त्रिवृत्,Operculina turpethum (Linn.) Silva Manso,,,[3]
T,4,Trivrt - sveta,त्रिवृत् श्वेता,trivṛt śvetā,त्रिवृत्,Operculina turpethum (Linn.) Silva Manso,Accepted source,Identified with it,[1]
T,4,Trivrt - sveta,त्रिवृत् श्वेता,trivṛt śvetā,त्रिवृत्,Operculina turpethum (Linn.) Silva Manso,Accepted source,Its identified with this species,[5]
T,4,Trna rasna,तृण रास्ना,tṛṇa rāsnā,तृण रास्ना,Vanda Rovburghii.,Accepted source,"According to Bengali kavirajas this is a type of Rasna, which is correlated to this species",[2]
T,4,Tuda,तूद,tūda,तूद,Morus alba Linn.,,,[4]
T,4,Tuda,तूद,tūda,तूद,Morus indica Griff.,Accepted source,Identified with it,[1]
T,4,Tuda - prajati,तूद प्रजाति,tūda prajāti,तूद प्रजाति,Morus laevigata Wall. ex Brandis.,,,[4]
T,4,Tuda - prajati,तूद प्रजाति,tūda prajāti,तूद प्रजाति,Morus nigra Linn.,,,[4]
T,4,Tuda - prajati,तूद प्रजाति,tūda prajāti,तूद प्रजाति,Morus serrata Roxb.,,,[4]
T,4,Tugaksiri,तुगाक्षीरी,tugākṣīrī,तुगाक्षीरी,Curcuma angustifolia Roxb.,Substituted source,"Tugaksiri is mentioned in the Brhatrayis but considering its references its popularity decreased in later periods and a new plant Tavaksiri was taken in its place; Commenators have identified it with Vamsalocana which creates a belief that Tugaksiri is Vamsalocana; Astanga sangraha describes the properties of Tavaksiri after Vamsalocana; So there is a possibility that due to non availability of Tugaksiri, its substitute Tavaksiri was taken which is identified with this species",[5]
T,4,Tugaksiri,तुगाक्षीरी,tugākṣīrī,तुवक्षीर,Curcuma angustifolia Roxb.,,,[3]
T,4,Tulasi,तुलसी,tulasī,तुलसी,Ocimum sanctum Linn.,,,[3]
T,4,Tulasi,तुलसी,tulasī,तुलसी,Ocimum sanctum Linn.,,,[3]
T,4,Tulasi - sveta,तुलसी श्वेता,tulasī śvetā,तुलसी श्वेता,Ocimum americanum Linn.,,,[3]
T,4,Tumburu,तुम्बुरु,tumburu,तुम्बुरु,Zanthoxylum alatum Roxb.,Accepted source,Identified with it,[1]
T,4,Tumburu,तुम्बुरु,tumburu,तुम्बुरु,Zanthoxylum sp.,Most probable,Some species of Zanthoxylum is also considered as Tumburu,[1]
T,4,Tumburu,तुम्बुरु,tumburu,तुम्बुरु,Zarthoxylum armatum DC.,Accepted source,Fruits of 'Tejovati' are known as 'Tumburu' which is identified with this species,[5]
T,4,Tundikera,तुण्डिकेर,tuṇḍikera,तुण्डिकेर,Thespesia lampas Dalz. & Gibs.,Most probable,Tundikera is considered to be this species,[1]
T,4,Turuska,तुरुष्क,turuṣka,तुरुष्क,Altingia excelsa Noronha,Accepted source,Turuska is the balsam (inferior quality) obtained from this species,[1]
T,4,Turuska,तुरुष्क,turuṣka,तुरुष्क,Liquidamber orientalis Miller.,Accepted source,Turuska is the balsam obtained from this species,[1]
T,4,Turuska,तुरुष्क,turuṣka,तुरुष्क,Liquidamber styracifolia Linn.,Accepted source,Turuska is the balsam obtained from this species,[1]
T,4,Turuska,तुरुष्क,turuṣka,तुरुष्क,Styrax officinalis Linn.,Accepted source,Turuska' has been cited only at a single place in Caraka samhita; It has been used in different disease conditions as mentioned in Susruta samhita and Astanga sangraha; 'Turuska' is the gum resin of this identified species,[5]
T,4,Tuvaksira,तुवक्षीर,tuvakṣīra,तुगाक्षीरी,Curcuma angustifolia Roxb.,Substituted source,"Tugaksiri is mentioned in the Brhatrayis but considering its references its popularity decreased in later periods and a new plant Tavaksiri was taken in its place; Commenators have identified it with Vamsalocana which creates a belief that Tugaksiri is Vamsalocana; Astanga sangraha describes the properties of Tavaksiri after Vamsalocana; So there is a possibility that due to non availability of Tugaksiri, its substitute Tavaksiri was taken which is identified with this species",[5]
T,4,Tuvaksira,तुवक्षीर,tuvakṣīra,तुवक्षीर,Curcuma angustifolia Roxb.,,,[3]
T,4,Tuvara,तुवर,tuvara,तुवरक,Avicenna officinalis Linn.,Controversial,Some consider 'Tiviriya' which is identified with this species as Tuvaraka; This is considered as a misapprehension by the author,[5]
T,4,Tuvara,तुवर,tuvara,तुवर,Avicennia officinalis Linn.,Most probable,Some have identified Tuvaraka with this species,[1]
T,4,Tuvara,तुवर,tuvara,तुवर,Gynocardia odorata R. Br.,Controversial,Previously it was considered as Tuvaraka but it doesn’t possess any of its properties,[1]
T,4,Tuvara,तुवर,tuvara,तुवरक,Hydnocarpus kurzii (King) Warb.,,,[3]
T,4,Tuvara,तुवर,tuvara,तुवर,Hydnocarpus kurzii King.,Suggested source 1,Identified with it,[1]
T,4,Tuvara,तुवर,tuvara,तुवरक,Hydnocarpus laurifolia (Dennst) Sleumer.,Accepted source,"Tuvaraka has been mentioned in Caraka samhita and described briefly by Susruta and Vagbhata; In his commentary Dalhana has described it as a plant having leaves like 'Kesara', fruits resembling 'Kapittha'; Its identified with this species",[5]
T,4,Tuvara,तुवर,tuvara,तुवरक,Hydnocarpus laurifolia (Dennst.) Sleumer.,,,[3]
T,4,Tuvara,तुवर,tuvara,तुवर,Hydnocarpus wightiana Blume,Suggested source 2,Identified with it,[1]
T,4,Tuvaraka,तुवरक,tuvaraka,तुवरक,Avicenna officinalis Linn.,Controversial,Some consider 'Tiviriya' which is identified with this species as Tuvaraka; This is considered as a misapprehension by the author,[5]
T,4,Tuvaraka,तुवरक,tuvaraka,तुवर,Avicennia officinalis Linn.,Most probable,Some have identified Tuvaraka with this species,[1]
T,4,Tuvaraka,तुवरक,tuvaraka,तुवर,Gynocardia odorata R. Br.,Controversial,Previously it was considered as Tuvaraka but it doesn’t possess any of its properties,[1]
T,4,Tuvaraka,तुवरक,tuvaraka,तुवरक,Hydnocarpus kurzii (King) Warb.,,,[3]
T,4,Tuvaraka,तुवरक,tuvaraka,तुवर,Hydnocarpus kurzii King.,Suggested source 1,Identified with it,[1]
T,4,Tuvaraka,तुवरक,tuvaraka,तुवरक,Hydnocarpus laurifolia (Dennst) Sleumer.,Accepted source,"Tuvaraka has been mentioned in Caraka samhita and described briefly by Susruta and Vagbhata; In his commentary Dalhana has described it as a plant having leaves like 'Kesara', fruits resembling 'Kapittha'; Its identified with this species",[5]
T,4,Tuvaraka,तुवरक,tuvaraka,तुवरक,Hydnocarpus laurifolia (Dennst.) Sleumer.,,,[3]
T,4,Tuvaraka,तुवरक,tuvaraka,तुवर,Hydnocarpus wightiana Blume,Suggested source 2,Identified with it,[1]
T,4,Tuvari,तुवरी,tuvarī,तुवरी,Cajanus cajan (Linn.) Mill sp.,Controversial,"Widely known in Vagbhata; Its referred by many names like 'Adhaki', 'Saurastri', 'Sphatika' and 'Tori'; The word 'Tuvara' depicts kasaya rasa (astringent taste) and all the above drugs are predominant in this taste; Many meanings can be derived from this word so needs to be studied; Adhaki is correlated to this species",[5]
T,4,Tuvari,तुवरी,tuvarī,तुवरी,Eruca sativa Mill.,,,[4]
T,4,Tuvari,तुवरी,tuvarī,तुवरी,Eruca sativa Mill.,Controversial,"Widely known in Vagbhata; Its referred by many names like 'Adhaki', 'Saurastri', 'Sphatika' and 'Tori'; The word 'Tuvara' depicts kasaya rasa (astringent taste) and all the above drugs are predominant in this taste; Many meanings can be derived from this word so needs to be studied; Tori is correlated to this species",[5]
T,4,Tvak,त्वक्,tvak,त्वक्,Cinnamomum cassia,Accepted source,This species is of the China variety; Tvak is identified with this species,[2]
T,4,Tvak,त्वक्,tvak,त्वक्,Cinnamomum tamala,?,?,[2]
T,4,Tvak,त्वक्,tvak,त्वक्,Cinnamomum tamala,Accepted source,Tvak is identified with this species,[2]
T,4,Tvak,त्वक्,tvak,त्वक् प्रकार,Cinnamomum tamala Nees & Eberm.,,,[3]
T,4,Tvak,त्वक्,tvak,त्वक्,Cinnamomum zeylanicum,Accepted source,Tvak is identified with this species,[2]
T,4,Tvak,त्वक्,tvak,त्वक्,Cinnamomum zeylanicum Blume,Accepted source,Identified with it,[1]
T,4,Tvak,त्वक्,tvak,त्वक्,Cinnamomum zeylanicum Blume,Accepted source,Identified with it,[1]
T,4,Tvak,त्वक्,tvak,त्वक्,Cinnamomum zeylanicum Blume,Accepted source,Identified with it,[1]
T,4,Tvak,त्वक्,tvak,त्वक्,Cinnamomum zeylanicum Blume,Accepted source,Identified with it,[1]
T,4,Tvak,त्वक्,tvak,त्वक्,Cinnamomum zeylanicum Breyn.,,,[3]
T,5,Tvak - prakara,त्वक् प्रकार,tvak prakāra,त्वक्,Cinnamomum cassia,Accepted source,This species is of the China variety; Tvak is identified with this species,[2]
T,5,Tvak - prakara,त्वक् प्रकार,tvak prakāra,त्वक्,Cinnamomum tamala,?,?,[2]
T,5,Tvak - prakara,त्वक् प्रकार,tvak prakāra,त्वक्,Cinnamomum tamala,Accepted source,Tvak is identified with this species,[2]
T,5,Tvak - prakara,त्वक् प्रकार,tvak prakāra,त्वक् प्रकार,Cinnamomum tamala Nees & Eberm.,,,[3]
T,5,Tvak - prakara,त्वक् प्रकार,tvak prakāra,त्वक्,Cinnamomum zeylanicum,Accepted source,Tvak is identified with this species,[2]
T,5,Tvak - prakara,त्वक् प्रकार,tvak prakāra,त्वक्,Cinnamomum zeylanicum Blume,Accepted source,Identified with it,[1]
T,5,Tvak - prakara,त्वक् प्रकार,tvak prakāra,त्वक्,Cinnamomum zeylanicum Blume,Accepted source,Identified with it,[1]
T,5,Tvak - prakara,त्वक् प्रकार,tvak prakāra,त्वक्,Cinnamomum zeylanicum Blume,Accepted source,Identified with it,[1]
T,5,Tvak - prakara,त्वक् प्रकार,tvak prakāra,त्वक्,Cinnamomum zeylanicum Blume,Accepted source,Identified with it,[1]
T,5,Tvak - prakara,त्वक् प्रकार,tvak prakāra,त्वक्,Cinnamomum zeylanicum Breyn.,,,[3]
U,1,Uccata,उच्चटा,uccaṭā,उच्चटक,Blepharis boerhaavifolia Pers.,Suggested source,This species needs to be examined,[1]
U,1,Uccata,उच्चटा,uccaṭā,उच्चटा,Blepharis edulis,Suggested source,The author has identified Uccata with this species which needs further studies,[2]
U,1,Uccata,उच्चटा,uccaṭā,उच्चटक,Blepharis edulis Pers.,Suggested source,This species is being used at present as Uccataka,[1]
U,1,Uccata,उच्चटा,uccaṭā,उच्चटा,Blepharis indica,Market source,This species is sold in the markets as Uccata,[2]
U,1,Uccata,उच्चटा,uccaṭā,उच्चटक,Blepharis molluginifolia Pers.,Suggested source,This species needs to be examined,[1]
U,1,Uccata,उच्चटा,uccaṭā,उच्चटा,Cyperus Sp.,Most probable,"During various periods there was a transition in the name of 'Uccata' and other drugs were used as Uccata; In primal times they use to consider this as 'Musta visesha', medieval times as 'Sveta gunja' and presently they consider it as 'Uttangana bija'; With regard to the above texts it should be considered as 'Musta visesha' which is correlated to this species",[5]
U,1,Uccataka,उच्चटक,uccaṭaka,उच्चटक,Blepharis boerhaavifolia Pers.,Suggested source,This species needs to be examined,[1]
U,1,Uccataka,उच्चटक,uccaṭaka,उच्चटा,Blepharis edulis,Suggested source,The author has identified Uccata with this species which needs further studies,[2]
U,1,Uccataka,उच्चटक,uccaṭaka,उच्चटक,Blepharis edulis Pers.,Suggested source,This species is being used at present as Uccataka,[1]
U,1,Uccataka,उच्चटक,uccaṭaka,उच्चटा,Blepharis indica,Market source,This species is sold in the markets as Uccata,[2]
U,1,Uccataka,उच्चटक,uccaṭaka,उच्चटक,Blepharis molluginifolia Pers.,Suggested source,This species needs to be examined,[1]
U,1,Uccataka,उच्चटक,uccaṭaka,उच्चटा,Cyperus Sp.,Most probable,"During various periods there was a transition in the name of 'Uccata' and other drugs were used as Uccata; In primal times they use to consider this as 'Musta visesha', medieval times as 'Sveta gunja' and presently they consider it as 'Uttangana bija'; With regard to the above texts it should be considered as 'Musta visesha' which is correlated to this species",[5]
U,1,Uddala,उद्दाला,uddālā,उद्दाला,Sterculia villosa Roxb.,Most probable,Uddala is identified with a different plant called Odara which is correlated with this species,[1]
U,1,Uddalaka,उद्दालक,uddālaka,उद्दालक,Bauhinia variegata (A variety),Accepted source,Identified with this species,[5]
U,1,Uddalaka,उद्दालक,uddālaka,उद्दालक,Paspalum scrobiculatum,Accepted source,Uddalaka is correlated to this species,[2]
U,1,Uddalaka,उद्दालक,uddālaka,उद्दालक,Paspalum scrobiculatum,Most probable,Some of them identify Uddalaka as Kodrava which is correlated to this species,[2]
U,1,Udicya,उदीच्य,udīcya,उदीच्य,Cyperus Sp.,?,?,[5]
U,1,Udumbara,उदुम्बर,udumbara,उदुम्बर,Fagopyrum tataricum Gaertn.,?,?,[5]
U,1,Udumbara,उदुम्बर,udumbara,उदुम्बर,Ficus glomerata Roxb.,,,[3]
U,1,Udumbara,उदुम्बर,udumbara,उदुम्बर,Ficus glomerata Roxb.,,,[4]
U,1,Udumbara,उदुम्बर,udumbara,उदुम्बर,Ficus racemosa Linn.,Accepted source,Identified with it,[1]
U,1,Udumbara,उदुम्बर,udumbara,उदुम्बर,Ficus racemosa Linn.,Accepted source,Identified with it,[1]
U,1,Upakuncika,उपकुञ्चिका,upakuñcikā,उपकुञ्चिका,Nigella sativa Linn.,Accepted source,Identified with it,[1]
U,1,Upakuncika,उपकुञ्चिका,upakuñcikā,उपकुञ्चिका,Nigella sativa Linn.,Accepted source,Dalhana has interpreted 'Upakuncika' as a variety of 'Jiraka'; Its identified with this species,[5]
U,1,Upodika,उपोदिका,upodikā,उपोदिका,Basella alba Linn.,Suggested source 2,Identified with it,[1]
U,1,Upodika,उपोदिका,upodikā,उपोदिका,Basella rubra Linn.,,,[4]
U,1,Upodika,उपोदिका,upodikā,उपोदिका,Basella rubra Linn.,Suggested source 1,Identified with it,[1]
U,1,Urumana,उरुमाण,urumāṇa,उरुमाण,Prunus armeniaca Linn.,,,[4]
U,1,Urumana,उरुमाण,urumāṇa,उरुमाण,Prunus armeniaca Linn.,Most probable,Considered to be one of the fruits of Northern Himalayas called Khubani which is correlated to this species,[1]
U,1,Urvaruka,उर्वारुक,urvāruka,उर्वारुक,Cucumis melo Linn.,Accepted source,Identified with it,[1]
U,1,Usaka,ऊषक,ūṣaka,ऊषक,Dorema ammoniacum D. Don.,,,[3]
U,1,Usaka,ऊषक,ūṣaka,ऊषक,Dorema amuoniacum D. Don.,Accepted source,In Arabia there is a drug called 'Usaka' which is correlated to this species; It has similar properties as mentioned in the ancient texts like Susruta and hence it is identified with this species,[5]
U,1,Usira,उशीर,uśīra,उशीर,Vetiveria zizanioides (Linn.) Nash,Accepted source,Identified with it,[1]
U,1,Usira,उशीर,uśīra,उशीर,Vetiveria zizanioides (Linn.) Wash.,Accepted source,Usira' is identified with this species,[5]
U,1,Usira,उशीर,uśīra,उशीर,Vetiveria zizanioidis (Linn.) Nash.,,,[3]
U,1,Usnasundara,उष्णसुन्दर,uṣṇasundara,उष्णसुन्दर,Glinus oppositifolius,Accepted source,Identified with this species,[5]
U,1,Ustrakandi,उष्ट्रकाण्डी,uṣṭrakāṇḍī,उष्ट्रकाण्डी,Blepharis edulis Pers.,Accepted source,Identified with it; This species is considered to be an exotic plant,[5]
U,1,Utangana,उटङ्गन,uṭaṅgana,उटङ्गन,Blepharis edulis Pers.,,,[3]
U,1,Utpala,उत्पल,utpala,उत्पल,Nymphaea stellata Willd.,Accepted source,Identified with it,[1]
U,1,Utpala,उत्पल,utpala,उत्पल,Nymphoea stellata Willd.,,,[3]
U,1,Uttamarani,उत्तमारणी,uttamāraṇī,उत्तमारणी,Pergularia extensa,Accepted source,Its identified with this species,[5]
U,1,Uttamarani,उत्तमारणी,uttamāraṇī,उत्तमारणी,Pergularia extensa N. E. Br.,Most probable,Dalhana has identified it with Uttamakarani which may be correlated to this species,[1]
U,1,Uttundaka,उत्तुण्डुक,uttuṇḍuka,उत्तुण्डुक,Echinops echinatus Roxb.,Accepted source,Identified with this species; Has been mentioned in Sodala nighantu and popularly known as 'Untkataara',[5]
U,1,Uttundiki,उत्तुण्डिकी,uttuṇḍikī,उत्तुण्डिकी,Coccinia indica W. and A.,Suggested source 1,Identified with it,[1]
U,1,Uttundiki,उत्तुण्डिकी,uttuṇḍikī,उत्तुण्डिकी,Trichosanthes cucumerina Linn.,Suggested source 2,Identified with it,[1]
V,1,Vaca,वचा,vacā,वचा,Acorus calamus Linn.,,,[3]
V,1,Vaca,वचा,vacā,वचा,Acorus calamus Linn.,Accepted source,Identified with it,[1]
V,1,Vaca,वचा,vacā,वचा,Acorus calamus Linn.,Accepted source,Vaca is identified with this species,[2]
V,1,Vaca,वचा,vacā,वचा,Acorus calamus Linn.,Accepted source,Vaca is identified with this species,[5]
V,1,Vaca,वचा,vacā,वचा,Acorus calamus Linn.,Accepted source,Vaca is identified with this species,[5]
V,1,Vaca - jati,वचा जाति,vacā jāti,वचा जाति,Iris germanica Linn.,,,[3]
V,1,Vaca - sveta,वचा श्वेता,vacā śvetā,वचा श्वेता,Acorus calamus Linn.,?,?,[2]
V,1,Vaca - sveta,वचा श्वेता,vacā śvetā,वचा श्वेता,Iris ensata Thunb.,Suggested source,This species is suggested which needs to be examined,[1]
V,1,Vaca - sveta,वचा श्वेता,vacā śvetā,वचा श्वेता,Iris germanica Linn.,Suggested source,This species may be identified as its source,[1]
V,1,Vaca - sveta,वचा श्वेता,vacā śvetā,वचा श्वेता,Iris kumaonensis Wall.,Suggested source,This species is suggested which needs to be examined,[1]
V,1,Vaca - sveta,वचा श्वेता,vacā śvetā,वचा श्वेता,Iris nepalensis D. Don.,Suggested source,This species is suggested which needs to be examined,[1]
V,1,Vaca - sveta,वचा श्वेता,vacā śvetā,वचा श्वेता,Paris polyphylla,Market source,This species is known as the white variety of Vaca and large tubers of these are sold in the market,[2]
V,1,Vaca - sveta,वचा श्वेता,vacā śvetā,वचा श्वेता,Paris polyphylla Sm.,Suggested source,This species is suggested which needs to be examined,[1]
V,1,Vacchula,वच्छूल,vacchūla,वच्छूल,Acacia sp.,Most probable,"With regard to its features and properties, 'Vacchula' may be considered as a variety of 'Babbula' and hence may be correlated to this species",[5]
V,1,Vacchula,वच्छूल,vacchūla,वच्छूल,Mimosa hamata.,Accepted source,According to the author it is identified with this species and popularly known in Gujarat as 'Kaasi baaval',[5]
V,1,Vajrakanda,वज्रकन्द,vajrakanda,वज्रकन्द,Urginea indica Kunth.,Accepted source,Its identified with this species; Popularly known in Madhya Pradesh as 'Vajjurakanda',[5]
V,1,Vajranna,वज्रान्न,vajrānna,वज्रान्न,Pennisetum typhoides Burm.f.Stapf & Habbard,,,[4]
V,1,Vajraprokta,वज्रप्रोक्ता,vajraproktā,वज्रप्रोक्ता,Amorphophalllus sylvaticus (Roxb.) Kunth,Suggested source,Dalhana has identified it with Vajrakanda which may be considered as this species,[1]
V,1,Vajraprokta,वज्रप्रोक्ता,vajraproktā,वज्रप्रोक्ता,Plesmonium margaritiferum (Roxb.) Schott.,Suggested source,Dalhana has identified it with Vajrakanda which may be considered as this species,[1]
V,1,Vajravalli,वज्रवल्ली,vajravallī,वज्रवल्ली,Celosia argentea,Accepted source,Vajravalli is identified with this species,[2]
V,1,Vajravalli,वज्रवल्ली,vajravallī,वज्रवल्ली,Euphorbia nivulia,Suggested source,This species is taken into consideration as Vajra is the synonym of Snuhi and Snuhi is correlated to this species but there are other facts to be considered regarding this plant,[2]
V,1,Valli haridra,वल्लीहरिद्रा,vallīharidrā,वल्लीहरिद्रा,Coscinum ferestratum,Accepted source,Valli haridra is identified with this species,[2]
V,1,Valliyaka,वल्लियक,valliyaka,वल्लियक,Aerva javanica,Suggested source,Vaidya Bapalal has identified the plant with this species but a look at its synonyms portrays it to be some other species,[5]
V,1,Vamsa,वंश,vaṃśa,वंश,Bambusa arundinacea Willd.,,,[3]
V,1,Vamsa,वंश,vaṃśa,वंश,Bambusa arundinacea Willd.,Accepted source,Identified with it,[1]
V,1,Vanaharidra,वनहरिद्रा,vanaharidrā,वनहरिद्रा,Curcuma aromatica Salisb.,,,[3]
V,1,Vanamuli,वनमूली,vanamūlī,वनमूली,Euphorbia acaulis Roxb.,Accepted source,Identified with it,[1]
V,1,Vanamuli,वनमूली,vanamūlī,वनमूली,Euphorbia acaulis Roxb.,Accepted source,Identified with it,[1]
V,1,Vanapalandu,वनपलाण्डु,vanapalāṇḍu,वनपलाण्डु,Urginea indica Kunth.,,,[3]
V,1,Vanapippali,वनपिप्पली,vanapippalī,वनपिप्पली,Piper sylvaticum Roxb.,,,[3]
V,1,Vanatiktaka,वनतिक्तका,vanatiktakā,वनतिक्तका,Glinus sp.,Most probable,"Cakrapani has identified this with Pathyasundara which may be the same as Grishmasundara, which has been identified with this species",[1]
V,1,Vanatiktaka,वनतिक्तका,vanatiktakā,वनतिक्तका,Mollugo sp.,Most probable,"Cakrapani has identified this with Pathyasundara which may be the same as Grishmasundara, which has been identified with this species",[1]
V,1,Vanatrapusi,वनत्रपुषी,vanatrapuṣī,वनत्रपुषी,Podophyllum hexandrum Royle.,,,[3]
V,1,Vandaka,वन्दाक,vandāka,वन्दाक,Loranthus longiflorus Desr.,Accepted source,Identified with it,[1]
V,1,Vanira,वानीर,vānīra,वञ्जुल,Salix sp.,Most probable,With regard to its habitat it is considered as the most probable species,[1]
V,1,Vanira,वानीर,vānīra,वानीर,Salix tetrasperma Roxb.,Accepted source,Vanira is identified with this species,[5]
V,1,Vanira,वानीर,vānīra,वञ्जुल,Salix tetrasperma Roxb.,Most probable,Most probably identified with this species,[1]
V,1,Vanjula,वञ्जुल,vañjula,वञ्जुल,Salix sp.,Most probable,With regard to its habitat it is considered as the most probable species,[1]
V,1,Vanjula,वञ्जुल,vañjula,वानीर,Salix tetrasperma Roxb.,Accepted source,Vanira is identified with this species,[5]
V,1,Vanjula,वञ्जुल,vañjula,वञ्जुल,Salix tetrasperma Roxb.,Most probable,Most probably identified with this species,[1]
V,2,Vanyakulattha,वन्यकुलत्थ,vanyakulattha,वन्यकुलत्थ,Cassia absus Linn.,Accepted source,Identified with it,[1]
V,2,Varahamadana,वाराहमदन,vārāhamadana,वाराहमदन,Randia sp.,Accepted source,In Raja nighantu it is interpreted as 'Mahapinditaka' which is a variety of 'Madana'; It is identified with this species,[5]
V,2,Varahi,वाराही,vārāhī,वाराही,Dioscorea bulbifera Linn.,,,[3]
V,2,Varahi,वाराही,vārāhī,वाराही,Dioscorea bulbifera Linn.,Accepted source,Varahi is correlated to this species,[2]
V,2,Varahi,वाराही,vārāhī,वाराही,Dioscorea sp.,Most probable,Some consider this species to be the common Varahi,[1]
V,2,Varahi,वाराही,vārāhī,वाराही,Tacca aspera Roxb,Most probable,V G Desai correlates Tacca aspera to Varahikanda,[2]
V,2,Varahi,वाराही,vārāhī,वाराही,Tacca aspera Roxb.,Most probable,On basis of its popular name 'Dukara' this species is considered to be its source,[1]
V,2,Varaka,वरक,varaka,वरक,Echinochloa colonum Link.,Most probable,"Originally 'Varaka' was mentioned along with drugs like 'Syamaka', 'Uddalaka', 'Koradusa' so it was considered as a type of 'Syamaka' or a type of 'Koradusa'; Cakrapani has also emphasised this as a type of 'Syamaka' so most probably it is correlated to this species",[5]
V,2,Varanga,वराङ्ग,varāṅga,वराङ्ग,Cinnamomum tamala Nees.,Accepted source,Identified with this species,[5]
V,2,Varanga,वराङ्ग,varāṅga,वराङ्ग,Cinnamomum zeylanicum Blume.,Accepted source,Identified with this species,[5]
V,2,Varsabhu,वर्षाभू,varṣābhū,वर्षाभू,Trianthema portulacastrum Linn.,Accepted source,Identified with it,[1]
V,2,Vartaka,वार्ताक,vārtāka,वार्ताक,Solanum melongena Linn.,Accepted source,Identified with it,[1]
V,2,Varuna,वरुण,varuṇa,वरुण,Crataeva nurvala Buch-Ham.,,,[3]
V,2,Varuna,वरुण,varuṇa,वरुण,Crataeva nurvala Buch.-Ham.,Accepted source,Identified with it,[1]
V,2,Vasa,वासा,vāsā,वासा,Adhatoda vasica Nees.,,,[3]
V,2,Vasa,वासा,vāsā,वासक,Adhatoda vasica Nees.,Accepted source,Identified with it,[1]
V,2,Vasa - krsna,वासा कृष्णा,vāsā kṛṣṇā,वासा कृष्णा,Adhatoda beddomei Clarke,,,[3]
V,2,Vasa - krsna,वासा कृष्णा,vāsā kṛṣṇā,वासा कृष्णा,Justicia gendarussa Linn. f.,,,[3]
V,2,Vasaka,वासक,vāsaka,वासा,Adhatoda vasica Nees.,,,[3]
V,2,Vasaka,वासक,vāsaka,वासक,Adhatoda vasica Nees.,Accepted source,Identified with it,[1]
V,2,Vasira,वशिर,vaśira,वशिर,Eleusine aegyptica Desf.,Accepted source,With regard to its properties it is identified with this species,[5]
V,2,Vastuka,वास्तुक,vāstuka,वास्तुक,Chenopodium murale Linn.,,,[4]
V,2,Vastuka,वास्तुक,vāstuka,वास्तुक,Chenopodium murale Linn.,Accepted source,Identified with it,[1]
V,2,Vastuka - prakara,वास्तुक प्रकार,vāstuka prakāra,वास्तुक प्रकार,Chenopodium album Linn.,,,[4]
V,2,Vasuka,वसुक,vasuka,वसुक,Calotropis Gigantea,Accepted source,Vasuka is correlated to this species,[2]
V,2,Vasuka,वसुक,vasuka,वसुक,Calotropis sp.,Suggested source,This species needs to be examined if can be used as Vasuka,[1]
V,2,Vasuka,वसुक,vasuka,वसुक,Osmanthus fragrans Lour.,Accepted source,Vasuka' was described by Dalhana giving synonyms like 'Bakapuspa' and 'Shivamallika'; Based on this 'Vasuka' is identified with this species,[5]
V,2,Vasuka,वसुक,vasuka,वसुक,Osmanthus fragrans Lour.,Most probable,Has been identified with this species but it needs to be examined for its properties whether it has similarities with the plant properties mentioned in the texts,[1]
V,2,Vasuka,वसुक,vasuka,वसुक,Premna barbata Wall.,Most probable,Cakrapani has identified this with another plant which may be Premna barbata,[1]
V,2,Vasuka,वसुक,vasuka,वसुक,Premna barbata Wall.,Substituted source,Cakrapani has interpreted it as 'Basuhattaka' which is identified with this species; It was used as its substitute,[5]
V,2,Vasuka,वसुक,vasuka,वसुक,Trianthema sp.,Suggested source,This species needs to be examined if can be used as Vasuka,[1]
V,2,Vata,वट,vaṭa,वट,Ficus bengalensis Linn.,,,[3]
V,2,Vata,वट,vaṭa,वट,Ficus bengalensis Linn.,Accepted source,Identified with it,[1]
V,2,Vata,वट,vaṭa,वट,Ficus bengalensis Linn.,Accepted source,Identified with it,[1]
V,2,Vatama,वाताम,vātāma,वाताम,Prunus amygdalus Batsch.,,,[4]
V,2,Vatama,वाताम,vātāma,वाताम,Prunus amygdalus Batsch.,Accepted source,Identified with it,[1]
V,2,Vatama - prakara,वाताम प्रकार,vātāma prakāra,वाताम प्रकार,Prunus amygdalus Batsch. var amara,,,[4]
V,2,Vatama - prakara,वाताम प्रकार,vātāma prakāra,वाताम प्रकार,Prunus amygdalus Batsch. var sativa,,,[4]
V,2,Vatsadani,वत्सादनी,vatsādanī,वत्सादनी,Cocculus hirsutus (Linn.) Diels.,Most probable,Usually considered to be a synonym of Guduci but Dalhana identifies it with another plant,[1]
V,2,Vatsadani,वत्सादनी,vatsādanī,वत्सादनी,Cocculus hirsutus (Linn.) Diels.,Most probable,"In the nighantus it is mentioned as a synonym of Guduci but in the samhitas it is mentioned as an exclusive drug; It’s a type of creeper, eaten a lot by calves; Based on the above some of them consider this as 'Vasanvel' which is correlated to this species",[5]
V,2,Vatsadani,वत्सादनी,vatsādanī,वत्सादनी,Tinospora crispa (Linn.) Miers ex. Hook f. & Thoms,Accepted source,This species is correlated to a variety of Guduci which is  known as ‘Padmaguduci or Kandaguduci’. Leaves appear  big and triangular in shape,[3]
V,2,Vatsadani,वत्सादनी,vatsādanī,गुडूची जाति,Tinospora crispa (Linn.) Miers ex. Hook f. & Thoms,Accepted source,This species is correlated to a variety of Guduci which is  known as ‘Padmaguduci or Kandaguduci’. Leaves appear  big and triangular in shape,[3]
V,2,Vatsadani,वत्सादनी,vatsādanī,वत्सादनी,Tinospora sinensis (Lour.) Merill,Accepted source,This species is correlated to a variety of Guduci which is  known as ‘Padmaguduci or Kandaguduci’. Leaves appear  big and triangular in shape,[3]
V,2,Vatsadani,वत्सादनी,vatsādanī,गुडूची जाति,Tinospora sinensis (Lour.) Merill,Accepted source,This species is correlated to a variety of Guduci which is  known as ‘Padmaguduci or Kandaguduci’. Leaves appear  big and triangular in shape,[3]
V,2,Vatsadani,वत्सादनी,vatsādanī,वत्सादनी,Tinospora sinensis (Lour.) Merill.,Accepted source,"In the nighantus, 'Vatsadani' is considered as a synonym of 'Guduci' but referance of ancient texts depict it to be a different drug from 'Guduci'; It’s a creeper which is a favourite of goats and hence its name 'Vatsadani'; In Abhidhanaratnamala, 'Vatsadani' is mentioned under the group of sweet drugs and 'Guduci' under the group of bitter drugs but there is also a mention of 'Vatsadani' as a synonym of 'Guduci' which shows that it should be variety of 'Guduci' hence identified with this species and which is popularly known as 'Padmaguduci'",[5]
V,2,Vatsanabha,वत्सनाभ,vatsanābha,वत्सनाभ,Aconitum chasmanthum,?,?,[2]
V,2,Vatsanabha,वत्सनाभ,vatsanābha,वत्सनाभ,Aconitum chasmanthum Stapf ex Holmes.,Most probable,This is the most preferred species to be used for Vatsanabha,[1]
V,2,Vatsanabha,वत्सनाभ,vatsanābha,वत्सनाभ,Aconitum ferox,Accepted source,Vatsanabha is identified with this species,[2]
V,2,Vatsanabha,वत्सनाभ,vatsanābha,वत्सनाभ,Aconitum ferox Wall ex Seringe,,,[3]
V,3,Vatsanabha - prajati,वत्सनाभ प्रजाति,vatsanābha prajāti,वत्सनाभ प्रजाति,Aconitum balfourii Stapf.,,,[3]
V,3,Vatsanabha - prajati,वत्सनाभ प्रजाति,vatsanābha prajāti,वत्सनाभ प्रजाति,Aconitum chasmanthum Stapf ex Holmes.,,,[3]
V,3,Vatsanabha - prajati,वत्सनाभ प्रजाति,vatsanābha prajāti,वत्सनाभ प्रजाति,Aconitum deinorrhizum Stapf.,,,[3]
V,3,Vatsanabha - prajati,वत्सनाभ प्रजाति,vatsanābha prajāti,वत्सनाभ प्रजाति,Aconitum falconeri Stapf.,,,[3]
V,3,Vatyapuspi,वाट्यपुष्पी,vāṭyapuṣpī,वाट्यपुष्पी,Sida sp.,Accepted source,It is said to be an yellow flowered variety of Bala which is correlated to Sida species,[1]
V,3,Vatyapuspi,वाट्यपुष्पी,vāṭyapuṣpī,वाट्यायनी,Sida spinosa Linn.,Most probable,According to Cakrapani it is a white flowered variety of Bala which is correlated to this species,[1]
V,3,Vatyayani,वाट्यायनी,vāṭyāyanī,वाट्यपुष्पी,Sida sp.,Accepted source,It is said to be an yellow flowered variety of Bala which is correlated to Sida species,[1]
V,3,Vatyayani,वाट्यायनी,vāṭyāyanī,वाट्यायनी,Sida spinosa Linn.,Most probable,According to Cakrapani it is a white flowered variety of Bala which is correlated to this species,[1]
V,3,Vayasapiluka,वाट्य,vāṭyapīluka,वाट्य,Diospyros montana Roxb.,Accepted source,Has been mentioned just once in Caraka samhita; It is identified with this species and popularly known as 'Kendu' or 'Bisatendu',[5]
V,3,Vayasi,वायसी,vāyasī,वायसी,Physalis minima Linn.,Accepted source,Vayasi' has been cited in the Brhatrayis; Cakrapani has interpreted it as 'Kakamaci'; Dalhana at one place has interpreted it as 'Kakatikta' and at another place as 'Kakamaci'; In one formulation 'Vayasi' and 'Kakamaci' are mentioned seperately so it can be confirmed that they are 2 different drugs; 'Vayasi' is identified as 'Kakatikta' and correlated to this species,[5]
V,3,Venupatrika,वेणुपत्रिका,veṇupatrikā,वेणुपत्रिका,Setaria glauca Beauv.,Controversial,Venupatrika has not been identified hence Vamsapatra has been recommended for use which may be correlated to Setaria glauca,[1]
V,3,Venupatrika,वेणुपत्रिका,veṇupatrikā,वेणुपत्रिका,Setaria glauca Beauv.,Suggested source,Venupatrika' has been mentioned only in Susruta samhita. Dalhana has interpreted it as 'Vamsa patra'; Based on this it may be identified with this species,[5]
V,3,Vetasa,वेतस,vetasa,वेतस,Salix acmophylla Boiss.,Suggested source,This species may be treated as a variety of it,[1]
V,3,Vetasa,वेतस,vetasa,वेतस,Salix alba Linn.,Suggested source,This species may be treated as a variety of it,[1]
V,3,Vetasa,वेतस,vetasa,वेतस,Salix caprea Linn.,,,[3]
V,3,Vetasa,वेतस,vetasa,वेतस,Salix caprea Linn.,Accepted source,Identified with it,[1]
V,3,Vetasa,वेतस,vetasa,वेतस,Salix caprea Linn.,Accepted source,Identified with it,[1]
V,3,Vetasa,वेतस,vetasa,वेतस,Salix caprea Linn.,Accepted source,It is identified with this species,[5]
V,3,Vetasa,वेतस,vetasa,वेतस,Salix caprea Linn.,Suggested source,This species may be treated as a variety of it,[1]
V,3,Vetasa,वेतस,vetasa,वेतस,Salix sp.,Most probable,Thakur Balwant Singh has identified it with this species,[5]
V,3,Vetasa,वेतस,vetasa,वेतस,Salix tetrasperma Roxb.,Accepted source,Vetasa is correlated to this species,[2]
V,3,Vetasa,वेतस,vetasa,वेतस,Salix tetrasperma Roxb.,Suggested source,This species may be treated as a variety of it,[1]
V,3,Vetra,वेत्र,vetra,वेत्र,Calamus sp.,Accepted source,Identified with this species,[5]
V,3,Vetra,वेत्र,vetra,वेत्र,Calamus tenuis,Accepted source,Thakur Balwant Singh has identified 'Vetra' with this species,[5]
V,3,Vetra,वेत्र,vetra,वेत्र,Calamus tenuis Roxb.,Accepted source,Identified with it,[1]
V,3,Vidanga,विडङ्ग,viḍaṅga,विडङ्ग,Embelia ribes Burm.,,,[3]
V,3,Vidanga,विडङ्ग,viḍaṅga,विडङ्ग,Embelia ribes Burm.f.,Accepted source,Identified with it,[1]
V,3,Vidanga,विडङ्ग,viḍaṅga,विडङ्ग,Embelia robusta C. B. Clarke,Market source,This species have been used as its substitute which have more or less similar properties,[1]
V,3,Vidanga,विडङ्ग,viḍaṅga,विडङ्ग,Embellia ribes,Accepted source,Vidanga is correlated to this species,[2]
V,3,Vidanga,विडङ्ग,viḍaṅga,विडङ्ग,Embellia tsjeriam,Adulterated source,This species is used as an adulterant for Vidanga,[2]
V,3,Vidanga,विडङ्ग,viḍaṅga,विडङ्ग,Myrsine africana Linn.,,,[3]
V,3,Vidanga - prajati,विडङ्ग प्रजाति,viḍaṅga prajāti,विडङ्ग प्रजाति,Embelia tsjeriam-cottam A. DC.,,,[3]
V,3,Vidari,विदारी,vidārī,विदारी,Dioscorea pentaphylla Linn.,Suggested source,This species is suggested on basis of its features(plenty of latex in all its parts) and property (lactogogue); needs to be examined,[1]
V,3,Vidari,विदारी,vidārī,विदारी,Ipomoea digitata Linn.,,,[3]
V,3,Vidari,विदारी,vidārī,विदारी,Ipomoea paniculata R. Br.,Suggested source 2,Identified with it,[1]
V,3,Vidari,विदारी,vidārī,विदारी,Lettsomia setosa Roxb.,Suggested source,This species is suggested based on the description given by Dalhana which needs to be examined,[1]
V,3,Vidari,विदारी,vidārī,विदारी,Pueraria tuberosa DC.,Suggested source 1,Identified with it,[1]
V,3,Vidari,विदारी,vidārī,विदारी,Pueraria tubersoa DC.,,,[3]
V,3,Vidula,विदुल,vidula,विदुल,Barringtonia acutangula Gaertn,Accepted source,According to Caraka and Susruta it is an emrtic drug; Even Vagbhata has given similar views; This confirms it is a drug used for vomitting; Cakrapani has accepted Hijjala as Vidula. It is correlated to this species,[5]
V,3,Vikankata,विकङ्कत,vikaṅkata,विकङ्कत,Flacourtia indica Merr.,Accepted source,Identified with it,[1]
V,3,Vikankata,विकङ्कत,vikaṅkata,विकङ्कत,Flacourtia ramontchi L Herit.,,,[3]
V,3,Vikankata,विकङ्कत,vikaṅkata,विकङ्कत,Gymnosporia spinosa (Forsk.) Fiori,Suggested source,Some have attempted to identify it with this species having somewhat similar names,[1]
V,3,Vira,वीरा,vīrā,वीरा,Asparagus sp.,Suggested source,This species may be a possibility of being named as Vira,[1]
V,3,Vira,वीरा,vīrā,वीरा,Lasia spinosa Thwaites,Suggested source,With regard to its name given by Cakrapani as 'Jalandhara saka' this species is taken into consideration,[1]
V,3,Viram,वीरम्,vīram,वीरम्,Prunus carasus,?,?,[5]
V,3,Viraruka,वीरारुक,vīrāruka,वीरारुक,Prunus aloocha,?,?,[5]
V,3,Virasena,वीरसेना,vīrasenā,वीरसेना,Prunus communis,?,?,[5]
V,3,Viratara,वीरतर,vīratara,वीरतर,Dichrostachys cinerea W. and A.,Accepted source,Identified with it,[1]
V,3,Virataru,वीरतरु,vīrataru,वीरतरु,Dichrostachys cinerai W. & A.,Accepted source,During the earlier periods there was a conusion regarding Virataru as it was tallied with many plants; Later Vagbhata confirmed that it is 'Vellantara' which is correlated to this species,[5]
V,3,Virataru,वीरतरु,vīrataru,वीरतरु,Dichrostachys cineria W. & A.,,,[3]
V,3,Visakharparika,विषखर्परिका,viṣakharparikā,विषखर्परिका,Trianthema portulacastrum Linn.,Accepted source,"It has been mentioned in Sodala nighantu, popularly known as 'Visakhapara' which is identified with this species",[5]
V,4,Visala,विशाला,viśālā,विशाला,Trichosanthes bracteata (Lam.) Voigt.,Accepted source,Identified with it,[1]
V,4,Visalya,विशल्य,viśalya,विशल्य,Gloriosa superba,Accepted source,Many synonyms were given to it and one among them was Agnisikhavriksa which is also a synonym of Langali; Langali is correlated to this species,[2]
V,4,Visamusti,विषमुष्टि,viṣamuṣṭi,विषमुष्टि,Diospyros montana Roxb.,Accepted source,In earlier days it was considered as 'Tindukabheda' which is correlated to this species,[5]
V,4,Visamusti,विषमुष्टि,viṣamuṣṭi,विषमुष्टि,Leptidinea reticulata.,?,?,[5]
V,4,Visamustika,विषमुष्टिका,viṣamuṣṭikā,विषमुष्टिका,Strychnos nux vomica Linn.,Most probable,It is considered to be the name of Kupilu which is correlated to this species,[1]
V,4,Visanika,विषाणिका,viṣāṇikā,विषाणिका,Helicteres isora Linn.,Not Identified,Does not stand any chance to be its source as it has astringent roots which is not a property of this plant,[1]
V,4,Visanika,विषाणिका,viṣāṇikā,विषाणिका,Pergularia daemia (Forsk.) Chiov.,Accepted source,Its identified with this species,[5]
V,4,Visanika,विषाणिका,viṣāṇikā,विषाणिका,Pergularia extensa N.E. Br.,Accepted source,Its identified with this species,[5]
V,4,Visnukanda,विष्णुकन्द,viṣṇukanda,विष्णुकन्द,Crinum sp.,Most probable,Mentioned in Raja nighantu; With regard to its features this species can most probably be correlated to it,[5]
V,4,Visnukranta,विष्णुक्रान्ता,viṣṇukrāntā,विष्णुक्रान्ता,Evolvulous alsinoides Linn.,Accepted source,Visnukranta is correlated to this species,[2]
V,4,Visnukranta,विष्णुक्रान्ता,viṣṇukrāntā,विष्णुक्रान्ता,Evolvulus alsinoides Linn.,Accepted source,Identified with it,[1]
V,4,Visvadeva,विश्वदेवा,viśvadevā,विश्वदेवा,Sida spinosa Linn.,Most probable,Visvadeva is considered to be either Gangeruki or Sveta Bala which is correlated to this species,[1]
V,4,Vrddhadaru,वृध्ददारु,vṛdhdadāru,वृध्ददारु,Argyreia speciosa,?,?,[2]
V,4,Vrddhadaru,वृध्ददारु,vṛdhdadāru,वृध्ददारु,Argyreia speciosa,Controversial,Argyreia speciosa  does not have similarity with the morphological features mentioned for Vrddhadaru but in the past was correlated to it,[2]
V,4,Vrddhadaru,वृध्ददारु,vṛdhdadāru,वृध्ददारु,Euphorbia nerifolia,Not Identified,"Cakrapani has identified Adhoguda as Vrddhadaru; But Adhoguda is a purgative where as Vrddhadaru is not, so it cannot be taken into consideration",[2]
V,4,Vrddhadaru,वृध्ददारु,vṛdhdadāru,वृध्ददारु,Ipomaea biloda,Suggested source,Dr Vaman Ganesh Desai suggests to use this species as Vrddhadaru with regard to its morphology,[2]
V,4,Vrddhadaru,वृध्ददारु,vṛdhdadāru,वृध्ददारु,Ipomaea petaloidea,Accepted source,With regard to the description given in the texts it corresponds with the morphology of this species so Vrddhadaru is correlated to this species,[2]
V,4,Vrddhadaru,वृध्ददारु,vṛdhdadāru,वृध्ददारु,Ipomaea petaloidea,Accepted source,Vrddhadaru is correlated to this species,[2]
V,4,Vrddhadaruka,वृध्ददारुक,vṛdhdadāruka,वृध्ददारुक,Argyreia speciosa Sweet.,,,[3]
V,4,Vrddhadaruka,वृध्ददारुक,vṛdhdadāruka,वृध्ददारुक,Argyreia speciosa Sweet.,Substituted source,At present this species is used as 'Vrddhadaruka',[5]
V,4,Vrddhadaruka,वृध्ददारुक,vṛdhdadāruka,वृध्ददारुक,Ipomoea pes-caprae,?,?,[5]
V,4,Vrddhadaruka,वृध्ददारुक,vṛdhdadāruka,वृध्ददारुक,Lettsomia setora Roxb.,Accepted source,With regard to its properties mentioned in the ancient texts it can be identified with this species,[5]
V,4,Vrddhadaruka,वृध्ददारुक,vṛdhdadāruka,वृध्ददारुक,Lettsomia setosa Roxb.,Accepted source,Identified with this species,[5]
V,4,Vrddhadaruka - jati,वृध्ददारुक जाति,vṛdhdadāruka jāti,वृध्ददारुक जाति,Argyreia fulgens Choisy,,,[3]
V,4,Vrddhadaruka - prajati,वृध्ददारुक प्रजाति,vṛdhdadāruka prajāti,वृध्ददारुक प्रजाति,Argyreia malabarica Choisy,,,[3]
V,4,Vrddhi,वृद्धि,vṛddhi,वृद्धि,Habenaria sp.,Substituted source,It is one of the Astavarga drugs which has not been identified and this species is used in its place,[1]
V,4,Vrihi,व्रीही,vrīhī,शालि,Oryza sativa Linn.,Accepted source,Identified with it,[1]
V,4,Vrihi,व्रीही,vrīhī,षष्टिक,Oryza sativa Linn.,Accepted source,Identified with it,[1]
V,4,Vrihi,व्रीही,vrīhī,व्रीही,Oryza sativa Linn.,Accepted source,Identified with it,[1]
V,4,Vrihi,व्रीही,vrīhī,कलम,Oryza sativa Linn. var.,Accepted source,"identified with it, VARIETY ?",[1]
V,4,Vrihi,व्रीही,vrīhī,केदार,Rice var.,Suggested source,Is a variety of rice,[1]
V,4,Vrihi,व्रीही,vrīhī,कूष्माण्डक,Rice var.,Suggested source,Is a variety of rice,[1]
V,4,Vrihi,व्रीही,vrīhī,गन्धल,Rice variety,Suggested source,Is an inferior variety of rice,[1]
V,4,Vrksamla,वृक्षाम्ल,vṛkṣāmla,वृक्षाम्ल,Garcinia indica Chois.,,,[3]
V,4,Vrksamla,वृक्षाम्ल,vṛkṣāmla,वृक्षाम्ल,Garcinia indica Chois.,Accepted source,Identified with it,[1]
V,4,Vrksamla,वृक्षाम्ल,vṛkṣāmla,वृक्षाम्ल,Garcinia indica Chois.,Accepted source,Identified with it,[1]
V,4,Vrksamla,वृक्षाम्ल,vṛkṣāmla,वृक्षाम्ल,Garcinia indica Chois.,Accepted source,Identified with this species,[5]
V,4,Vrntaka,वृन्ताक,vṛntāka,वृन्ताक,Solanum melongena Linn.,,,[4]
V,4,Vrntaka - prakara,वृन्ताक प्रकार,vṛntāka prakāra,वृन्ताक प्रकार,Solanum melongena Linn. Var. depressum,,,[4]
V,4,Vrntaka - prakara,वृन्ताक प्रकार,vṛntāka prakāra,वृन्ताक प्रकार,Solanum melongena Linn. Var. incanum,,,[4]
V,4,Vrntaka - prakara,वृन्ताक प्रकार,vṛntāka prakāra,वृन्ताक प्रकार,Solanum melongena Linn. Var. melongena,,,[4]
V,4,Vrntaka - prakara,वृन्ताक प्रकार,vṛntāka prakāra,वृन्ताक प्रकार,Solanum melongena Linn. Var. serpentinum,,,[4]
V,4,Vrsaparnika,वृषपर्णिका,vṛṣaparṇikā,वृषपर्णिका,Ipomoea maxima (Linn.f.) G. Don.,Accepted source,Identified with this species,[5]
V,4,Vrscika,वृश्चीक,vṛścīka,वृश्चीक,Girardenia heterophylla Decne,Accepted source,Identified with this species,[5]
V,4,Vrscika,वृश्चीक,vṛścīka,वृश्चिकाली,Girardenia heterophylla Dene.,Suggested source,Suggested to use this species as Vrscikali,[1]
V,4,Vrscika,वृश्चीक,vṛścīka,वृश्चिकाली,Girardinia teterophylla Decne.,Most probable,Dalhana in his commentary itself was confused and he identified Vrscikali with three different plants; 'Vrsciyaka' or 'Vrsciyasaka' identified by him is correlated to this species which is found on the roads of Himachal Pradesh and known as 'Bichua' or 'Bichubuti',[5]
V,4,Vrscika,वृश्चीक,vṛścīka,वृश्चिकाली,Pergnlaria extensa,?,?,[2]
V,4,Vrscika,वृश्चीक,vṛścīka,वृश्चिकाली,Pergnlaria extensa,Most probable,Dalhana has identified Vrscikali as Uttamarani which is correlated to this species,[2]
V,4,Vrscika,वृश्चीक,vṛścīka,वृश्चिकाली,Pergularia extensa N. E. Br.,Most probable,Is being used as Vrscikali,[1]
V,4,Vrscika,वृश्चीक,vṛścīka,वृश्चिकाली,Pergularia extensa N. E. Br.,Suggested source,This species is suggested with regard to its features,[1]
V,4,Vrscika,वृश्चीक,vṛścīka,वृश्चिकाली,Tragia involucrata Linn.,Accepted source,Vrscikali' has been used in various conditions as mentioned in the Brhatrayis; There was a lot of confusion regarding the interpretation by Dalhana; He considered 3 drugs as 'Vrscikali'; Among them one is 'Vrscikaya' which is identified with this species; According to the author this is 'Vrscikali',[5]
V,4,Vrscika,वृश्चीक,vṛścīka,वृश्चिकाली,Tragia involucrata Linn.,Suggested source,Suggested to use this species as Vrscikali,[1]
V,4,Vrscika,वृश्चीक,vṛścīka,वृश्चिकाली,Urtica dioica Linn.,Suggested source (reg),Vrscikali' has been used in various conditions as mentioned in the Brhatrayis; There was a lot of confusion regarding the interpretation by Dalhana; He considered 3 drugs as 'Vrscikali'; Among them one is 'Vrsciyasaka' which is found on the road sides of Himalaya Pradesh popularly known as 'Bichua' or 'Bichubuti'; Its identified with this species,[5]
V,4,Vrscikali,वृश्चिकाली,vṛścikālī,वृश्चीक,Girardenia heterophylla Decne,Accepted source,Identified with this species,[5]
V,4,Vrscikali,वृश्चिकाली,vṛścikālī,वृश्चिकाली,Girardenia heterophylla Dene.,Suggested source,Suggested to use this species as Vrscikali,[1]
V,4,Vrscikali,वृश्चिकाली,vṛścikālī,वृश्चिकाली,Girardinia teterophylla Decne.,Most probable,Dalhana in his commentary itself was confused and he identified Vrscikali with three different plants; 'Vrsciyaka' or 'Vrsciyasaka' identified by him is correlated to this species which is found on the roads of Himachal Pradesh and known as 'Bichua' or 'Bichubuti',[5]
V,4,Vrscikali,वृश्चिकाली,vṛścikālī,वृश्चिकाली,Pergnlaria extensa,?,?,[2]
V,4,Vrscikali,वृश्चिकाली,vṛścikālī,वृश्चिकाली,Pergnlaria extensa,Most probable,Dalhana has identified Vrscikali as Uttamarani which is correlated to this species,[2]
V,4,Vrscikali,वृश्चिकाली,vṛścikālī,वृश्चिकाली,Pergularia extensa N. E. Br.,Most probable,Is being used as Vrscikali,[1]
V,4,Vrscikali,वृश्चिकाली,vṛścikālī,वृश्चिकाली,Pergularia extensa N. E. Br.,Suggested source,This species is suggested with regard to its features,[1]
V,4,Vrscikali,वृश्चिकाली,vṛścikālī,वृश्चिकाली,Tragia involucrata Linn.,Accepted source,Vrscikali' has been used in various conditions as mentioned in the Brhatrayis; There was a lot of confusion regarding the interpretation by Dalhana; He considered 3 drugs as 'Vrscikali'; Among them one is 'Vrscikaya' which is identified with this species; According to the author this is 'Vrscikali',[5]
V,4,Vrscikali,वृश्चिकाली,vṛścikālī,वृश्चिकाली,Tragia involucrata Linn.,Suggested source,Suggested to use this species as Vrscikali,[1]
V,4,Vrscikali,वृश्चिकाली,vṛścikālī,वृश्चिकाली,Urtica dioica Linn.,Suggested source (reg),Vrscikali' has been used in various conditions as mentioned in the Brhatrayis; There was a lot of confusion regarding the interpretation by Dalhana; He considered 3 drugs as 'Vrscikali'; Among them one is 'Vrsciyasaka' which is found on the road sides of Himalaya Pradesh popularly known as 'Bichua' or 'Bichubuti'; Its identified with this species,[5]
V,5,Vrscira,वृश्चीर,vṛścīra,वृश्चीर,Trianthema portulacastrum Linn.,Accepted source,With referance to the ancient texts commentators have considered 'Vrscira' as 'Sveta Punarnava' which is identified with this species,[5]
V,5,Vyaghrairanda,व्याघ्रेरण्ड,vyāghreraṇḍa,व्याघ्रेरण्ड,Jatropha glandulifera Roxb.,Accepted source,Identified with this species,[5]
Y,1,Yastimadhu,यष्टिमधु,yaṣṭimadhu,यष्टिमधु,Glycyrrhiza glabra Linn.,,,[3]
Y,1,Yastimadhu - jati,यष्टिमधु जाति,yaṣṭimadhu jāti,यष्टिमधु जाति,Glycyrrhiza glabra Linn. var. glandulifera Waldst.,,,[3]
Y,1,Yastimadhu - jati,यष्टिमधु जाति,yaṣṭimadhu jāti,यष्टिमधु जाति,Glycyrrhiza glabra Linn. var. typica Regel & Herd.,,,[3]
Y,1,Yastimadhu - jati,यष्टिमधु जाति,yaṣṭimadhu jāti,यष्टिमधु जाति,Glycyrrhiza glabra Linn. var. violacea Boiss.,,,[3]
Y,1,Yatuka,यातुक,yātuka,यातुक,Pergularia extensa N. E. Br.,Controversial,Is the name of a vegetable which is not yet identified; This species in South India is known as Yatuka and may have some relation with it,[1]
Y,1,Yava,यव,yava,यव,Hordeum vulgare Linn.,,,[4]
Y,1,Yava,यव,yava,यव,Hordeum vulgare Linn.,Accepted source,Identified with it,[1]
Y,1,Yavani,यवानी,yavānī,यवानी,Carum copticum Benth. Hook.f.,Accepted source,Identified with it,[1]
Y,1,Yavani,यवानी,yavānī,यवानी,Trachyspermum ammi (Linn.) Sprague,,,[3]
Y,1,Yavani,यवानी,yavānī,यवानी,Trachyspermum ammi (Linn.) Sprague,Accepted source,Identified with it,[1]
Y,1,Yavani - bheda,यवानी भेद,yavānī bheda,यवानी भेद,Artemisia maritima Linn.,Accepted source,Yavani bheda' is identified with this species,[5]
Y,1,Yavani - bheda,यवानी भेद,yavānī bheda,यवानी भेद,Hyoscyamus niger Linn.,Accepted source,Identified with this species,[5]
Y,1,Yavasa,यवासा,yavāsā,यवासा,Alhagi camelorum Fisch.,,,[3]
Y,1,Yavasa,यवासा,yavāsā,यवासा,Alhagi camelorum Fisch.,Accepted source,Yavasa is correlated to this species,[2]
Y,1,Yavasa,यवासा,yavāsā,यवासा,Alhagi psudalhagi (Bieb.) Desv.,Accepted source,Identified with it,[1]
Y,1,Yavasa,यवासा,yavāsā,यवासा,Alhagi psudalhagi (Bieb.) Desv.,Accepted source,Identified with it,[1]
Y,1,Yavatikta,यवतिक्ता,yavatiktā,यवतिक्ता,Andrographis paniculata  nees.,Accepted source,Yavatikta is correlated to this species acoording to the author,[2]
Y,1,Yavatikta,यवतिक्ता,yavatiktā,यवतिक्ता,Andrographis paniculata Nees.,Accepted source,At present Yavatikta is considered to be Kalamegh which is correlated to this species,[1]
Y,1,Yavatikta,यवतिक्ता,yavatiktā,यवतिक्ता,Andrographis paniculata Nees.,Most probable,"Yavatikta' has been mentioned once in Caraka samhita as a synonym of 'Sankhini' where as Susruta samhita has mentioned Yavatikta taila (oil); Dalhana in his commentary has stated that it grows in the field of yava and it has 7-8 bitter tasting leaves, so the above statement that it is a synonym of 'Sankhini' is false; Nowadays it is taken as 'Kalamegha' which is identified with Andrographis paniculata; But according to the description given by Dalhana it is identified with either Erythraea roxburghii or Canscora decussata",[5]
Y,1,Yavatikta,यवतिक्ता,yavatiktā,यवतिक्ता,Andrographis paniculata Nees.,Substituted source,During later periods this species was accepted as its alternative source,[1]
Y,1,Yavatikta,यवतिक्ता,yavatiktā,यवतिक्ता,Canscora decussata Schult.,Most probable,May be considered as it source,[1]
Y,1,Yavatikta,यवतिक्ता,yavatiktā,यवतिक्ता,Canscora decussata Schult.,Most probable,With regard to the interpretation and description given by Dalhana it is most probably identified with this species,[5]
Y,1,Yavatikta,यवतिक्ता,yavatiktā,यवतिक्ता,erythraea roxburghii G. Don.,Most probable,With regard to the interpretation and description given by Dalhana it is most probably identified with this species,[5]
Y,1,Yavika,यविका,yavikā,यविका,Avena byzantina C. Koch.,Accepted source,Identified with it,[1]
Y,1,Yuthika,यूथिका,yūthikā,यूथिका,Jasminum auriculatum Vahl.,Accepted source,Identified with it,[1]
Y,1,Yuthiparni,यूथिपर्णी,yūthiparṇī,यूथिपर्णी,Rhinacanthus nasuta Kurz.,,,[3]
