drug_name,sanskrit_name,transliteration,image_urls,ocr_text
Agaru,अगरु,agaru,"https://www.medicinalplants.in/slokaimages/147/147_2.jpg
https://www.medicinalplants.in/slokaimages/147/147_3.jpg
https://www.medicinalplants.in/slokaimages/147/147_4.jpg","कटुतिक्तोष्णमगुरु स्निग्धं वातकफापहम्
श्रुतिनेत्ररुजं हन्ति माङ्गल्यं कुष्ठनुत् परम् (Dhn)
Agaru is katu,
tikta in
rasa, usna in veerya, snigdha
in
guna, vata kapha hara, sruta netraruja hara,
mangalya,
kustha hara param

अर्कागुरुगुडूंचीनां तिक्तानाम् उष्णमुच्यते (ch su २६ ७५)
Arka, agaru and tikta are usna in veerya

अगुरुष्णं कटु
तिक्तं तीक्ष्णं च पित्तलम |
लघु कर्णक्षिरोगघ्नं शीतवातकफप्रणुत्| |
तत्तु लोहवद् वारि मज्जति |
अगुरुप्रभवः स्नेहः कृष्णागुरुसमा मतः (Bpn)
Agaru is katu,
tikta
in
rasa,
laghu
in
guna,
Ushna
in
veerya,  tvacya,
increases
pitta,
alleviates
vata,
kapha,
cures karna aksi roga
Krsna
is
gunadhika,
sinks
in
water
like
Ioha
and
is
sneha.
त्वच्यं
गुणाधिकं
कृष्णं"
Agastya,अगस्त्य,agastya,"https://www.medicinalplants.in/slokaimages/1472/1472_1.jpg
https://www.medicinalplants.in/slokaimages/1472/1472_2.jpg
https://www.medicinalplants.in/slokaimages/1472/1472_3.jpg","अगास्तः
पित्तकफजिच्चातुर्थिकहरो हिमः
रूक्षो वातकरस्तिक्तः प्रतिश्यायनिवारणः |l
तत्पुष्पं पीनसश्लेष्मपित्तनक्ताघ्यनाशनम्
(Bpn)
Agasti
is tikta
in
rasa,
ruksa
in
guna, hima
in veerya,
increases
vata,
alleviates
pitta
and
kapha,
cures
caturthika jvara and pratisyaya.
Its puspa alleviates pinasa, slesma, pitta, naktandhya

मुनिवृक्षदलं लूताव्रणविध्वंसि श्लेष्मनुत्
तत्पुष्पं वातलं तिक्तं कषायं कटुपाकि
|
क्षयकासहरं चैव पित्तश्लेष्मापकर्षणम
चातुर्थिकज्वरहरं नावनेनोपयोजितम्
(Sodala )
Muni vrksa dala is luta vrana and slesma hara
Its
puspa
is
tikta,   kashaya
in
rasa,
katu
in
paka,
increases
vata,
pitta
slesma
apakarshana,
alleviates
ksaya, kasa, caturthika jvara and used in navana

अगस्त्यं ( शाकं) नातिशीतोष्णं नक्तान्धानां प्रशस्यते
(सुश्रुत सूत्र
४६ २८२)
Agastya
saka
is natisitosna
in
veerya
and effective
in
curing naktandhya"
Agnimantha,अग्निमन्थ,Agnimantha,"https://www.medicinalplants.in/slokaimages/443/443_1.jpg
https://www.medicinalplants.in/slokaimages/443/443_2.jpg
https://www.medicinalplants.in/slokaimages/443/443_3.jpg
https://www.medicinalplants.in/slokaimages/443/443_4.jpg
https://www.medicinalplants.in/slokaimages/443/443_5.jpg
https://www.medicinalplants.in/slokaimages/443/443_6.jpg","तर्कारी कटुरुष्णा च तिक्ताउनिलकफापहा
शोफश्लेष्माग्निमान्द्यार्शो विडगन्धाउडध्माननाशिनी | |
अग्निमन्थद्वयं चैव
वीर्यरसादिषु |
तत्प्रयोगानुसारेण योजयेत् स्वमनीषयाI| (Rjn)
Agnimantha is katu,
tikta
in
rasa, usna in veerya, anila
kapha hara,
cures
sopha,
slesma, agni mandya,
arsa
vid gandha and adhmana
The second variety of agnimantha has similar properties
and is to be used accordingly
तुल्यं

तर्कारी कटुका तिक्ता तथोष्णाडनिलपाण्डुजित्
शोषश्लेष्माग्निमान्द्यामविबन्धाँश्च विनाशयेत्I| (Dhn)
Tarkari
is
katuka,
tikta
in
rasa,
usna
in
veerya,
anilapandu hara,
cures
sosa, slesma, agnimandya and
vibandha

अग्निमन्थः श्वयथुनुद् वीर्योष्णः कफवातहृत्
पाण्डुनुत् कटुकस्तिक्तस्तुवरो मधुरोडग्निदः [
(Bpn)
Agnimantha is
katuka,
tikta,   tuvara,
madhura
in
rasa
usna
in
veerya
agni
karaka,
alleviates
kapha,
vata
cures svayathu and pandu

गणिकारी तु शोथघ्नी हिताघातविकारिणाम्I| (Rjv)
Ganikari is sothaghna and useful in external vikara

अग्निमन्थो गुरुस्तिक्तो वातशोफामजित् सरः
(Sodala )
Agnimantha
is
tikta
in
rasa,
guru,
sara
in
guna,
vata
sopha
ama hara

गुणाः लघ्वाग्निमन्थस्य प्रोक्ताः वृद्धाग्निमन्थवत्
विशेषाल्लेपने चोपनाहे शोफे च कीर्त्तितः|| (Nir)
Laghu
agnimantha
is
similar
in
property
to
that
Of
vrddha agnimantha"
Ahiphena,अहिफेन,ahiphena,https://www.medicinalplants.in/slokaimages/1233/1233_1.jpg,"अहिफेनं रसे तिक्तं विपाके कटुकं विषम्
स्तम्भनं रूक्षमुष्णं च वेदनास्थापनं परम्|
स्वेदनं स्वापजननं कफरोगविनाशनम
Ahiphena
rasa is tikta in rasa, ruksa in guna,
usna in
veerya,
katuka
in
vipaka,
visha,
stambhana,
vedanasthapana (param),
svedana, svedapajanana
and
kapha roga nasana"
Ajamoda,अजमोद,ajamoda,"https://www.medicinalplants.in/slokaimages/145/145_1.jpg
https://www.medicinalplants.in/slokaimages/145/145_2.jpg
https://www.medicinalplants.in/slokaimages/145/145_3.jpg
https://www.medicinalplants.in/slokaimages/145/145_4.jpg
https://www.medicinalplants.in/slokaimages/145/145_5.jpg
https://www.medicinalplants.in/slokaimages/145/145_6.jpg
https://www.medicinalplants.in/slokaimages/145/145_7.jpg","अजमोदा खराह्वा च बस्तमोदा च मर्कटी
मोदा गन्धदला हस्ती कारवी गन्धपत्रिका Il
शिखिमोदा च मोदाढ्या वहि्नदीपिका
ब्रह्मकोशी विशाली च हृद्यगन्धोग्रगन्धिका
मोदिनी फलमुख्या च वसुचन्द्राभिधा मता
(Rjn)
Synonyms of ajamoda are kharahva bastamoda, markati moda
gandhadala hasti, karavi, gandhapatrika, mayuri, sikhimoda,
modadhya vahnidipika
brahmakosi, visali, hrdyagandha
ugragandhika modini, phalamukhya, vasucandrabhidha
मायूरी

रसे पाके च
वीर्योष्णस्त्वजमोदकः
दीपनः पाचनः शूलकृमिघ्नः कफपित्तहा Il (Mdn)
Ajamoda is Katu in Taste and Vipaka, Usna in Potency, Dipana
and Pacana in Karma, is used in Sula and Krmi and is Kapha Pitta
hara.
कटुको

अजमोदा
दीपनी कफवातनुत्
उष्णा
विदाहिनी हृद्या वृष्या बलकरी लघुः |I
नेत्रामयकफच्छर्दिहिक्कावस्तिरुजो हरेत्
(Bpn)
Ajamoda is Katu in Taste, Tiksna in Property, Dipani in Karma,
pacifies Kapha and Vata, Usna in Potency, Vidahini l Irdya Vrsya-
Balakari in Karma, Laghu in Property and is used in Netramaya,
Kapha, Chardi, Hikka and Vasti ruja.
कटुस्तीक्ष्णा

अजमोदा कटुस्तिक्ता मलावष्टंभकारिणी
उदराणि
वान्तिनेत्ररुजं जयेत |l
वस्तिशूलं दन्तरोगं गुल्मं शुक्लरुजं तथा
(Nir)
Ajamoda is katu and tikia in rasa, malavasiambhakarini in karma,
is used in udara krmi, vanti netra ruja vastisula, danta roga,
gulma and sukla ruja.
कुमींश्चैव

अजमोदा च
शूलघ्नी तिक्तोष्णा कफवातजित्
हिक्काध्मानारुचिर्हन्ति
कृमिजिद्वह्निदीपनी Il (Dhn)
Ajamoda is Sulaghna in Karma, Tikia in Taste, Usna in Potency,
Kapha Vata jit, and is used in Hikka, Adhmana, Aruci, Krmi, is
Vahni Dipani in Karma

अजमोदा कटुरुष्णा रूक्षा कफवातहारिणो
शूलाध्मानारोचकजठरामयनाशनी चैव Il (Rjn)
Ajamoda is Katu in Taste, Usna in Potency Ruksa in Property,
Kapha Vata hara
Rucikrt in Karma, is used in Sula, Adhmana
Arocaka and Jatharamaya
रुचिकृत्

अजमोदा
कटुसित्कता कटुपाका विदाहिनी
दीपनी पाचनी रूक्षा वीर्योष्णा कफवातहा |l
लघुस्तिक्ता बद्धविट्का हृद्या वृष्या विनाशयेत्
नेत्ररोगारुचिच्छिर्दिहिध्मावस्तिरुक्कृमीन् Il (Kdn)
Ajamoda is Katu and Tikia in Tasie Katu in Vipaka, Vidahini-
Dipani Pacani in Karma, Ruksa in Guna, Usna in Virya, Kapha
Vata hara, Laghu in Property is used in Baddha vit is Hrdya Vrsya
in Karma, and is used in Netra roga, Aruci, Chardi, Hidhma,
Adhmana, Vasti ruk and Krmi."
Akarakarabha,आकारकरभ,ākārakarabha,https://www.medicinalplants.in/slokaimages/125/125_1.jpg,"वीर्येणाडडाकल्लकोह्युष्णो बलकृत्
मतः
प्रतिश्यायं च शोथं च वातं चैव विनाशयेत् II (Bpn)
It
is
katu in
rasa,
usna in veerya,
bala
karaka,
cures
pratisyaya, sotha and vata
कटुको"
Aksota,अक्षोट,akṣoṭa,https://www.medicinalplants.in/slokaimages/968/968_1.jpg,"अक्षोटो मधुरो बल्यः स्निग्धोष्णोः वातपित्तजित्|
रक्तदोषप्रशमनः शीतलः कफकोपनः | |
Aksota is
madhura in
rasa,
snigdha
in
guna
usna
in
veerya,
balya,
vatapittahara,
rakta
dosa
prasamana
sitala in guna and kapha kopana"
Amalaki,आमलकी,āmalakī,"https://www.medicinalplants.in/slokaimages/671/671_1.jpg
https://www.medicinalplants.in/slokaimages/671/671_2.jpg
https://www.medicinalplants.in/slokaimages/671/671_3.jpg
https://www.medicinalplants.in/slokaimages/671/671_4.jpg
https://www.medicinalplants.in/slokaimages/671/671_5.jpg
https://www.medicinalplants.in/slokaimages/671/671_6.jpg
https://www.medicinalplants.in/slokaimages/671/671_7.jpg
https://www.medicinalplants.in/slokaimages/671/671_8.jpg","वयस्थामलकी वृष्या जातीफलरसं शिवम्
धात्रीफलं श्रीफलं च तथामृतफलं स्मृतम्
त्रिष्वामलकमाख्यातं धात्री तिष्यफलामृता
(Bpn)
Amalaki is other wise called vayastha, vrsya jatiphalarasam,
sivam, dhatriphalam, sriphalam, amrtaphalam, trisvamalaka,
dhatri, tisyaphalamta.

वयःस्थाडडमलकं वृष्यं जातीफलरसं शिवम्
धात्रीपलं श्रीफलं च तथाडमृतफलं स्मृतम्
(Dhn)
Vayastha, Amalakam, Vrsyam, Jatiphalarasam, Sivam,
Dhatriphalam, Sriphalam, Amrta phalam - these are the other
names for Amalaki.

आमलकी वयःस्था च श्रीफला धात्रिका तथा
अमृता
च शिवा शान्ता
शीताउमृतफला तथा Il
जातीफला च धात्रेयी ज्ञेया धात्रीफला तथा
वृष्या वृत्तफला चैव रोचनी शरभूह्वया I(Rjn)
Amalaki is otherwise called Vayastha, Sriphala Dhatrika, Aimrta
Siva, Santa, Sita, Amrta phala, Jati phala, Dhatreyi Dhatri phala,
Vrtta
Rocani, Sarabhuhvaya.
Vrsya,
phala,

कफपित्तहरं वृष्यं अम्लमामलकं तथा
भेदनं मधुरं पाके रुच्यं वीर्ये हिमं मृदु Il (Mdn)
Amalaki is amla in rasa, mrdu in guna, hima in veerya, madhura
in paka, bhedana in karma, vrsya, rucya alleviates kapha and
pitta

हरीतकीसमं धात्रीफलं
विशेषतः
रक्तपित्तप्रमेहघ्नं परं वृष्यं रसायनम् |l
वातं तदाम्लत्वात्पित्तं
कफं रूक्षकषायत्वात्फलं धात्र्यास्त्रिदोषजित |l
यस्य यस्य फलस्येह वीयं भवति यादृशम्
तस्य तस्यैव वीर्येण मज्जानमापि निर्दिशेत् II (Bpn)
Dlatriphala is similar to haritaki phala but specifically it is used in
raktapitta prameha. It is param vrsya
rasayana, vata hara due to
amnla rasa,
hara due to madhua
zasa
and sita veerya, reduces
kapha because it is ruksa in guna, kashaya in rasa. Its phala is
tridoshajit. Its majja also has virya similar to the virya of the phala.
किन्तु
माधुर्यशैत्यतः
pitta

कषायं कटुतिक्ताम्लं स्वादु चामलकं हिमम्
सर
त्रिदोषहृद् वृष्यं ज्वरघ्नं च रसायनम्
हन्ति वातं तदम्लत्वात्पितं माधुर्यशैत्यतः
कफं रूक्षकषायत्वात्फलं धात्र्यास्त्रिदोशजित Il (Dhn)
Amalaki is katu, tikta, amla, madhura in rasa, hima in veerya, sara
in guna, vrsya jvaraghna rasayana
karma, tridosha hara vata
hara due to amla rasa, does not increase
beca1se it is sita in
veerya, kapha hara due to ruksa guna and kashaya rasa. Its fruit is
tridosha hara
i१
pitta

आमलकं कषायाम्लं मधुरं शिशिरं लघु
दाहपित्तवमीमेहशोफघ्नं च रसायनम
कटुमधुरकषायं किञ्चिदम्लं कफध्नं
रुचिकरमतशीतं हन्ति पित्तास्रतापम
श्रमवमनविबम्धाध्मानविष्टंभदोष
प्रशमनममृताभं चामलक्याः फलं स्यात् Il (Rjn)
Amalaki is kashaya, amla, madhura in taste, sita in potency, laghu
in
property , daha pitta vami-eha sopha hara, rasayana. Its phala
is katu, madhura, kashaya, kincit amla in taste, kapha hara
a11c1
kara, ati sita in potency pacifies pitta- asra- tapam- srama
vammana- vibandha- adhmana- vistambha- dosha. It is amrtabha
(like nectar).

अम्लं समधुरं तिक्तं कषायं कटुकं सरम्
सर्वदोषध्नं वृष्यमामलकी फलम्
हा
वातं तदम्लत्वात्पित्तं
माधुर्यशैत्यतः
कफं रूक्षकषायत्वात्फलेभ्योउभ्यधिकं च तत् Il (Su.S Su ४६)
Amalaki phala is amla madhura tikta kashaya katuka in taste
sara in property caksushya. sarva doshaghna and vrsya. It is
vata hara since it is amla in rasa pitta hara since it is madhura in
taste and sita in potency kapha hara since it is ruksha in
property kashaya in taste
चक्षुष्यं"
Amlavetasa,अम्लवेतस,amlavetasa,"https://www.medicinalplants.in/slokaimages/784/784_1.jpg
https://www.medicinalplants.in/slokaimages/784/784_2.jpg
https://www.medicinalplants.in/slokaimages/784/784_3.jpg
https://www.medicinalplants.in/slokaimages/784/784_4.jpg","कषायं कटु रूक्षोष्णमम्लवेतसकं विदुः
तृट्कफानिलजन्त्वर्शोहृद्बाधाश्मरिगुल्मजित् Il (Dhn)
It is kashaya, katu in rasa, ruksa in guna, usna in potency cures trt,
kapha, anila, arsa, hrd badha, asmari and
gulma.

अम्लवेत्तसमत्यम्लं कषायोष्णञ्च वातजित
कफार्शःश्रमगुल्मघ्नमरोचकहरं परम्II (Rjn)
Amlavetasa is atyamla, kashaya in
Tasa
Lis1a
in potency, vata
hara, cures kapha, arsa, srama,
gulma, adhmana and arocaka.

अम्लवेतसमत्यम्लं भेदनं लघु दीपनम्
हृद्रोगशूलगुल्मघ्नं पित्तलं लोमहर्षणम् |l
रूक्षं विण्मूत्रदोषघ्नं प्लीहोदावर्तनाशनम्
हिक्कानाहारुचिश्वासकासाजीर्णवमिप्रणुत् |l
कफवातामयध्वंसि छागमांसद्रवत्वकृत्
चणकाम्लगुणं ज्ञेयं लोहसूचीद्रवत्वकृत् II (Bpn)
Amalvetasa is atyamla
iz
rasa, ruksa, laghu in
guna,  bhedana
dipana, loma harsana, pittala, alleviates hrdroga, sula, gulma,
T7111
mutra dosha, plila, udavarta,
hikka,   anaha,
aruci, svasa, kasa,
ajirna, vami, kapha vata maya hara if taken with
mnaisa
drava
meat soup), and is of canakamla guna (chick pea), has
the capacity to melt loha
chaga
(goat

अम्लवेतसं
भेदनीयदीपनीयानुलोमिकवातश्लेष्मप्रशमनानाम्
(Ch
SU
२५. .३३ 
Atlavetasa
bhedaniya,
dipaniya,
anulomnaka,
vata slesma
prasamana in karma."
Amlika,अम्लिका,amlikā,"https://www.medicinalplants.in/slokaimages/1583/1583_1.jpg
https://www.medicinalplants.in/slokaimages/1583/1583_2.jpg","अम्लिका अम्ला
पित्तकफास्रकृत्
पक्वा तु दीपनी रूक्षा सरोष्णा कफवातनुत्
(Bpn)
Amlika is amla in rasa, guu in guna, vatahara pitta kapha asra
karaka.
Pakva is dipani, ruksa,
sa1a
1१S1La ,
kapha vatahara.
गुरुर्वातहरी

अम्लिकायाः फलं पक्चं तस्मादल्पान्तरं गुणैेः
तस्मादिति वृक्षाम्लात्
१l (चरकः 
Pakva amlika phala is similar to vrksa amla in properties but to
lesser
degree."
Amra,आम्र,āmra,"https://www.medicinalplants.in/slokaimages/1378/1378_1.jpg
https://www.medicinalplants.in/slokaimages/1378/1378_2.jpg
https://www.medicinalplants.in/slokaimages/1378/1378_3.jpg
https://www.medicinalplants.in/slokaimages/1378/1378_4.jpg
https://www.medicinalplants.in/slokaimages/1378/1378_5.jpg
https://www.medicinalplants.in/slokaimages/1378/1378_6.jpg
https://www.medicinalplants.in/slokaimages/1378/1378_7.jpg
https://www.medicinalplants.in/slokaimages/1378/1378_8.jpg","आम्रत्चवचा कषाया च
मूलं सौगंधि ताद्यशम्
रुच्यं संग्राहि शिशिरं पुष्पं तु रुचिदीपनम् II
आम्रपुष्पमतीसारकफपित्तप्रमेहनुत्
बल्यं रुचिकृद् ग्राहि वातलम्
(Bpn)
Amra tvaca is kashaya in rasa, mula is saugandhi,
rucya
sangrahi, sisira in guna, puspa is ruci krd and dipana
Amra puspa is balya, ruci karaka, grahi
increases vata
alleviates atisara
kapha pitta prameha, asrg drsti.
असृग्दुष्टिहरं

बालाम्रगणाः
आम्रं बालं कषायाम्लं रुच्यं
मारुतपित्तकृत्
तरुणन्तु तदत्यम्लं रूक्षं दोषत्रयास्रकृत्
Balamra is kashaya, amla,
rucya, maruta pitta karaka
Taruna phala is atyamla in rasa, ruksa
in guna,
dosha
trayasra karaka

आम्रपेशिकागुणाः
आम्रमामं त्वचाहिनमातपे अतिशोषितम
अम्लं स्वादु कषायं स्यात् भेदनं कफवातजित्
Ama
amra
is
bad
for
the
skin,
is
atisosana
amla
svadu, kashaya in
rasa, bhedana, alleviates kapha
and
vata

रसगणाः
तद्रसो गालितो बल्यो गुरुः वातहरः सरः
अहृद्यस्तर्पणोडतीव बृंहणः कफवर्द्धनः
Its
rasa
is
madhura,
guru,
sara
in
guna,
balya,
vata
hara,
ahrdya,
tarpana
ativa,
brmhana
and
kapha
vardhana.

आम्रखण्डगुणाः
आम्रखण्डं गुरु परं रोचनं चिरपाकि च
मधुरं बृंहणं बल्यं शीतलम् वातनाशनम् Il
वृष्यं वर्णकरं स्वादु
(?) गुरु शीतलम्
वातपित्तहरं रुच्यं बृंहणं बलवर्द्धनम Il
मन्दानलत्वं विषमज्वरञ्च रक्तामयं
बद्धगुदोदरञ्च
आम्रातियोगन्रयनामयं वा करोति तस्मादति तानि नाद्यात
Amra kanda
is
madhura
in
rasa,
guru
param,
rocana,
cirapaki,
brmhana, balya, sitala,
vata
nasana
vrshya,
varna kara and svadu
Dugdhamra
is
guru,
sitala,
alleviates
vata
and
pitta
rucya,
brmhana,
balavardhana,
mandanalatva,
visamaivara
hara,
rakta
maya
badchgudodara
hara,
causes
nayanamaya
if   used
excessively,
and
hence
has to be avoided in excess
दुग्धाम्रं

एतदम्लाग्रविषयं मधुराम्लपरं न तु
मधुरस्य परं नेत्रहितत्वाद्या गुणाः यतः
ड |
शुण्ठ्यम्भसोउनुपानं स्यादाम्राणामतिभक्षणे
जीरकं वा प्रयोक्तव्यं सह सौवर्चलेन वाl |
Similar is with Amla amra and Madhura
amla. Madhura
amra
is
Param
and
is
Netra
hita
Amra
if
taken
in
excess should be followed by Sunthaymbu as Anupana
or water with Jiraka or with Sauvarcala lavana

आम्रबीजगुणाः
आम्रबीजं कषायं स्याच्छर्द्यतीसारनाशनम्
ईषदम्लञ्च मधुरं तथा हृदयदाहनुत्
Amra bija is kashaya in rasa, slightly amla,
machura in
rasa, alleviates chardi, atisara and hrdaya daha

आम्रपल्लवगणाः
आम्रस्य पल्लवो रुच्यः कफपित्तविनाशनः II (Bpn)
Amra pallava is rucya and kapha pitta nasana"
Ananasa,अननास,ananāsa,"https://www.medicinalplants.in/slokaimages/127/127_1.jpg
https://www.medicinalplants.in/slokaimages/127/127_2.jpg","अनंनासंपारवतीचामंकौतुकसंज्ञकम्
Anamnasa, paravati, ama kautuka are its synonyms

अनंनासमपक्चन्तुरुच्यंहृद्यंगुरुर्मतम्
कफपित्तकरंचैवप्रोक्तं चान्नमरोचकम
श्रमंक्लमंनाशयतितत्पक्वंस्वादुपित्तहृत्
रसातपविकारंचनाशयोदितिकीर्तितम्
(Nir)
Apakva anamnasa is rucya, hrdya, guru, increases
kapha and pitta, alleviates anna arocaka srama and
klama.
Pakva is svadu in rasa
pitta hara, rasa atapa vikara
hara"
Apamarga,अपामार्ग,apāmārga,"https://www.medicinalplants.in/slokaimages/29/29_1.jpg
https://www.medicinalplants.in/slokaimages/29/29_2.jpg
https://www.medicinalplants.in/slokaimages/29/29_3.jpg
https://www.medicinalplants.in/slokaimages/29/29_4.jpg
https://www.medicinalplants.in/slokaimages/29/29_5.jpg
https://www.medicinalplants.in/slokaimages/29/29_6.jpg","मालाकण्टश्च कुब्जश्च त्रयोविशतिनामकः Il (Rjn)
Apamarga is otherwise called malakanta kubja. All together it has
२३ names

अपामार्गः सरस्तीक्ष्णो दापनस्तिक्तकः कटुः
पाचना नावनश्छर्दिकफमेदोडनिलापहा |l
निहन्ति हृद्रुजाध्मानार्शःकण्डूशूलोदरापची
(Bpn)
Apamarga is katu, tikta in rasa, sara tiksna in guna dipani, pacani,
navana, anila hara, is good in chardi kapha meda, and is also
used in hrd ruja, adhmana
arsa kandu, sula, udara and apaci.

अपामार्गोडग्निकृत् तीक्ष्णो नस्यात् शीर्षकृमीन् जयेत्
वामको रक्तसंग्राही रक्तातीसारहृन्मतः II (Sdn)
Apamarga is agni karaka, tiksna in guna
on nasya it is sirsa krmi
hara, vamaka rakia sangrahi and alleviates raktatisara hara.

कफमेदोडनिलहरा छेदनी स्रंसनी तथा
रसे पाके च कटुका वीर्योष्णा खरमञ्जरी II (Mdn)
Kharamanjari is katu in rasa and vipaka, usna in veerya kapha
meda anila hara, chedani and samsrani.

अपामार्गस्तु तिक्तोष्णः कटुश्च कफनाशनः
अर्शकण्डूदराध्मानो रक्तहृद् ग्राहि वान्तिकृत् Il (Dhn, Rjn)
Apamarga is tikta, katu in rasa
usna in veerya, destroys kapha, is
grahi vanti karaka, alleviates arsa, kandu udara and adhmana

नस्य वान्ते प्रशस्तः स्यात् दद्रुकण्डूपफापहः
अपामार्गाग्निकृत् तीक्ष्णः क्लेदनः स्रंसनः परः Il (Rav)
Apamarga is used in nasya and vanti karma. It is agni karaka,
tiksna in guna kledana samsrana param alleviates dadru, kandu
and kapha"
Aragvadha,आरग्वध,āragvadha,"https://www.medicinalplants.in/slokaimages/347/347_1.jpg
https://www.medicinalplants.in/slokaimages/347/347_2.jpg
https://www.medicinalplants.in/slokaimages/347/347_3.jpg
https://www.medicinalplants.in/slokaimages/347/347_4.jpg","आरग्वधो रसे तिक्तो गुरुष्णः
क्रिमिशूलनुत्
कफोदरप्रमहघ्नः
कुन्छ्रगुल्मत्रिदोषजित्
१I (Dhn)
Aragvadha is tikta in rasa, guru in guna, usna in veerya,
alleviates
krmii,
sula,
kaphodara,
prameha,
krcchra
gulma and tridosha.

आरग्वधोडतिमधुरः शीतः शूलापहारकः
ज्वरकण्डूकुष्ठमेहकफविष्टम्भनाशनः
II (Rjn)
Aragvadha
is
atimadhura
in
rasa,
sita
in
veerya,
sulapaharaka,
cures jvara, kandu,
kustha, meha, kapha
and vistambha

चतुरङ्गुलो मृदुविरेचनानां श्रेष्ठः Il (चरकः)
Caturangula is sresta mrou virecanam

आरग्वधो गुरुः स्वादुः शीतलो मृदुरेचनः
ज्वरहृ
द्रोगपित्तास्रवातोदावर्त्तशूलनुत् Il
तत्फलं स्रंसनं रुच्यं
कुष्ठपित्तकफापहम्
ज्वरे तु सततं पथ्यं कोष्ठशुद्धिकरं परम् II (Bpn)
Aragvadha
is
svadu
in
rasa,
guru
in
guna,
sitala
in
veerya,
mrdu recanam,
cures
jvara,  hrdroga, pittasra
vatodavarta and sula
It
is
sramsanam,
rucyam,
Kustha
pitta  kapha
haram
satatam
pathyam
in
Jvaram,
kostha
suddhi
karam
param"
Aralu,अरलु,aralu,https://www.medicinalplants.in/slokaimages/61/61_1.jpg,"अरलुः कफहृद्ग्राही दीपनः कृमिकुष्ठहृत्
कटुकः शीतलः तिक्तो बस्तिरोगहरः परः |
(Nir)
Aralu is
katuka,   tikta
in
rasa,
in
guna
sitala
in
veerya,
dipana
alleviates
kapha,
krmi,
kustha
ana
considered the best in alleviating vasti roga
grahi"
Aranyajiraka,अरण्यजीरक,araṇyajīraka,"https://www.medicinalplants.in/slokaimages/77/77_1.jpg
https://www.medicinalplants.in/slokaimages/77/77_2.jpg","वनजीरः कटुः शीतो व्रणहाउउध्मानमाशनः
(Rin)
Vanajira is katu in
rasa,
sita in veerya,
alleviates
vrana
and pacifies adhmana

अरण्यजीरकं चोष्णं तुवरं कटुकं मतम्
स्तम्भवातकफहं चैव
चैव विनाशयेत् Il (Nir)
Aranya jiraka is tuvara, katuka in
rasa,
usna in veerya,
stambhana, alleviates vata, kapha and vrana
व्रणं"
Aristaka,अरिष्टक,ariṣṭaka,"https://www.medicinalplants.in/slokaimages/1442/1442_1.jpg
https://www.medicinalplants.in/slokaimages/1442/1442_2.jpg","अरिष्टकस्त्रिदोषघ्नो ग्रहजिद गर्भनाशनः Il Mdn
Aristaka alleviates tridosha and graha, is garbha nasana.

अरिष्टकः कटुः पाके तीक्ष्णोष्णो लेखनो गुरुः
दोषत्रयहरो गर्भपातनो ग्रहशान्तिकृत् Il
तज्जलं वामकं पानान्नस्याच्छीर्षरुजापहम
अर्धशीर्षव्यथां हंति वमनाद्धिषनाशनम
रीठाकरंजस्तिक्तोष्णः कटु स्निग्धश्च वातजित्
कफघ्नः
कुष्ठकण्डूतिविषविस्फोटनाशनः
II (Rjn)
Aristaka is
katu
in paka,  tiksna,
guru
in
guna,
usna
lekhana, alleviates tridosha, pacifies graha and
acts
a$
garbha patana
Its jala is vamaka on pana (drink) and by doing nasya it
is
sirsa
rujapaha,
cures
ardha
sirsa
vyatha,
varna
nasana. It is ranjaka, tikta
katu in rasa,
usna in veerya,
snigdha
in
guna,
alleviates
vata
and
kapha,
cures
kandu, kustha, ati visha and visphota"
Arjuna,अर्जुन,arjuna,"https://www.medicinalplants.in/slokaimages/1605/1605_1.jpg
https://www.medicinalplants.in/slokaimages/1605/1605_2.jpg
https://www.medicinalplants.in/slokaimages/1605/1605_3.jpg","अर्जुनस्तु कषायोष्णः कफघ्नो व्रणशोधनः
पित्तश्रमतृषार्त्तिघ्नो मारुतामयकोपनः II (Rjn)
It is kashaya in
rasa
usna In
veerya,
vrana
sodhana
alleviates
Kapna,
Cure5
pitta, srama, trsa
and is maruta amaya kopana
artl,

ककुभः शीतलो हृद्यः क्षतक्षयविषास्रजित्
मेदोमेहव्रणान् हन्ति तुवरः कफपित्तहृत् Il (Bpn)
Kakubha is tuvara in
rasa, sitala in veerya, hraya,
alleviates
ksata
Ksaya, visa
asra, meda meha vrana, kapha and pitta

पार्थः पथ्यः क्षते भग्ने रक्तस्तम्भनकृच्छ्रयोः
(Rajavallaba)
Partha
is pathya in ksata, bhagna, krcchra and rakta stambhana"
Asmantaka,अश्मन्तक,aśmantaka,"https://www.medicinalplants.in/slokaimages/222/222_1.jpg
https://www.medicinalplants.in/slokaimages/222/222_2.jpg
https://www.medicinalplants.in/slokaimages/222/222_3.jpg
https://www.medicinalplants.in/slokaimages/222/222_4.jpg","अश्मन्तकश्चन्द्रकस्तु
चाम्लपत्रकः
श्लक्ष्णत्वग्मालुकापर्णः स्मृतो यमलपत्रकः| |
Candraka  kuddali
amlapatraka slaksnatvak
malukaparni. yamalabatraka are ihe
synonyms Of asmantaka
कुद्दाली

अश्मन्तकः कषायस्तु हिमः पित्तकफापहः
मधुरः शीतसंग्राही दाहतृष्णाप्रमेहजित्||
Asmantaka is madhura and kasaya in rasa. sita in veerya pitta kapha hara. It alleviates
sthambana. daha. trsna and prameha

अश्मन्तकश्चेन्दुकश्च कुद्दालश्चाम्लपत्रकः.
श्लक्ष्णत्वक पीलुपत्रश्च स्मृतो यमलपत्रकः
अश्मान्तकेन्दुशफरी शिलान्तश्चाम्बुदः स्मृतः
पाषाणान्तक
इत्युक्तो वह्निचन्द्रमिताह्वयः | |
Asmantaka induka
kuddala, amlapatraka slaksnatvak pilupatra
patraka.
asmaantaka. indushafar shilanta ambuda and pashanantaka are the
१३ synonyms
of asmantaka

अश्मन्तकः स्यान्मधुरः कषायः
सुशीतलः पित्तहरः प्रमेहजित्|
विदाहतृष्णाविषमज्वरापहो
विषार्त्तिविच्छदिहरश्च भूतजित्||
Asmantaka is madhura and kasaya in rasa sita in virya pittahara alleviates
prameha, daha trsna visamajvara, visavikara, chardi and bhuta vikara.
IRJNJ"
Asoka,अशोक,aśoka,"https://www.medicinalplants.in/slokaimages/1445/1445_1.jpg
https://www.medicinalplants.in/slokaimages/1445/1445_2.jpg
https://www.medicinalplants.in/slokaimages/1445/1445_3.jpg
https://www.medicinalplants.in/slokaimages/1445/1445_4.jpg
https://www.medicinalplants.in/slokaimages/1445/1445_5.jpg
https://www.medicinalplants.in/slokaimages/1445/1445_6.jpg
https://www.medicinalplants.in/slokaimages/1445/1445_7.jpg
https://www.medicinalplants.in/slokaimages/1445/1445_8.jpg","गतशोको उशोकाह्वाः
रक्तको राजी |
चित्रश्च कर्णपूरो मञ्जरिको हेमपुष्प इतिं |l
निर्दिश्यते शोकनाशः चित्रस्तबकमञ्जरी
विशोको वीतशोकश्च शब्दैः पर्यायवाचकै Il (Aa ma)
Gatasoko, asokahva, pindipuspa raktaka, raji citra karnapura
manjarika
hemapuspa, sokanasa, citrasiambaka
manjari, visoka,
vitasoka- are the synonyms of asoka
पिण्डीपुष्पश्च

अशोको हेमपुष्पश्च वञ्जुलस्ताम्रपल्लवः
कङ्केलिः पिण्डपुष्पश्च गधपुष्पो नटस्तथा Il (Bpn)
Asoka hemapuspa, vanjula, tamrapallava, kankoli, pindapuspa
gandha puspa, nata are the synonyms of asoka

अशोकः शोकनाशः स्याद्विशोको वञ्जुलद्रुमः
मधुपुष्पोडपशोकश्च कङ्केलि केलिकस्तथा Il
रक्तपल्लवकशि्चित्रो विचित्रः
सुभगः स्मराधिवासो दोषहारी प्रपल्लवः
रागीतरुर्हेमपुष्पो रामवामाङ्घिघातकः
पिण्डीपुष्पो नटश्चैव पल्लवदुर्द्विविंशति II (Rjn)
Madhupuspa, apasoka, kankoli, kolika rakiapallava, citra, vicitra
karnapuraka subhaga, smaradhivaso, doshahari prapallava, ragi,
taruhu, hemapuspa, ramavamandhridhataka, pindipuspa, nata
pallavadru are the २० synonyms mentioned.
कर्णपूरकः

अशोकः शीतलस्तिक्तो ग्राही वर्ण्यः कषायकः
दोषापचीतृषादाहकृमिशोफविषास्रजित् Il (Bpn)
Asoka is kashaya in rasa, sitala in veerya,
varnya in karma
used in trsa daha krmi, sopha visa asra vikara and causes
dosha pacana.
grahi,

अशोकस्य त्वचा रक्तप्रदरस्य विनाशिनी Il (Sodala)
Asoka's tvak is sisira in veerya, hrdya, destroys rakiapradara,
alleviates pitta, daha, and srama.

अशोकः शिशिरो हृद्यः पित्तदाहश्रमापहः
गुल्मशूलोदराध्माननाशनः कृमिहारकः II (Rjn)
Asoka is Sisira in Potency, Hrdya, Pitta Daha Srama hara.
It is Gulma- Sula- Udara- Adhmana- Krmi Haraka.

अशोकः शीतलश्चार्शःकृमीन्हन्ति प्रयोजितः
अपचीं नाशयत्येव सर्वव्रणविनाशनः |l
अशोको मधुरो हृद्यः सन्धानीयः सुगधिकः
Dhn)
Asoka is Sitala in Potency, is used in Arsa, Krmi Apaci, Sarva
vrana. It is Madhura, Hrdya, Sandhaniya, Sugandhika.

अशोकः शीतलः सिग्धो वर्ण्यो ग्राही कषायकः
दोषापचीतृषादाहकृमिशोषविषास्रजित् Il (Kdn)
Asoka is Sitala in Potency, Snigdha in Guna, Varnya and Grahi in
Karma, Kashayaka in Tasie Causes Dosha pacana, and is used in
Trsa, Daha, Krmi, Sosa, Visa, Asra vikara"
Asvagandha,अश्वगन्धा,aśvagandhā,"https://www.medicinalplants.in/slokaimages/1725/1725_1.jpg
https://www.medicinalplants.in/slokaimages/1725/1725_2.jpg
https://www.medicinalplants.in/slokaimages/1725/1725_3.jpg","अश्वगन्धा वाजिगन्धा कञ्चुकाअश्वावरोहकः
वराहकर्णी
बल्या वाजीकरी स्मृता
अश्वगन्धा कषायोष्गा तिक्त्ता वातकफापहा
विषव्रणक्षयान्
कान्तिवीर्यबलप्रदा
Dhn
Vajigandha
laiculza
as""at arolala
rarahakarni turagi balya and rajikari are the synonyms of
asragandha.
Astaganclha is kasaya tikta in rasa
1sma in reetya
promotes kanti bala reerya alleviates Tata
kapha
cures visa
Trana and ksaya
तुरगी

गन्धान्ता वाजिनामादिरश्वगन्धा हयाह्वया
वराहकर्णा वरदा बलदा
कुष्टगन्धिनी
अश्वगन्धाअनिलश्लेष्मश्वत्रशोथक्षज्ञयापहा |
बल्या रसायनी तिक्ता
कषाग्रोष्णअतिशुक्रला|| KBpn)
Synonyms of asragandha are hayahraya rarahakarni rarada balada kustagandhini and raji
It is tikta kasaya in rasa
usna in reetya promotes bala
increases sulara
rasavana i karma
alleriates Tata kapa
5T1t1a
sotha and ksaya

अश्वगन्धा
हयाह्वाअवावराहका | |
वराहकर्णी गौकर्णी तुरगी वरदा वृषा |
बल्या वाजीकरी पीता बर्हिपिच्छं
अश्वगन्धा कषायोष्णा तिक्ता वृष्या
बलपुष्टिप्रदा हन्ति
कफकासाानलवणान| |
शोफकण्डूविषश्वित्रकृमिश्वासक्षतक्षयान्
IKdni
Synonyns are layahra asrararohaka rarahakarni gokarni
tragi Tarada Trsa balya
rajikari
pita
barhipiccha and lanculi
Asragandha is kasaya
tikta li Tasa
usna in reetya. sukrarardhaka
rasayana balakara pustikara
in karma alleviates kapha
-rata
cures kasa
Trana sopha kandu
-715a
sTitra. krii
51ra5a
Isata
and ksaya
कष्टगन्धा
कञ्चुको | |
रसायनी"
Asvagola,अश्वगोल,aśvagola,https://www.medicinalplants.in/slokaimages/1313/1313_1.jpg,"अशगोलमश्वकर्णबीज
स्निग्धजारकम
अश्वगोलं गुरु स्वादु स्निग्धं शीतं
पिच्छिलम्
स्नहन
मूत्रजननं ललैेष्मनिःसारणं परम्
दाहतृष्णाहर
बल्यं ज्वरघ्नं चाथ शस्यते
प्रवाहिकातिसारामदाहतृष्णाज्वरादिषु
वातपित्तामय कासे दौर्बल्य मूत्रकृच्छ्रज्ञे
( Ref:PV sharma ; dravyaguna vijnan;partz )"
Asvakarna,अश्वकर्ण,aśvakarṇa,"https://www.medicinalplants.in/slokaimages/1612/1612_1.jpg
https://www.medicinalplants.in/slokaimages/1612/1612_2.jpg
https://www.medicinalplants.in/slokaimages/1612/1612_3.jpg
https://www.medicinalplants.in/slokaimages/1612/1612_4.jpg
https://www.medicinalplants.in/slokaimages/1612/1612_5.jpg","अश्वकर्णस्त्तथाअरण्यः सस्यसंवरणेअपि च
दार्घपत्रो दार्घवृक्षः कुशिकश्चीरपत्रकः
IKdn)
Aranya, sasyasanvarana, dirghapatra dirgayrksa, kusika and cirapatra
are ine
synonyms of asvakarna

अश्वकर्णः कटुस्तिक्तः कषायोष्णो नियच्छति
कफपाण्डुश्रुतिगदान् मेहकुष्ठविषव्रणान्I| KKdn)
It is katu,
tikta and kasaya in rasa, usna in veerya increases kapha, alleviates
pandu prameha kusta
vrana and karnaroga.
visa,

तत्फलं मधुरं रूक्षं शीतलं स्तम्भनं गुरु
कषाय
स्तन्यवाताध्मानविन्धकृत्
निहन्ति पित्तदाहास्रतृषाकाक्षतक्षयान्
IKdn
Its phala is kasaya and madhura in rasa
slta
in veerya, ruksa and guru in guna,
sthambana, stanya vata adhmana vibandha kara and alleviates pitta, daha. trsna
kasa. ksata and ksaya
लखनं

सर्जको बस्तकर्णश्च कषायश्चीरपत्रकः
सस्यसंवरकः शूरः सर्जोन्यः शाल
उच्यते|| Dhn)
Sarjaka bastakarna kasaya, cirapatra sasyasanvaraka and sura are the synonyms

कुष्ठकण्डूकृमिश्लेष्नवातपित्तरुजो
ज्यत
सजयुग्नं
कषाय
स्ाद
वण्र
रूक्षं कफापहन्
IDhn)
It is kasaya in rasa ruksa in guna and destroys kapha It alleviates kusta, kandu
krimi roga, kapha vata pitta vikaras"
Asvakarna - prajati,अश्वकर्ण प्रजाति,aśvakarṇa prajāti,"https://www.medicinalplants.in/slokaimages/1612/1612_1.jpg
https://www.medicinalplants.in/slokaimages/1612/1612_2.jpg
https://www.medicinalplants.in/slokaimages/1612/1612_3.jpg
https://www.medicinalplants.in/slokaimages/1612/1612_4.jpg
https://www.medicinalplants.in/slokaimages/1612/1612_5.jpg","अश्वकर्णस्त्तथाअरण्यः सस्यसंवरणेअपि च
दार्घपत्रो दार्घवृक्षः कुशिकश्चीरपत्रकः
IKdn)
Aranya, sasyasanvarana, dirghapatra dirgayrksa, kusika and cirapatra
are ine
synonyms of asvakarna

अश्वकर्णः कटुस्तिक्तः कषायोष्णो नियच्छति
कफपाण्डुश्रुतिगदान् मेहकुष्ठविषव्रणान्I| KKdn)
It is katu,
tikta and kasaya in rasa, usna in veerya increases kapha, alleviates
pandu prameha kusta
vrana and karnaroga.
visa,

तत्फलं मधुरं रूक्षं शीतलं स्तम्भनं गुरु
कषाय
स्तन्यवाताध्मानविन्धकृत्
निहन्ति पित्तदाहास्रतृषाकाक्षतक्षयान्
IKdn
Its phala is kasaya and madhura in rasa
slta
in veerya, ruksa and guru in guna,
sthambana, stanya vata adhmana vibandha kara and alleviates pitta, daha. trsna
kasa. ksata and ksaya
लखनं

सर्जको बस्तकर्णश्च कषायश्चीरपत्रकः
सस्यसंवरकः शूरः सर्जोन्यः शाल
उच्यते|| Dhn)
Sarjaka bastakarna kasaya, cirapatra sasyasanvaraka and sura are the synonyms

कुष्ठकण्डूकृमिश्लेष्नवातपित्तरुजो
ज्यत
सजयुग्नं
कषाय
स्ाद
वण्र
रूक्षं कफापहन्
IDhn)
It is kasaya in rasa ruksa in guna and destroys kapha It alleviates kusta, kandu
krimi roga, kapha vata pitta vikaras"
Asvattha,अश्वत्थ,aśvattha,"https://www.medicinalplants.in/slokaimages/753/753_1.jpg
https://www.medicinalplants.in/slokaimages/753/753_2.jpg","पिप्पलो
शीतः पित्तश्लेष्मव्रणास्रजित
गुरुस्तुवरको रूक्षो वर्ण्यो योनिविशोधनः
(Bpn)
Pippala is tuvaraka,
guru, ruksa, durjara,
sita,
varnya,
yonivisodhana, alleviates pitta, slesma, vrana and asra
दुर्जरः 

पिप्पलः सुमधुरस्तु कषायः शीतलश्च कफपित्तविनाशी
रक्तदाहशमनः स हि सद्यो योनिदोषहरणः किलपक्चः |l
अश्वत्थवृक्ष्स्य फलानि पक्वान्यतीव हृद्यानि च शीतलानि |
पित्तास्रविषार्त्तिदाहविच्छर्दिशोषारुचिदोषनाशकम् Il
अश्वत्थिका तु मधुरां कषाया चास्रपित्तजित्
विषदाहप्रशमनी
हितकारिणी II (Rin)
Pippala is
madhura
kashaya in
rasa
sitala in veerya,
destroys
Kapha,
pitta
and yoni
dosha
pacifies
rakta
daha and is kilapakva
Pakva asvattha vrksa phala is hrdya, sitala,
cures pitta
asra, visa, daha, vicchardi, sosa and aruci.
Asvatthika is madhura,
kashaya in rasa, guru
in guna,
hita karini, alleviates asra, pitta, pacifies visha and daha
कुर्वन्ति
गुर्विण्याः"
Atasi,अतसी,atasī,"https://www.medicinalplants.in/slokaimages/1027/1027_1.jpg
https://www.medicinalplants.in/slokaimages/1027/1027_2.jpg
https://www.medicinalplants.in/slokaimages/1027/1027_3.jpg
https://www.medicinalplants.in/slokaimages/1027/1027_4.jpg
https://www.medicinalplants.in/slokaimages/1027/1027_5.jpg","अतसी मधुरा तिक्ता स्निग्धा पाके
उष्ण
दृक्शुक्रवातघ्नी
किफषप त्ाकिेन कशटर्गीर : 
(Bpn)
Atasi is
madhura
tikta in
rasa, snigdha,
in guna,
usna in veerya, katu in paka, drk sukra vataghna, kapha
pitta vinasini
guru

अतसी
स्निग्धा वातास्रजिद् गुरुः (Bpn)
Atasi is snigdha guru in guna, sukra drstighna, vatasra
jid.
शुक्रदृष्टिघ्नी

अतसी मदगंधा स्यान्मधुरा बलकारिका
कफवातकरी चेषत् पित्तहृत् कुष्ठवातनुत् II (Rjn)
Atasi
is
madhura
in
rasa,
madagandha,
balakarika,
increases kapha and
vata
alleviates
pitta,
kustha
and
vata

स्निग्धोमा स्वादुतिक्तोष्णा कफपित्तकरी गुरुः
दृक्शुक्र्हृत् कटुः पाके तद्वद्वीजं कुसुंभकम् II Vaghbata
Its bija and
kusuma
are svadu
tikta in
rasa, snigdha
guru in guna,
usna in veerya, katu in paka, kapha pitta
karaka and drk sukra hara

उष्णाउतसी स्वादुरसाडनिलघ्नी
पित्तोल्वणा स्यात्कटुका विपाके II (Su)
Atasi
is   svadu,
usna
katuka
in
paka,  anilaghna
and
pittolbana"
Ativisa,अतिविषा,ativiṣā,"https://www.medicinalplants.in/slokaimages/37/37_1.jpg
https://www.medicinalplants.in/slokaimages/37/37_2.jpg
https://www.medicinalplants.in/slokaimages/37/37_3.jpg","विषा सोष्णा कटुस्तिक्ता पाचनी दीपनी हरेत् |
कफपित्तातिसारामविषकासवमिकृमीन् II (Bpn, kyn))
Visa
is
Katu,
tikta
in
rasa
usna
in
veerya,
pacani,
dipani
cures kapha pitta, atisara, ama,
visa, kasa,
vami
and krmi.

कटुष्णातिविषा तिक्ता कफपित्तज्वरापहा
आमातिसारकासघ्नी विषच्छर्दिविनाशिनी
||
(Rjn)
Ativisa
is
katu,
tikta
in
rasa
alleviates
kapha,   pitta,
ivara ama atisara, kasa,
visa and chardi

अतिविषा दीपनीयपाचनीयसंग्राहकसर्वदोषहरणाम्| (Ch)
Ativisha
is
dipaniya,
pacaniya,
sangrahaka
ana
sarvadoshahara"
Avartaki,आवर्तकी,āvartakī,https://www.medicinalplants.in/slokaimages/346/346_1.jpg,"आहुल्यं तिक्तशीतं स्याच्चक्षुष्यं पित्तदोषनुत्
मुखरुक्कुष्ठकण्डतिजन्तुशूलव्रणापहम्
तत्पुष्पंसहसा प्रमेहशमनं स्वर्णस्य वर्णप्रदं
बालं तस्य फलं वमिक्रिमिहरं सर्वप्रमेहापहम्
तृष्णाघ्नं सकषायमक्षिहितकृद् रुच्यं तथा दुर्जरं
तद्वीजं मधुमेहहृद् विषहरं रक्तातिसारं जयेत्
तन्मूलं पवनप्रकोपि मधुरं तृष्णाप्रमेहं जयेच्छ्वासघ्नं गुरु
रक्तपित्तशमनं शुक्रक्षये पूजितम्
(नि.र )
Avaraki has bitter rasie
cold poiency, is beneficial for eye, pacifies
pitia dosha.
It pacifies diseases of buccal cavity pain, skin diseases, parasitic
infection, stomach pain & ulcers
The flower of avaraki pacifies prameha(diabetes), imparts golden
complexion on usage.
The unripe fruit acts as anti-emetic, anthelminihic and pacify all types
of prameha diabeies), thirst. It is good for health of eyes, enhances
iasie perception; has asiringent asie
The seed pacifies madhumehaka type of diabetes)
Poisons, dysentery.
The root vitiates the vata dosha & has sweet aste, heavy in nature
cures ihirst diabeies, bronchial asihma, cough
pacifies hemorrhagic
disorders & cures oligospermia."
Avartani,आवर्तनी,āvartanī,https://www.medicinalplants.in/slokaimages/856/856_1.jpg,"आवर्तनी कषाया च शीतला ह्यतिसारहा
त्रिदोषोदरशूलघ्नी कृमिजालविनाशिनी
Avartani is kashaya in
rasa,
sitala in veerya,
cures
ati
sara, tridosha, udara,
sula and krmi"
Ayapana,आयापान,āyāpāna,https://www.medicinalplants.in/slokaimages/76/76_1.jpg,"अजापर्णं तु तुवरं तिक्तं वीर्योष्णमेव च
कफपित्तहरं ह्रद्यं ज्वरघ्नं रक्तरोधकम् II (स्व)
It is tuvara and tikta in rasa
(astringent and bitter),
usna
in   veerya
(hot
in potency), kaphapitta
hara
(alleviates
vitiation
of   kapha
and
pitta ),
hrdya
(cordial to the heart), alleviates jvara (fever) and acts
as an hemostatic"
Babbula,बब्बूल,babbūla,"https://www.medicinalplants.in/slokaimages/20/20_1.jpg
https://www.medicinalplants.in/slokaimages/20/20_2.jpg
https://www.medicinalplants.in/slokaimages/20/20_3.jpg
https://www.medicinalplants.in/slokaimages/20/20_4.jpg
https://www.medicinalplants.in/slokaimages/20/20_5.jpg
https://www.medicinalplants.in/slokaimages/20/20_6.jpg","बब्बूलः किङ्किरातः स्यात्किङ्किराटः सपीतकः
स एव कथितस्तज्ज्ञैराभाष्ट्पदामोदिनी
बब्बुलः कफनुद् ग्राही कुष्ठक्रिमिव्षापहः
IBPNIJ
The synonyms for babbula are kinkiratha kinkirata sapitaka and abhasatpadmodini. It is
kaphakara and alleviates kusta krimi and visa
IBPNJ
grahi,

कण्टकी सूक्ष्मपत्रश्च
कषायकः
बब्बूलस्तु कषायोष्णः कफकासामयापहः
आमरक्ततिसारघ्नः पित्तदाहार्त्तिनाशनः
[KYIJ
बब्बूलस्य फलं रूजं विशदं स्तम्भनं गुरु|l
बब्बूलस्य फलं रूक्षं विशदं स्तम्भनं गुरु
Babbula is kasaya in
rasa,usna in viryas
kaphapitta hara, alleviates kasa amatisara raktatisara,pitta and daha
Its phala is ruksa, visada guru and sthambana in guna [KYNJ
पीतपुष्पः

मालाफलोथबब्बूलोयुग्मकण्टोदृठारुहः
कण्टकीसूक्ष्मपत्रश्चपीतपुष्पःकषायकः
[Sgn]
Its synonyms are malaphala, babbula yugmakanta
drdaruha, kantakl,
suksmapatra, pitapuspa and kasayaka. ISgn]

बर्बुरस्तुकषायोष्णःकफकासामयापहः
आमरक्तातिसारघ्नः पित्तदाहार्शनाशनः
IRjn]
Babbula is kasaya in rasa
usna in virya kaphakara alleviates kasa raktatisara pitta daha
and arsa IRjn]

बब्बुलस्तिक्तमघुरःस्निग्धः शीतोष्णतूवरः
आमरक्ताति साराणांनाशनोग्राहकोमतः
कफंकासंचपित्तंचदाहंरक्तातिसारकम्|
वातंप्रमेहंशमयेत्पर्णन्तुग्रहकंमतम्
रुच्यंकटूष्णकासघ्नं वातपुंस्त्वकफार्शनुत्|
IN.RJ
Babbula is tikta and madhura in rasa, sitousna in vira, snigdha guna
sangrahi alleviates amatisara raktatisara, kapha,
kasa, pittas daha,
vata and
prameha lts patra is katu
In rasa usna
virya sangrahi rucya alleviates
kasa vata pumsatva kapha and
arsa.
[N.RJ

बब्बूलस्यतुनिर्य्यासेग्राहीपित्तानिलापहः
रक्तातिसारपित्तास्रमेहप्रदरनाशनः
भग्नसन्धानरःशीतःशोणितस्रुतिवारण्ः
/[A.S]
Resin of babbula is sita in virya. sangrahi pittavata nasaka alleviates
raktatisara raktapitta prameha and pracara helps in bhagnasandhana [A.SJ"
Babbula - jati,बब्बूल जाति,babbūla jāti,"https://www.medicinalplants.in/slokaimages/20/20_1.jpg
https://www.medicinalplants.in/slokaimages/20/20_2.jpg
https://www.medicinalplants.in/slokaimages/20/20_3.jpg
https://www.medicinalplants.in/slokaimages/20/20_4.jpg
https://www.medicinalplants.in/slokaimages/20/20_5.jpg
https://www.medicinalplants.in/slokaimages/20/20_6.jpg","बब्बूलः किङ्किरातः स्यात्किङ्किराटः सपीतकः
स एव कथितस्तज्ज्ञैराभाष्ट्पदामोदिनी
बब्बुलः कफनुद् ग्राही कुष्ठक्रिमिव्षापहः
IBPNIJ
The synonyms for babbula are kinkiratha kinkirata sapitaka and abhasatpadmodini. It is
kaphakara and alleviates kusta krimi and visa
IBPNJ
grahi,

कण्टकी सूक्ष्मपत्रश्च
कषायकः
बब्बूलस्तु कषायोष्णः कफकासामयापहः
आमरक्ततिसारघ्नः पित्तदाहार्त्तिनाशनः
[KYIJ
बब्बूलस्य फलं रूजं विशदं स्तम्भनं गुरु|l
बब्बूलस्य फलं रूक्षं विशदं स्तम्भनं गुरु
Babbula is kasaya in
rasa,usna in viryas
kaphapitta hara, alleviates kasa amatisara raktatisara,pitta and daha
Its phala is ruksa, visada guru and sthambana in guna [KYNJ
पीतपुष्पः

मालाफलोथबब्बूलोयुग्मकण्टोदृठारुहः
कण्टकीसूक्ष्मपत्रश्चपीतपुष्पःकषायकः
[Sgn]
Its synonyms are malaphala, babbula yugmakanta
drdaruha, kantakl,
suksmapatra, pitapuspa and kasayaka. ISgn]

बर्बुरस्तुकषायोष्णःकफकासामयापहः
आमरक्तातिसारघ्नः पित्तदाहार्शनाशनः
IRjn]
Babbula is kasaya in rasa
usna in virya kaphakara alleviates kasa raktatisara pitta daha
and arsa IRjn]

बब्बुलस्तिक्तमघुरःस्निग्धः शीतोष्णतूवरः
आमरक्ताति साराणांनाशनोग्राहकोमतः
कफंकासंचपित्तंचदाहंरक्तातिसारकम्|
वातंप्रमेहंशमयेत्पर्णन्तुग्रहकंमतम्
रुच्यंकटूष्णकासघ्नं वातपुंस्त्वकफार्शनुत्|
IN.RJ
Babbula is tikta and madhura in rasa, sitousna in vira, snigdha guna
sangrahi alleviates amatisara raktatisara, kapha,
kasa, pittas daha,
vata and
prameha lts patra is katu
In rasa usna
virya sangrahi rucya alleviates
kasa vata pumsatva kapha and
arsa.
[N.RJ

बब्बूलस्यतुनिर्य्यासेग्राहीपित्तानिलापहः
रक्तातिसारपित्तास्रमेहप्रदरनाशनः
भग्नसन्धानरःशीतःशोणितस्रुतिवारण्ः
/[A.S]
Resin of babbula is sita in virya. sangrahi pittavata nasaka alleviates
raktatisara raktapitta prameha and pracara helps in bhagnasandhana [A.SJ"
Badara,बदर,badara,"https://www.medicinalplants.in/slokaimages/1750/1750_1.jpg
https://www.medicinalplants.in/slokaimages/1750/1750_2.jpg
https://www.medicinalplants.in/slokaimages/1750/1750_3.jpg
https://www.medicinalplants.in/slokaimages/1750/1750_4.jpg
https://www.medicinalplants.in/slokaimages/1750/1750_5.jpg","बदरं मधुरं स्निगंधं भेदनं वातपित्तजित्
तच्छुष्कं कफवातघ्नं पित्ते न च विरुध्यते |Iचरक)
Badara is madhura in rasa, snigdha in
guna, bhedana
alleviates vata and pitta
Suska
badara alleviates
Kapha
and
vata
but  does
not
vitiate pitta

अम्ले बदराणि
पित्तश्लेष्मप्रकोपिणी
१ ( चरक
Badara is amla, Karkandu vitiates pitta and slesma
कर्कन्धु

कर्कन्धु-कोल ्बदरमामं पित्तकफापहम्
पक्वं पित्तानिलहरं स्निग्धं सुमधुरं सरम् II
पुरातनं तृट्शमनं श्रमघ्नं दीपनं लघु Il (सुश्रुत)
Karkandhu
kola and
ama   badara
alleviate
pitta
and
kapha
Pakva
phala
is   sumadhuram,
snigdha,
sara
in
guna,
pitta anila hara.
Purana
badara
is
dipana,
laghu,
alleviates
trt
and
srama

राजबरः
सुमधुरः शिशिरो दाहार्ति पित्तहरः
वृष्यश्च वीर्यवृद्धि
शोषश्रमं हरते II (Rjn)
Rajabadara
is
madhura
in
rasa ,
sisira,
vrshya,
virya
vardhaka, alleviates daha, arti, pitta, sosa and srama
कुरुते

तस्य मज्जा च
मधुरो वीर्यवर्धनः
श्वासकासतृषादाहन्छर्द्दिमारुपित्ताजित्
(kdn)
Its
majja is tuvara,
madhura
in rasa,
veerya vardhana,
cures
svasa,
kasa,
trsha
daha,
chardi,
maruta
and
pitta
तुवरो"
Bakuci,बाकुची,bākucī,"https://www.medicinalplants.in/slokaimages/1360/1360_1.jpg
https://www.medicinalplants.in/slokaimages/1360/1360_2.jpg
https://www.medicinalplants.in/slokaimages/1360/1360_3.jpg
https://www.medicinalplants.in/slokaimages/1360/1360_4.jpg
https://www.medicinalplants.in/slokaimages/1360/1360_5.jpg
https://www.medicinalplants.in/slokaimages/1360/1360_6.jpg
https://www.medicinalplants.in/slokaimages/1360/1360_7.jpg
https://www.medicinalplants.in/slokaimages/1360/1360_8.jpg","अवल्गुजा
स्यात्सोमराजी
शशिलेखा कृष्णाफला सोमा
पूतफलीति च Il
सोमवल्ली कालमेषी
प्रकीर्त्तिता
(Bpn)
Avalguja, Bakuci, Somaraji, Suparnika, Sasilekha, Krsnaphala
Soma, Putaphata, Somavalli, Kalamesi, Kusthaghni are the
synonyms of bakuci.
वाकुची
सुपर्णिका
कुष्ठघ्नी

सोमराजी च सोमवल्ली सुवल्लिका
सिता सितावरी चन्द्रलेखा चान्द्री च सुप्रभा Il
कुष्ठहन्त्री च काम्बोजी प्रतिगन्धा चावल्गुजा
स्मृता चन्द्राभिधा राजी काल्माषी च तथैन्दवी |l
कुष्ठदोषहा चैव कान्तिदाडवल्गुजा तथा Il
चन्द्राभिधा प्रभायुक्ता विंशतिः स्यातु नामतः
(Rin)
Bakuci, Somaraji Somavalli, Suvallika Sita, Sitavari Candralekha
Candi, Suprabha
Kusthahantri, Kamaboji, Pratigandha, Avalguja,
Candrabhidha
Raji, KAlmasi, Eaindavi, Kusihadoshaha, Kantida,
Avalguja, Candrabhidha Prabhayukta are the २० synonyms Of
bakuci.
बाकुची

सोमराजी तु सोमवल्ली
अवल्गुजा कृष्णफला सैव पूतिफला मता
चन्द्रलेखेन्दुलेखा च शशिलेखा मता च सा
पूतिकर्णी कालमेषी दुर्गन्धा कुष्ठनाशिनी II (Dhn)
Bakuci, Somaraji Somavalli, Suvalya, Avalguja, Krsnaphala
Putiphala Candralekha, Indulekha, Sasilekha, Putikarni, Kalamesi,
Durgandha, Kusthanasini are its synonyms
वाकुची
सुवल्यपि

पाके कटुका तिक्ता शीता रसायनी
मधुरा रुचिदा रूक्षा हृद्या ग्राह्यग्निदीपनी |l
बल्या च तुवरा लघ्वी मेध्या वै रक्तपित्तजित्
कफकुष्ठकृमिश्वासकासमेहज्वरव्रणान् II
त्रिदोषवातत्वग्दोषविषकण्डूश्च नाशयेत्
(Sgn )
Bakuci is tikta, madhura, tuvara in rasa, ruksa laghu in guna, sita
in veerya, katu in paka, rasayani, rucida, hrdya, grahya, agni
dipani balya, medhya alleviates rakiapitia kapha kustha, krmi,
s""asa
kasa
meha, jvara,
vrana iridosha, vata, tvagdosha, visa
and kandu.
वाकुची

कटुतिक्तोष्णा कृमिकुष्ठकफापहा
त्वग्दोषविषकण्डूडतिखतिखर्जूप्रशमनी च सा Il (Rjn)
Bakuci is katu, tikia in rasa, usna in veerya alleviaies krmi, kusiha
kapha, ivagdosha visa, kandu and ati kharju.
वाकुची

मधुरा तिक्ता कटुपाका रसायनी |
विष्टम्भीहृद्धिमा रुच्या सरा
श्लेष्मास्रपित्तनुत्
रूक्षा हृद्या श्वासकुष्ठमेहज्चरकृमिप्रणुत्
तत्फलं पित्तलं कुष्ठकफानिलहरं कटु II
केश्यं त्वच्यं वामिश्वासकासशोथामपाण्डुनुत् Il (Bpn)
Bakuci is madhura, tikia in rasa, ruksa in guna, katu in paka sara
in karma, rasayani, visiambhi, hrdya rucya, alleviates slesma,
asra, pitta, svasa, kustha, meha, jvara and krmi.
Its fruit is katu in rasa increases pitta, kesya, tvacya in karma,
alleviates kustha. kapha vami, svasa, kasa, sotha, ama and
pandu.
वाकुची

शीतला तिक्ता श्लेष्मकुष्ठकृमीन् जयेत्
रसायाोपयुक्ता
रुचिमेधाविवर्धनी Il (Dhn)
Bakuci is tikta in rasa, sitala in veerya, rucimeda vivardhini,
rasayana, alleviates slesma, kustha and krmi.
वाकुची

अवल्गुजः कटुः पाके तिक्तः पित्तकफापहः
(Su.S.Su ४६)
Avalguja is tikia in rasa, katu in paka and pitta kapha hara."
Bakula,बकुल,bakula,"https://www.medicinalplants.in/slokaimages/1112/1112_1.jpg
https://www.medicinalplants.in/slokaimages/1112/1112_2.jpg
https://www.medicinalplants.in/slokaimages/1112/1112_3.jpg
https://www.medicinalplants.in/slokaimages/1112/1112_4.jpg
https://www.medicinalplants.in/slokaimages/1112/1112_5.jpg","बकुलोद्भवपुष्पं च सुपक्वं च सुगन्धि च |
मधुरञ्च कषायञ्च स्निग्धं संग्राहि बाकुलम्
स्थिरीकरञ्च दन्तानां विशदं तत्फलं गुरु Il (Dhn)
Supakva bakula puspa is madhura, kashaya in rasa, snigdha in
guna sangrahi in karma, sugandhi, dantanam sthirikara, its fruits
are visadam and guru.

बकुलः शीतलो
विषदोषविनाशनः
मधुरश्च कषायश्च मदांढ्यो हर्षदायकः १l
बकुलकुसुमञ्च रुच्यं क्षीरढ्यं
शीतलं मधुरम्|
स्निग्धकषायं कथितं मलसंग्राहकञ्चैव II (Rjn)
Bakula is
madhura,  kashaya
in
rasa
sitala
in   veerya
hrdya,
madadhya,
visa
dosha
vinasana
and
harsha
dayaka.
Its
Kusuma
is
madhura
kashaya in
rasa,   snigdha
in
guna,
sitala
in
veerya,
rucya,   ksiradhya,
surabhi
and
mala sangrahaka
हृद्यो
सुरभि

बकुलस्तुवरोडनुष्णः कटुपाकरसो गुरुः
कफपित्तविषश्वित्रकृमिदन्तगदापहः (Bpn)
Bakula
is
tuvara
in
rasa
guru
in
guna,
anusna
in
veerya, katu in paka and rasa, cures kapha, pitta, visha,
chardi, svitra, krmi and danta gada

विपाके गुरु संपक्वं मधुरं कफपित्तजित्
मधुरञ्च कषायञ्च स्निग्धं संग्राहि बाकुलम् II (Su)
Pakva
is
kashaya,
machura
in
rasa,
guru,
snigdha
in
guna,
madhura
in paka, sangrahi
in   karma,
alleviates
kapha and pitta

तद्वीजं दन्तचालघ्नं नस्याच्छीर्षरुजापहम्
/|
(Sodala)
Its Bijam cures danta cala and on nasya it cures sirsaruja."
Bhallataka,भल्लातक,bhallātaka,,
Bhandira,भण्डीर,bhaṇḍīra,,
Bhanga,भंगा,bhaṃgā,"https://www.medicinalplants.in/slokaimages/312/312_1.jpg
https://www.medicinalplants.in/slokaimages/312/312_2.jpg","भङगा कफहरी तिक्ता
ग्राहिणी पाचनी लघुः
तीक्ष्णोष्णा पित्तला मोहमदवाग्वह्निवर्धिनी Il (Bpn)
Bhanga
is tikta in rasa, laghu, tiksna in
guna,
usna
in
veerya,
increases
pitta,
alleviates
kapha,
is
grahini,
pacani and induces moha, mada, vag vahni.

भृङ्गी तु दीपनी रुच्या ग्राहिणी पाचनी लघुः
निद्रापित्तप्रदूषणा
च कामदा
कफवातजित् II (Sodala)
Bhangi
is
dipani,
rucya,  grahini,
pacani,  laghu,
nidra
pitta pradushana, kamada and kapha vatahara"
Bharngi,भार्ङ्गी,bhārṅgī,"https://www.medicinalplants.in/slokaimages/444/444_1.jpg
https://www.medicinalplants.in/slokaimages/444/444_2.jpg
https://www.medicinalplants.in/slokaimages/444/444_3.jpg
https://www.medicinalplants.in/slokaimages/444/444_4.jpg","भार्गी स्यात् स्चरसे तिक्ता चोष्णा श्वासकफापहा
गुल्मज्वरासृग्वातघ्नी यक्ष्माणं
(Dhn)
Bhargi
svarasa
is   tikta
rasa
usna in veerya,
$!2$2
kapha
hara
cures gulma, jvara, asrg vata yaksma and pinasa
पीनसम्

भार्गी तु कटुतिक्तोष्णा कासश्वासविनाशनी
शोफव्रणकृमिघ्नी च दाहज्वरनिवारिणी II (Rjn ३)
Bhargi is katu, tikia in rasa usha in veerya cures kasa,
svasa, sopha
vrana krmi and daha jvara

भार्गी रूक्षा कटुस्तिक्ता रुच्योष्णा पाचनी लघुः
दीपनी तुवरा गुल्मरक्तनुन्नाशयेत् ध्रुवम् |l
शोथकासकफश्चकासपीनसज्वरमारुतान्
(Bpn)
Bhargi is katu tikta tuvara in rasas laghu ruksa in guna, rucya, usna,
pacani dipani
cures gulma rakta sotha, kasa, kapha, svasa, pinasa
ivara and marurta

पर्णमस्याः ज्वरं दाहं हिक्कां दोषत्रयं हरेत् I (Nir)
Its   leaves
are beneficial
for jvara daha, hikka
vitiation Of three
doshas
and"
Bhrngaraja,भृङ्गराज,bhṛṅgarāja,"https://www.medicinalplants.in/slokaimages/653/653_1.jpg
https://www.medicinalplants.in/slokaimages/653/653_2.jpg
https://www.medicinalplants.in/slokaimages/653/653_3.jpg
https://www.medicinalplants.in/slokaimages/653/653_4.jpg
https://www.medicinalplants.in/slokaimages/653/653_5.jpg
https://www.medicinalplants.in/slokaimages/653/653_6.jpg
https://www.medicinalplants.in/slokaimages/653/653_7.jpg
https://www.medicinalplants.in/slokaimages/653/653_8.jpg","मार्कवो भृङ्गराजश्च भृङ्गाह्वा केशरञ्जनः
पितृप्रियो रङ्गकश्च केश्यः कुन्तलवर्धनः II (Rjn)
Markava, bhrngaraja, bhrngahva, kesaranjana, pitrupriya rangaka
kuntalavardhana are the synonyms of bhrangaraja.
kesya

भृङ्गराजः कटुस्तिक्तो रूक्षोष्णः कफवातनुत्
केश्यस्त्वच्यः कृमिश्वासकासशोफामपाण्डुनुत् ||
दन्त्या रसायनाो बल्यः
कुष्ठनेत्रशिरोर्तिनुत्
(Bpn)
Bhrngaraja is katu, tikta in rasa, ruksa in guna
usna in veerya
kapha vata hara, kesya tvacya, dantya rasayana, balya cures
krmi, svasa, kasa, sopha, ama, pandu, kustha, netraroga and
siroroga

भृङ्गराजास्तु चक्षुष्यास्तिक्तोष्णः केशरञ्जनः
कफशोफविषघ्नश्च
(Rjn)
Bhrngaraja is tikta in rasa, usna in veerya, caksushya, kesa
ranjana, cures kapha sopha and visa

मार्कवः कफापाण्डुघ्नः केश्यः श्वित्राक्षिरोगजित् (Sdn)
Markava is kesya, alleviates kapha, pandu, svitra and aksi roga.

मार्कवस्तिकश्चोष्णश्चक्षुष्यः केशरञ्जनः
त्वर्चो रूक्षश्च तीक्ष्णश्च दन्त्यो मेध्यो रसायनः |l
शोफं कामं चान्त्रवृद्धि शिरोनेत्ररुजं तथा
कफं वातं च कासं च
श्वासकुष्ठकृमीन् जयेत्
आमं च
पाण्डुरोगं च हृद्रोगं त्वग्रुजं तथा
विषं च नाशयत्येव कण्डूनाशकरो मतः Il (Nir)
Markava is tika in rasa, tiksna, ruksa in guna
usna in veerya
caksushya kesa ranjana
tvacya, dantya medhya, rasayana
cures sopha
kama antravrddhi, siro netra ruja, kapha
vaia kasa
svasa, kusiha
krmi, ama, pandu, hrdroga tvagruja, visa and
kandu

तैलं दशगुणे सिद्धं भृङ्गराजरसे शुभे
सेव्यमानं यथान्यायं कासश्चासौ व्यपोहति Il (Su.S.U)
Bhrngaraja svarasa prepared into iaila using १० parts of taila,
iaken internally in prescribed dose cures svasa and kasa.

ये मासमेकं स्वरसं पिबन्ति
दिने दिने भृङ्गरजः समुत्थम्
क्षीराशिनस्ते बलवीर्ययुत्त्काः
समाः शतं
जीवितमाप्नुवन्ति Il (A.Hr.U)
Bhrngaraja svarasa iaken for a month every
and dieting on
ksira anna promoies bala and virya equally and he lives well for
१०० years
day

मार्कवमथवा खादेद् भृष्टं तैलेन लोहपात्रस्थम्
बीजकशृतं च दुग्धं तदनुपिबेत् श्वित्रनाशाय |l (A.Hr.C)
Bhrangaraja which is iaken fried in iaila in iron vessel followed by
the iniake of milk cures svitra"
Bhrngaraja - sveta,भृङ्गराज श्वेत,bhṛṅgarāja śveta,"https://www.medicinalplants.in/slokaimages/653/653_1.jpg
https://www.medicinalplants.in/slokaimages/653/653_2.jpg
https://www.medicinalplants.in/slokaimages/653/653_3.jpg
https://www.medicinalplants.in/slokaimages/653/653_4.jpg
https://www.medicinalplants.in/slokaimages/653/653_5.jpg
https://www.medicinalplants.in/slokaimages/653/653_6.jpg
https://www.medicinalplants.in/slokaimages/653/653_7.jpg
https://www.medicinalplants.in/slokaimages/653/653_8.jpg","मार्कवो भृङ्गराजश्च भृङ्गाह्वा केशरञ्जनः
पितृप्रियो रङ्गकश्च केश्यः कुन्तलवर्धनः II (Rjn)
Markava, bhrngaraja, bhrngahva, kesaranjana, pitrupriya rangaka
kuntalavardhana are the synonyms of bhrangaraja.
kesya

भृङ्गराजः कटुस्तिक्तो रूक्षोष्णः कफवातनुत्
केश्यस्त्वच्यः कृमिश्वासकासशोफामपाण्डुनुत् ||
दन्त्या रसायनाो बल्यः
कुष्ठनेत्रशिरोर्तिनुत्
(Bpn)
Bhrngaraja is katu, tikta in rasa, ruksa in guna
usna in veerya
kapha vata hara, kesya tvacya, dantya rasayana, balya cures
krmi, svasa, kasa, sopha, ama, pandu, kustha, netraroga and
siroroga

भृङ्गराजास्तु चक्षुष्यास्तिक्तोष्णः केशरञ्जनः
कफशोफविषघ्नश्च
(Rjn)
Bhrngaraja is tikta in rasa, usna in veerya, caksushya, kesa
ranjana, cures kapha sopha and visa

मार्कवः कफापाण्डुघ्नः केश्यः श्वित्राक्षिरोगजित् (Sdn)
Markava is kesya, alleviates kapha, pandu, svitra and aksi roga.

मार्कवस्तिकश्चोष्णश्चक्षुष्यः केशरञ्जनः
त्वर्चो रूक्षश्च तीक्ष्णश्च दन्त्यो मेध्यो रसायनः |l
शोफं कामं चान्त्रवृद्धि शिरोनेत्ररुजं तथा
कफं वातं च कासं च
श्वासकुष्ठकृमीन् जयेत्
आमं च
पाण्डुरोगं च हृद्रोगं त्वग्रुजं तथा
विषं च नाशयत्येव कण्डूनाशकरो मतः Il (Nir)
Markava is tika in rasa, tiksna, ruksa in guna
usna in veerya
caksushya kesa ranjana
tvacya, dantya medhya, rasayana
cures sopha
kama antravrddhi, siro netra ruja, kapha
vaia kasa
svasa, kusiha
krmi, ama, pandu, hrdroga tvagruja, visa and
kandu

तैलं दशगुणे सिद्धं भृङ्गराजरसे शुभे
सेव्यमानं यथान्यायं कासश्चासौ व्यपोहति Il (Su.S.U)
Bhrngaraja svarasa prepared into iaila using १० parts of taila,
iaken internally in prescribed dose cures svasa and kasa.

ये मासमेकं स्वरसं पिबन्ति
दिने दिने भृङ्गरजः समुत्थम्
क्षीराशिनस्ते बलवीर्ययुत्त्काः
समाः शतं
जीवितमाप्नुवन्ति Il (A.Hr.U)
Bhrngaraja svarasa iaken for a month every
and dieting on
ksira anna promoies bala and virya equally and he lives well for
१०० years
day

मार्कवमथवा खादेद् भृष्टं तैलेन लोहपात्रस्थम्
बीजकशृतं च दुग्धं तदनुपिबेत् श्वित्रनाशाय |l (A.Hr.C)
Bhrangaraja which is iaken fried in iaila in iron vessel followed by
the iniake of milk cures svitra"
Bhumyamalaki,भूम्यामलकी,bhūmyāmalakī,"https://www.medicinalplants.in/slokaimages/1273/1273_1.jpg
https://www.medicinalplants.in/slokaimages/1273/1273_2.jpg
https://www.medicinalplants.in/slokaimages/1273/1273_3.jpg","मधुरा तिक्ता वीर्यतः शिशिरा स्मृता
पित्तं हन्ति कफास्रघ्ना
दृष्टिदाहविनाशिनी II (Dhn)
Bhudhatri   is
madhura,
tikta
in
rasa ,
sisira
in
veerya
alleviates pitta, kapha, asra, cures drsti daha.
भूधात्री

तु कषायाम्ला पित्तमेहविनाशिनी
वातकृत् तिक्ता कषाया मधुरा हिमा Il
पिपासा कासपित्तास्रकफकण्डूक्षतापहा II (Bpn)
Bhudhatri is kashaya, amla, tikta, madhura in rasa, hima
in veerya, pitta meha vinasana, vata karaka,
cures pitta
meha,   pippasa,
kasa,
pitta
asra
kapha,
kandu
and
ksata
भूधात्री
भूधात्री

भूधात्री तु विशेषेण विषघ्नी पुत्रदायिनी II (Sodala)
Bhudhtari is putradayini and cures visa."
Bhurja,भूर्ज,bhūrja,"https://www.medicinalplants.in/slokaimages/237/237_1.jpg
https://www.medicinalplants.in/slokaimages/237/237_2.jpg
https://www.medicinalplants.in/slokaimages/237/237_3.jpg","भूर्जः कटुकषायोष्णाः भूतरक्षाकरः परः
त्रिदोषशमनः
पथ्या
दुष्टकोटिल्यनाशनः
(Rjn)
Bhurja
is
katu
kashaya
in
rasa,
usna
in
veerya,
bhutaraksa kara, tridosha samana, pathya, dusta kotilya
nasana

भूर्जोबलकरः श्लेष्मकर्णरुकपित्तरक्तजित्
कषायः कटूरुष्णश्च मेदोविषहरः परः|| (Bpn)
Bhurja is kashaya,
Katu in
rasa
uSha
in
veerya,
bala
kara,
cures slesma,
karnaruk
pitta,
rakta
meda,
and
visha

भूर्जो बल्यः कफास्रघ्नः| (Rjv)
Bhurja is
and kapha asraghna
balya"
Bhurjapatra,भूर्जपत्र,bhūrjapatra,"https://www.medicinalplants.in/slokaimages/237/237_1.jpg
https://www.medicinalplants.in/slokaimages/237/237_2.jpg
https://www.medicinalplants.in/slokaimages/237/237_3.jpg","भूर्जः कटुकषायोष्णाः भूतरक्षाकरः परः
त्रिदोषशमनः
पथ्या
दुष्टकोटिल्यनाशनः
(Rjn)
Bhurja
is
katu
kashaya
in
rasa,
usna
in
veerya,
bhutaraksa kara, tridosha samana, pathya, dusta kotilya
nasana

भूर्जोबलकरः श्लेष्मकर्णरुकपित्तरक्तजित्
कषायः कटूरुष्णश्च मेदोविषहरः परः|| (Bpn)
Bhurja is kashaya,
Katu in
rasa
uSha
in
veerya,
bala
kara,
cures slesma,
karnaruk
pitta,
rakta
meda,
and
visha

भूर्जो बल्यः कफास्रघ्नः| (Rjv)
Bhurja is
and kapha asraghna
balya"
Bijaka,बीजक,bījaka,"https://www.medicinalplants.in/slokaimages/74/74_1.jpg
https://www.medicinalplants.in/slokaimages/74/74_2.jpg
https://www.medicinalplants.in/slokaimages/74/74_3.jpg
https://www.medicinalplants.in/slokaimages/74/74_4.jpg","बीजकः सकषायश्च कफपित्तास्रनाशनः
IDhn)
Bijaka is kashaya in rasa,
cures diseases of kapha, pitta
and
asra

असनः कटुरुष्णश्च तिक्तो
वातार्त्तिदोषनुत् 0
सारको गलदोषघ्नो रक्तमण्डलनाशनः II (Rin)
Asana
is
katu,
tikta
in
rasa ,
usna
in
veerya,
cures
disease
Of
vata,
arti
and
its
sara
(resin)   is
useful
in
galadosha and raktamandala

बीजकः कुष्ठवीसर्पश्वित्रमेहगुदक्रिमीन्|
हन्ति श्लेष्मास्रपित्तं च त्वच्यः केश्यो रसायनः Il (Bpn)
Bijaka
cures
kustha,
visarpa,
svitra,
meha,   gudakrmi
slesma, asrapitta and is tvacya, kesya and rasayana

असनस्य तु
विपाके मधुराणि च
तिक्तानि पाचनीयानि वातलानि भवन्ति हिI| (Nir)
Flowers
Of asana
are tikta,
madhura in paka,
pacaniya
and vatala
पुष्पाणि"
Bilva,बिल्व,bilva,"https://www.medicinalplants.in/slokaimages/47/47_1.jpg
https://www.medicinalplants.in/slokaimages/47/47_2.jpg
https://www.medicinalplants.in/slokaimages/47/47_4.jpg
https://www.medicinalplants.in/slokaimages/47/47_5.jpg
https://www.medicinalplants.in/slokaimages/47/47_6.jpg","सदाफलः
पीलुफलो हृद्यगन्धः शलाटिकः
शलाटुद्रुम इत्युक्तो शब्दैः पर्यायवाचकैः II
(Aa ma)
Sadaphala, piluphala, hrdyagandha salatika, salatu druma are the
synonyms for bilva

विलवः शाण्डिल्यशैलूषो मालूरश्रीफलावपि
गन्धगर्भः शलादुश्च कण्टकी च सदाफलः
बालं विल्वफलं विल्वकर्कटी विल्वपेशिका
(Bpn)
Vilva,  sandilyasailusa,
malura
sriphala,  gandhagarbha,
salatu
kantaki, sadaphala are the synonyms for bilva. Bilva karkati bilva
pesika are ihe synonyms ior bala bilva phala

मधुरो हृद्यः कषायोष्णो रुचिप्रदः
दीपनो ग्राहको रूक्ष्ः पित्तलस्तिक्तकः कटुः |I
गुरुः पाचनकर्ता च
वातातीसारजूर्तिहा
बालं विल्वफलं स्निगधं गुरु रुच्यं च दीपनम् Il
ग्राहकं पाचकं तिक्तं लघु चोष्णं च तूवरम्
शूलामवातग्रहणीकफातीसारनाशनम् |l
तरुणं तु फलं वैल्वं ग्राही तुवरमम्लकम्
स्निग्धं च कटु तीक्ष्णं च उष्णं च लघु दीपनम् Il
पाचकं कफवाय्वोश्च नाशकं हृदयाप्रियम
पक्वं वैलवं दाहकरं मधुरं गुरु तूवरम्
विष्टम्भकारी तिक्तोष्णं ग्राहकं कटु दोषलम्
वातलं चाग्निमान्द्यकृत् ऋषिभिर्मतम् |l
विल्वमूलं तु मधुरं त्रिदोषच्छर्दिशूलनुत्
लघु कृच्छहरं वातकफपित्तस्य नाशकम् |l
पर्णानि ग्राहकाणि स्युर्वातनाशकराणि च
(Nir)
Bilva is kashaya katu, tikta, madhura in rasa, ruksa, guru in guna
usna in veerya, hrdya ruciprada, dipana grahaka, pacani causes
increase in pitta
cures vata atisara
Bala bilva (tender fruit) phala is snighda, guru laghu in property,
rucya, dipana grahi, pacaka, tikta tuvara in rasa usna in veerya,
cures sula amavata grahani, kapha and atisara.
Taruna phala ( Semi-repined) is grahi, tuvara, amlaka, katu in rasa
snigdha, tiksna, laghu in guna, usna in veerya dipana, pacaka,
kapha vata hara and hrdya priya.
Pakva phala is madhura, tuvara tikia katu in taste, usna in
potency, causes increase in daha, is guru vistambha kari, grahi,
doshala, durjara, vatala, agnimandya karaka
Bilva mula is madhura in taste, laghu in property cures tridosha
chardi sula, vata kaphapitta and krcchra
Parna (leaf) is grahaka and vata nasaka
विल्वस्तु
दुर्जरं

विल्वमूलं त्रिदोषघ्नं छर्दिघ्नं मधुरं लघु |
विशल्या तु फलं बालं स्निग्धं संग्राहि दीपनम् |l
कटुतिक्तकषायोष्णं तीक्ष्णं वातकफाहम्
विद्यात्तदेव संपक्वं मधुरानुरसं गुरु |l
विदाहि विष्टम्भकरं दोषहृत् पूतिमारुतम्
(Dhn)
Bilva
mula
is
madhura
tasie
laghu
property,
alleviates
tridosha and chardi.
Bala phala is katu, tikta,
kashaya in taste
usna in potency tiksna
snigdha, sangrahi in guna, dipana alleviates vata and kapha
Pakva
phala is
madhura in
anurasa
guru in
property
vidahi,
vistambhakara, dosha hara and putimaruta

विल्वस्तु मधुरो हृद्यः कषायः पित्तजिद् गुरुः
कफज्वरातिसारघ्नी रुचिकृद्दीपनः परः |l
विल्वमूलं त्रिदोषघ्नं मधुरं लघु वातनुत्
फलं तु कोमलं स्निग्धं गुरु संग्राहि दीपनम् Il
तदेव पक्वं विज्ञेयं मधुरं सरसं गुरु
कटुतिक्तकषायोष्णं संग्राहि च त्रिदोषजित् II (Rjn)
Bilva is madhura kashaya in tasie guru in property hrdya, dipana,
ruci karaka, alleviaies pitia,
cures kapha ivara, atisara
Bilva mula is
madhura in rasa, laghu in property tridoshaghna
vata hara
Komala phala is snigdha, guru in property sangrahi and dipana
Pakva phala is madhura, katu, tikta kashaya in taste, sara, guru in
property, usna in potency, sangrahi and alleviates tridoshas"
Bimbi,बिम्बी,bimbī,https://www.medicinalplants.in/slokaimages/450/450_1.jpg,"कटुस्तिक्ता कफपित्तविषापहा
अरोचकास्रपित्तघ्नी सदा पथ्या च रोचनी
तिक्तं बिम्बीफलं चामं छर्द्दनं कफनाशनम्I| (Rjn)
Bimbi is
katu,
tikta
in
rasa,
sada
pathya
and rocani,
alleviates kapha, pitta, visha, arocaka, asra pitta
Ama
bimbi lunripel phala is tikta in rasa, chardana and
destroys kapha
कटुतुम्वी"
Bola,बोल,bola,"https://www.medicinalplants.in/slokaimages/473/473_1.jpg
https://www.medicinalplants.in/slokaimages/473/473_2.jpg
https://www.medicinalplants.in/slokaimages/473/473_3.jpg","बोलं रक्तहरं शीतं मेध्यं दीपनपाचनम्
मधुरं कटु तिक्तं च
ग्रहस्वेदत्रिदोषनुत्| |
ज्वरापस्मारकुष्ठध्नं गर्भाशयविशुद्धिकृत्|
 |
श्रीवासः सरलो बोलः कुन्दरुः ग्रन्थिपर्णकम्
सिंल्हकं स्पृक्का गुछं नखद्वयं मुरा E
सर्वेडमी पावनाः प्रेक्ता रक्षोघ्नाः ज्वरनाशनाः
स्वादुतिक्तरसायुष्याः स्वेददौर्गन्ध्यनाशनाः | |
लघुष्णाः कटुकाः पाके कफवातनिबर्हणाः
बोलो विशेषतस्तत्र रक्तहन्ता प्रकीर्तितः | |
(निघण्ट  संग्रहे
Bola is madhura, katu, tikta in rasa,
sita in veerya
medhya, dipana, pacana,
alleviates vitiation Of rakta
cures graham, sveda, tridosha, jvara, apasmara, kustha
and is garbhashaya visuddhikaraka.
Its synonyms are srivasa,
sarala, bola, kunduru,
granthiparnaka, turuska, simhalka, sprkka, guccha
nakha dvaya, mura, ami, pavana, raksoghna
jvaranasana
It is svadu,
tikta,
in
rasa,
ayushya,  laghu
in
property,
USha
In
veerya,
katu
in
paka,
and
specifically
cures
sveda
daurgandhya
and
vitiation
Of  rakta,
kapha
and
vata
तुरुष्कं

बोलं तु कटु तिक्तोष्णं कषायं रक्तदोषनुत्
कफपित्तामयान हन्ति प्रदरादिरुजापहम
(Rin)
Bola is katu, tikta, kashaya in rasa,
usna in veerya
cures rakta dosha, diseases of kapha pitta and
pradaradi ruja.

बोलं तु कटु तिक्तोष्णं कषायं रक्तदोषनुत् [
कफपित्तामयान हन्ति प्रदरादिरुजापहम्I| (Rin)
Bola is katu, tikta, kashaya in rasa, usna in veerya,
cures rakta dosha, diseases of kapha pitta and
pradaradi ruja."
Brahmi,ब्राह्मी,brāhmī,"https://www.medicinalplants.in/slokaimages/195/195_1.jpg
https://www.medicinalplants.in/slokaimages/195/195_2.jpg
https://www.medicinalplants.in/slokaimages/195/195_3.jpg
https://www.medicinalplants.in/slokaimages/195/195_4.jpg
https://www.medicinalplants.in/slokaimages/195/195_5.jpg
https://www.medicinalplants.in/slokaimages/195/195_6.jpg
https://www.medicinalplants.in/slokaimages/195/195_7.jpg
https://www.medicinalplants.in/slokaimages/195/195_8.jpg","ब्राह्मी सरस्वती सोमा सत्यास्वा ब्रह्मचारिणी
(Mpn)
Brahii. sarasvati. somma. satyahva. brahinacarini are the synonyms of brahini

बराह्मी कपोतवङ्गा च सोमवल्ली सरस्वती (Bpn)
Brahmi. kapotavanga. somavalli. sarasvati are its synonyms

ब्राह्मी सौम्या विनिर्दिष्टा दिव्यतेजा महोषधी
कपोतवेगा त्वष्टा च सैव
ब्रह्मसुवर्चला
(Dhn)
Brahmi is otherwise called saumya. divyateja mahaushadhi. kapotavega.
bralmasuvarcala

ताह्यी हिना सरा तिक्ता लघुर्नेच्या च शीतला
कषाया मधुरा स्वादुपाकायुष्या रसायनी
स्वर्या स्मृतिप्रदा कुष्ठपाण्डुनेहास्रकासजित् |
विषशोफज्वरहरी
(Bpnl
Brahmi is tikta madhura kasaya in rasa hima in veerya
5a1a.
laghu in guna svadu in
paka medhya sitala
ayushya, rasayani, svarya smrti prada
cures kustha
pandu
1neha asra Tikara kasa
T1Sa
sopha and jvara

ब्राह्मी शीता कषाया च तिक्ता बुद्धिप्रदा मता
मेधायुरग्निजननी
सारका स्वादुला लघुः
कण्ठशुद्धिकरी हृद्या स्मृतिदा
रसायना
हृद्या मेहं विषं कुष्ठं
कास ज्वर जयत |
शोफकण्डूप्लीहवातरक्तपित्तारुचिर्जयेत्
श्वासं शोष सवदोष कफवातामयानं जयत
INir )
Brahii is kashara
tikta, svadu in taste laghu in property sita in potency buddhi
prada medhya ayushkara saraka kantha suddhikari hrdya smrtida
lasava1a
hrdva
cures meha visa kustha pandu
kasa- ]vara
sopha kandu pliha roga vatarakta pitta
ainici svasa sosa sa1adosha kapha vata amava
पाण्ड

ब्राह्मी तु
पिच्छिलायुष्या सरोन्मादविमर्दिनी
वयसःस्थापनी मेध्या वाक्स्वरस्मृतिदा परा
तिक्ता हृद्या कटुः पाके श्वासश्लेष्मनिकुन्तनी
IGdni
Brahmi is tikta in taste
picchila in property katu in paka ayushya
sara   vayasthapati
1edhya
vak prada. stara prada
smrti prada hrdya and cures svasa slesma and
uumade

भेदिनी गुर्वी मेध्या तिक्ता कफापहा
IRav)
Brahmi is tikta, svadu in taste guru in property hima in potency bhedini medhya
sara, medhya rasayani and alleviates kapha
ग्राह्मी तु

ब्राह्मी हिमा सरा
स्वादुर्लघुर्मोध्या रसायनी
स्वर्या स्मृतिप्रदा कुष्ठपाण्डुमेहास्रकासजित्
विषशाफज्वरहरा
(Mpn, Ndvi
Brahmi is svadu in taste laghu
sara in property haa in potency medhya rasayan1
starya
s1111t1
prada in karma
cures pandu meha asra vikara kasa visa. sopha
JTa1a"
Brhati,बृहती,bṛhatī,"https://www.medicinalplants.in/slokaimages/1501/1501_1.jpg
https://www.medicinalplants.in/slokaimages/1501/1501_2.jpg
https://www.medicinalplants.in/slokaimages/1501/1501_3.jpg
https://www.medicinalplants.in/slokaimages/1501/1501_4.jpg","बृहतीमहतीसिंहीप्रसहाहिंगुलीकुली| |
अक्रान्ताक्षुद्रवार्ताकीरक्तापाकीलतातथा
Brhati,
mahati,
simhipa,
saha,
hinguli,
Kuli,
akranta,
ksudra vartaki, raktapaki and lata are the synonyms

वृहतीकटुतिक्तोष्णावातजिज्जवरहारिणी |
अरोचकामकासघ्नीश्वासहृद्रोगनाशिनीI| (Rjn)
Brhati is katu, tikta in rasa, usna in veerya, alleviates
vata, cures jvara, arocaka, ama, kasa, svasa and
hrdroga.

फलगुणाः
फलानिबृहतीनांचकटुतिक्तलघुनिच [
कण्डूकुष्ठकृमिघ्नानिकफवातहराणिच | |
Its phala is katu,
tikta in rasa, laghu in guna, alleviates
kandu, kustha, krmi, kapha, vata.

क्षुद्रबृहतिका
लघ्वीबृहतिकावातश्वासशूलकफापहा
अग्निमांद्यंज्वरंछर्दिहृद्रुगामंचनाशयेत् 
Laghu
brhati
alleviates
vata,
svasa,
sula,
kapha,
mandya, jvara, chardi, hrdroga and ama
agni"
Cakramarda,चक्रमर्द,cakramarda,"https://www.medicinalplants.in/slokaimages/353/353_1.jpg
https://www.medicinalplants.in/slokaimages/353/353_2.jpg
https://www.medicinalplants.in/slokaimages/353/353_3.jpg
https://www.medicinalplants.in/slokaimages/353/353_4.jpg
https://www.medicinalplants.in/slokaimages/353/353_5.jpg","चक्रमर्दों लघुः स्वादु रूक्षः पित्तानिलापहः
हिमः कफश्वासकुष्ठदद्रुकृमीन् हरेत् [
हन्त्युष्णं तत्फलं कुष्ठकण्डूदद्रुविषानिलान्
गुल्मकासकृमिश्वासनाशनं कटुकं स्मृतम्I| (Bpn)
Cakramarda is svadu in rasa, laghu, ruksa in guna,
hima in veerya, decreases pitta, anila, is hrdya, cures
kapha, svasa, kustha, dadru and krmi
Its fruit is katu in rasa, usna in veerya, cures kustha
kandu, dadru, visa, anila, gulma, kasa, krmi and
svasa.
हृद्यो

चक्रमर्दः कटूष्णः स्यात्प्रोक्तो वातकफापहः
दद्रुकण्डूहरः कान्तिसौकुमार्यकरो मतः || (Dhn)
Cakramarda is katu in rasa, usna in veerya, decreases
vata and kapha, cures dadru, kandu, promotes kanti
and saukumaryata

चक्रमर्दः
मेदोवातकफापहः
व्रणकण्डूतिकुष्ठार्त्तिदद्रु पामादिदोषनुत् II (Rjn)
Cakramarda is katu in rasa,
decreases meda, vata
kapha, cures vrana, kandu, kustha, dadru and pama
कटुस्तीव्रो

तद्वीजं दद्रुजित् सिध्मत्वग्दोषसर्वकुष्ठजित् |
वातरक्तापहं तस्य शाकं कफहरं लघु II (Dhn)
Its bija cures dadru, sidhma, tvag dosha
and
all types
Of kustha
Its saka is laghu in guna, alleviates vata, rakta, kapha

प्रपुन्नाटो लघुः स्वादुः वातश्लेष्महरः परः
Prapunnata
is
svadu
in
rasa,
laghu
in
guna
and
decreases vata, slesma"
Campaka,चम्पक,campaka,"https://www.medicinalplants.in/slokaimages/1102/1102_1.jpg
https://www.medicinalplants.in/slokaimages/1102/1102_2.jpg
https://www.medicinalplants.in/slokaimages/1102/1102_3.jpg
https://www.medicinalplants.in/slokaimages/1102/1102_4.jpg
https://www.medicinalplants.in/slokaimages/1102/1102_5.jpg
https://www.medicinalplants.in/slokaimages/1102/1102_6.jpg
https://www.medicinalplants.in/slokaimages/1102/1102_7.jpg
https://www.medicinalplants.in/slokaimages/1102/1102_8.jpg","चम्पकःसुकुमारश्चसुरभिःशीतलश्चसः
चाम्पेयोहेमपुष्पश्चकाञ्चनःषट्पदातिथिः | |
Campaka, Sukumara,
Surabhi,
Sitala, Campeya, Hema
Puspa, Kancana are its synonyms

एतस्य कलिकागन्धफलोतिकथिताबुधैः | |
Its kalika is like gandha phala

चम्पकःकटुकस्तिक्तःकषायोमधुरोहिमः
विषक्रिमिहरः कृच्छ्रकफवातास्रपित्तजित्|| (Bpn)
It
is
katu
tikta,   kashaya,
madhura
in
rasa,
hima
in
veerya,
cures
visha,
krmi,
krcchra alleviates vitiation of
kapha, vata, asra and pitta

चम्पकःकटुस्तिक्तःशिशिरोर्दाहनाशनः
कुष्ठकण्डूव्रणहरोगुणाढ्योराजचम्पकः
(Rin)
Campaka is katu, tikta
in
rasa,
sisira
in veerya,
cures
daha, kustha, kandu, vrana
Raja campaka is more effective (gunadhya)

चम्पकंरक्तपित्तघ्नंशीतोष्णंकफनाशनम्| ( सु॰सं)
Campaka is sitosna in veerya, cures raktapitta,
alleviates vitiation of kapha

चाम्पेयंकुसुमंशीतंकषायंस्वादुपाकिच |
कफपित्तहरंतद्वत्पुन्नागस्यचसम्भवम्
(शो.नि)
Campeya
Kusuma
is
kashaya
in
rasa,
sita
in   veerya,
svadu
in paka,
alleviates
kapha, pitta
and similar is for
punnaga

सुवर्णचम्पश्चोक्तः शीतलस्तिक्तकः कटुः
तुवरोमधुरोवृष्योहृद्यश्चैवसुगन्धिदः [
भ्रमराणांघातकरोदाहपित्तकफापहः
रक्तदोषंमूत्रकृच्छं वातंकुष्ठंविषंतथा
कृमिकण्डूव्रणांश्चैवनाशयेदितिकीर्तितम्
(Nir)
Suvarna campaka is tikta, katu, tuvara madhura in rasa,
sitala in veerya, vrshya, hrdya, sugandhi, bhramaranam
aghataka lattracts bees), cures daha pitta kapha hara,
rakta dosha, mutrakrcchra, vata, kustha, visha, krmi
kandu and vrana

चम्पकभेद
श्वेतस्तुचम्पकःप्रोक्तोनागादिश्चम्पकस्तथा
सुल्तानचम्पकश्चान्योनीलश्चभूमिचम्पकः
Sveta
campaka,
Nagadi
campaka
Sultana   campaka
Nila campaka and Bhumi campaka are its types"
Candana,चन्दन,candana,"https://www.medicinalplants.in/slokaimages/1438/1438_1.jpg
https://www.medicinalplants.in/slokaimages/1438/1438_2.jpg
https://www.medicinalplants.in/slokaimages/1438/1438_3.jpg
https://www.medicinalplants.in/slokaimages/1438/1438_4.jpg
https://www.medicinalplants.in/slokaimages/1438/1438_5.jpg
https://www.medicinalplants.in/slokaimages/1438/1438_6.jpg
https://www.medicinalplants.in/slokaimages/1438/1438_7.jpg
https://www.medicinalplants.in/slokaimages/1438/1438_8.jpg","मालेयमिन्दुकान्तं तिलपर्णं मालयं
च |
सितचन्दनं च वामं चन्दमाहुराचार्याः II (Aa ma)
Maleya, Indukanta, tilaparna Malaya, Mahargha, Sita candanam,
Vama are the synonyms for Candana
महार्घं

श्रीखण्डं चन्दनं नस्त्री भद्रश्रीस्तैलपर्णिका
गन्धसारो मलयजस्तथा
चन्द्रद्युतिश्च सः Il (Bpn)
Srikanda, Candana, Bhadrasri, Tailaparnika, Gandha sara
Malayaja, Candradyuti are the synonyms for Candana.

श्रीखण्डं चन्दनं प्रोक्तं महार्हं श्वेतचन्दनम
गोशीर्षं तिलपर्णं च मङ्गल्यं मलयोद्भवम् |I
गन्धराजं
च सर्पावासं च शीतलम
गन्धाढ्यं गन्धसारं च भद्रश्रीर्भोगिल्लभम्
शीतगन्धो मलयजं पावनं चाङ्कभूहू्वयम्
(Rjn)
Srikhanda
Candana
maharha, Gosirsa, Tilaparna, Mangalya,
Malyodbhava, Gandharaja, Sugandha Sarpavasa, Sitala,
Gandhdya, Gandhasara Bhadrasri Bhogivallabha, Sitagandha,
Malayaja, Pavana- are the १९ synonyms of Srikanda Candana.
सुगन्धं

स्वादे तिक्तं कषे पीतं छेदे रक्तं तनौसितम
ग्रन्थिकोटरसंयुक्तं चन्दनं श्रेष्ठमुच्यते Il (Bpn)
In svadu that which is tikta in rasa on kashaya pana that which is
kashaya in rasa, on chedana that which is rakia in varna that
which has granthi kotara (bulbous and hollow) is considered as
best candana

श्रेष्ठ कोटरकर्परोपकलितं सुग्रन्थि सङ्गौरवं
छेदे रक्तमयं तथा च विमलं पीतं च
स्वादे
पिक्तफटुः सुगन्धबहुलं शीतं यदल्पं गुणे
क्षीणं चागुणान्चितं तु क्थितं तच्चन्दनं मध्यमम्
(Rjn )
That which is, kotara karparopa kalita (hollow) sugranthi (bulbous)
sangaurava (pale), that which is rakta varna
on
shedding that
which is vimala
clear) and piiam (yellow), that which is tikia, katu
in tasie, that which is sweet smelling, and sita in virya is uttama
candana. The one that is less in the above qualities and lean
possessed with half of the above qualities is considered
madhyama candana
यद्वर्षणे

चन्दनं शीतलं रुक्षं तिक्तमाह्लादनं लघु
श्रमशोषविषश्लेष्मतृष्णापित्तास्रदाहनुत् Il (Bpn)
Candana is tikta in tasie, ruksa, laghu in property, sitaa in poiency,
ahladana (refreshing), cures srama, sosa, visa, slesma, trsna, pitta
asra and daha.

सर्वं सतिक्तक्टुकंचन्दनं शिशिरं परम् |l
सर्वं हृद्यं सुगन्धं च रक्तपित्तहरं शुभम् (Mdn)
All the varieties of candana are tikta, katuka in taste, param sita in
potency, vrsya, hrdya sugandha, rakia pitta hara and subha.

श्रीखण्डं कुटुतिक्तशीतलगुणं स्वादे कषायं कियत्
पित्तभ्रान्तिवमिज्वरकृमितृषासन्तापशान्तिप्रदम्
वृष्यं वक्त्ररुजापहं प्रतनुते कान्ति तनोर्देहिनां
श्रीखण्डः कटुकस्तिक्तो वृष्यः शीत कषायकः II
कान्तिकृत्कामजनको हृद्यश्च सुरभिर्मतः [
आह्लादनो
रूक्षः
पित्तभ्रान्तिज्वरपहः Il
छर्दितृद्वमिसन्तापदाहश्रमविनाशनः
मुखरोगं रक्तदोषं शोषं चैव विनाशयेत् Il (Nir)
Srikanda is katu, tikta, slightly kashaya in taste sitala in veerya  is
vrsya promotes kanti, cures pitta, bhranti vami, jvara, krmi, trsa
santapa vakira ruja.
Srikanda is katu, tikta, kashaya in iaste, vrsya, sita in potency, in
taste, kanti karaka, kama janaka, hrdya surabhi ahladana, laghu,
ruksa in property, cures pitta
bhranti, jvara chardi irt, vami
santapa daha, srama, mukha roga rakia dosha, sosa
लघु"
Candana - bheda,चन्दन भेद,candana bheda,"https://www.medicinalplants.in/slokaimages/1438/1438_1.jpg
https://www.medicinalplants.in/slokaimages/1438/1438_2.jpg
https://www.medicinalplants.in/slokaimages/1438/1438_3.jpg
https://www.medicinalplants.in/slokaimages/1438/1438_4.jpg
https://www.medicinalplants.in/slokaimages/1438/1438_5.jpg
https://www.medicinalplants.in/slokaimages/1438/1438_6.jpg
https://www.medicinalplants.in/slokaimages/1438/1438_7.jpg
https://www.medicinalplants.in/slokaimages/1438/1438_8.jpg","मालेयमिन्दुकान्तं तिलपर्णं मालयं
च |
सितचन्दनं च वामं चन्दमाहुराचार्याः II (Aa ma)
Maleya, Indukanta, tilaparna Malaya, Mahargha, Sita candanam,
Vama are the synonyms for Candana
महार्घं

श्रीखण्डं चन्दनं नस्त्री भद्रश्रीस्तैलपर्णिका
गन्धसारो मलयजस्तथा
चन्द्रद्युतिश्च सः Il (Bpn)
Srikanda, Candana, Bhadrasri, Tailaparnika, Gandha sara
Malayaja, Candradyuti are the synonyms for Candana.

श्रीखण्डं चन्दनं प्रोक्तं महार्हं श्वेतचन्दनम
गोशीर्षं तिलपर्णं च मङ्गल्यं मलयोद्भवम् |I
गन्धराजं
च सर्पावासं च शीतलम
गन्धाढ्यं गन्धसारं च भद्रश्रीर्भोगिल्लभम्
शीतगन्धो मलयजं पावनं चाङ्कभूहू्वयम्
(Rjn)
Srikhanda
Candana
maharha, Gosirsa, Tilaparna, Mangalya,
Malyodbhava, Gandharaja, Sugandha Sarpavasa, Sitala,
Gandhdya, Gandhasara Bhadrasri Bhogivallabha, Sitagandha,
Malayaja, Pavana- are the १९ synonyms of Srikanda Candana.
सुगन्धं

स्वादे तिक्तं कषे पीतं छेदे रक्तं तनौसितम
ग्रन्थिकोटरसंयुक्तं चन्दनं श्रेष्ठमुच्यते Il (Bpn)
In svadu that which is tikta in rasa on kashaya pana that which is
kashaya in rasa, on chedana that which is rakia in varna that
which has granthi kotara (bulbous and hollow) is considered as
best candana

श्रेष्ठ कोटरकर्परोपकलितं सुग्रन्थि सङ्गौरवं
छेदे रक्तमयं तथा च विमलं पीतं च
स्वादे
पिक्तफटुः सुगन्धबहुलं शीतं यदल्पं गुणे
क्षीणं चागुणान्चितं तु क्थितं तच्चन्दनं मध्यमम्
(Rjn )
That which is, kotara karparopa kalita (hollow) sugranthi (bulbous)
sangaurava (pale), that which is rakta varna
on
shedding that
which is vimala
clear) and piiam (yellow), that which is tikia, katu
in tasie, that which is sweet smelling, and sita in virya is uttama
candana. The one that is less in the above qualities and lean
possessed with half of the above qualities is considered
madhyama candana
यद्वर्षणे

चन्दनं शीतलं रुक्षं तिक्तमाह्लादनं लघु
श्रमशोषविषश्लेष्मतृष्णापित्तास्रदाहनुत् Il (Bpn)
Candana is tikta in tasie, ruksa, laghu in property, sitaa in poiency,
ahladana (refreshing), cures srama, sosa, visa, slesma, trsna, pitta
asra and daha.

सर्वं सतिक्तक्टुकंचन्दनं शिशिरं परम् |l
सर्वं हृद्यं सुगन्धं च रक्तपित्तहरं शुभम् (Mdn)
All the varieties of candana are tikta, katuka in taste, param sita in
potency, vrsya, hrdya sugandha, rakia pitta hara and subha.

श्रीखण्डं कुटुतिक्तशीतलगुणं स्वादे कषायं कियत्
पित्तभ्रान्तिवमिज्वरकृमितृषासन्तापशान्तिप्रदम्
वृष्यं वक्त्ररुजापहं प्रतनुते कान्ति तनोर्देहिनां
श्रीखण्डः कटुकस्तिक्तो वृष्यः शीत कषायकः II
कान्तिकृत्कामजनको हृद्यश्च सुरभिर्मतः [
आह्लादनो
रूक्षः
पित्तभ्रान्तिज्वरपहः Il
छर्दितृद्वमिसन्तापदाहश्रमविनाशनः
मुखरोगं रक्तदोषं शोषं चैव विनाशयेत् Il (Nir)
Srikanda is katu, tikta, slightly kashaya in taste sitala in veerya  is
vrsya promotes kanti, cures pitta, bhranti vami, jvara, krmi, trsa
santapa vakira ruja.
Srikanda is katu, tikta, kashaya in iaste, vrsya, sita in potency, in
taste, kanti karaka, kama janaka, hrdya surabhi ahladana, laghu,
ruksa in property, cures pitta
bhranti, jvara chardi irt, vami
santapa daha, srama, mukha roga rakia dosha, sosa
लघु"
Candana - sveta,चन्दन श्वेत,candana śveta,"https://www.medicinalplants.in/slokaimages/1438/1438_1.jpg
https://www.medicinalplants.in/slokaimages/1438/1438_2.jpg
https://www.medicinalplants.in/slokaimages/1438/1438_3.jpg
https://www.medicinalplants.in/slokaimages/1438/1438_4.jpg
https://www.medicinalplants.in/slokaimages/1438/1438_5.jpg
https://www.medicinalplants.in/slokaimages/1438/1438_6.jpg
https://www.medicinalplants.in/slokaimages/1438/1438_7.jpg
https://www.medicinalplants.in/slokaimages/1438/1438_8.jpg","मालेयमिन्दुकान्तं तिलपर्णं मालयं
च |
सितचन्दनं च वामं चन्दमाहुराचार्याः II (Aa ma)
Maleya, Indukanta, tilaparna Malaya, Mahargha, Sita candanam,
Vama are the synonyms for Candana
महार्घं

श्रीखण्डं चन्दनं नस्त्री भद्रश्रीस्तैलपर्णिका
गन्धसारो मलयजस्तथा
चन्द्रद्युतिश्च सः Il (Bpn)
Srikanda, Candana, Bhadrasri, Tailaparnika, Gandha sara
Malayaja, Candradyuti are the synonyms for Candana.

श्रीखण्डं चन्दनं प्रोक्तं महार्हं श्वेतचन्दनम
गोशीर्षं तिलपर्णं च मङ्गल्यं मलयोद्भवम् |I
गन्धराजं
च सर्पावासं च शीतलम
गन्धाढ्यं गन्धसारं च भद्रश्रीर्भोगिल्लभम्
शीतगन्धो मलयजं पावनं चाङ्कभूहू्वयम्
(Rjn)
Srikhanda
Candana
maharha, Gosirsa, Tilaparna, Mangalya,
Malyodbhava, Gandharaja, Sugandha Sarpavasa, Sitala,
Gandhdya, Gandhasara Bhadrasri Bhogivallabha, Sitagandha,
Malayaja, Pavana- are the १९ synonyms of Srikanda Candana.
सुगन्धं

स्वादे तिक्तं कषे पीतं छेदे रक्तं तनौसितम
ग्रन्थिकोटरसंयुक्तं चन्दनं श्रेष्ठमुच्यते Il (Bpn)
In svadu that which is tikta in rasa on kashaya pana that which is
kashaya in rasa, on chedana that which is rakia in varna that
which has granthi kotara (bulbous and hollow) is considered as
best candana

श्रेष्ठ कोटरकर्परोपकलितं सुग्रन्थि सङ्गौरवं
छेदे रक्तमयं तथा च विमलं पीतं च
स्वादे
पिक्तफटुः सुगन्धबहुलं शीतं यदल्पं गुणे
क्षीणं चागुणान्चितं तु क्थितं तच्चन्दनं मध्यमम्
(Rjn )
That which is, kotara karparopa kalita (hollow) sugranthi (bulbous)
sangaurava (pale), that which is rakta varna
on
shedding that
which is vimala
clear) and piiam (yellow), that which is tikia, katu
in tasie, that which is sweet smelling, and sita in virya is uttama
candana. The one that is less in the above qualities and lean
possessed with half of the above qualities is considered
madhyama candana
यद्वर्षणे

चन्दनं शीतलं रुक्षं तिक्तमाह्लादनं लघु
श्रमशोषविषश्लेष्मतृष्णापित्तास्रदाहनुत् Il (Bpn)
Candana is tikta in tasie, ruksa, laghu in property, sitaa in poiency,
ahladana (refreshing), cures srama, sosa, visa, slesma, trsna, pitta
asra and daha.

सर्वं सतिक्तक्टुकंचन्दनं शिशिरं परम् |l
सर्वं हृद्यं सुगन्धं च रक्तपित्तहरं शुभम् (Mdn)
All the varieties of candana are tikta, katuka in taste, param sita in
potency, vrsya, hrdya sugandha, rakia pitta hara and subha.

श्रीखण्डं कुटुतिक्तशीतलगुणं स्वादे कषायं कियत्
पित्तभ्रान्तिवमिज्वरकृमितृषासन्तापशान्तिप्रदम्
वृष्यं वक्त्ररुजापहं प्रतनुते कान्ति तनोर्देहिनां
श्रीखण्डः कटुकस्तिक्तो वृष्यः शीत कषायकः II
कान्तिकृत्कामजनको हृद्यश्च सुरभिर्मतः [
आह्लादनो
रूक्षः
पित्तभ्रान्तिज्वरपहः Il
छर्दितृद्वमिसन्तापदाहश्रमविनाशनः
मुखरोगं रक्तदोषं शोषं चैव विनाशयेत् Il (Nir)
Srikanda is katu, tikta, slightly kashaya in taste sitala in veerya  is
vrsya promotes kanti, cures pitta, bhranti vami, jvara, krmi, trsa
santapa vakira ruja.
Srikanda is katu, tikta, kashaya in iaste, vrsya, sita in potency, in
taste, kanti karaka, kama janaka, hrdya surabhi ahladana, laghu,
ruksa in property, cures pitta
bhranti, jvara chardi irt, vami
santapa daha, srama, mukha roga rakia dosha, sosa
लघु"
Candrasura,चन्द्रशूर,candraśūra,"https://www.medicinalplants.in/slokaimages/1014/1014_1.jpg
https://www.medicinalplants.in/slokaimages/1014/1014_2.jpg
https://www.medicinalplants.in/slokaimages/1014/1014_3.jpg
https://www.medicinalplants.in/slokaimages/1014/1014_4.jpg","दरकृष्णो वाताशूलगुल्मघ्नः स्तन्यपुष्टिकृत् |
बल्या
वाजीकरः पानात
लेपाच्छोणितशूलनुत्|| ( सोढलः)
It cures vata sula, gulma promotes stanya pusti,
vajikara, taken internally or by external application cures
sonita sula
balya

दरकृष्णो वाताशूलगुल्मघ्नः स्तन्यपुष्टिकृत्
बल्यो वाजीकरः पानात् लेपाच्छोणितशूलनुत्|
(सोढलः
It cures vata sula, gulma, promotes stanya pusti,
vajikara, taken internally or by external application cures
sonita sula
balya,

अभिघातरुजं हन्ति सदुग्धोदरकृष्णकः
त्वग्दोषान्चातरोगाँश्च नेत्ररोगान्सशोणितान | |
आहालिंबं मतं चोष्णं तिक्तं त्वग्दोषनाशनम
वातं गुल्मं नाशयति एवं प्रोक्तं चिकित्सकैः || (Nir)
Its dugdha Iwith milk it is?) cures abhighataruja, udara,
tvag dosha,
vata roga, netra roga, vitiation of sonita,
is tikta in rasa,
usna in veerya,
cures tvag
dosha and
vata gulma

चन्द्रशूरश्च कालाउजाजी यवानिका
एतच्चतुष्टयं युक्तं चतुर्बीजमिति स्मृतम्||
Methika,
Canara sura,
Kala ajaji, Yavanika are the four
Jatakas.
मेथिका"
Cauhara,चौहार,cauhāra,https://www.medicinalplants.in/slokaimages/167/167_1.jpg,"यावनी रूक्षा ग्राहिणी मादिनी कटुः II (Dhn)
It is katu in rasa, ruksa in gunas grahini and madini in karma.
किरमाणी यवानी तु तिक्तोष्णा कटु तीक्ष्णा
अग्निदीप्तकरा वृष्या लघ्वी चैव प्रकीर्त्तिता | |
त्रिदोषाजीर्णकृ्मिनुत् शूलस्यामस्य नाशिनी|
गुणास्त्वन्ये यवानी इव कीर्त्तिताः II (Nir)
Kiramani yavani is tikta katu in rasa
usna in veeryas tiksna in gunas agni
diptakari, vrshya laghus
CLIIeS
tridosha ajirna krmi ama sula and rest of the
properties are similar to yavani.
विशेषात्तु"
Cavya,चव्य,cavya,"https://www.medicinalplants.in/slokaimages/1288/1288_1.jpg
https://www.medicinalplants.in/slokaimages/1288/1288_2.jpg","चविकायाः फलं प्रोज्ञैः कथिता गजपिप्पली
चविकागजपिप्पल्यौ
पिप्पलीमूलवत् स्मृते
(Rjv)
Fruits of cavya are known as Gajapippali.
Cavika and Gajapippali are similar to Pippalimula.

गजकृष्णा
श्लेष्मनुद् वह्निवर्धिनी
उष्ण
निहन्त्यतीसारश्वासकण्ठामयकृमीन् Il (Bpn)
Gajakrsna is katu in rasa, usna in veerya, increases
vahni,
cures vata slesma, atisara, svasa, kantha maya
and krmi
कटुर्वात"
Cirabilva,चिरबिल्व,cirabilva,"https://www.medicinalplants.in/slokaimages/877/877_1.jpg
https://www.medicinalplants.in/slokaimages/877/877_2.jpg","महाकरञ्जः तीक्ष्णोष्णः
विषनाशनः
कण्डूविचर्चिका कुष्ठत्वग्दोष व्रणनाशनः
KDhn)
Cirabilva is katu in rasa, tiksna in guna, usna in veerya,
cures visa, kandu, vicarcika, kustha tvag dosha and
vrana
कटुको

करञ्जः ( गुच्छलेरञ्जः ) कटुतिक्तोष्णः विषवातार्तिनाशनः
कण्डूविचर्चिकाकुष्ठत्वग्दोषव्रणनाशनः II (Rjn)
Karanja is
tikta in rasa, usna in veerya cures visa
vata, arti, kandu, vicarcika, kustha tvag dosha ana
vrana
katu"
Citraka,चित्रक,citraka,"https://www.medicinalplants.in/slokaimages/1320/1320_1.jpg
https://www.medicinalplants.in/slokaimages/1320/1320_2.jpg
https://www.medicinalplants.in/slokaimages/1320/1320_3.jpg
https://www.medicinalplants.in/slokaimages/1320/1320_4.jpg
https://www.medicinalplants.in/slokaimages/1320/1320_5.jpg
https://www.medicinalplants.in/slokaimages/1320/1320_6.jpg
https://www.medicinalplants.in/slokaimages/1320/1320_7.jpg
https://www.medicinalplants.in/slokaimages/1320/1320_8.jpg","चित्रकोडनलनामा च पाठी व्यास्तथोषणः
(Bpn)
Synonyms of Citraka are Anala, Pathi, Vyastha, Usna

चित्रको दहनो व्यालः पाठीनो दारुणोडग्निकः Il
ज्योतिष्को वल्लरि वहिनः पालि पाठी कटुः शिखी
कृष्णारुणोउनलो द्वीपी चित्रभानुश्च पावकः
(Dhn)
Citraka, Dahana, Vyala, Pathina, Daruna, Agni ka, Jyotishka
Vallari Vahni, Pali, Pathi, Katu, Sikhi, Krsnaruna, Anala, Dvipi
Citrabhanu, Pavakaare the synonyms of Citraka.

कालो व्यालः
तिदाप्यो
मार्जारोडग्निर्दाहकः पावकश्च
चित्राङ्गोडयं रक्तचित्रो महाङ्गः
स्याद्रुद्राह्वश्चित्रकोउन्यो गुणाढ्यः Il (Rjn)
Kala, Vyala, Kalamula, Atidapya, Marjara, Agni Dahaka
Pavaka
Citranga Rakia citra, Mahanga are the १1 synonyms of Rakia
Citraka. Another variety of Citraka is superior in quality.
कालमूलोड

चित्रकोडग्निसमः पाके शोफार्शकृमिष्ठहा
कफवातप्रशमनो विधिना च रसायनम् Il (Mdn)
Citraka is agni samana in paka. It cures sopha, arsa
krmi kustha,
pacifies kapha, vata and if used appropriately as a rasayana.

चित्रकोडग्निसनः पाके कटुकः कफशोफजित्
वातोदरार्शोग्रहणीक्षयपाण्डुविनाशनः II (Dhn)
Citraka is
sama, katu in paka, cures kapha sopha, vata
udara, arsa grahani ksaya and pandu.
agni

स्थूलकायकरो रुच्यः
रक्तचित्रकः
रसे नियामिको लोहे वेधकश्च रसायनः Il (Rjn)
Rakia citraka is sthula kaya kara, ruchya cures kustha, is used in
parada niyamana, Ioha vedhana (in processing of mercury and
related procedures
and as rasayana
कुष्ठघ्नो

चित्रकः पाचको रूक्षो लघुश्चाग्निप्रदीपनः
पाक
कटुग्रार्हकश्च तिक्तोष्णो रुचिदो मतः |l
रसायनोडग्निसदृशः शोफकुष्ठार्शःकासहा
कृमीन्चातोदरं कण्डूं यकृत् ग्रहणीं तथा |l
आमं क्षयं चोदरं च नाशयेदिति कीर्त्तितः
कटुत्वात्कफहा प्रोक्तस्तिक्तवात्पित्तनाशकः
उष्णत्वाद्वातहा प्रोक्तो मुनिभिः तत्वदर्शिभिः
(Nir)
Citraka is tikta in iasie ruksa, laghu in property usna in potency
katu in paka, pacaka, agni pradipana, grahaka, rucida, rasayana,
agni sadrsa cures sopha, kustha, arsa
kasa, krmi, vatodara,
kandu yakrt vikara, grahani, ama, ksaya, udara. Due io katutva it
alleviates kapha, tiktatva it alleviates pitta
and due io usnatva it
alleviaies vata

चित्रको दीपनस्तिक्तः कटुः पाके रसे लघुः
अग्निवत पाचनो रूक्षो वीर्योष्णो रोचनो जयेत |l
ग्रहणीकफवातामशोफकुष्ठोदरकृमीन्
कटुकत्वात् कफं हन्ति तिक्तत्वात् पित्तनाशनः |l
औष्णयाद् वातं प्रशमयेत् त्रिदोषघ्नोडग्निदापनः
तच्छाकं लघु संग्राहि कफपित्तविनाशनम् Il (Kdn)
Citraka is tikta, katu in rasa, laghu ruksa in guna usna in veerya,
katu in paka, dipana agnivat in pacana, rocana, cures grahani,
kapha vaia ama, sopha, kustha, udara
krmi. Due io katu rasa it is
kapha hara tikia rasa it is pitta hara, usnatva it is vata hara. It is
tridoshaghna, agni dipana. Its saka is laghu in property, sangrahi in
karma and kapha pitta nasana"
Citraka - sveta,चित्रक श्वेत,citraka śveta,"https://www.medicinalplants.in/slokaimages/1320/1320_1.jpg
https://www.medicinalplants.in/slokaimages/1320/1320_2.jpg
https://www.medicinalplants.in/slokaimages/1320/1320_3.jpg
https://www.medicinalplants.in/slokaimages/1320/1320_4.jpg
https://www.medicinalplants.in/slokaimages/1320/1320_5.jpg
https://www.medicinalplants.in/slokaimages/1320/1320_6.jpg
https://www.medicinalplants.in/slokaimages/1320/1320_7.jpg
https://www.medicinalplants.in/slokaimages/1320/1320_8.jpg","चित्रकोडनलनामा च पाठी व्यास्तथोषणः
(Bpn)
Synonyms of Citraka are Anala, Pathi, Vyastha, Usna

चित्रको दहनो व्यालः पाठीनो दारुणोडग्निकः Il
ज्योतिष्को वल्लरि वहिनः पालि पाठी कटुः शिखी
कृष्णारुणोउनलो द्वीपी चित्रभानुश्च पावकः
(Dhn)
Citraka, Dahana, Vyala, Pathina, Daruna, Agni ka, Jyotishka
Vallari Vahni, Pali, Pathi, Katu, Sikhi, Krsnaruna, Anala, Dvipi
Citrabhanu, Pavakaare the synonyms of Citraka.

कालो व्यालः
तिदाप्यो
मार्जारोडग्निर्दाहकः पावकश्च
चित्राङ्गोडयं रक्तचित्रो महाङ्गः
स्याद्रुद्राह्वश्चित्रकोउन्यो गुणाढ्यः Il (Rjn)
Kala, Vyala, Kalamula, Atidapya, Marjara, Agni Dahaka
Pavaka
Citranga Rakia citra, Mahanga are the १1 synonyms of Rakia
Citraka. Another variety of Citraka is superior in quality.
कालमूलोड

चित्रकोडग्निसमः पाके शोफार्शकृमिष्ठहा
कफवातप्रशमनो विधिना च रसायनम् Il (Mdn)
Citraka is agni samana in paka. It cures sopha, arsa
krmi kustha,
pacifies kapha, vata and if used appropriately as a rasayana.

चित्रकोडग्निसनः पाके कटुकः कफशोफजित्
वातोदरार्शोग्रहणीक्षयपाण्डुविनाशनः II (Dhn)
Citraka is
sama, katu in paka, cures kapha sopha, vata
udara, arsa grahani ksaya and pandu.
agni

स्थूलकायकरो रुच्यः
रक्तचित्रकः
रसे नियामिको लोहे वेधकश्च रसायनः Il (Rjn)
Rakia citraka is sthula kaya kara, ruchya cures kustha, is used in
parada niyamana, Ioha vedhana (in processing of mercury and
related procedures
and as rasayana
कुष्ठघ्नो

चित्रकः पाचको रूक्षो लघुश्चाग्निप्रदीपनः
पाक
कटुग्रार्हकश्च तिक्तोष्णो रुचिदो मतः |l
रसायनोडग्निसदृशः शोफकुष्ठार्शःकासहा
कृमीन्चातोदरं कण्डूं यकृत् ग्रहणीं तथा |l
आमं क्षयं चोदरं च नाशयेदिति कीर्त्तितः
कटुत्वात्कफहा प्रोक्तस्तिक्तवात्पित्तनाशकः
उष्णत्वाद्वातहा प्रोक्तो मुनिभिः तत्वदर्शिभिः
(Nir)
Citraka is tikta in iasie ruksa, laghu in property usna in potency
katu in paka, pacaka, agni pradipana, grahaka, rucida, rasayana,
agni sadrsa cures sopha, kustha, arsa
kasa, krmi, vatodara,
kandu yakrt vikara, grahani, ama, ksaya, udara. Due io katutva it
alleviates kapha, tiktatva it alleviates pitta
and due io usnatva it
alleviaies vata

चित्रको दीपनस्तिक्तः कटुः पाके रसे लघुः
अग्निवत पाचनो रूक्षो वीर्योष्णो रोचनो जयेत |l
ग्रहणीकफवातामशोफकुष्ठोदरकृमीन्
कटुकत्वात् कफं हन्ति तिक्तत्वात् पित्तनाशनः |l
औष्णयाद् वातं प्रशमयेत् त्रिदोषघ्नोडग्निदापनः
तच्छाकं लघु संग्राहि कफपित्तविनाशनम् Il (Kdn)
Citraka is tikta, katu in rasa, laghu ruksa in guna usna in veerya,
katu in paka, dipana agnivat in pacana, rocana, cures grahani,
kapha vaia ama, sopha, kustha, udara
krmi. Due io katu rasa it is
kapha hara tikia rasa it is pitta hara, usnatva it is vata hara. It is
tridoshaghna, agni dipana. Its saka is laghu in property, sangrahi in
karma and kapha pitta nasana"
Dadima,दाडिम,dāḍima,"https://www.medicinalplants.in/slokaimages/1368/1368_1.jpg
https://www.medicinalplants.in/slokaimages/1368/1368_2.jpg
https://www.medicinalplants.in/slokaimages/1368/1368_3.jpg
https://www.medicinalplants.in/slokaimages/1368/1368_4.jpg
https://www.medicinalplants.in/slokaimages/1368/1368_5.jpg
https://www.medicinalplants.in/slokaimages/1368/1368_6.jpg
https://www.medicinalplants.in/slokaimages/1368/1368_7.jpg
https://www.medicinalplants.in/slokaimages/1368/1368_8.jpg","दाडिममाहुः खरकं मधुराम्लफलं च रक्तकुसुमं च |
शतवल्लभं शुकेष्टं सपारदं बीजपूरकं चेति Il (Aa ma)
Synonyms of Dadima are Kharaka, Madhura amla phala,
Rakiakusuma, Satavallabha, Sukesta, Saparada, Bijapuraka

दाडिमः करको दन्तबीजो लोहितपुष्पकः
(Bpn)
Dadima
Karaka, Dantabija, Lohitapuspaka are the synonyms of
Dadima

दाडिमो डाडिमीसारः कुट्टिमः फलषाडवः |l
करको रक्तबीजश्च सुफलो दन्तबीजकः
मधुबीजः कुचफलो रोचनः शूकवल्लभः |I
मणिबीजस्तथा वल्कफलो वृत्तफलश्च सः
सुनीलो नीलपत्रश्च ज्ञेया सप्तदशाह्वयः Il (Rjn)
Dadimisara, Kuttima, Phalasadava, Karaka, Raktabija, Suphala,
Dantabijaka, Madhubija, Kucaphala, Rocana, Sukavallabha
Manibija, Valkaphala, Vrttaphala, Sunila, Nilapatra
Saptadasahvaya are the १७ synonyms of Dadima

उद्रिक्तापित्तान जयति
स्वादु दाडिमम् |
पित्ताविरोधी नात्युष्णमम्लं वातकफापहम् |l
सर्वं हृद्यं लघु स्निगधं ग्राही रोचनदीपनम्
(Mdn)
It is pitia avirodhi
does
vitiate pitia) , laghu snigdha in guna
natyusna (slightly usna) in potency, amla in taste, decreases vata
kapha, is hrdya, grahi, rocana and dipana in karma
त्रिदोषान्
not

तत्फलं त्रिविधं स्वादु स्वाद्वम्लं केवलाम्लकम्
तत्तु स्वादु त्रिदोषघ्नं तृड्दाहज्वरनाशनम्
हृत्कण्ठमुखरोगघ्नं तर्पनं शुक्ललं लघु
कषायानुरसं ग्राहि स्निग्धं मेधाबलावहम् |l
स्वाद्वम्लं दीपनं रुच्यं किञ्चित् पित्तकरं लघु
अम्लं तु पित्तजनकमावातकफापहम् Il (Bpn)
Dadima phala is of three types: svadu, svadu amlam, kevala amla
Svadu phala is kashaya in anurasa, laghu, snigdha in property,
alleviates tridosha, trt daha jvara hrt-kantha mukha roga, is
iarpana, sukrala, grahi, medha bala vaha
Svadu amla phala is dipana, rucya, slightly increases pitta and
laghu in guna
Amla phala increases pitta cures vitiation of ama vata and kapha

स्निग्धोष्णं दाडिमं हृद्यं कफपित्ताविरोधि च
द्विविधं तच्च विज्ञेयं मधुरं चाम्लमेव च Il (Dhn)
Dadima is snigdha in property, usna in potency hrdya, not vitiating
kapha and pitta. It is of two types madhura and amla.

अम्लं कषायमधुरं वातघ्नं ग्राहि दीपनम् |
स्निग्धोष्णं दाडिमं हृद्यं कफपित्ताविरोधि च Il
रूक्षाम्लं दाडिमं यत्तु तत् पित्तानिलकोपनम्
मधुरं पित्तनुत् तेषां तद्धि दाडिममुत्तम् II (C.S.Su २७)
Amla Kashya- Madhura Dadima is Vataghna grahi Dipana
Snigdha Usna Dadima is Hrdya, Kapha Pitta Virodhi.
Ruksa Amla Dadima is Pitta Anila Kopana.
Madhura Dadima is Pitta hara and this Dadima is the best.

पुटपाकेन विपचेत् सुपक्वं दाडिमीफलम्
तद्रसो मधुसंयुक्तः सर्वातीसारनाशनः Il (S.S)
Dadima phala subjected io Putapaka and used along with Madhu
is Sarva atisara nasana."
Damanaka,दमनक,damanaka,"https://www.medicinalplants.in/slokaimages/171/171_1.jpg
https://www.medicinalplants.in/slokaimages/171/171_2.jpg","दमनः स्याद् रसे तिक्तो विषघ्नो भूतदोषनुत्
त्रिदोषशमने हृद्यः कण्डूकुष्ठापहः स्मृतः Il (Dhn)
Damana is tikta in rasa, hrdya, pacifies tridosa, cures
visa, bhuta dosha, kandu and kustha

दमनस्तुवरस्तिक्तो
वृष्यः सुगन्धिकः
ग्रहणीविषकुष्ठास्रक्लेदकण्डूत्रिदोषजित् II (Bpn)
Damana is tuvara, tikta in rasa, hrdya, vrshya,
sugandhika, cures grahani,
visha, kustha, asra
Kleda,
kandu and triaosha.
हृद्यो"
Danti,दन्ती,dantī,"https://www.medicinalplants.in/slokaimages/199/199_1.jpg
https://www.medicinalplants.in/slokaimages/199/199_2.jpg
https://www.medicinalplants.in/slokaimages/199/199_3.jpg
https://www.medicinalplants.in/slokaimages/199/199_4.jpg","दन्ती
तीक्ष्णोष्णकटुका कफवातोदराञ्जयेत्
अर्शोव्रणाश्मरीशूलान् हन्ति दीपनशोधनी
II (Dhn)
Danti is katu in rasa, tiksna in guna, usna in veerya,
dipani, sodhani in karma, reduces kapha vatodara,
cures arsa, vrana, asmari ana sula.

दन्ती कटूष्णा शूलामत्वग्दोषशमनी च सा|
अर्शों व्रणाश्मरीशल्यशोधनी दीपनी परा (Rin)
Danti is katu in rasa, usna in veerya, pacifies sula,
ama
dosha, tvag dosha, cures arsa, vrana asmari and is
dipani.

दन्तीद्वयं सरं पाके रसे च कटु दीपनम्
गुदाङ्कुराश्मशूलार्शकण्डूकुष्ठविदाहनुत्| |
तीक्ष्णोष्णं हन्ति पित्तास्रकफशोथोदरकृमीन् II (Bpn)
Danti dvaya is katu in rasa, sara tiksna in guna, usna
in veerya, katu in paka,
dipana, cures gudankura,
asma, sula, arsa, kandu kustha, vidaha pittasra, kapha
sotha udara and krmi

तैलं निकुम्भ बीजोत्थंडत्युग्रं रेचनं परम्
आनाहमुदरं हन्ति सन्यासञ्च शिरोगदम्||
धनुस्तम्भज्वरोन्मादं गदमेकांगसम्भवम्
आमवातञ्च शोषञ्च म्द्दनात् कासनाशनम्
(आत्रेयसंहिता
Taila of nikumbha is highly recana, cures anaha, udara
sanyasa, siro gada, dhanustambha jvara,
unmada
ekanga gada, amavata, sosa
external application?)
and cures kasa
(by"
Daruharidra,दारुहरिद्रा,dāruharidrā,"https://www.medicinalplants.in/slokaimages/229/229_1.jpg
https://www.medicinalplants.in/slokaimages/229/229_2.jpg
https://www.medicinalplants.in/slokaimages/229/229_3.jpg
https://www.medicinalplants.in/slokaimages/229/229_4.jpg
https://www.medicinalplants.in/slokaimages/229/229_5.jpg","तिक्ता दारुहरिद्रा
स्याद्रूक्षोष्णा व्रणमेहजित्|
कर्ण-्नेत्र मुखोद्भूतां रुजं कण्डूञ्च नाशयेत्| | (Dhn)
Daruharidra is Tlkta Ruksa, Usna
Vrana mehajit Karna netra mukhodbhuta ruja kandu hara

तिक्त दारुहरिद्रा तु कटूष्णा व्रणमेहनुत्|
फण
डूविसर्पत्वग्दोषविषकर्णाक्षिदोषनुत्
IRinl
Daruharidra is Tikta Katu in rasa Usna in virya
vrana meha hara
Kandu visarpa tvag dosha visha karna
aksi dosha hara

दार्वी विशेषेण कफाभिष्यन्दनाशिनी
|Rjv)
Darvi is
specifically Kaphabhishyanda nasani.

रसांजनं हिमं तिक्तं रक्तपित्तकफापहम
हिमाश्वासहरं वर्ण्य मुखरोगविषापहम्
/ IDhnl
Rasanjana is Hima
Tikta in rasa rakta pitta kapha hara
Hidhma svasa hara Varnya
Mukha roga visa
hara

रसांजनम्
नेत्रयोः परमं
रसांजनम् कटु श्लेष्मविषनेत्रविकारनुत् E
उष्णं रसायनं तिक्तं छेदनं व्रणदोषहृत्
Rasanjana is Netrya
It is Katu
Slesma visa netra vikara hara
Usna in
Rasavyana
Tikta in rasa
Chedana
Vrana dosha hara
हितम्|
४| (Bpnl
para
virya"
Dhamargava,धामार्गव,dhāmārgava,"https://www.medicinalplants.in/slokaimages/1044/1044_1.jpg
https://www.medicinalplants.in/slokaimages/1044/1044_2.jpg
https://www.medicinalplants.in/slokaimages/1044/1044_3.jpg
https://www.medicinalplants.in/slokaimages/1044/1044_4.jpg","क्ष्वेडस्तिकः
कटुस्तीक्ष्णोडप्रगाढश्च प्रशस्यते
कुष्ठपाण्ड्वामयप्लीहशोफगुल्मगरादिषुII (Dhn)
Ksveda is tikta, katu in rasa, tiksna in guna, apragadha
cures kustha, pandu, pliha, sopha, gulma and gara visa.

जोशातकी तु शिशिरा कटुकाउल्पकषायका
पित्तवातकफघ्नी च मलाघ्मानविशोधिनी |
धाराकोषातकी स्निग्धा मधुरा कफपित्तनुत्
ईषद् वातकरी पथ्या रुचिकृद् बलवीर्यदा
(Rin)
Kosataki is katuka, alpa kashayaka in rasa, sisira,
alleviates pitta, vata, kapha, is mala adhmana visodhani
Dhara kosataki is madhura in rasa, snigdha in guna
alleviates kapha, pitta, slightly increases vata, is pathya,
promotes ruci, bala and veerya.

राजकोषातकी गरे गुल्मोदरे कासे वातश्लेष्मामये स्थिते|
कफे च कण्टक्वस्थे
कफसञ्चयजेषु चIl (चरक.क.अ.४)
Raja kosataki cures gara, gulma, udara, kasa, diseases
of vata slesma, kapha aggravated in kantha and kapha
accumulated conditions

कोषातकी कफार्शोघ्नी पक्वामाशयशोधिनी|| (Rjv)
Kosataki cures kapha arsa and helps in evacuation of
waste from pakvamasaya."
Dhanvana,धन्वन,dhanvana,"https://www.medicinalplants.in/slokaimages/822/822_1.jpg
https://www.medicinalplants.in/slokaimages/822/822_2.jpg","धन्वनःपिच्छिलत्वक्चधनुर्वृक्षोमहत
Synonyms
Of
Dhanvana
are
Picchila,
Tvak
Dhanurvrksha mahat

धन्चनस्तुवरोवृष्योमधुरःकटुमोतक
बल्योरूक्षोलघुश्चैवधातुवृद्धिकरोमतः
किंचिदुष्णश्चसंप्रोक्तोव्रणरोपणकारकः
कफवातहरोदाहशोषकण्ठरूजापहः
रक्तरुक्पित्तकासघ्नःपीनस्यविनाशकः
फलंचास्यस्वादुशीतंतुवरंकफवातहम्
Dhanvana is tuvara,
madhura, katu in rasa, laghu, ruksa
in guna, slightly usna in veerya,
vrshya, balya, promotes
dhatu vrddhi
vrana ropana, alleviates kapha, vata,
cures daha, sosa, kantha ruja, rakta, ruk, pitta, kasa,
pinasa
Its phala is svadu, tuvara in rasa, sita in veerya,
alleviates kapha, vata"
Dhanyaka,धान्यक,dhānyaka,"https://www.medicinalplants.in/slokaimages/68/68_1.jpg
https://www.medicinalplants.in/slokaimages/68/68_2.jpg
https://www.medicinalplants.in/slokaimages/68/68_3.jpg
https://www.medicinalplants.in/slokaimages/68/68_4.jpg
https://www.medicinalplants.in/slokaimages/68/68_5.jpg
https://www.medicinalplants.in/slokaimages/68/68_6.jpg","धान्यकं
मधुरं शीतं कषायं पित्तनाशनम्
ज्वरकासतृषाच्छर्दिकफहारि च दीपनम् II (Rjn)
Dhanyakam is madhura, kashaya in rasa, sita in paka, pitta
nasana cures jvara, kasa, irsa, chardi, kapha and is dipana

रोचनं दीपनं वातज फदौर्जध्यbाशbोम् | (C.S.Su २७)
Dhanyaka is rocana, pacana, alleviates vata, kapha and
daurgandhya.

भक्ष्यव्यञ्जनभोज्येषु विविधेष्ववचारिता
आर्द्र कुस्तुम्बरी कुर्यात् स्वादु सौगन्ध्यहृद्यताम् Il (Su.S Su ४६)
Fresh dhanyaka used for processing various food items and
condiments brings deliciousness, good aroma and agreeableness

आर्द्रका
मूत्रला नच
पित्तकृत्
भोज्यव्यञ्जनभक्ष्येषु
प्रयोजिता ||
आर्द्रा कुस्तुम्बरी स्वर्या स्वादु सौगन्ध्यहृद्यताम्
सा शुष्का मधुरा पाके स्निग्धा तृड्दाहजाशिनी Il (Mdn)
Ardra Dhanyaka is Katu, Tikta in Taste, Usna in Potency Mutrala
Pitta karaka, when used in the preparation of different types of
food and condiments it is Svarya, Svadu, Saugandhya hrdyatama
Suska is Madhura in Paka, Snigdha, TrtDaha nasini.
कटुतिक्तोष्ण
विचित्रेषु

धान्यकं
स्निग्धमवृष्यं मूत्रलं लघु |
तिक्तं कटूष्णवीर्यं च दीपनं पाचनं स्मृतम् Il
ज्वरघ्नं रोचनं ग्राहि स्वादुपाकि त्रिदोषनुत्
तृष्णादाहवमिश्वासकासामार्शः कृमिप्रणुत् |l
तद्गुणं स्वादु विशेषात्पित्तनाशिं तत्
(Bpn)
Dhanyaka is Tuvara in Taste Snigdha, Avrsya, Mutrala, Laghu in
Property
Tikta Katu in Taste
Usna in Potency Dipana
Pacana,
Jvaraghna, Rocana, Grahi, Svadu in Paka, Tridosha hara, cures
Daha, Svasa Vami, Kasa
Ama
Arsa, Krmi. Ardra is
Svadu, Visesat Pitta nasaka.
तुवरं
आर्द्रन्तु
Trsna

आर्द्रा कुस्तुम्बरुः
स्वादुसौगन्धहृद्यताम्
सा शुष्का मधुरा पाके स्निग्धा
तृड्दाहनाशिनी Il
धान्यकं
कासतृट्छर्दिज्वरहृच्चक्षुषो हितम्
कषायतिक्तमधुरं हृद्यं दीपनपाचनम् Il (Dhn)
Ardra Kustumburu is Svadu, Saugandhya, Hrdya. Suska is
Madhura in Paka, Snighda, Trt Daha hara. Dhanyaka is Kasa Trt-
Chardi  Jvara Hrt Cakshu Hita is
Kashaya, Tikta
Madhura in taste
Hrdya and Dipana and Pacana
कुर्यात्"
Dhataki,धातकी,dhātakī,"https://www.medicinalplants.in/slokaimages/1728/1728_1.jpg
https://www.medicinalplants.in/slokaimages/1728/1728_2.jpg
https://www.medicinalplants.in/slokaimages/1728/1728_3.jpg","धातकीताम्रपुष्पीचधात्रीचधातृपुष्पिका
Dhataki,
Tamra
puspi,
Dhatri,
Dhatru
puspika
are
the
synonyms

धातकीकटुकाशीतामदकृत्तुवरालघुः
तृष्णातिसारपित्तास्रविषक्रिमिविसर्पजित्
(Bpn)
Dhataki is katu, tuvara
in rasa, laghu in
guna, sita in
veerya,
induces mada, cures trsna, atisara, pitta, asra, visha,
krmi and
visarpa.

धातकीकटुकाशीतातुवरामदकारिणी
तिक्तालघ्वीचसंप्रोक्तागर्भस्थापनकारिणी | |
रक्तप्रवाहिकापित्ततृडिवसर्पव्रणापहा
कृम्यतीसारहननीरक्तदोषरुजापहा
पुष्पमस्याःस्वादुरुक्षरक्तपित्तातिसारजित्
विषनाशकरंचोक्तंमुनिभिस्तत्त्वदर्शिभिः
(Nir)
Dhataki is katuka, tuvara
tikta in rasa, laghu in guna, sita in
veerya, induces mada, is garbha sthapaka,
cures rakta
pravahika, pitta, trd, visarpa, Vrana, krmi, atisara, rakta dosha
ruja
Its puspa is svadu in rasa, ruksa in guna, cures rakta pitta,
atisara and visa"
Dhava,धव,dhava,"https://www.medicinalplants.in/slokaimages/140/140_1.jpg
https://www.medicinalplants.in/slokaimages/140/140_2.jpg","धवः शीतः प्रमेहार्शः पाण्डुपित्तकफापहः
मधुरस्तुवरस्तस्य फलं तु मधुरं मनाक् II (Bpn)
Dhava is madhura, tuvara in rasa, sita in veerya
alleviates pitta, kapha and cures prameha, pandu
Its phala is madhura in rasa.

धवः कषायः कटुकः कफघ्नोडनिलनाशनः
पित्तप्रकोपनो रुच्यो विज्ञेयोः दीपनः परः II (Rin)
Dhava is kashaya, katu in rasa, alleviates vitiation of
kapha and anila, increases pitta, is rucya and highly
dipana in action."
Draksa,द्राक्षा,drākṣā,"https://www.medicinalplants.in/slokaimages/1718/1718_1.jpg
https://www.medicinalplants.in/slokaimages/1718/1718_2.jpg
https://www.medicinalplants.in/slokaimages/1718/1718_3.jpg
https://www.medicinalplants.in/slokaimages/1718/1718_4.jpg
https://www.medicinalplants.in/slokaimages/1718/1718_5.jpg
https://www.medicinalplants.in/slokaimages/1718/1718_6.jpg
https://www.medicinalplants.in/slokaimages/1718/1718_7.jpg
https://www.medicinalplants.in/slokaimages/1718/1718_8.jpg","द्राक्षा मधुफलसंज्ञा चारुफला कांक्षमालिका कृष्णा
काश्मीरी च रसाला तापसदयिता प्रियाला स्यात |l
स्वादुफला मधुयोनिः स्वादुपाकरसा
गोस्तनिका फलमुख्या गदिता कपितेति चौत्तरापथिका II (Aa ma)
Synonyms of Draksa are Madhu phala Caru phala, Kanksamalika
Krsna, Kasmiri Rasala, Tapasadayita, priyala, Mravika
Madhuyoni, Svadu pakarasa Gostanika, Phalamukhya, Kapita,
Utiarapathika.
मृद्वीका

द्राक्षा स्वादुफला प्रोक्ता तथा
मधुरसापि च |
हारहूरा च गोस्तनी चापि कीर्त्तिता Il (Bpn)
Draksa, Svadu phala
Madhu rasa, Mrdvika, |arahura, Gostani are
the synonyms of Draksa
मृद्वीका

द्राक्षा चारुफला कृष्ण प्रियाला तापसप्रिया
गुच्छफला रसाला च
ज्ञेयाडमृतफला च सा |l
अन्या कपिलद्राक्षा
गोस्तनी च कपिलफला
अमृतरसा दीर्घफला
मधुफला
च |l
हरिता च हारहूरा सुफला मृद्वी हिमोत्तरपथिका
हैमवती शतवीर्या काश्मीरो गजराजमहिगणिता |l
अन्या सा काकलीद्राक्षा जम्बुका च फलोत्तमा
लघुद्राक्षा
निर्बीजा सुवृता रुचिकारिणि Il (Rjn)
Draksa, Caru Phala, Krsna, Priyala, Tapasapriya, Gucchaphala
Rasala Amrtaphala are the synonyms of Draksa
Another variety
is Kapila draksha
Mrdvika
Gostani, Kapila phala Amria rasa
Dirgha phala, Madhu valli, Madhu phala, Madhuli Harita
Harahura, Suphala Mrdvi, Himottarapathika, Haimavati Satavirya
Kasmira Gajarajamahiganitha
Another variety is Kakali draksha
Jambuka, Phalottama, Laghu draksa, Nirbija, Suvrtta
Ruci karini.
मृद्वीका
मधुवल्ली
मधूली =

द्राक्षा फलोत्तमा वृष्या चक्षुष्या
सृष्टमूत्रविट्
स्वादुपाकरसा स्निग्धा सकषाया हिमा गुरुः
निहन्त्यनिलपित्तासृक्तिक्तास्यत्वमदात्ययान्
तृष्णाकासज्वरश्वासस्वरभेदक्षतक्षयान् Il (Mdn)
Draksa is svadu, kashaya in rasa snigdha, guru in guna hima in
veerya, svadu in paka, phala uttama, vrsya, caksushya, sresta
mutra vit, cures anila, pitta asrk, tikia asya madatyaya trsna,
kasa, jvara, svasa, svarabheda, ksata and ksaya.

द्राक्षा हृद्यरसा स्वर्या मधुरा स्निग्धशीतला
रक्तपित्तज्वरश्वासतृष्णादाहक्षयापहा |l
मधुरा स्निग्धा शीता
वृष्यानुलोमनी
रक्तानिलश्वासकासभ्रमस्तृष्णाज्वरापहा Il (Dhn)
Draksa is madhura in rasa, hrdya rasa, snigdha in guna, sitala in
veerya, svarya, cures rakta pitta jvara svasa, trsna
daha, ksaya.
Mrdvika is madhura in iasie snigdha in property sita in potency
vrsya anulomani, cures rakta, anila, svasa, kasa bhrama trsna
Jvara.
मृद्वीका

द्राक्षा फलोत्तमा वृष्या चक्षुष्या
सृष्टमूत्रविट्
स्वादुपाकरसा स्निग्धा सकषाया हिमा गुरुः
निह
न्त्यनिलपित्तासृक्तिक्तास्यत्वमदात्ययान्
तृष्णाकासज्वरश्वासस्वरभेदक्षतक्षयान् |l
आमा द्राक्षा सरा साम्ला पित्तश्लेष्मप्रकोपनी
(Sdn)
Draksa is phala uttama, svadu, kasaya in rasa, snighda, guru in
guna, hima in veerya, svadu in paka vrsya caksushya, srsia
mutra vit, cures anila, pitta asra tikia asya madatyaya, trsna
kasa, jvara,
svasa svarabheda
ksaia, kshaya.
Ama draksa is amla in rasa, sara in guna, induces vitiation of pitta
slesma.

द्राक्षा तु मधुरा स्निग्धा वृष्या शीतानुलोमनी
बल्या वृष्या क्षतक्षीणतृषावातस्रपित्तजित् Il (Rav)
Draksa is madhura, snigdha in property, sita in potency, vrsya,
anulomana, balya, vrsya cures ksata, ksina, trsa vata asra, pitta

तृष्णादाहज्वरश्वासरक्तपित्तक्षतक्षयान्
वातपित्तमुदावर्त्तं स्वरभेदं मदात्ययम् |l
तिक्तास्यतामास्यशोष कासं चाशु व्यपोहति
बृंहणी वृष्या मधुरा स्निग्धशीतला II (C.S.Su २७)
Draksa alleviates trsna, daha, jvara, svasa raktapitta, ksata
kshaya, vatapitta udavarta, svarabheda, madatyaya
tikia asya
sosa, kasa. Mrdvika is madhura in tasie, snigdha in property sitala
in potency, brmhani and vrsya
मृद्वीका"
Dronapuspi,द्रोणपुष्पी,droṇapuṣpī,,
Dugdhapheni,दुग्धफेनी,dugdhaphenī,"https://www.medicinalplants.in/slokaimages/1589/1589_1.jpg
https://www.medicinalplants.in/slokaimages/1589/1589_2.jpg
https://www.medicinalplants.in/slokaimages/1589/1589_3.jpg
https://www.medicinalplants.in/slokaimages/1589/1589_4.jpg","दुग्धिकोष्णा गुरू रूक्षा वातला गर्भकारिणी
स्वादिक्षीरा कटुस्तिक्ता सृष्टमूत्रमलापहा
१ |
स्वादुर्विष्टम्भिनी वृष्या कफकुष्ठकृमिप्रणुत्
(Bpn)
It is guru, ruksa in guna, slightly usna in veerya, increases vata
promotes garbhakarini (conception).
Svadu ksiri is svadu, katu, tikta in rasa, srsta mutra malapaha (promotes
waste eliminationl, vistambhi, vrshya and cures kapha, kustha and krmi.
and

शिशिरा विषनाशिनी |
वर्णापसारणी रुच्या युक्त्या चैव रसायनी | (Rjn)
Dugahapheni is katu, tikta
rasa, sita in
veerya, promotes
varna  is
ruchya, rasayyani
cures visa.
दुग्धफेनिः
कटुस्तिक्ता
and

दुग्धिकोष्णा गुरू रूक्षा वातला गर्भकारिणी
Il IMan)
Dugahika is guru, ruksa in guna, slightly usna in veerya, increases vata
and is
garbhakarini ( conception).

धातुवृद्धिकरी हृद्या चोष्णा पारदबन्धिनी |
मलस्तम्भकरी मेहकफकुष्ठकृमीन् हरेत्
T INir 
It is dhatuvrdahikara, hrdya,
usna in veerya, used for parada bandha
Iprocessing of mercury
induces mala stambha constipation likel
cures meha , kapha, kustha and krmi.
and"
Durva,दूर्वा,dūrvā,"https://www.medicinalplants.in/slokaimages/554/554_1.jpg
https://www.medicinalplants.in/slokaimages/554/554_2.jpg","दूर्वा शीता कषाया च रक्तपित्तकफापहा
अनुपत्रा कषाया च शीतला श्लेष्मवातला
दर्भेः शरोनलश्चैव त्तथा
समम
स्वादु तिक्त कषायणि पित्तश्लेष्महराणि च
I| IDhn
Darbha, sara, nala and durva are similar in properties They are kashaya
in rasa, sita in veerya, alleviates raktapitta and kapha
Anupatra is kashaya in
sitala in veerya, causes vitiation of slesma
ana vata.
Other varieties: darbha,
sara
and nala are the three varieties of durva,
which are similar in properties They are svadu, tikta and kashaya in rasa,
alleviates vitiation of pitta and slesma
दूर्वात्रयं
rasa ,

दूर्वासामान्यगुणाः
दूर्वाः कषायाः मधुराश्च शीताः पित्ततृषाउरोचकवान्तिहन्त्र्यः |
सदाहमूर्च्छाग्रहभूतशान्ति श्लेष्मश्रमध्वंसनतृप्तिदाश्च
Il (Rjn)
Durva is
kashaya, maahura
rasa, sita
veerya,
cures
pitta, trsha,
arocaka, vanti, daha, murccha,
bhuta, slesma, srama, trpti ana
dana
Braha"
Durva - prakara,दूर्वा प्रकार,dūrvā prakāra,"https://www.medicinalplants.in/slokaimages/554/554_1.jpg
https://www.medicinalplants.in/slokaimages/554/554_2.jpg","दूर्वा शीता कषाया च रक्तपित्तकफापहा
अनुपत्रा कषाया च शीतला श्लेष्मवातला
दर्भेः शरोनलश्चैव त्तथा
समम
स्वादु तिक्त कषायणि पित्तश्लेष्महराणि च
I| IDhn
Darbha, sara, nala and durva are similar in properties They are kashaya
in rasa, sita in veerya, alleviates raktapitta and kapha
Anupatra is kashaya in
sitala in veerya, causes vitiation of slesma
ana vata.
Other varieties: darbha,
sara
and nala are the three varieties of durva,
which are similar in properties They are svadu, tikta and kashaya in rasa,
alleviates vitiation of pitta and slesma
दूर्वात्रयं
rasa ,

दूर्वासामान्यगुणाः
दूर्वाः कषायाः मधुराश्च शीताः पित्ततृषाउरोचकवान्तिहन्त्र्यः |
सदाहमूर्च्छाग्रहभूतशान्ति श्लेष्मश्रमध्वंसनतृप्तिदाश्च
Il (Rjn)
Durva is
kashaya, maahura
rasa, sita
veerya,
cures
pitta, trsha,
arocaka, vanti, daha, murccha,
bhuta, slesma, srama, trpti ana
dana
Braha"
Ela,एला,elā,"https://www.medicinalplants.in/slokaimages/663/663_1.jpg
https://www.medicinalplants.in/slokaimages/663/663_2.jpg
https://www.medicinalplants.in/slokaimages/663/663_3.jpg
https://www.medicinalplants.in/slokaimages/663/663_4.jpg
https://www.medicinalplants.in/slokaimages/663/663_5.jpg
https://www.medicinalplants.in/slokaimages/663/663_6.jpg","शूक्ष्मैलामूत्रकृच्छ्रार्शः श्वासकासक्षये हिता
(Soaala )
Suksmela is effective in mutrakrcchra, arsa
svasa, kasa ana
ksava.

एला सूक्ष्मा
कफश्वासकासर्शोमूत्रकृच्छ्रहृत्
रसे तु कटुका शीता लघ्वी वातहरा मता
I| (Bpn)
Suksma ela is katu in rasa, laghu in guna, sita in veerya, alleviates vata,
cures kapha, svasa , kasa,
arsa, mutra krcchra.

स्थूलैला रक्तपित्तघ्नी वमिशुक्राश्मजिद् हिमा |
तृष्णाहृल्लासकण्डूघ्नी पित्तश्लेष्मामयापहा
 (Mdn)
Sthulaela
is hima in veerya, alleviates raktapitta, vami, sukra,
asma,
trsna, hrllasa, kanau, pitta, slesma and amaya.

स्थूलैला कटुका पाके रसे चानलकृल्लघुः
रूक्षोष्णा
श्लेष्मपित्तास्रकण्डूश्वासतृषापहा
हृल्लासविषबस्त्त्यास्यशिरोरुग्वमिकासनुत्
(Bpn)
Sthulaila is katuka in paka and rasa, laghu, ruksa in guna, usna in veerya,
anala karaka, cures slesma, pitta, asra, kanau, svasa, trsa, hrilasa, visa,
basti-asya siro ruk, vami ana kasa.

स्थूलैला रोचनी तीक्ष्णा लघुष्णा कफवातजित्|
सुगन्धिः पाचका शीता चाग्निदीप्तिकरा मता
I| IMdn)
Sthulaela is tiksna, laghu
in  हuna,
usna in veerya
rocani,
suganahi,
pacaka , sita,
dipta kari, alleviates kapha and vata.
agni

शीतलतिक्तमुक्तं सुगन्धिपित्तार्तिकफापहारि
करोति हृद्रोगमलार्तिबरितपुंस्त्वघ्नमत्र स्थविरा गुणाढ्या| |
IRjn|
Elaavaya is tikta in rasa, sitala in veerya, suganahi, alleviates vitiation of
pitta, kapha, cures arti, hrdroga, mala arti and it is pumsatvaghna.
एलाद्वयं"
Ela - suksma,एला सूक्ष्म,elā sūkṣma,"https://www.medicinalplants.in/slokaimages/663/663_1.jpg
https://www.medicinalplants.in/slokaimages/663/663_2.jpg
https://www.medicinalplants.in/slokaimages/663/663_3.jpg
https://www.medicinalplants.in/slokaimages/663/663_4.jpg
https://www.medicinalplants.in/slokaimages/663/663_5.jpg
https://www.medicinalplants.in/slokaimages/663/663_6.jpg","शूक्ष्मैलामूत्रकृच्छ्रार्शः श्वासकासक्षये हिता
(Soaala )
Suksmela is effective in mutrakrcchra, arsa
svasa, kasa ana
ksava.

एला सूक्ष्मा
कफश्वासकासर्शोमूत्रकृच्छ्रहृत्
रसे तु कटुका शीता लघ्वी वातहरा मता
I| (Bpn)
Suksma ela is katu in rasa, laghu in guna, sita in veerya, alleviates vata,
cures kapha, svasa , kasa,
arsa, mutra krcchra.

स्थूलैला रक्तपित्तघ्नी वमिशुक्राश्मजिद् हिमा |
तृष्णाहृल्लासकण्डूघ्नी पित्तश्लेष्मामयापहा
 (Mdn)
Sthulaela
is hima in veerya, alleviates raktapitta, vami, sukra,
asma,
trsna, hrllasa, kanau, pitta, slesma and amaya.

स्थूलैला कटुका पाके रसे चानलकृल्लघुः
रूक्षोष्णा
श्लेष्मपित्तास्रकण्डूश्वासतृषापहा
हृल्लासविषबस्त्त्यास्यशिरोरुग्वमिकासनुत्
(Bpn)
Sthulaila is katuka in paka and rasa, laghu, ruksa in guna, usna in veerya,
anala karaka, cures slesma, pitta, asra, kanau, svasa, trsa, hrilasa, visa,
basti-asya siro ruk, vami ana kasa.

स्थूलैला रोचनी तीक्ष्णा लघुष्णा कफवातजित्|
सुगन्धिः पाचका शीता चाग्निदीप्तिकरा मता
I| IMdn)
Sthulaela is tiksna, laghu
in  हuna,
usna in veerya
rocani,
suganahi,
pacaka , sita,
dipta kari, alleviates kapha and vata.
agni

शीतलतिक्तमुक्तं सुगन्धिपित्तार्तिकफापहारि
करोति हृद्रोगमलार्तिबरितपुंस्त्वघ्नमत्र स्थविरा गुणाढ्या| |
IRjn|
Elaavaya is tikta in rasa, sitala in veerya, suganahi, alleviates vitiation of
pitta, kapha, cures arti, hrdroga, mala arti and it is pumsatvaghna.
एलाद्वयं"
Eranda,एरण्ड,eraṇḍa,"https://www.medicinalplants.in/slokaimages/1399/1399_1.jpg
https://www.medicinalplants.in/slokaimages/1399/1399_2.jpg
https://www.medicinalplants.in/slokaimages/1399/1399_3.jpg
https://www.medicinalplants.in/slokaimages/1399/1399_4.jpg
https://www.medicinalplants.in/slokaimages/1399/1399_5.jpg
https://www.medicinalplants.in/slokaimages/1399/1399_6.jpg
https://www.medicinalplants.in/slokaimages/1399/1399_7.jpg","पञ्चाङ्गुलः स्यादेरण्डः शुक्लश्च तिलकूपकः
आमुण्डको वर्धमानश्चित्रो गन्धर्वहस्तकः Il
दीर्घदण्डो ग्रामजश्च मुनिश्च त्रिपुटीफलः
रक्तैरण्डो महामुण्डो महापञ्चाङ्गुलः पृथुः II
हस्तिकर्णी चोरुबूक उरुपुर्गजकर्णकः E
शिखापत्रः सिरापत्रो महापत्रश्च कथ्यते Il
व्याघ्रो व्याघ्रदलश्चेति शब्दैः पर्यायवाचकैः
(Aa. mal
Eranaa is also named as pancangula.
Synonyms are sukla, tilakupaka, amundaka, vardhamanaha, citra,
gandharvahastaka, dirghadanda, gramaja, muni, triputiphala, rakta
eranda, mahamunda, mahapanchangula, hastikarni, urubuka, urupurgaja
karnaka , sikhapatra, sirapatra, mahapatra, vaghra, vyaghradala.

शुक्ल एरण्ड आमण्डश्चित्रो गन्धर्वहस्तकः
पञ्चाङ्गुलो वर्धमानो दीर्घदण्डो व्यडम्बकः II
रक्तोडपरोरुबूकः स्यादुरुबूको रुबुस्तथा
व्याघ्रपुच्छश्च वातारिश्चञ्चुरुत्तानपत्रकः Il (Bpn)
Synonyms of sukla eranda are amanaa, citra, gandharvahstaka,
panchangula, vardhamana, dirgha danda, vyadambaka.
Rakta varietyiurubuka, uroonbuka, rubuhu, vyaghrapuccha, vatari,
canchu, uttanapatraka.

श्वेतैरण्डः सितैरण्डश्चित्रो गन्धर्वहस्तकः
आमण्डस्तरुणः
वातारिर्दीर्घदण्डकः Il
पञ्चाङ्गुलो वर्धमानो
द्वादशाह्वयः
रक्तैरण्डोउपरो व्याघ्रा हस्तिकर्णी रुबस्तथा II
उरुबुको नागकर्णश्चञ्चुत्तानपत्रकः
करपर्णो याचनकः स्निग्धो च्याघ्रदलस्तथा Il
तत्करश्चित्रबीजश्च ह्रस्चैरण्डस्त्रिपञ्चधा
IRjn)
Sveta eranda, sita eranda, citra, gandharvahastaka, amandaha, tarunaha,
sukla , vatari, dirghadanaaka, pancangula, vardhamana, rubuka are the1२
synonyms for sveta eranda
Rakta eranda, vyaghra, hastikarni, rubuhu, urubuka, nagakarna, canchu,
uttanapatraka, karaparna, yacanaka, snighda, vyaghradala, tatkara,
citrabija, hrasva eranaa are the synonyms for rakta eranda
शुक्लो
रुबुको

एरण्डौ द्वौ वातहरौ शूलोदावर्तनाशनौ
वातरक्तहरौ सर्व एरण्डो मार्गशोधनः |l (Mdn)
Both the types of eranda alleviate vata
cures vatarakta, sula, udavarta
Both are beneficial for marga Sodhana (waste elimination or laxationl

एरण्डस्तु रसे तिक्तः स्वादूष्णोडनिलनाशनः
उदावर्तं प्लीहागुल्मवस्तिशूलान्त्रवृद्धिनुत्
गुरुर्वातप्रशमनो विकारान् शोणितान् जयेत्
फलं स्वादु च सक्षारं
भेदि वातजित |l
एरण्डयुगलं वृष्यं स्वादु पित्तसमीरजित्
IDhn|
Eranaa is tikta, svadu in rasa, usna in veerya, alleviates anila, pacifies
udavarta , pliha, gulma, vasti sula, antra vrddhi, guru vata, sonita Vikara
Phala is svadu in rasa, laghu in guna
usna in veerya, ksara, bhedi, vata
hara. Both the types of eranaa are svadu in rasa
vrsya, pitta samira
hara
लघुष्णं

सकटुकरसस्तिक्त
उष्णः कफार्त्ति-
ध्वंसं धत्ते ज्वरहरमरुत्कासहरी रसाईः
रक्तैरण्डः श्वयथुपचनः वान्तिरक्तार्त्तिपाण्डु 
भ्रान्तिश्वासज्वरकफहरोडरोचकघ्नो लघूश्च Il (Rjn)
Sveta eranda is katu, tikta in rasa, usna in veerya, pacifies kaphaja
vyadhi, jvara, marut vikara, kasa, rasarha.
Rakta eranda is laghu in guna, svayathu pacana
cures vanti, rakta arti,
pandu, bhranti, svasa, jvara, kapha, arocaka
श्वेतैरण्डः

सतिक्तोष्णमेरण्डं तैलं स्वादु सरं गुरु
वर्ध्मगुल्मानिलकफानुदरं विषमज्वरम् |l
रुक्शोफौ च कटीगुह्यकोष्ठपृष्ठाश्रयौ जयेत् |
तीक्ष्णोष्णं पिच्छिलं विस्रं रक्तैरण्डोद्भवं त्वति I (A.Hr. )
Eranda taila is tikta, svadu in rasa,
usna in veerya, sara, Buru in guna,
cures
varahma, gulma , anila, kapha, udara, visama jvara, ruk, sopha, kati
guhya kostha prstha.
Rakta eranda is tiksna , picchila in guna
usna in veerya and visra."
Erandakarkati,एरण्डकर्कटी,eraṇḍakarkaṭī,https://www.medicinalplants.in/slokaimages/331/331_1.jpg,"एरण्डचिर्भटा स्वाद्वी तथा कोषफला स्मृता
अपक्चा
हरिता पीतफला स्वादुफला प्रिया|
सचिक्कणा श्यामबीजा तथा कुम्भपला शुभा
कासश्वासयकृत्लीहोदररोगविनाशिनी| |
मन्दाग्निस्नायुशोथच्नी विषपत्रा प्रकीर्तिता
वनौषधिशास्त्र संदिग्धनिर्णय
Eranda cirbhata, svadvi, kosha phala, harita, pita
phala, svadu phala, apakva,
cikkana
syama bija,
kumbha phala are the synonyms
It alleviates kasa, svasa,
pliha udara roga,
mandagni, snayu and sotha
Patra is visha.
yakrt"
Gambhari,गम्भारी,gambhārī,"https://www.medicinalplants.in/slokaimages/66/66_1.jpg
https://www.medicinalplants.in/slokaimages/66/66_2.jpg
https://www.medicinalplants.in/slokaimages/66/66_3.jpg
https://www.medicinalplants.in/slokaimages/66/66_4.jpg
https://www.medicinalplants.in/slokaimages/66/66_5.jpg","श्रीपर्णी
तिक्ता गुरूष्णा रक्तपित्तजित्
त्रिदोषश्रमदाहार्त्तिज्वरतृष्णाविषान् जयेत् Il
काश्मर्यं कुसुमं बल्यं वृष्यं पित्तास्रनाशनम्I| (Dhn)
Sriparni svarasa is tikta in rasa, guru in guna,
usna in
veerya, rakta pitta hara, cures tridosha, srama, daha,
jvara and trsna
स्वरसे

काश्मर्यंफलं रक्तसंग्राहिकरक्तपित्तप्रशमनानाम्
(चरक
Kasmarya
phala
is
Rakta
sangrahika,
Rakta
pitta
prasamana

काश्मरीफलमित्युक्तेषपि काश्मरीफलमज्जाग्राहा अत्यन्तपित्तहरत्वात्|
(वृन्द में श्रीकण्ठ)
हृद्य
मूत्रविबन्धघ्नं पित्तासृग्वातनाशनम्
केश्यं रसायनं मेध्यं काश्मर्यफलमुच्यते Il ( सुश्रुत
Kasmari phala majja is atyanta pitta haratvat
Its phala is hrdya, kesya, rasayana, medhya, alleviates
mutravibandha, pitta, asrg vata.

काश्मरीकटुकातिक्ता गुरूष्णा कफशोफनुत्
त्रिदोषविषदाहार्त्तिज्वरतृष्णस्रदोषजित् II (Rjn)
It  is
katu, tikta in
rasa,
guru in guna,
usna
in veerya,
alleviates
kapha,
sopha,
tridosha
visha,
daha
jvara,
trsna and asra dosha

दोषतृष्णाभ्रशूलार्शोविषदाहज्वरापहा
तत्फलं बृंहणं वृष्यं गुरुकेश्यं रसायनम्| |
वातपित्ततृषारक्तक्षयमूत्रविबन्धनुत् |
स्वादुपाकं हिमं स्निग्धं तुवाराम्लविशुद्धिकृत्  |
हन्याद्दाहतृषावातरक्तपित्तक्षतक्षयात् Il (Bpn)
It cures trsna, bhrama
sula, arsa, visa, daha and jvara
Its phala is snigdha, tuvara, amla in rasa, guru in guna
hima in veerya, svadu in paka
visuddhikaraka
brmhana, vrshya, kesya, rasayana, alleviates vata, pitta,
trsha,
rakta ksaya, mutravibandha, daha, trsha,
vatarakta, pitta, ksata, ksaya"
Garjara,गर्जर,garjara,"https://www.medicinalplants.in/slokaimages/580/580_1.jpg
https://www.medicinalplants.in/slokaimages/580/580_2.jpg
https://www.medicinalplants.in/slokaimages/580/580_3.jpg","गर्जरं मधुरं वृष्यं कषायं वातलं मतम्|
संग्राहि रक्तपित्तास्रग्रहणीकफवातजित् Il (Bpn)
Garjara
is madhura, kashaya in
rasa, vrshya, vatala, sangrahi,
cures
raktapitta, asra vikara, grahani, kapha, vata

बीजं चोष्णं मतं चास्य वृष्यं वै
गर्भपातकृत् 0
| IRjn)
Bija is usna in veeryza, vrshya and garbhapata karaka

ग्राहा
गृञ्जनकस्तीक्ष्णो वातश्लेष्मार्शसां हितः |l चरक
It is grahi, tiksna, effective in vata, slesma and arsas"
Gojihva,गोजिह्वा,gojihvā,"https://www.medicinalplants.in/slokaimages/661/661_1.jpg
https://www.medicinalplants.in/slokaimages/661/661_2.jpg
https://www.medicinalplants.in/slokaimages/661/661_3.jpg","गोजिह्वा वातला शीता ग्राहिणी
कफपित्तनुत्|
बल्या
प्रमेहकासास्रव्रणज्वरहरी लघुः||
कोमला
तुवरा तिक्ता स्वादुपाकरसास्मृता
T (Bpn)
Gojihva is laghu in guna, sita in veerya, grahini, balya, vatala, kapha pitta
hara, cures prameha, kasa, asra vikara, vrana and jvara
Komala is tuvara, tikta in rasa, svadu in paka and rasa

गोजिह्वा कटुका तिक्ता शीतला पित्तनाशिनी |
व्रणसंरोपणी चैव सर्वदन्तविषर्तिजित््|| (Rjn)
Gojihva is katuka, tikta in
rasa, sitala in
veerya, pitta nasini,
vrana
samropani, cures sarva danta roga and visa roga

कषाया तु हिता पित्ते स्वादुपाकरसा हिमा [
लघ्वी मण्डूकपर्णी तु तद्वत् गोजिह्वका मतात (सुश्रुत सू ४६ २६४)
It is kashaya in rasa, laghu in guna, hima in veerya, svadu in paka ana
rasa, effective in pitta ana is similar to mandukaparni."
Goraksa,गोरक्ष,gorakṣa,https://www.medicinalplants.in/slokaimages/40/40_1.jpg,"गोरक्षी मधुरा तिक्ता शिशिरा
दाहपित्तनुत् 0
विस्फोटवांत्यतीसारज्चरदोषविनाशिनी
IRjn 
Goraksi is madhura, tikta in rasa, sisira in veerya, alleviates daha, pitta
visphota, vanti, atisara and jvara."
Guduci,गुडूची,guḍūcī,"https://www.medicinalplants.in/slokaimages/1/1_1.jpg
https://www.medicinalplants.in/slokaimages/1/1_2.jpg
https://www.medicinalplants.in/slokaimages/1/1_3.jpg
https://www.medicinalplants.in/slokaimages/1/1_4.jpg
https://www.medicinalplants.in/slokaimages/1/1_5.jpg
https://www.medicinalplants.in/slokaimages/1/1_6.jpg
https://www.medicinalplants.in/slokaimages/1/1_7.jpg
https://www.medicinalplants.in/slokaimages/1/1_8.jpg","तिक्ता५ मृता त्रिदोषघ्नी ग्राहिण्युष्णा रसायनी
दीपनी ज्वरतृड्दाहकामलारक्तवातनुत् Il IMdnl
Amrta is tikta in rasa, usna in veerya, grahi, rasayani, dipani,
triaoshaghna , cures jvara, trt, daha, kamala and raktavata.

कटुका तिक्ता स्वादुपाका रसायनी
संग्राहिणी कषायोष्णा लघ्वी बल्याग्निदापनी II
दोषत्रयामतृड्दाहमेहकासांश्च पाण्डुताम्
कामलाकुष्ठवातास्रज्वरकृमिवमीर्हरेत्
I (Bpn)
Guduci is katuka , tikta, kashaya in rasa, laghu in guna,
usna in veerya
svadu in paka, rasayani, sangrahani, balya, agni dipani,
cures tridosha,
ama
trt, daha, meha, kasa, panau, kamala, kustha, vata asra, jvara, krmi
ana vami.
गुडूची

स्वरसे तिक्ता कषायोष्णा गुरुस्तथा
त्रिदोषजन्तुरक्तार्शःकुष्ठज्वरहरा परा Il
गुडूच्यायुष्प्रदा मेध्या तिक्ता संग्राहिणी बला
ज्वरतृड्पाण्डुवातासृक्छर्दिमेहादोषजित्
कफवातघ्नी पित्तमेदोविशोषिणी
रक्तवातप्रशमनी
कण्डूवीसर्पनीशिनी
||
कन्दोद्भवा
च
कटुष्णा सन्निपातहा
विषघ्नी ज्वरभूतघ्नी वलीपलितनाशिनी Il (Dhn)
Guauci svarasa is tikta, kashaya in rasa, usna in veerya, guru in guna,
cures
tridosha, jantu, rakta arsas, kustha ana jvara.
Guauci Ts tikta in rasa, ayushya, meahya, sangrahi, balya, cures jvara, trt,
pandu, vata asrk, chardi, meha, tridosha. It is kapha vataghna, pitta
meaa visoshani, rakta vata prasamani, kandu-visarpa nasini.
Kanda is katu in rasa, usna in veerya, sannipata hara, vishaghna, jvara
bhutaghna, vali palita nasani.
गुडूची
गुडूची
गुडूची

ज्ञेया
गुरुरुष्णवीर्या
तिक्ता कषाया ज्वरनाशिनी च |
दाहार्त्तितृष्णावमिरक्तवात
प्रमेहपाण्डुभ्रमहारिणी
च |
कन्दोद्भवा गुडूची च कटूष्णा सन्निपातहा
विषघ्नी ज्वरभूतघ्नी वलीपलितनाशिनी Il (Rjn)
Guauci is tikta, kashaya in rasa, guru in guna,
usna in veerya, jvara
nasani, cures daha, trsna, vami, raktavata, prameha, pandu, bhrama
Kanda of guduci is katu in rasa, usna in veerya, sannipata hara, cures
visha, jvara, bhuta, vali ana palita.
गुडूची

गुडूची
तिक्ता वीर्ये चोष्णा
ग्राहि रसायनी बल्या मधुरा चाग्निदीपनी Il
लघ्वी हृद्याडडयुःप्रदा च
ज्वरदाहतृषाहरी
रक्तदोषं वमां वातं भ्रमं पाण्डुं प्रमेहकम् Il
त्रिदोषं कमिलां चामं कासं कुष्ठं तथा कृमीन् |
रक्तार्शं वातरक्तं च कण्डूं मेदं विसर्पकम्
पित्तं कफं नाशयति घृतेन सह वातहा
गुडेन बद्धविट्कत्वं सितया पित्तनाशिका
मधुना कफहा प्रोक्ता वातवातारितैलिके
शुण्ठ्याउडमवातशमनी मुनिभिः परिकीर्त्तिता
गुडूची पर्णशाका तु
लघु स्मृता
कटुस्तिक्ता पाककाले माधुरा च रसायनी Il
अग्निदीप्तिकरी बल्या ग्राहिणी च त्रदोषहा
वातरक्तं तृषा दाहं मेहं कुष्ठञ्च कामलाम् |l
पाण्डुरोगं नाशयतीत्येवमाचार्यभाषितम्
INir)
Guduci is tuvara, tikta, madhura in rasa, laghu in guna
usna in veerza,
grahi, rasayani, balya, agni dipani, hraya, ayuprada, cures jvara, daha,
trsa, raktadosha, vami,
vata, bhrama, pandu, prameha, tridosha, kamala
ama, kasa, kustha, krmi, rakta arsa, vata rakta, kandu,
meda, visarpa,
pitta, kapha
Along with ghrta it cures vata; along with
it is badaha vita nasana,
sita it is pitta hara, madhu it is kapha hara, along with vataghna taila it is
vata hara; along with sunthi it is amavata hara.
Guauci parna sakha is tuvara, katu, tikta in
usna in veerya, laghu in
madhura in paka , rasayani, agni dipti karaka, balya, grahini,
triaosha hara
cures vatarakta
trsa, daha, meha, kustha, kamala, pandu.
तुवरी
तुवरोष्णा
guda
rasa,
Buna ,

गुडूचिसत्वं सुस्वादु पथ्यं लघु च दीपनम्
चक्षुष्यं धातुकृन्मेध्यं वयःस्थापनकारकम् |l
वातरक्तं त्रिदोषं च पाण्डुं तीव्रज्वरं तथा
वमिं जीर्णज्वरं पित्तं कामलां च प्रमेहकम् |l
अरुचिं श्वासकासौ च हिक्कां चार्शःक्षयं तथा
सदाहं
मूत्रकृच्छ्रं च प्रदरं सोमरोगकम्
नाशयेदिति संप्रोक्तं पित्तं मेहं सशर्करम | IRjn)
Guauci satva is svadu, laghu in guna, pathya, dipana, caksushya, ahatu
karaka, medhya, vayasthapana karaka, cures vatarakta, tridosha, panau,
tivra jvara, vami, jirna jvara, pitta, kamala, prameha,
arucl , svasa
kasa
hikka, arsa, ksaya, daha, mutrakrcchra, pradara, soma roga, pitta, meha
ana sarkara

गुडूची ग्राहिणी बल्या त्रिदोषघ्नी रसायनी |
दीपनी ज्वरतृङ्छर्दिकामलावापित्तनुत् Il (Rav)
Guduci is grahi, balya, tridoshaghna, rasayani, dipani, cures jvara, trt,
chardi , kamala and is vata pitta hara.

मधुरा पाके कषाया कटुका लघुः
तिक्ता संग्राहिणी हृद्या बल्योष्णा वहि्नकृज्जयेत् |
दोषकुष्ठकृमिच्छर्दिदाहवातास्रपाण्डुताः
ज्वरामकामलामेहतृष्णाकासान् रसायनी Il KKdn)
Guauci is kashaya, katuka, tikta in rasa, laghu in guna, usna in veerya,
madhura in paka, sangrahini, hrdya, balya, vahni karaka, cures doshas,
Kustha, krmi, chardi, daha, vata asra, pandu, jvara, ama, kamala, meha,
trsna, kasa ana is rasayana.
गुडूची"
Guggulu,गुग्गुलु,guggulu,"https://www.medicinalplants.in/slokaimages/475/475_1.jpg
https://www.medicinalplants.in/slokaimages/475/475_2.jpg
https://www.medicinalplants.in/slokaimages/475/475_3.jpg","जायन्ते पुरपादपा मरुभुवि ग्रीष्मेडर्कसन्तापिताः
शीतर्तौ शिशिरेङपि गुग्गुलुरसं 
ते पञ्चधा |
हेमाभं महिषाक्षतुल्यमपरं सत्पद्मेरागोपमम्
भृङ्गाभं कुमुदद्युती च विधिना ग्राह्यापरीक्ष्याथ
I IRjn)
The trunk of the Guggulu tree is slashed in summer by which the gum
exuaates due to heat. This
solidifiea
in the winter season. This is
hnOw
Guggulu is extracted. It is of five types: Hemabha, Mahishaksatulya,
Paamaragopama, Bhrungabha, Kumuaadyu
मुञ्जन्ति
Bets

वह्नौ ज्वलन्ति तपने विलयं प्रयान्ति
क्लिद्यन्ति कोष्णसलिले पयसा समानाः |
ग्राह्याः शुभाः परिहरेच्चिरकालजातान्
अङ्गारवर्ण समपयविगन्धवर्णान् Il Prayogamruthahal
On exposure to tapa
it shines like vahni, that which
is vilaya lliquidl,
klidya Iwetl kosna IwarmJ, salila Iflowsl, payasa
samana   similar
to
milkl, grahya is subha, which loses its properties once it becomes old is
angara
varna   and
is samapuya viganaha Ismells foetid)
looks
discoloured
and

गुल्गुलु रिण्डी नचणः पलंकषा कौशिको जटायुश्च
सहिकश्च वायसारिः शिवप्रियो धूपिकः पुरो दुर्गः II
महिषाक्षाउर्णक्रमो भद्रश्रियं च कालरसः
नकुञ्चरः शिलाख्यः कथ्यते महाधूपः Il (Aa mal
Guggulu, Rindi, Nacana, Palangkasa, Kausika, Jatayu, Sahika, Vayasari,
Sivapriya, Dhupika, Pura,
Mahisaksa , Arnakrama, Bhadrasriya,
Kalarasa, Nakuncara, Silakhya, Mahadhupa are the synonyms for
Guggulu.
Durga,"
Gunja,गुञ्जा,guñjā,"https://www.medicinalplants.in/slokaimages/9/9_1.jpg
https://www.medicinalplants.in/slokaimages/9/9_2.jpg
https://www.medicinalplants.in/slokaimages/9/9_3.jpg
https://www.medicinalplants.in/slokaimages/9/9_4.jpg","गुंजा रूक्षा तथा तिक्ता वीर्योष्णा च प्रकीर्तिता |
विषवैषम्यजन्तुघ्नी रोगग्रामभयावहा Il (Dhnl
Gunja is tikta in rasa, ruksa,
usna in virza,
visavaisamya and jantughna
ana used in agra roga.

गुंजाद्वयं च शीतोष्णं , बीजं वान्तिकरं शिफा
विषहृत् पत्रं, वश्ये श्वेता प्रशस्यते
I IDhn, Rjn )
Gunja dvaya is sitosna, bija is vanti kara, sipha is sulaghna, patra is visa
hara and vasya sveta variety is the best.
शूलघ्नी,

गुंजाद्वयं तु केश्यं स्याद् वातपित्तज्वरापहम्|
मुखशोषभ्रमश्वासतृष्णामदविनाशनम् |
नेत्रामयहरं वृष्यं बल्यं कंडूं व्रणं हरेत्|
कृमीन्द्रलुप्तकुष्ठानि रक्ता च धवलापि
IBpn )
Gunja dvaya is
vata pitta jvarahara,
cures mukha
50$a,
bhrama
svasa, trsna, maaa, netryamaya, is balya, vrshya, cures kandu and vrana.
Rakta gunja cures krmi, inaralupta ana kustha
kesya,

मूलं तु मधुरं तिक्तं मुखशोषहरं परम्
मुखपाकहरं पत्रं, सर्वं श्वेताभवे
१l (नि.सं)
Its mula is
maahura, tikta in rasa, mukha sosa hara para, patra is mukha
paka hara, ana of all the varieties wnite variety is the best
शुभमे"
Hapusa,हपुषा,hapuṣā,"https://www.medicinalplants.in/slokaimages/970/970_1.jpg
https://www.medicinalplants.in/slokaimages/970/970_2.jpg","हपुषा
कटुतिक्तोष्णा गुरुर्वातबलासजित्
प्रदरोदरविट्बन्धशूलगुल्मर्शसां हितः
T IRjn)
Hapusa is katu, tikta in rasa,
usna in virya,
guru which alleviates vata
cures pradara, vit bandha, sula, gulma and arsa.

हपुषा तुवरा तिक्ता कटूष्णा दीपनी गुरुः
ग्रहणीशूलगुल्मार्शो वातपित्तोदरापहा
I[ IKdnl
Hapusa is tikta, katu in
rasa, tuvara Buru
in virya, dipani, cures
grahani, sula , gulma, arsa, vata pittodara.
usna"
Haridra,हरिद्रा,haridrā,"https://www.medicinalplants.in/slokaimages/536/536_1.jpg
https://www.medicinalplants.in/slokaimages/536/536_2.jpg
https://www.medicinalplants.in/slokaimages/536/536_3.jpg
https://www.medicinalplants.in/slokaimages/536/536_4.jpg
https://www.medicinalplants.in/slokaimages/536/536_5.jpg
https://www.medicinalplants.in/slokaimages/536/536_6.jpg
https://www.medicinalplants.in/slokaimages/536/536_7.jpg
https://www.medicinalplants.in/slokaimages/536/536_8.jpg","हरिद्रा काञ्चनी पीत्ता निशाख्या वरवर्णिनी |
हलदी योषित्प्रिया हृद्विलासिनी
Il (Bpnl
Haridra is also called as Kancani, Pita, Nisakhya, Vara varnini, Krmighna,
Haldi, Yositpriya, Hrdvilasini.
कृमिघ्ना

हरिद्रा हरिद्रञ्जनी स्वर्णवर्णा
शिवा वर्णिनी दीर्घरागा
हरिद्री च पीता वरांगो च गौरी
जनिष्ठा वरा वर्णदात्री पवित्रा |l
हरिता रजनी नाम्नी विषघ्नी वरवर्णिनी
पिङ्गला वर्णदा चैव मङ्गल्या मङ्गला च साIl
लक्ष्मी भद्रा शिफा शोफा शोभना सुभगाह्वया
श्यामा जयान्तिका द्वे च त्रिशन्नामविलासिनी Il IRjnl
Haridra is also called as Hariararanjani, Svarna varna, Suvarna, Siva ,
Varnini, Dirgharaga, Haridri,
Varanga, Gauri, Janistha, Vara,
Varnaaatri, Pavitra, Harita, Rajani, Namni, Visaghni, Varavarnini, Pingala,
Varnada, Mangalya, Mangala, Lakshmi, Bhadra, Shipha, Sopha,
Shobhana, Subhagahvaya, Syama, Jayantika, Vilasini.
सुवर्णा
Pita,

हरिद्रा वर्णिनी गौरी पीता रोमशमूलिका
पिष्टेष्टा हरिता वैश्या काञ्चनी रजनी निशा |l
पिष्टभद्रा भद्रलता पीताङ्गी वरवर्णिनी
दीर्घरङ्गा वर्णवती पिण्डा वर्णविलासिनी Il KKdn)
Haridra, Varnini, Gauri, Pita, Romasamulika , Pistesta, Harita, Vaisya ,
Kancani, Rajani, Nisha, Pistabhadra, Bhaaralata, Pitangi Varavarnini,
Dirgharanga, Varnavati, Pinda, Varnavilasini are the synonyms of Haridra

कटुतिक्ता निशा मेहकुष्ठपित्तरकफापहम्
प्रलेपाज्जयती कण्डूं शोफं दुष्टव्रणं विषम् |l IMdnl
Nisa is katu , tikta in rasa alleviates pitta ana kapha, cures meha, kustha,
kandu, sopha, dusta vrana ana visha.

हरिद्रा कटुका तिक्ता रूक्षोष्णा कफपित्तनुत् 
वर्ण्या
त्वग्दोषमेहास्रशोफपाण्डुव्रणापहा
Il IBpn)
Haridra is katu , tikta in rasa, ruksa in guna
usna in veerya, alleviates
kapha and pitta is varnya, cures tvag dosha, meha, asra vikara, sopha,
pandu and vrana.

हरिद्रा तु रसे तिक्ता रूक्षोष्णा विषमेहनुत्
कण्डूकुष्ठव्रणान् हन्ति देहवर्णविधायिनी Il
विशोधनी कृमिहरा पीनसारुचिनाशिनी
IDhn)
Haridra is tikta in rasa, ruksa in guna,
usna in veerya is deha varna
vidhayini and visodhini cures visa, meha, kandu, kustha, vrana, krmi,
pinasa
aruci
and

हरुद्रा
कटुतिक्तोष्णा कफवातास्रकुष्ठनुत्
मेहकण्डूव्रणान् हन्ति देहवर्णविधायिनी Il IRjnl
Haridra is katu , tikta in rasa
usna in veerya alleviates kapha and vata
cures asra, kustha, meha, kandu, vrana and is deha varna vidhayani.

निशा तिक्ता कटु रूक्षा वर्ण्योष्णा कफपित्तहा
पाण्डुव्रणापचीमेहत्वग्दोषविषशोफजित्
I IKdn)
Nisa is tikta, katu in rasa, ruksa in guna, usna in veerya, alleviates kapha
and pitta is varnya cures pandu, vrana, apaci, meha, tvagaosha, visa and
sopha"
Haritaki,हरितकी,haritakī,"https://www.medicinalplants.in/slokaimages/1608/1608_1.jpg
https://www.medicinalplants.in/slokaimages/1608/1608_2.jpg
https://www.medicinalplants.in/slokaimages/1608/1608_3.jpg
https://www.medicinalplants.in/slokaimages/1608/1608_4.jpg","विन्ध्याद्रौ विजया हिमाचलभवा स्या्च्चोतकी पूतना
सिन्धौ स्यादथ रोहिणी तु विजया जाता प्रतिष्ठानके
चम्पायाममृताउभया च जनिता देशे
सुराष्ट्राह्वये
जीवन्तीति हरितकी निगदिता सप्तप्रभेदा बृधैः Il (Rjn)
Vijaya is found in Vindhya mountains, Cetaki in Himachala mountain,
Putana in Sinahi mountains, Rohini and Vijaya in the same place, Amrta
ana Abhaya in Campa desa and Jivanti in Saurastra desa.

नवा स्निग्धा घना वृत्ता गुर्वी क्षिप्ता च याम्भसी
निमज्जेत्सा सुप्रशस्ता कथिताउतिरुणप्रदा II
नवादिगुणयुक्तत्वं तथैवात्र द्विकर्षता |
हरितक्याः फले यत्र द्वयं तद् श्रेष्ठमुच्यते Il (Bpnl
That Haritaki which is nava, snigaha, ghana, vrtta, Buru and sinks in
water, is considered the best Haritaki. Nava haritaki is dvi karsa in
weight. Haritaki phala , which is 2 karsha in weight, is the best one.

कफवातप्रशमनी भेदिनी दीपनी लघुः
अर्शोगुल्माहिता रुच्या जठरघ्नी हरीतकी Il IMdn)
It is kapha vata hara, laghu in guna, bhedani, dipani, rucya, jathara agni
karaka and cures
arsa,
Bulma.

विजया सर्वरेगेषु रोहिणी व्रणरोपणी
प्रलेपे पूतना योज्या
शोधनीर्थेडमृता हिता
अक्षिरोगडभया शस्ता जीवन्ती सर्वरोगहृत्
चेतकी शस्ता
यथायुक्तं प्रयोजयेत्
चेतकी परमा शस्ता हिता
सुखविरेचिनी |
सप्तनामानि जातिनां प्रधानं विजया स्मृता |l
सुखप्रयोगा सुलभा सर्वरोगेषु शस्यते
IRjnl
Vijaya is used in sarva roga, Rohini in vrana ropana, Putana in pralepa,
Amrta for sodhana karma, Abhaya for aksi roga, Jivanti for sarva roga
ana Cetaki as churna. These are used according y Cetaki is the best as it
is sukha virecani.
Of the seven varieties Vijaya is given the first place because it is sukha in
prayoga, sulabha,
sarva roga hara.
चूर्णार्थे"
Hijjala,हिज्जल,hijjala,"https://www.medicinalplants.in/slokaimages/214/214_1.jpg
https://www.medicinalplants.in/slokaimages/214/214_2.jpg
https://www.medicinalplants.in/slokaimages/214/214_3.jpg
https://www.medicinalplants.in/slokaimages/214/214_4.jpg","फलं समुद्रस्य
कटूष्णकरि वातापहं भूतनिरोधकारि |
त्रिदोषदावानल दोषहारि कफामयभ्रांति विरोधकारि||
हिज्जलः कटुरुष्णश्च
पवित्रोभूतनाशनः 
वातामयहरोनानाग्रहसंचार दोषजित्|| IRjnl
Samudra phala is katu in rasa
usna in veerya, alleviates vata,
bhutanirodhakari, tridosha hara, kaphamaya-bhranti virodhakari.
Hijjala is katu in
rasa, usna in
veerya, alleviates
vata, is pavitra, bhuta
nasana and nanagrahasancara dosha jit.

निचुलानि च| पक्वाशयगते दोषे विरेकार्थं प्रयोजयेत् | च.सू २
It is used to produce virecana in pakvashaya
dosha
gata

हिज्जलः कफवातघ्नो रेचनो वामकस्था | | (सुश्रुत सू॰३९)
Hijjala alleviates kapha and vata is recaka and vamaka

जलवेतसवद्धेद्यो हिज्जलोडयं
 (Bpn)
Its properties are similar to that of Jalavetasa. It is specifically used as
visanasaka.
विषापुहः"
Himsra,हिंस्रा,hiṃsrā,https://www.medicinalplants.in/slokaimages/322/322_1.jpg,"कन्थारी
कटुतिक्तोष्णा कफवातनिकृन्तनी
शोफघ्नी दीपनी सच्या रक्तग्रन्थिरुजापहा
(रा० नि॰)
Himsra is katu, tikta in rasa, usna in veerya, alleviates kapha, vata, dipani in
karma, cures sopha, rakta granthi and ruja"
Hingu,हिङ्गु,hiṅgu,"https://www.medicinalplants.in/slokaimages/727/727_1.jpg
https://www.medicinalplants.in/slokaimages/727/727_2.jpg
https://www.medicinalplants.in/slokaimages/727/727_3.jpg
https://www.medicinalplants.in/slokaimages/727/727_4.jpg
https://www.medicinalplants.in/slokaimages/727/727_5.jpg
https://www.medicinalplants.in/slokaimages/727/727_6.jpg
https://www.medicinalplants.in/slokaimages/727/727_7.jpg
https://www.medicinalplants.in/slokaimages/727/727_8.jpg","हिङ्ग्वत्युग्ररसं स्यादत्युग्रं रामठं च शतवेधि
बाह्लीकं
रक्षोघ्नं सूपधूपनं जरणम् |l
उग्रं जतुरसं बस्तसिंहिकं बाह्लीकोद्भवम्
निगूढगन्धं सूपेष्टं निर्यासश्रेष्ठमित्यपि Il Aa mal
Hingu is called as Atyugra, Ugra, Ramatha, Satavedhi, Bahlika, Jantughna,
Raksoghna,
Supadhupana,
Jarana
Jaturasa,
Bastisimhika ,
Bahlika ,
Nigudagandha, Supesta, Niryas sresta.
जन्तुघ्नं

हिङ्गूग्रगन्धं भूतरिर्बाह्लीकं जन्तुनाशाम्
शूलगुल्मादिरक्षोघ्नमुग्रवीर्यं च रामठम्
अगूढगन्धं
भेदनं सूपधूपनम्
दीप्तं सहस्रवेधीति ज्ञेयं पञचदशाभिधम् Il (Rjnl
Hingu
also   calied
a५
Ugraganaha,
Bhutihi,
Bahlika ,   Jantunasana,
Sulagulmadi raksoghnam, Ugravirya, Ramatha, Agudhagandha, Jarana,
Bhedana, Supadhupana, Dipta, Sahasraveahi.
जरणं

हिङ्गुष्णं पाचनं रुच्यं तीक्ष्णं वातवलासहृत्
शूलगुल्मोदरानाहकृमिघ्नं पित्तवर्धनम् |l
स्त्रीपुष्पजननं बल्यं मूर्च्छापस्मारहृत् परम्
(Bpn)
Hingu is rucya, tiksna in guna, usna in veerya, alleviates vata, increases
pitta, is pacana, balya, cures sula, gulma, uaara, anaha, krmi, murccha,
apsmara ana stri puspa janana

लघष्णं पाचनं
दीपनं कफवातजित
कटुेस्निग्धं सरं तीक्ष्णं शूलाजीर्णविबन्धनुत् Il Isus l
Hingu is katu in rasa, laghu, tiksna, snigdha,
sara in guna, usna in veerya,
alleviates kapha and vata, is dipana, cures sula, ajirna
vibandha.
हिङ्गु
and

हिङ्गूष्णं कटुकं हृद्यं सरं वातकफो कृमीन् [
हन्ति गुल्मोदराध्मानबन्धशूलहृदामयान् |l (Dhn)
Hingu is katu in rasa, usna in veerya
sara in guna, alleviates vata ana
kapha, is hrdya, cures krmi, gulma, udara, adhmana, vibanaha, sula and
hrdaya amaya

हृद्य
कटुष्णं च कृमिवातकफापहम्
विबन्धाध्मानशूलघ्नं चक्षुष्यं गुल्मनाशनम् ID
IRjn)
Hingu is katu in rasa, usna in veeryza, alleviates vata and kapha is hrdya,
caksushya, cures krmi, vibandha, adhmana, sula and gulma
हिङ्गु

बाह्लीकं पित्तलं चोष्णं हृद्यं तिक्तं परं कटु
रुचिकरं पाचकं चाग्निदीपकम् Il
स्निग्धं मलस्तम्भकरं श्वासकासकफापहम्
आनाहाध्मानगुल्मघ्नं शूलहृद्रोगनाशनम्
वातञ्चाजीर्णंकं जन्तूनुदरं चैव नाशयेत् Il INirl
Bahlika is tikta , katu in rasa, tiksna, laghu, snigaha in guna, usna in
veerya, increases pitta, is hrdya, rucikara, pacaka, agni dipaka,
malastambhakara, cures svasa, kasa, anaha, adhmana, gulma, sula,
hrdroga , ajirna, jantu and udara
लघुतीक्ष्णं

हृद्य
कटुष्णञ्च कृमिवातकफापहम्
विबन्धाउउनाहशूलघ्नं चक्षुष्यं गुल्मनाशनम् Il (cs)
Hingu is katu in rasa, usna in veerya, alleviates kapha, is hrdya,
caksushya, cures krmi, vata, vibandha, adhmana, anaha, sula ana
हिङ्गु 
Bulma"
Hingu - prajati,हिङ्गु प्रजाति,hiṅgu prajāti,"https://www.medicinalplants.in/slokaimages/727/727_1.jpg
https://www.medicinalplants.in/slokaimages/727/727_2.jpg
https://www.medicinalplants.in/slokaimages/727/727_3.jpg
https://www.medicinalplants.in/slokaimages/727/727_4.jpg
https://www.medicinalplants.in/slokaimages/727/727_5.jpg
https://www.medicinalplants.in/slokaimages/727/727_6.jpg
https://www.medicinalplants.in/slokaimages/727/727_7.jpg
https://www.medicinalplants.in/slokaimages/727/727_8.jpg","हिङ्ग्वत्युग्ररसं स्यादत्युग्रं रामठं च शतवेधि
बाह्लीकं
रक्षोघ्नं सूपधूपनं जरणम् |l
उग्रं जतुरसं बस्तसिंहिकं बाह्लीकोद्भवम्
निगूढगन्धं सूपेष्टं निर्यासश्रेष्ठमित्यपि Il Aa mal
Hingu is called as Atyugra, Ugra, Ramatha, Satavedhi, Bahlika, Jantughna,
Raksoghna,
Supadhupana,
Jarana
Jaturasa,
Bastisimhika ,
Bahlika ,
Nigudagandha, Supesta, Niryas sresta.
जन्तुघ्नं

हिङ्गूग्रगन्धं भूतरिर्बाह्लीकं जन्तुनाशाम्
शूलगुल्मादिरक्षोघ्नमुग्रवीर्यं च रामठम्
अगूढगन्धं
भेदनं सूपधूपनम्
दीप्तं सहस्रवेधीति ज्ञेयं पञचदशाभिधम् Il (Rjnl
Hingu
also   calied
a५
Ugraganaha,
Bhutihi,
Bahlika ,   Jantunasana,
Sulagulmadi raksoghnam, Ugravirya, Ramatha, Agudhagandha, Jarana,
Bhedana, Supadhupana, Dipta, Sahasraveahi.
जरणं

हिङ्गुष्णं पाचनं रुच्यं तीक्ष्णं वातवलासहृत्
शूलगुल्मोदरानाहकृमिघ्नं पित्तवर्धनम् |l
स्त्रीपुष्पजननं बल्यं मूर्च्छापस्मारहृत् परम्
(Bpn)
Hingu is rucya, tiksna in guna, usna in veerya, alleviates vata, increases
pitta, is pacana, balya, cures sula, gulma, uaara, anaha, krmi, murccha,
apsmara ana stri puspa janana

लघष्णं पाचनं
दीपनं कफवातजित
कटुेस्निग्धं सरं तीक्ष्णं शूलाजीर्णविबन्धनुत् Il Isus l
Hingu is katu in rasa, laghu, tiksna, snigdha,
sara in guna, usna in veerya,
alleviates kapha and vata, is dipana, cures sula, ajirna
vibandha.
हिङ्गु
and

हिङ्गूष्णं कटुकं हृद्यं सरं वातकफो कृमीन् [
हन्ति गुल्मोदराध्मानबन्धशूलहृदामयान् |l (Dhn)
Hingu is katu in rasa, usna in veerya
sara in guna, alleviates vata ana
kapha, is hrdya, cures krmi, gulma, udara, adhmana, vibanaha, sula and
hrdaya amaya

हृद्य
कटुष्णं च कृमिवातकफापहम्
विबन्धाध्मानशूलघ्नं चक्षुष्यं गुल्मनाशनम् ID
IRjn)
Hingu is katu in rasa, usna in veeryza, alleviates vata and kapha is hrdya,
caksushya, cures krmi, vibandha, adhmana, sula and gulma
हिङ्गु

बाह्लीकं पित्तलं चोष्णं हृद्यं तिक्तं परं कटु
रुचिकरं पाचकं चाग्निदीपकम् Il
स्निग्धं मलस्तम्भकरं श्वासकासकफापहम्
आनाहाध्मानगुल्मघ्नं शूलहृद्रोगनाशनम्
वातञ्चाजीर्णंकं जन्तूनुदरं चैव नाशयेत् Il INirl
Bahlika is tikta , katu in rasa, tiksna, laghu, snigaha in guna, usna in
veerya, increases pitta, is hrdya, rucikara, pacaka, agni dipaka,
malastambhakara, cures svasa, kasa, anaha, adhmana, gulma, sula,
hrdroga , ajirna, jantu and udara
लघुतीक्ष्णं

हृद्य
कटुष्णञ्च कृमिवातकफापहम्
विबन्धाउउनाहशूलघ्नं चक्षुष्यं गुल्मनाशनम् Il (cs)
Hingu is katu in rasa, usna in veerya, alleviates kapha, is hrdya,
caksushya, cures krmi, vata, vibandha, adhmana, anaha, sula ana
हिङ्गु 
Bulma"
Iksvaku,इक्षुवाकु,ikṣuvāku,"https://www.medicinalplants.in/slokaimages/521/521_1.jpg
https://www.medicinalplants.in/slokaimages/521/521_2.jpg
https://www.medicinalplants.in/slokaimages/521/521_3.jpg","कासश्वासच्छर्दिहरा विषर्ति कफकर्षिते|
इक्ष्चाकुः वमसे शस्ता.
१l IDhn)
Iksvaku is used in kasa, svasa, chardi, visa, kapha karsita and is
an
effective semenogogue.

वान्तिकृच्छ्वासकासजित् |
कासघ्नी शोधनी शोफव्रणशूलविषापहा | | Rjnl
Katutumbi is katu in rasa, tiksna in guna, vanti karaka, sodhani,
cures
svasa, kasa, sopha, vrana, sula ana visha
कटुतुम्बी
कटुस्तीक्ष्णा

हिमा हृद्या पित्तकासविषापहा
तिक्ता
च
वातपित्तज्वरान्तकृत्
T IBpn)
Katutumbi is tikta in rasa, hima in veerya, katu in paka, alleviates pitta, is
hrdya, cures kasa, visha ana jvara due to vata and pitta
कटुतुम्बी
कटुर्विपाके"
Indravaruni,इन्द्रवारुणी,indravāruṇī,"https://www.medicinalplants.in/slokaimages/414/414_1.jpg
https://www.medicinalplants.in/slokaimages/414/414_2.jpg
https://www.medicinalplants.in/slokaimages/414/414_3.jpg","इन्द्रवारुणिकाडत्युष्णा रेचनी कटुका तथा |
कृमिश्लेष्मव्रणान् हन्ति सर्वोदराण्यपि| |
इन्द्रवारुद्वयं तिक्तं कटु पाके
विर्योष्णं कामलापित्तकफश्लीपदनाशनम
I KDhni
Indravarunika is katuka
atyusna, recani, and cures krmi, slesma vrana and
sarodara
Indravaru dvaya is tikta and katu in rasa laghu in guna
usna in veerya, katu in
paka, alleviates pitta and kapha, cures kamala and slipada
रसे लघु |

इन्द्रवारुणिका तिक्ता कटुः शीता च रेचनी |
गुल्मपित्तोदरश्लेष्मककृमिकुष्ठज्वरापहा
महेन्द्रवारुणी ज्ञेया पूर्वोक्तगुणभागिनी |
रसे वीर्यो विपाके च किंचिदेषा गुणाधिका|| (jn)
Indravarunika is tikta, katu in rasa, sita in veerya is recani,
cures
gulma,
pittodara
slesma, krmi, kustha and jvara.
Mahendra
varuni
similar
properties to the
above.
more
potent with
respect to rasa, virya and vipaka

गवाद्रनीद्वयं तिक्तं पाके कटु सरं लघु [
वीर्योष्णं कामलापित्तकफप्लीहोदरापहम्
कासश्वासापहं कुष्ठगुल्मग्रन्थिव्रणप्रणुत्
प्रमेहमूढगर्भामगंडामयविषापहम् [
T (Bpn)
Gavadranidvayam is tikta in rasa
sara,laghu in guna
usna in virya katu in paka,
alleviates pitta and kapha,cures pliha, udara,prameha, muda garbha, gandamaya
and visha"
Ingudi,इङ्गुदी,iṅgudī,"https://www.medicinalplants.in/slokaimages/196/196_1.jpg
https://www.medicinalplants.in/slokaimages/196/196_2.jpg
https://www.medicinalplants.in/slokaimages/196/196_3.jpg
https://www.medicinalplants.in/slokaimages/196/196_4.jpg
https://www.medicinalplants.in/slokaimages/196/196_5.jpg","इंगुदः कुष्ठभूतादिग्रहव्रणविषकृमीन्|
इत्युष्णः श्वित्रशूलघ्नः तिक्तकः कटुपाकवान् I (Bpnl
Ingudi
is tikta in
rasa
usna
in veerya, katu in paka
cures
kustha,
bhutadigraha,
vrana krmi svitra and sula.

इंगुदी कफरक्तामग्रंथिघ्नी स्याद् व्रण हिता|
ऐंगुदं स्वादु तिक्तं च स्निग्धोष्णं श्लेष्मवातजित् Il KSodala)
Ingudi is svadu, tikta in rasa, snigdha in guna, usna in veerya, alleviates
kapha and vata, cures kapha rakta ama granthi and vrana

इंगुद्याः फलमज्जको जलयुतो लेपो सुखे कांतिदो II
IVaidyajeevanam 
Phalamajja of ingudi along with jala used as a lepana is kantida

इंगुदी मदगंधा स्यात् कटूष्णा फेनिला लघुः
रसायनी हन्ति जंतुवातामयकफव्रणान्
IRjn)
Ingudi is katu in rasa, laghu in guna,
usna in veerya, alleviates kapha ana
vata, is madagandha, phenila, rasayani, cures jantu, and vrana.

ऐंगुदं तिक्तमधुरं स्निग्धोष्णं कफवातजित्|| (चःसू २७ २४०)
Einguaa is
madhura
rasa, snighda in
guna,
usna in veerya,
alleviates kapha and vata
tikta,"
Isvari,इश्वरी,iśvarī,https://www.medicinalplants.in/slokaimages/161/161_1.jpg,"ईश्वरी नागदमनी नहायोगेश्वरी तथा||
योगेश्वरी नागपुष्पी लूतागर्दभघातिनी|
नागदन्ती नागपत्री रास्ना सर्वग्रहापहा| |
महायोगेश्वरी तिक्ता कटुका हरते व्रणान्|
रक्षोग्रहं विषं सर्पं लूतागर्दभजालकान्
[KYNJ
Isvari, nagadamani, mahayogeshwari, yogeshwari, nagapuspi,
lutagardabhadhatini, nagadanti, nagapatri, rasna and sarvagrahapaha are
the synonyms of isvari.
It is tikta and katu in rasa and alleviates vrana, 8raha, visaja roga and
garaabhajalaka. IKYNJ"
Jambu,जम्बू,jambū,"https://www.medicinalplants.in/slokaimages/1565/1565_1.jpg
https://www.medicinalplants.in/slokaimages/1565/1565_2.jpg
https://www.medicinalplants.in/slokaimages/1565/1565_3.jpg
https://www.medicinalplants.in/slokaimages/1565/1565_4.jpg
https://www.medicinalplants.in/slokaimages/1565/1565_5.jpg","जाम्बवं कफपित्तघ्नं ग्राहि वातकरं परम् |l च.सू २७ २३४
Jambu is grahi, alleviates kapha, pitta and increases vata

अत्यर्थ वातलं ग्राहि जाम्बवं कफपित्तजित् | (सुश्रुत सू ४६ २६५)
It is
grahi, highly increases vata ana alleviates kapha and pitta

जाम्बवं वातलं ग्राहि स्वाद्वम्लं कफवातजित्
हृत्कण्ठघर्षणं चान्यत् कषायं क्षुद्रजाम्बवम् Il KDhnl
Jambava is svadu, amla in rasa, grahi in guna, increases vata, kapha vata
jit and hrt kantha gharshana.
The other variety of jambu is ksuara jambu which is kasaya in rasa

जम्बूः संग्राहिणी रूक्षा कफपित्तास्रदाहजित्|
राजजम्बूफलं स्वादु विष्टम्भि गुरु रोचनम्|| (Bpnl
Jambu is ruksa, sangrahi in guna, alleviates kapha and pitta, cures asra
aaha.
Raja jambu phala is svadu in rasa, guru in guna vistambhi and rocana
and

तन्मज्जा
ग्राही विशेषान्मधुमेहहा Il INirl
Its majja is tuvara, grahi, and specifically used to cure madhu meha.
तुवरो"
Jati,जाती,jātī,"https://www.medicinalplants.in/slokaimages/99/99_1.jpg
https://www.medicinalplants.in/slokaimages/99/99_2.jpg
https://www.medicinalplants.in/slokaimages/99/99_3.jpg","जातियुगं (जातिः स्वर्णजातिश्च) तिक्तमुष्णं तुवरं लघु दोषजित्
शिरोडक्षिमुखदन्तार्तिविषकुष्ठानिलास्रजित् Il (Bpn)
Jati yuga (ati and
svarna jati)
are tikta, tuvara in
rasa
laghu in guna,
usna in veerya, alleviates doshas,
cures
visa, kustha and pain in siras aksi,
mukha and danta

चमेली तुवरा तिक्ता व्रणकुष्ठविषास्रजित्
शिरोषक्षिमूखदन्तार्तिहरा त्वग्दोषनाशिनी
(Nir)
Cameli
is
tuvara,
tikta
in
rasa
CUreS
vrana,
kustha,
asr8
vikara,
siro-
aksi-
mukha-
danta roga
and
tvag
dosha

चक्षुष्य
तस्यास्तत्पुष्पं कफपित्तजित्
मधोज्ञं च सर्वश्रेष्ठतमं मतम्I| (Dhn)
Jati is caksushya; Its puspa alleviates kapha and pitta,
is
sasugandhi, manojna and sarvasresta tama.
मुकुलं
ससुर्जाीधे"
Jatiphala,जातीफल,jātīphala,"https://www.medicinalplants.in/slokaimages/1151/1151_1.jpg
https://www.medicinalplants.in/slokaimages/1151/1151_2.jpg
https://www.medicinalplants.in/slokaimages/1151/1151_3.jpg","जातिफलं रसे तिक्तं तीक्ष्णोष्णं रोचनं लघु|
कटुकं दीपनं ग्राहि स्वर्यं श्लेष्मानिलापहम्| |
निहन्ति मुखवैरस्य मलदुर्गंधकृष्णताम् [
कृमिकासवमिश्वास शोषपीनसहृद्रुजः| |
जातिपत्री लघुः स्वादुः कटूष्णाडरुचिवह्निकृत् [
कफकासवमिश्वास तृष्णा कृमि विषापहा
T IBpn)
Jati phala is tikta, katuka in rasa, tiksna, laghu in guna, usna in veerya,
rocana, dipana, grahi, svarya, alleviates slesma, anila, cures mukha
vairasya, mala durgandhya, krsnata, krmi, kasa, vami
svasa, sosa , pinasa
hrdruja.
Jati patra is svadu , katu in rasa, laghu in guna, usna in veerya, aruci-vahni
karaka, cures kapha, kasa, vami, svasa, trsna, krmi and visha.

जातिफलं कषायोष्णं कटु कण्ठामयर्तिहृत्|
वाततीसरमेहघ्नं वृष्यं दीपनदं लघुI |
जातिपत्री कटुस्तिक्ता
कफनाशिनी |
वक्त्रवैशधजननी जाड्यदोषनिकृन्तनी| | (Rjnl
Jati phala is kashaya, katu in rasa, laghu in guna
usna in veerya, vrshya,
dipana, alleviates kanthamaya, arti, vatatisara, meha.
Jati patri is katu, tikta in rasa, surabhi, kapha nasani, vaktra vaishadhya
janani, jadya dosha nikrntani.
सुरभिः

तैल जातिपलोद्भूतं समुत्तेजनमग्निदम्  
जीर्णातिसार शमनमाध्मानाक्षेप शूलनुत्||
आमवातहरं बल्यं दन्तवेष्टव्रणार्त्तिनुत्
१| (आत्रेयसंहिता)
Its taila promotes uttejana lenthusiasml, balya, increases agni,
cures
jirnatisara, adhmana, aksepa, sula , ama vata, danta vesta, vranarti."
Jhandu,झण्डु,jhaṇḍu,"https://www.medicinalplants.in/slokaimages/1582/1582_1.jpg
https://www.medicinalplants.in/slokaimages/1582/1582_2.jpg","झण्डुःस्यात्स्थूलपुष्पातुझण्डूकोझण्डुस्तथा
Jhanau, sthula puspa, jnanduka, are its synonyms

झण्डुःकटुःकषायःस्याज्ज्वरभूतग्रहापहा
IRjnl
Jhanau is katu, kashaya in rasa , cures jvara, bhuta and graha"
Jiraka,जीरक,jīraka,"https://www.medicinalplants.in/slokaimages/531/531_1.jpg
https://www.medicinalplants.in/slokaimages/531/531_2.jpg
https://www.medicinalplants.in/slokaimages/531/531_3.jpg
https://www.medicinalplants.in/slokaimages/531/531_4.jpg
https://www.medicinalplants.in/slokaimages/531/531_5.jpg
https://www.medicinalplants.in/slokaimages/531/531_6.jpg
https://www.medicinalplants.in/slokaimages/531/531_7.jpg
https://www.medicinalplants.in/slokaimages/531/531_8.jpg","जीरको जरणो जीरो जार्णो दीप्यश्च दीपकः
अजाजिको वह्निशङ्खो मागधश्च नवाह्वयः Il
गौरादिजीरकस्तवत्वन्योउजाजी स्यात श्वेतजीरकः
कणाह्वा
कणजीर्णा च कणा दीप्यः सितादिकः |I
ज्ञेया दीर्घकणा चैव सिताजाजी गशाह्वया
IRjn)
Synonyms of jiraka are jarana, jira, jirna, dipya, dipaka, ajajika,
vahnisankha, magaaha and navahvaya.
Synonyms of gauradi jiraka are sveta jiraka, kanahva, kanajirna, kana,
dipya, sitadika, dirghakarna and sitajaji.

दीपनं पाचनं हृद्यं सुगन्धयुद्गारशोधनम्
अरोचकातिसारघ्नं श्लेष्मघ्नं जीरकं कटुः |l MMdnl
Jiraka is katu in rasa, dipana, pacana, hrdya,
sugandhi, udgara sodhana,
alleviates kapha, cures arocaka and atisara

जीरक (त्रितयं रूक्षं कटुष्णं दीपनं लघु
संग्राहि पित्तलं मेध्यं
गर्भाशयविशुद्धिकृत्
ज्चरघ्नं पाचनं वृष्यं बल्यं रुच्यं कफापहम्
चक्षुष्यं पवनाध्मानगुल्मच्छर्द्यतिसारहृत् |l (Bpnl
All the three varieties of jiraka are katu in rasa, usna in veerya, ruksa,
laghu, sangrahi in guna, dipana, pacana, vrsya, balya, medhya, rucya,
caksushya, pavana, alleviates kapha, increases pitta, is garbhashaya
visuadhi kara, cures jvara, adhmana, gulma, chardi and atisara

जीरकं कटुकं रूक्षं वात्तहृद्दीपनं परम् |
गुल्माध्मानातिसारघ्नं ग्रहणीकृमिहृत्परम्
ठ|
गौराजाजी हिमा रुच्या
कटुर्मधुरदीपनी [
विषहन्त्री च
चक्षुष्याध्माननाशिनी
I IDhn)
Jiraka is katu in rasa, ruksa in हuna, dipana para, alleviates vata, cures
guma, adhmana, atisara, grahani ana krmi.
Gaura ajaji is katu, madhura in rasa, hima in veerya, rucya, krmighna,
visha hara, caksushya, cures adhmana.
कृमिघ्ना

जीरकं कटुरुष्णं च वातहृत् दीपनः परः
गुल्माध्मानातिसारघ्नी ग्रहणीकृमिहृत्परः ||
गौराजाजी हिमा रुच्या
कटुर्मधुरदीपनी
विषहन्त्री च चक्षुष्याउउध्माननाशिनी
IRjn)
Jiraka is katu in rasa, usna in veerya, alleviates vata, is dipana para, cures
guma, adhmana, atisara, grahani and krmi.
Gaura jiraka is katu and madhura in rasa, hima in veerya, rucya, dipani,
krmighni, visha haraka, caksushya,
cures
adhmana
कृमिघ्नी
and

कटुग्राहि पाचनं दीपनं लघु |
किञ्चिदुष्णं च मधुरं चक्षुष्यं रुचिकृन्मतम् Il
Subhrajira is katu, madhura in rasa, laghu in guna, kincit usna, grahi,
pacana, dipana ana ruci karaka
शुभ्रजीरं

गर्भशयशुद्धिकरं रूक्षं बल्यं सुगन्धिकम् |
तिक्तं वमिक्षयाध्मानं वातं
विषं ज्चरम |
अरोचकं रक्तदोषं अतिसारं
कृमींस्तथा
पित्तं च गुल्मरोगं च नाशयेदिति कीर्त्ितम् Il INir)
Garbhashaya suddhikaraka, Ruksa in Property , Balya, Suganahika, Tikta
in Rasa, Vami Ksaya Adhmana- Vata Kustha- Visa-Jvara Arocaka-
Raktadosha Atisara Krmi Pittam Gulma roga Nasayati.
कुष्ठं

जीरकं कटुतिक्तोष्णं रूक्षं पाकोषणं लघु
रुच्यं संग्राहि चक्षुष्यं गर्भाशविशोधनम्
पित्तलं दीपनं मेध्यं हृद्यं वात्तकफापहम
पाचनं छर्द्दिगुल्माध्मानातिसारजित् |l IKdn)
Jiraka is Katu, Tikta in Rasa, Usna in Potency , Ruksa in Property, Usna in
Paka , Laghu in Property, Rucya, Sangrahi, Caksushya, Garbhashaya
visodhana, Pittala, Dipana, Medhya, Hrdya, Vata Kapha hara, Sugandhi,
Pacana, Chardi Gulma Adhmana Atisara hara
सुगन्धि"
Jiraka - sveta,जीरक श्वेत,jīraka śveta,"https://www.medicinalplants.in/slokaimages/531/531_1.jpg
https://www.medicinalplants.in/slokaimages/531/531_2.jpg
https://www.medicinalplants.in/slokaimages/531/531_3.jpg
https://www.medicinalplants.in/slokaimages/531/531_4.jpg
https://www.medicinalplants.in/slokaimages/531/531_5.jpg
https://www.medicinalplants.in/slokaimages/531/531_6.jpg
https://www.medicinalplants.in/slokaimages/531/531_7.jpg
https://www.medicinalplants.in/slokaimages/531/531_8.jpg","जीरको जरणो जीरो जार्णो दीप्यश्च दीपकः
अजाजिको वह्निशङ्खो मागधश्च नवाह्वयः Il
गौरादिजीरकस्तवत्वन्योउजाजी स्यात श्वेतजीरकः
कणाह्वा
कणजीर्णा च कणा दीप्यः सितादिकः |I
ज्ञेया दीर्घकणा चैव सिताजाजी गशाह्वया
IRjn)
Synonyms of jiraka are jarana, jira, jirna, dipya, dipaka, ajajika,
vahnisankha, magaaha and navahvaya.
Synonyms of gauradi jiraka are sveta jiraka, kanahva, kanajirna, kana,
dipya, sitadika, dirghakarna and sitajaji.

दीपनं पाचनं हृद्यं सुगन्धयुद्गारशोधनम्
अरोचकातिसारघ्नं श्लेष्मघ्नं जीरकं कटुः |l MMdnl
Jiraka is katu in rasa, dipana, pacana, hrdya,
sugandhi, udgara sodhana,
alleviates kapha, cures arocaka and atisara

जीरक (त्रितयं रूक्षं कटुष्णं दीपनं लघु
संग्राहि पित्तलं मेध्यं
गर्भाशयविशुद्धिकृत्
ज्चरघ्नं पाचनं वृष्यं बल्यं रुच्यं कफापहम्
चक्षुष्यं पवनाध्मानगुल्मच्छर्द्यतिसारहृत् |l (Bpnl
All the three varieties of jiraka are katu in rasa, usna in veerya, ruksa,
laghu, sangrahi in guna, dipana, pacana, vrsya, balya, medhya, rucya,
caksushya, pavana, alleviates kapha, increases pitta, is garbhashaya
visuadhi kara, cures jvara, adhmana, gulma, chardi and atisara

जीरकं कटुकं रूक्षं वात्तहृद्दीपनं परम् |
गुल्माध्मानातिसारघ्नं ग्रहणीकृमिहृत्परम्
ठ|
गौराजाजी हिमा रुच्या
कटुर्मधुरदीपनी [
विषहन्त्री च
चक्षुष्याध्माननाशिनी
I IDhn)
Jiraka is katu in rasa, ruksa in हuna, dipana para, alleviates vata, cures
guma, adhmana, atisara, grahani ana krmi.
Gaura ajaji is katu, madhura in rasa, hima in veerya, rucya, krmighna,
visha hara, caksushya, cures adhmana.
कृमिघ्ना

जीरकं कटुरुष्णं च वातहृत् दीपनः परः
गुल्माध्मानातिसारघ्नी ग्रहणीकृमिहृत्परः ||
गौराजाजी हिमा रुच्या
कटुर्मधुरदीपनी
विषहन्त्री च चक्षुष्याउउध्माननाशिनी
IRjn)
Jiraka is katu in rasa, usna in veerya, alleviates vata, is dipana para, cures
guma, adhmana, atisara, grahani and krmi.
Gaura jiraka is katu and madhura in rasa, hima in veerya, rucya, dipani,
krmighni, visha haraka, caksushya,
cures
adhmana
कृमिघ्नी
and

कटुग्राहि पाचनं दीपनं लघु |
किञ्चिदुष्णं च मधुरं चक्षुष्यं रुचिकृन्मतम् Il
Subhrajira is katu, madhura in rasa, laghu in guna, kincit usna, grahi,
pacana, dipana ana ruci karaka
शुभ्रजीरं

गर्भशयशुद्धिकरं रूक्षं बल्यं सुगन्धिकम् |
तिक्तं वमिक्षयाध्मानं वातं
विषं ज्चरम |
अरोचकं रक्तदोषं अतिसारं
कृमींस्तथा
पित्तं च गुल्मरोगं च नाशयेदिति कीर्त्ितम् Il INir)
Garbhashaya suddhikaraka, Ruksa in Property , Balya, Suganahika, Tikta
in Rasa, Vami Ksaya Adhmana- Vata Kustha- Visa-Jvara Arocaka-
Raktadosha Atisara Krmi Pittam Gulma roga Nasayati.
कुष्ठं

जीरकं कटुतिक्तोष्णं रूक्षं पाकोषणं लघु
रुच्यं संग्राहि चक्षुष्यं गर्भाशविशोधनम्
पित्तलं दीपनं मेध्यं हृद्यं वात्तकफापहम
पाचनं छर्द्दिगुल्माध्मानातिसारजित् |l IKdn)
Jiraka is Katu, Tikta in Rasa, Usna in Potency , Ruksa in Property, Usna in
Paka , Laghu in Property, Rucya, Sangrahi, Caksushya, Garbhashaya
visodhana, Pittala, Dipana, Medhya, Hrdya, Vata Kapha hara, Sugandhi,
Pacana, Chardi Gulma Adhmana Atisara hara
सुगन्धि"
Jivanti,जीवन्ती,jīvantī,"https://www.medicinalplants.in/slokaimages/878/878_1.jpg
https://www.medicinalplants.in/slokaimages/878/878_2.jpg
https://www.medicinalplants.in/slokaimages/878/878_3.jpg
https://www.medicinalplants.in/slokaimages/878/878_4.jpg
https://www.medicinalplants.in/slokaimages/878/878_5.jpg
https://www.medicinalplants.in/slokaimages/878/878_6.jpg
https://www.medicinalplants.in/slokaimages/878/878_7.jpg
https://www.medicinalplants.in/slokaimages/878/878_8.jpg","चक्षुष्या सर्वदोषघ्नी जीवन्ती मधुरा हिमा
IC.S., Su.S, A.Hr. )
Jivanti is madhura in rasa, hima in veerya, caksushya ana alleviates all
the three doshas

जीवन्ती मधुरा शीता
ग्राहिणी लघुः
चक्षुष्या सर्वदोषघ्नी बल्या५५युष्या रसायनी Il
जीवन्तीफलमत्यर्थमधुरं बृंहणं गुरु
IKdn )
Jivanti is Madhura in Rasa , Sita in Potency , Susnigdha in Property,
Grahini, Laghu in Property, Caksushya, Sarvadoshaghnai, Balya, Ayushya
Rasayani. Jivanti phala is Atyartha Madhura, Brmhana and Guru.
सुस्निग्धां

जीवन्त्यन्या
पुत्रभदा प्रियङ्करी
मधुरा जीवपुष्ठा च बृहज्जीवा यशस्करी II
एवमव
रसवीर्यबलान्विता
भूतविद्रावणी ज्ञेया वेगाद्रसनियामिका Il IRjnl
Another variety of Jivanti is namead as Brhat jivanti, Putrabhaara,
Priyangkari, Madhura, Jivaprstha, Brhatjiva, Yasaskari
Brhat jivanti is more potent than the other variety in Rasa,Virya ana
Bala. It is Bhuta vidravana and in Vega it is Rasa niyamana karaka
बृहत्पूर्वा
बृहत्पूर्वा

जीवन्ती बहुधा ख्याता प्रथमा शाकपुष्पिका
द्वितीया खरखोटोति,
शृङ्गरोटिका
तिक्तजीवन्ती, पञ्चमी चार्कपुष्पिका
बृहज्जीवन्तिका षष्ठी सर्वा तूलफला च सा Il
जीवन्यां जीवनी जीवा प्राणदा जीववर्धनी
मङ्गलयनामधेया य शाकश्रेष्ठा यशस्करी Il INi.sl
Jivanti is of many varieties First one is called Sakapuspika
second is
Kharakhota, Third is Srungarotika, fourth is Tikta jivanti, fifth is Arka
puspika, sixth is Brhat jivantika, where all are similar to Tula phala.
Jivanti is also called as Jivanya, Jivani, Jiva, Pranada, Jivavardhani,
Mangalya , Namadheya, Sakasrestha, Yasaskari.
तृतीया
चतुर्थी 

जीवन्ती स्याज्जीवनी जीवनीया
जीवा जीव्या जीवदा जीवदात्री |
शाकज्यष्ठा
जीवभद्रा च भद्रा
मङ्गल्या च
यशस्या |
जीवपृष्ठा
च काञ्चिका शशिम्बिका
सुपिङ्गलेति जीवन्ती ज्ञेया चाष्टादशाभिधा Il IRjnl
Jivanti is otherwise called as Jivani, Jivaniya, Jiva, Jivya, Jivaaa, Jivadatri,
Sakajyestha, Jivabhadra, Bhadra, Mangalya, Ksudrajiva, Yasasya ,
Srungadi , Jivaprstha, Kancika, Sasasimbika , Supingaleti, Jivanti.
क्षुद्रजीवा
शृङ्गाडी

जीवन्ती जीवनी जीवा कुल्या भद्रा मधुस्रवा
मधुश्वासा जीवपृष्ठा शाकश्रेष्ठा यशस्करी Il
नामधेया जीवभद्रा पुत्रभद्रा
जीवनीया देपृष्ठा मङ्गल्या शृङ्गरीटिका Il IKdn)
Jivanti is otherwise called Jivani, Jiva, Kulya, Bhadra, Madhisrava,
Madhusvasa , Jivaprstha, Sakasrestha, Yasakari, Namadheya, Jivabhadra,
Putrabhaara, Skhankari, Jivaniya, Devaprstha, Mangalya, Srungaritika.
सुखंकरी

जीवन्ती शीतला स्वादुः स्निग्धा दोषत्रायापहा
रसायनी बलकरी चक्षुष्या ग्राहिणी लघुः Il (Bpn)
Jivanti is Sitala in Potency , Svaau in Taste , Snigaha in Property, Dosha
traya hara, Rasayani, Balakari, Caksushya, Grahini ana Laghu in Property.

चक्षुष्या सर्वदोषघ्नी जीवन्ती मधुरा हिमा
शाकानां प्रवरान्यूना द्वितीया किञ्चिदेव तुIl (Dhn)
Jivanti is madhura in rasa, hima in veerya, caksushya, sarvadoshaghna. It
is the best among sakas"
Jyotismati,ज्योतिष्मती,jyotiṣmatī,"https://www.medicinalplants.in/slokaimages/365/365_1.jpg
https://www.medicinalplants.in/slokaimages/365/365_2.jpg
https://www.medicinalplants.in/slokaimages/365/365_3.jpg
https://www.medicinalplants.in/slokaimages/365/365_4.jpg","कटभी कटु तीक्ष्णोष्णा कफजिच्च विरेचनी |
मेधाकरी वर्णकरी व्रण्या जठरनाशिनी| |
ज्योतिष्मती
सरा
कफसमीरजित |
अत्युष्णा वमनी तीक्ष्णा वह्निबुद्धिसमृतिप्रदा
१| IDhn)
Katabhi is katu in rasa, tiksna in guna, usna in veerya, alleviates kapha, is
virecani, medhakari, varnakari, vranya ana jatharanasini
Jyotismati is katu, tikta in rasa, sara, tiksna in guna, atyushna, alleviates
kapha,is vamini, vahni buddhi smrti prada.
कटुस्तिक्ता

ज्योतिष्मती तिक्तरसा च रूक्षा | किञ्चित् कटु वातकफापहा
च| |
दाहप्रदा
दीपनकृच्च मेध्या, प्रज्ञाञ्च
तथा द्वित्तीया | |
कटु ज्योतिष्मतीतैलं तिक्तोष्णं वात्तनाशनम्|
पित्तसंतापनं मेधाप्रज्ञाबुद्धि विवर्द्वनम्| | IRjnl
Jyotishmati is tikta, kincit katu in rasa, ruksa in guna, alleviates vata and
kapha, is aahaprada, dipana karaka, medhya ana prajna pusnati.
Its taila is katu, tikta in rasa, usna in veerya, destroys vata, pitta
santapana, enhances medha, prajna and buadhi.
पुष्णाति

ज्योतिष्मती
कटुस्तिक्ता
सरा
कफसमीरजित
अत्युष्णा वमनी तीक्ष्णा वह्निबुद्धिस्मृत्तिप्रदा
IBpn)
Jyotismati is katu, tikta in rasa, sara, tiksna in guna, atyushna, alleviates
kapha ana vata, is vamani, vahni buadhi smrti prada.

मेध्या ज्योतिष्मती त्तीक्ष्णा व्रणविस्फो़टनाशनी
I| (Rjv)
Jyotismati is tiksna in guna, medhya and cures vrana and visphota"
Kadali,कदली,kadalī,https://www.medicinalplants.in/slokaimages/1143/1143_1.jpg,"मोचफलं स्वादु शीतं विषिटम्भिकफनुद् गुरु
स्िज्धं पित्तास्रतृड्दाहक्षतक्षयसरजित्|
पक्वं स्वादु हिमं पाके स्वादुवृष्यं च बृंहणभ्
क्षुत् तृष्णानेत्कगदहृत् मोहघ्नं
रुचिमांसकृत्| |
Moca phala is
svadu in
rasa.
vistambhi
guru, snigdha
in
guna,
sita
in
veerya,
alleviates
kapha,
cures
pitta,
asra, trd, daha, ksata and ksaya
Pakva phala is svadu
in
rasa, hima in veerya,
svadu
in
paka,
vrshya,
brmhana,
ruci
mamsa
karaka,
alleviates
ksut, trsna, gada
and moha"
Kadamba,कदम्ब,kadamba,"https://www.medicinalplants.in/slokaimages/96/96_1.jpg
https://www.medicinalplants.in/slokaimages/96/96_2.jpg
https://www.medicinalplants.in/slokaimages/96/96_3.jpg
https://www.medicinalplants.in/slokaimages/96/96_4.jpg
https://www.medicinalplants.in/slokaimages/96/96_5.jpg","कदम्बःकटुकस्तिक्तोमधुरस्तुवरःपटुः
शुक्रवृद्धिकरःशीतोगुरुर्विष्टम्भकारकः| |
रूक्षःस्तन्यप्रदोग्राहीवर्णकृद्योनिदोषहा 
/|
रक्तरुङ्मूत्रकृच्छ्रञ्चवातपित्तंकफंव्रणम्
दाहंविषनाशयतिह्यंकुराश्चास्यतूवराः 
शीतवीर्य्यादीपकाश्चलघवोडरोचकापहाः
रक्तपित्तातिसारघ्नाः फलंरूच्यंगुरुस्मृतम् 
उष्णवीर्यंकफकरंतत्पक्वंकफपित्तजित | |
वातनाशकरंप्रोक्तमृषिभिस्तत्त्वदर्शिभिः
Kadamba is
katu, tikta, madhura, tuvara, patu in
rasa
guru, vistambhi, ruksha,
in
guna,
sita
in
veerya
sukra
vrddhikaraka, stanyaprada
varna
karaka
dosha
hara,
cures
rakta
ruk
mutrakrcchra,
vata
pitta kapha
vrana, daha and visha
Its
ankura
is
tuvara
in
rasa ,
laghu
in
guna,
sita
in
veerya, dipaka,
cures arocaka, raktapitta and atisara.
Its
ama phala is guru in guna,
usna veerya, rucya,
and
increases kapha.
Pakva phala alleviates kapha, pitta and destroys vata
grahi

राजकदम्बगुणाः
नीपस्तुचाम्लस्तुवरोमधुरःशीतलः स्मृतः
विषंरक्तरुजं पित्तकफञ्चैवविनाशयेत| |
फलन्तुमधुरंचास्यशीतलंगुरु पित्तहृत्|
रक्तदोषहरंप्रोक्तमृषिभिस्तत्त्वदर्शिभिः | |
Nipa is amla, tuvara, madhura in rasa, sita in veerya,
destroys pita and kapha, cures visha and rakta ruja
Phala is madhura in rasa, guru in guna, sita in veerya,
alleviates pitta and rakta dosha

धाराकदम्बगुणाः
धाराकदम्बकस्तिक्तोवर्ण्यःशीतःकषायकः
कटुकोवीर्य्यकृच्छोथविषपित्तकफव्रणान्
/|
वातंनाशयतीत्येवमुक्तश्चऋषिभिःकिल
Dhara kadamba is tikta, kashaya, katu in rasa, sita in
veerya, destroys vata, is varnya, cures sotha, visha and
pitta kapha vrana.

धूलीकदम्ब गुणाः
धूलीकदम्बकस्तिस्तुवरःकटुकोहिमः
वाीर्य्यवृद्धिकरोवर्ण्योविषशोथविनाशकः
वातंपित्तकफंरक्तदोषञ्चैवविनाशयेत| |
Dhuli kadamba is tuvara, katu in rasa, hima in veerya,
veerya vrddhikara, varnya,
alleviates vata, pitta, kapha,
rakta dosha,
cures visha and sotha

कदम्बकागुणाः
कदम्बिकातुमधुराशीतलातुवरागुरुः
मलस्तम्भकरीक्षारारूक्षास्तन्यकफप्रदा | |
वातलामुनिभिःप्रोक्ताफलंत्वस्यारूक्षास्तन्यकफप्रदा
वातलामुनिभिःप्रोक्ताफलंत्वस्यास्तुशीतलम्|
तुवरंमधुरंपित्तरक्तदोषहरंमतम् [
Kadambika is madhura,
tuvara in rasa, guru, ruksa in
guna, sita in veerya, malastambha kara, stanya kapha
prada and increases vata
Phala is tuvara
madhura in rasa, ruksa in guna, sita in
veerya, increases vata, alleviates pitta, rakta dosha, is
stanya kapha prada."
Kadamba - bheda,कदम्ब भेद,kadamba bheda,"https://www.medicinalplants.in/slokaimages/96/96_1.jpg
https://www.medicinalplants.in/slokaimages/96/96_2.jpg
https://www.medicinalplants.in/slokaimages/96/96_3.jpg
https://www.medicinalplants.in/slokaimages/96/96_4.jpg
https://www.medicinalplants.in/slokaimages/96/96_5.jpg","कदम्बःकटुकस्तिक्तोमधुरस्तुवरःपटुः
शुक्रवृद्धिकरःशीतोगुरुर्विष्टम्भकारकः| |
रूक्षःस्तन्यप्रदोग्राहीवर्णकृद्योनिदोषहा 
/|
रक्तरुङ्मूत्रकृच्छ्रञ्चवातपित्तंकफंव्रणम्
दाहंविषनाशयतिह्यंकुराश्चास्यतूवराः 
शीतवीर्य्यादीपकाश्चलघवोडरोचकापहाः
रक्तपित्तातिसारघ्नाः फलंरूच्यंगुरुस्मृतम् 
उष्णवीर्यंकफकरंतत्पक्वंकफपित्तजित | |
वातनाशकरंप्रोक्तमृषिभिस्तत्त्वदर्शिभिः
Kadamba is
katu, tikta, madhura, tuvara, patu in
rasa
guru, vistambhi, ruksha,
in
guna,
sita
in
veerya
sukra
vrddhikaraka, stanyaprada
varna
karaka
dosha
hara,
cures
rakta
ruk
mutrakrcchra,
vata
pitta kapha
vrana, daha and visha
Its
ankura
is
tuvara
in
rasa ,
laghu
in
guna,
sita
in
veerya, dipaka,
cures arocaka, raktapitta and atisara.
Its
ama phala is guru in guna,
usna veerya, rucya,
and
increases kapha.
Pakva phala alleviates kapha, pitta and destroys vata
grahi

राजकदम्बगुणाः
नीपस्तुचाम्लस्तुवरोमधुरःशीतलः स्मृतः
विषंरक्तरुजं पित्तकफञ्चैवविनाशयेत| |
फलन्तुमधुरंचास्यशीतलंगुरु पित्तहृत्|
रक्तदोषहरंप्रोक्तमृषिभिस्तत्त्वदर्शिभिः | |
Nipa is amla, tuvara, madhura in rasa, sita in veerya,
destroys pita and kapha, cures visha and rakta ruja
Phala is madhura in rasa, guru in guna, sita in veerya,
alleviates pitta and rakta dosha

धाराकदम्बगुणाः
धाराकदम्बकस्तिक्तोवर्ण्यःशीतःकषायकः
कटुकोवीर्य्यकृच्छोथविषपित्तकफव्रणान्
/|
वातंनाशयतीत्येवमुक्तश्चऋषिभिःकिल
Dhara kadamba is tikta, kashaya, katu in rasa, sita in
veerya, destroys vata, is varnya, cures sotha, visha and
pitta kapha vrana.

धूलीकदम्ब गुणाः
धूलीकदम्बकस्तिस्तुवरःकटुकोहिमः
वाीर्य्यवृद्धिकरोवर्ण्योविषशोथविनाशकः
वातंपित्तकफंरक्तदोषञ्चैवविनाशयेत| |
Dhuli kadamba is tuvara, katu in rasa, hima in veerya,
veerya vrddhikara, varnya,
alleviates vata, pitta, kapha,
rakta dosha,
cures visha and sotha

कदम्बकागुणाः
कदम्बिकातुमधुराशीतलातुवरागुरुः
मलस्तम्भकरीक्षारारूक्षास्तन्यकफप्रदा | |
वातलामुनिभिःप्रोक्ताफलंत्वस्यारूक्षास्तन्यकफप्रदा
वातलामुनिभिःप्रोक्ताफलंत्वस्यास्तुशीतलम्|
तुवरंमधुरंपित्तरक्तदोषहरंमतम् [
Kadambika is madhura,
tuvara in rasa, guru, ruksa in
guna, sita in veerya, malastambha kara, stanya kapha
prada and increases vata
Phala is tuvara
madhura in rasa, ruksa in guna, sita in
veerya, increases vata, alleviates pitta, rakta dosha, is
stanya kapha prada."
Kakamaci,काकमाची,kākamācī,"https://www.medicinalplants.in/slokaimages/1500/1500_1.jpg
https://www.medicinalplants.in/slokaimages/1500/1500_2.jpg
https://www.medicinalplants.in/slokaimages/1500/1500_3.jpg
https://www.medicinalplants.in/slokaimages/1500/1500_4.jpg
https://www.medicinalplants.in/slokaimages/1500/1500_5.jpg","हन्ति दोषत्रयं कुष्ठं वृष्या सोष्णारसायनम्
काकमाची सरा स्वर्या.
(वाग्भटः सू॰ ६ ७२)
Kakamaci is usna in veerya, sara in guna, alleviates all the three aoshas
is vrshya, rasayana and svarya, cures kustha.

त्रिदोषशमनी वृष्या काकमाची रसायनी|
नात्युष्णशीतवीर्या
च मेदिनी
कुष्ठनाशिनी| |
(चरक सू॰ २७ ८५)
It is natyusna, sita in veerya, alleviates all the three aoshas,
is vrshya
rasayani and medini, cures kustha.

काकमाची त्रिदोषघ्नी, सरा स्चर्या सतिक्तका
हन्ति दोषत्रयं
वृष्या सोष्णा रसायनी| | (ध०
Kakamaci is tikta in rasa, sara in guna, usna in veerya alleviates all the
three doshas, is svarya, vrshya, and rasayani, cures kustha
कुष्ठं
नि॰)

काकमाची त्रिदोषघ्नी स्निग्धोष्णा स्वरशुक्रदा
तिक्ता रसायनी शोथकुष्ठार्शोजमेहजित्||
कटुर्नेत्रहिता हिक्काच्छर्दिहृद्रोगनाशनी
I IBpn)
Kakamaci is tikta, katu, in rasa, snigdha in guna, usna in veerya, alleviates
all tne three doshas
is svarya sukraaa, netra hita, and rasayani, cures
sotha, kustha, arsa, meha, hikka, chardi and hrdroga.

काकमाची कटुस्तिक्ता रसोष्णा कफनाशिनी|
शोफदोषघ्नी कुष्ठकण्डूतिहारिणी
| IRjn)
Kakamaci is katu, tikta in rasa, usna in veerya, destroys kapha, cures sula ,
arsa, sopha, kustha and kanau.
शूलर्शः"
Kakodumbarika,काकोदुम्बरिका,kākodumbarikā,"https://www.medicinalplants.in/slokaimages/745/745_1.jpg
https://www.medicinalplants.in/slokaimages/745/745_2.jpg","काकोदुम्बरिका शीता कषाया व्रणनाशिनी 
गुर्विणी गर्भरक्षायां हिता स्तन्यप्रदायिनी| |
आमानिलप्रशमनी पक्वा गौल्याम्लका कटुः व
त्वग्दोषरक्तपित्तघ्नी तद्वल्कमतिसारजित्
फलं तु शीतलं स्वादु कषायं गुरु कर्षणम्|
शुक्रलं मधुरं पाके स्निग्धं विष्टम्भि बृंहणम्
ग्राहि वातं कफं पित्तं क्षयदाहविषास्रजित्|
त्वचा शीता कषाया व्रणनाशिनो
T IRjn)
Kakodumbarika is kashaya in
rasa, guru in हuna, sita in veerya, vrana
nasini , garbharakshya, stanya pradayini, ama-anila prasamani.
Pakva
kakodumbarika
is   gaulyaimadhural,
amalaka ,
katu
rasa
alleviates tvag dosha, rakta and pittaghni.
Its valkam cures atisara.
Phala is svadu, kashaya in rasa, guru, snigdha, vistambhi, grahi in guna,
sita in veerya, madhura in paka, karshana, sukrala, brmhana
cures vata
kapha, pitta, ksaya, daha, visa and asra vikara.
Its tvak is kashaya in rasa, sita in veerya, and cures vrana
उदुम्बरी

काकोदुम्बरिका शीता कषाया
दद्रुघातिनी [
रक्तातिसारहन्त्री च मुखनासास्रघातिनी| | KSodalal
Kakodumbarika is kashaya in rasa, sita in veerya, cures aaaru, raktatisara
and mukha nasa asra ghatini."
Kamala,कमल,kamala,"https://www.medicinalplants.in/slokaimages/1161/1161_1.jpg
https://www.medicinalplants.in/slokaimages/1161/1161_2.jpg
https://www.medicinalplants.in/slokaimages/1161/1161_3.jpg
https://www.medicinalplants.in/slokaimages/1161/1161_4.jpg
https://www.medicinalplants.in/slokaimages/1161/1161_5.jpg
https://www.medicinalplants.in/slokaimages/1161/1161_6.jpg
https://www.medicinalplants.in/slokaimages/1161/1161_7.jpg
https://www.medicinalplants.in/slokaimages/1161/1161_8.jpg","उत्पलानि कषायाणि रक्तपित्तहराणि च|
कुमुदोत्पल ्नालास्तु सपुष्पाः सफलाः स्मृत्ताः | |
शीताः स्वादुकषायास्तु कफमारुतकोपनाः| |
कषायमीषाद्विष्टम्भि रक्तपित्तहरं स्मृतम्
पौष्करन्तु भवेद् बीजं मधुरं रसपाकयोः
| चरक
Utpala is Kashaya in rasa and cures raktapitta.
Kumudotpala
nala, sapuspa, saphala are svaau, kashaya in rasa, sita in
veerya, increase kapha
maruta
Bijam is kashaya, madhura in rasa, vistambhi in guna, maahura in paka,
pauskara,
cures raktapitta.
and

सतिक्तं मधुरं शीतं पद्मं पित्तकफापहम्|
मधुरं पिच्छिलं स्निग्धं कुमुदं ह्लादि शीतलम्| |
तसमादल्पान्तरगुणे विद्यात् कुवलयोत्पले| | (सुश्रुत)
Paama is tikta, madhura in rasa , sita in veerya, and alleviates pitta and
kapha
Kumuda is madhura in rasa, picchila, snigdha in guna, sita in veerya and
hladi
Kuvalaya utpala is of alpa guna.

पुण्डरीकं हिमं तिक्तं मधुरं पित्तनाशनम्|
दाहघ्नमस्रशोषघ्नं पिपासाभ्रमनाशनम
Rjn, Dhnl
Pundarika is tikta, madhura
rasa,  hima
veerva ,
destroys   pitta,
relieves daha, pipasa , bhrama, asra and sosa

नीलाब्जं शीतलं स्वादु
पित्तनाशनम् |
रुच्यं रसायने श्रेष्ठं देहदार्ढ्यञ्च केशदम्
| IDhn, Rjn)
Nilabja is svadu in
rasa, sitala in veerya, destroys pitta, is sugandhi,
rucya , rasayana srestha, deha dardhya kara and kesada
सुगन्धि

पाके रक्तोत्पलं शीत तिक्तञ्च मधुरं रसे
भिनत्ति पित्तसन्तापौ ध्वंसयत्यस्रजां रुजम
|IDhn)
Paka raktotpala
is tikta, madhura in
rasa, sita in veerya,
cures pitta
santapa and asra ruja.

कोकनदं कटु तिक्तं मधुरं शिशिरं च रक्तदोषहरम्|
पित्तकफवातशमनं सन्तर्पणकारणं वृष्यम्||
कमलं भ्रान्ति-सन्तापशान्तिदं तर्पणं परम्
I (Rjn )
Kokanada is katu , tikta, madhura in rasa, sisira in veerya, alleviates rakta
dosha, pacifies pitta, kapha, is santarpakarana ana vrshya.
Kamala pacifies bhranti, santapa and is tarpana param

कुमुदं शीतलं-स्वादु पाके तिक्तं कफापहम्|
रक्तदोषहरं दाहश्रमपित्तप्रशान्तिकृत्
IIDhn, Rjnl
Kumuda is tikta in rasa, sita in veerya, svadu in paka, alleviates kapha,
rakta dosha
cures daha,
srama
pitta
and

उत्पलिनी हिमतिक्ता रक्तामयहारिणी च पित्तघ्नी |
तापकफकासतृष्णा-श्रमवमिशमनी च विज्ञेया| | IRjnl
Utpala is tikta in rasa, hima in veerya, nara, alleviates pitta, cures tapa,
kapha, kasa, trsna, raktamaya and
srama."
Kampillaka,कम्पिल्लक,kampillaka,"https://www.medicinalplants.in/slokaimages/1060/1060_1.jpg
https://www.medicinalplants.in/slokaimages/1060/1060_2.jpg
https://www.medicinalplants.in/slokaimages/1060/1060_3.jpg
https://www.medicinalplants.in/slokaimages/1060/1060_4.jpg","कम्पिल्लःकर्कशश्चन्द्रोरक्ताङ्गोरोचनोउपिच [
Kampilla is called as karkasa, candra, raktanga and gorocana

कम्पिल्लकोविरेचीस्यात्कटूष्णोव्रणनाशनः
कफकासार्तिहारीचकृमिहरोलघुः
(राजनिघण्टु)
Kampillaka is katu in rasa, laghu in guna , usna in veerya, virecaka, cures
vrana, kapha, kasa, arti ana krmi.

कम्पिल्लःकफपित्तास्रकृमिगुल्मोदरव्रणान्|
हन्तिरेचीकटूष्णंचमेहाविषाश्मनुत्
| |
Kampilla is katu in rasa, usna in veerya, alleviates kapha and pitta,
recaka, cures asra, krmi, gulma, udara, Vrana, meha, visha ana ahsma.

काम्पेल्लकः
सरश्चाग्निदीपकःकटुकःस्मृतः
व्रणस्यरोपणश्चोष्णोलघुर्भेदीकफापहः
व्रणगुल्मोदराध्मानकासपित्तप्रमेहहा [
आनाहञ्चविषञ्चैवमूत्राशमरीरुजापहः
कृमिंचरक्तदोषञ्चनाशयेदितिकीर्तितः
तच्छाकंशीतलंतिक्तंवातलंग्राहिदीपनम्
Kampillaka is katu in rasa, laghu, sara in guna
usna in veerya, alleviates
Kkapha ana rakta dosha, agni dipaka
vrana ropana, bhedi, cures vrana,
gulma, udara, ashmana, kasa, pitta prameha, anaha, visha, mutra asma
ruja
krmi
Its saka is tikta in rasa, grahi in guna, sita in veerya, dipana and increases
vata.
and"
Kankola,कंकोल,kaṃkola,"https://www.medicinalplants.in/slokaimages/1295/1295_1.jpg
https://www.medicinalplants.in/slokaimages/1295/1295_2.jpg
https://www.medicinalplants.in/slokaimages/1295/1295_3.jpg","कंकोलं कटुतिक्तोष्णं वक्त्रजाड्यहरं परम्
दीपनं पाचनं रुच्यं कफवातामकृन्तनम्
IRjn )
Kankola is katu, tikta in rasa, usna in veerya, alleviates kapha and vata,
dipana, pacana, rucya , cures vaktra jadya.

कंकोलं लघु तीक्ष्णोष्णं तिक्तं हृद्यं रुचिप्रदन्|
आस्यहृद्रोगदौर्गन्धकफवातामयान्ध्यहृत् |
(Bpnl
Kankola is tikta in rasa, laghu, tiksna in guna
usna in veerya, alleviates
kapha and vata, hrdya, ruci prada, cures asya daurandhya, hrdroga and
andhya.

कंक्कोलकं लवंगं च तिक्तं कटु कफापहम्
लघु तृष्णापहं वृष्यं वक्त्रदौर्गन्धयाशनम्| | (सुश्रुत)
Kankolaka is tikta, katu in rasa, laghu in guna, alleviates kapha, is vrshya
cures trsna and vaktra daurgandhya."
Kankustha,कंकुष्ठ,kaṃkuṣṭha,"https://www.medicinalplants.in/slokaimages/783/783_1.jpg
https://www.medicinalplants.in/slokaimages/783/783_2.jpg","कंकुष्ठं रेचनं तिक्तमुष्णं वर्णविशोधनम् [
कफशोफोदरानाहगुल्माध्मानकृमिप्रणुत्
IKdn)
Kankushta
is tikta in
rasa ,
usna in veerya, alleviates kapha, is recana,
varna visodhana, cures sopha, uaara, anaha, gulma, adhmana ana krmi.

कंकुष्ठकं तिक्तकटूष्णवीर्यं विशेषतो रेचकं करोति|
गुदातिगुल्मव्रणशूलहृत्परं प्रचक्षते शास्त्रविदः पुराणाः
रसपकाशसुधाकर )
Kankustha is tikta, katu in rasa, usna in veerya, visesat recaka, cures
guaa vyadhi, guima, vrana
sulahrt
and"
Kantakari,कण्टकारी,kaṇṭakārī,"https://www.medicinalplants.in/slokaimages/1516/1516_1.jpg
https://www.medicinalplants.in/slokaimages/1516/1516_2.jpg
https://www.medicinalplants.in/slokaimages/1516/1516_3.jpg","कण्टकारी कटुस्तिक्ता तथोष्णा श्वासकासजित्
अरुचिज्चरवातामदोषहृद् गदनाशिनी | IDhn)
Kantakari is katu, tikta in
rasa,
usna in
veerya, alleviates
vata,
Cures
svasa, kasa, aruci, jvara ana ama dosha.

कण्टकारी कटूष्णा च दीपनी श्वासकासजित्
प्रतिश्यायार्तिदोषघ्नी कफवातज्वरार्तिनुत्
T IRjn)
Kantakari is katu in rasa, usna in veerya, alleviates kapha and vata, is
dipani, cures svasa, kasa, pratisyaya, arti, jvara and arti.

कण्टकारी सरा तिक्ता कटुका दीपनी लघुः |
रूक्षोष्णा पाचनी काशश्वासज्वरकफानिलान| |
निहन्ति पीनसं पार्श्वपीडाकृमिहृदामयान्|
फलं कटु रसे पाके च कटुकं भवेत्[
शुक्रस्य रेचनं भेदि तिक्तं पित्ताग्निकृल्लघु [
हन्यात्कफमरुत्कण्डूकासभेदः कृमिज्वरान्|
तद्वत् प्रोक्ता सिता क्षुद्रा विशेषाद् गर्भकारिणी
| IBpn)
Kantakari is tikta, katu in rasa, sara, laghu, ruksa in guna, usna in
alleviates kapha ana vata, dipani, pacani, cures kasa, svasa, jvara, pinasa,
parsvapida, krmi ana hrdamaya.
Kantakari   phala
is katu, tikta in
rasa , laghu in guna, katu in
paka ,
sukrarecana, bhedana, increases pitta
agnikara, alleviates kapha
vata
cures
kandu, kasa, meaoroga, krimi and jvara.
Sveta puspa has all the properties mentioned above, but specifically
indicatea in garbha aharana.
virya,
and"
Karavira,करवीर,karavīra,"https://www.medicinalplants.in/slokaimages/1162/1162_1.jpg
https://www.medicinalplants.in/slokaimages/1162/1162_2.jpg","करवीरः
वीर्ये चोष्णो ज्वरापहः
चक्षुष्यः कुष्ठकण्डूघ्रः प्रलेपाद् विषमन्यथा |
करवीरद्वयं तिक्तं सविषं कुष्ठजित् कटु
I IDhnl
Karavira is katu, tikta in rasa, usna in veerya , caksushya, cures jvara,
kustha, kandu, on pralepana it is visa hara.
Karaviradvaya is tikta, katu in rasa, cures visha and kustha.
कटुस्तिक्तो

करवीरः
कुष्ठकण्डूविनाशवनः
Karavira is katu in rasa, tiksna in guna, cures kustha and kandu.
कटुस्तीक्ष्णः"
Karira,करीर,karīra,"https://www.medicinalplants.in/slokaimages/318/318_1.jpg
https://www.medicinalplants.in/slokaimages/318/318_2.jpg
https://www.medicinalplants.in/slokaimages/318/318_3.jpg
https://www.medicinalplants.in/slokaimages/318/318_4.jpg
https://www.medicinalplants.in/slokaimages/318/318_5.jpg","करीरो गुढपत्रो मरुदेशेषतिप्रसिद्धः कॅण्टकिवृक्ष इति डल्हणः
करीरमाध्मानकरं कषायं कटूष्णमेतत् कफहारि भूरि|
श्वासानिलारोचकसर्वशूलविच्छर्दि खर्जूवर्णदोषहारिI| IRjnl
Karira, gudapatra, marudesa , atiprasiddha, kantakivrksha, halhana are
the synonyms
Karira is
kashaya, katu in rasa, usna in veerya, alleviates kapha,
adhmanakaraka , cures svasa, anila, arocaka, sarva sula, chardi, kharju
ana varna dosha

करीरः कटुकः तिक्तः स्वद्यष्णो भेदनः स्मृतः |
दुर्नामकफवातामगरशोथव्रणप्रणुत्
T IBpn)
Karira is katu, tikta in rasa, usna in veerya, bheaana, alleviates kapha ana
vata, cures durnama, ama, gara sotha
vrana
and

करीरः कटुको भेदि तीक्ष्णोष्णः कफवातजित्
( मदनपालः)
Karira is katu in
rasa, tiksna in guna, usna in
veerya, bhedi, alleviates
kapha ana vata.

करीरं
ग्राहि फलमुष्णं रुचिप्रदम्
कफपित्तकरम् किंचित्कषायं वातहृद्वरम्| | (क्षोमकुतूहलम्)
Karira phala is katu, kincit kashaya in rasa,
in guna, usna in veerya,
ruciprada, alleviates vata
increases kapha and pitta
कटुकं
grahi
and

करीराक्षिकपीलूनि तृणशून्यफलानि
च |
स्वादुतिक्तकटूषणानि कफवातहरणि च
I| (सुश्रुतः)
Karira, aksika, piluni, trnasunya phalani are the synonyms
It is svadu, tikta, katu in rasa, usna in veerya, alleviates kapha and vata."
Karmaranga,कर्मरङ्ग,karmaraṅga,"https://www.medicinalplants.in/slokaimages/191/191_1.jpg
https://www.medicinalplants.in/slokaimages/191/191_2.jpg
https://www.medicinalplants.in/slokaimages/191/191_3.jpg","कर्मारको अम्ल
उष्णश्च वातहृत पित्तकारकः
पक्वस्तु मधुराम्लः स्यात् बलपुष्टिरुचिप्रदः | | IRjnl
Amla phala is usna in veerya, alleviates vata and increases pitta.
Pakva phala is madhura, amla in rasa , bala pusti ruci prada

कर्मारस्य फलं चाम्ललं ग्राह्यम्लं वातनाशनम् |
उष्णं पित्तकरं चैव तत्पक्वं मधुरं मतम्|
अम्लं च बलपुष्टिनां रुचेष्चैव विवर्धतम्|| INirl
Amla phala is amla in rasa, grahi in guna, usna in veerya, alieviates vata
and increases pitta.
Pakva phala is madhura, amla in rasa, bala pusti vardhana,
ruci
vardhana.
and

कर्मरंगं हिमं ग्राहि स्वाद्वम्लं कफवातहृत्
( IBpn )
It is svadu, amia in rasa, grahi in guna, hima in veerya and alleviates
kapha ana vata."
Karpasa,कार्पास,kārpāsa,"https://www.medicinalplants.in/slokaimages/819/819_1.jpg
https://www.medicinalplants.in/slokaimages/819/819_2.jpg
https://www.medicinalplants.in/slokaimages/819/819_3.jpg
https://www.medicinalplants.in/slokaimages/819/819_4.jpg","कार्पासी मधुरा शीता स्तन्या पित्तकफापहा
तृष्णादाहश्रमभ्रान्तिमूच्छर्हिद्वलकारिणां 
/]
भारद्वाजी हिमा रुच्या व्रणशस्त्रक्षतापहा I| (Rjn)
Karpasa is madhura in rasa, sita in veerya, alleviates
pitta and kapha, is stanya, balya, cures trsna, daha,
srama, bhranti and murccha
Bhardvaji is hima in veerya, rucya, vrana sastra ksata
hara

कर्पासकी लघुः कोष्णा मधुरा वातनाशनी |
तृष्णादाहरतिश्रान्तिभ्रान्तिमूर्च्छप्रणाशनी| |
तत्पलाशं समीरघ्नं रक्तकृन्मूत्रवर्धनम्
तत्कर्णपीडकानादपूयास्रावविनाशनम्|
तद्वीजं स्तन्यदं वृष्यं स्निग्धं कफकरं गुरुI| (Bpn)
It is madhura in rasa, laghu in guna, kosna in veerya,
destroys vata, cures trsna, daha, arti, sranti, bhranti and
murccha.
Its palasa alleviates vata, is rakta kara, mutravardhana
and cures karna pidaka, karna nada and karna
puyasrava
Its bija is guru, snigdha in guna, stanyada, vrshya and
increases kapha.

कार्पासफलमत्युष्मं कषायं मधुरं गुरु|
वातश्लेष्महरं रुच्यं विशेषेणास्थिवर्जितम्| |
(क्षेमकुतूहलम्
Karpasa
phala
is
kashaya,
madhura
in
rasa,
guru
in
guna,
atyusna,
rucya,
alleviates
vataslesma, specifically
asthi varjita

तत्पलाशं समीरघ्नं रक्तकृन्मूत्रवर्धनम्
तत्कर्णपिडिकानादपूयास्रावविनाशनम्
तद्वीजं श्लेष्मसं वृष्यं स्निग्धं स्तन्यविवर्द्धनम्I| (kdn)
Its palasa alleviates vata, is rakta kara,
mutra vardhaka,
and cures karna pidika, nada puyasra
Its bija is snigdha in guna, vrshya, increases kapha, and
is stanya vivardhana."
Karpasa - prajati,कार्पास प्रजाति,kārpāsa prajāti,"https://www.medicinalplants.in/slokaimages/819/819_1.jpg
https://www.medicinalplants.in/slokaimages/819/819_2.jpg
https://www.medicinalplants.in/slokaimages/819/819_3.jpg
https://www.medicinalplants.in/slokaimages/819/819_4.jpg","कार्पासी मधुरा शीता स्तन्या पित्तकफापहा
तृष्णादाहश्रमभ्रान्तिमूच्छर्हिद्वलकारिणां 
/]
भारद्वाजी हिमा रुच्या व्रणशस्त्रक्षतापहा I| (Rjn)
Karpasa is madhura in rasa, sita in veerya, alleviates
pitta and kapha, is stanya, balya, cures trsna, daha,
srama, bhranti and murccha
Bhardvaji is hima in veerya, rucya, vrana sastra ksata
hara

कर्पासकी लघुः कोष्णा मधुरा वातनाशनी |
तृष्णादाहरतिश्रान्तिभ्रान्तिमूर्च्छप्रणाशनी| |
तत्पलाशं समीरघ्नं रक्तकृन्मूत्रवर्धनम्
तत्कर्णपीडकानादपूयास्रावविनाशनम्|
तद्वीजं स्तन्यदं वृष्यं स्निग्धं कफकरं गुरुI| (Bpn)
It is madhura in rasa, laghu in guna, kosna in veerya,
destroys vata, cures trsna, daha, arti, sranti, bhranti and
murccha.
Its palasa alleviates vata, is rakta kara, mutravardhana
and cures karna pidaka, karna nada and karna
puyasrava
Its bija is guru, snigdha in guna, stanyada, vrshya and
increases kapha.

कार्पासफलमत्युष्मं कषायं मधुरं गुरु|
वातश्लेष्महरं रुच्यं विशेषेणास्थिवर्जितम्| |
(क्षेमकुतूहलम्
Karpasa
phala
is
kashaya,
madhura
in
rasa,
guru
in
guna,
atyusna,
rucya,
alleviates
vataslesma, specifically
asthi varjita

तत्पलाशं समीरघ्नं रक्तकृन्मूत्रवर्धनम्
तत्कर्णपिडिकानादपूयास्रावविनाशनम्
तद्वीजं श्लेष्मसं वृष्यं स्निग्धं स्तन्यविवर्द्धनम्I| (kdn)
Its palasa alleviates vata, is rakta kara,
mutra vardhaka,
and cures karna pidika, nada puyasra
Its bija is snigdha in guna, vrshya, increases kapha, and
is stanya vivardhana."
Karpasi,कार्पासी,kārpāsī,"https://www.medicinalplants.in/slokaimages/819/819_1.jpg
https://www.medicinalplants.in/slokaimages/819/819_2.jpg
https://www.medicinalplants.in/slokaimages/819/819_3.jpg
https://www.medicinalplants.in/slokaimages/819/819_4.jpg","कार्पासी मधुरा शीता स्तन्या पित्तकफापहा
तृष्णादाहश्रमभ्रान्तिमूच्छर्हिद्वलकारिणां 
/]
भारद्वाजी हिमा रुच्या व्रणशस्त्रक्षतापहा I| (Rjn)
Karpasa is madhura in rasa, sita in veerya, alleviates
pitta and kapha, is stanya, balya, cures trsna, daha,
srama, bhranti and murccha
Bhardvaji is hima in veerya, rucya, vrana sastra ksata
hara

कर्पासकी लघुः कोष्णा मधुरा वातनाशनी |
तृष्णादाहरतिश्रान्तिभ्रान्तिमूर्च्छप्रणाशनी| |
तत्पलाशं समीरघ्नं रक्तकृन्मूत्रवर्धनम्
तत्कर्णपीडकानादपूयास्रावविनाशनम्|
तद्वीजं स्तन्यदं वृष्यं स्निग्धं कफकरं गुरुI| (Bpn)
It is madhura in rasa, laghu in guna, kosna in veerya,
destroys vata, cures trsna, daha, arti, sranti, bhranti and
murccha.
Its palasa alleviates vata, is rakta kara, mutravardhana
and cures karna pidaka, karna nada and karna
puyasrava
Its bija is guru, snigdha in guna, stanyada, vrshya and
increases kapha.

कार्पासफलमत्युष्मं कषायं मधुरं गुरु|
वातश्लेष्महरं रुच्यं विशेषेणास्थिवर्जितम्| |
(क्षेमकुतूहलम्
Karpasa
phala
is
kashaya,
madhura
in
rasa,
guru
in
guna,
atyusna,
rucya,
alleviates
vataslesma, specifically
asthi varjita

तत्पलाशं समीरघ्नं रक्तकृन्मूत्रवर्धनम्
तत्कर्णपिडिकानादपूयास्रावविनाशनम्
तद्वीजं श्लेष्मसं वृष्यं स्निग्धं स्तन्यविवर्द्धनम्I| (kdn)
Its palasa alleviates vata, is rakta kara,
mutra vardhaka,
and cures karna pidika, nada puyasra
Its bija is snigdha in guna, vrshya, increases kapha, and
is stanya vivardhana."
Karpura,कर्पूर,karpūra,"https://www.medicinalplants.in/slokaimages/403/403_1.jpg
https://www.medicinalplants.in/slokaimages/403/403_2.jpg
https://www.medicinalplants.in/slokaimages/403/403_3.jpg","कर्पूरं कटु तिक्तं च मधुरं शिशिरं
तृणमेदोविषदोषघ्नं चक्षुष्यं मदकारकम् |
IDhn)
Karpuram is katu, tikta, maahura in
rasa, sisira in veerya, caksushya,
inauces mada, cures trna, meda and visa
विदुः |

कर्पूरः शीतलो वृष्यश्चक्षुष्यो लेखने लघुः |
मधुरस्तिक्तः कफपित्तविषापहः | |
दाहतृष्णास्यवैरस्यमेदादौर्गन्ध्यनाशनः |
कर्पूरो द्विविधो प्रोक्तॉः पक्वापकावप्रभेदतः | |
पक्वात्कर्पूरतः प्राहुरपक्वं गुणवत्तरम्
IBpn)
Karpura is madhura, tikta in rasa, laghu in guna, sita in veerya, vrsyam,
surabhi, caksushyam, lekhanam, alleviates kapha ana pitta, cures visa
aaha, trsna, asya vairasya, meda and daurgandhya.
It is of two typesः pakva and apakva and pakvam is effective.
सुरभिः

कर्पूरं शीतलं पाके चक्षुष्यं कफनाशनम्
पक्वकर्पूरतः प्राहःडपक्वं गुणवत्तरम्| |
 राजवल्लभः |
Karpuram
is   sitalam,
paka,
caksuhyam,   destroys   kapha.
Pakvam   is
effective than apakvam."
Kasa,काश,kāśa,"https://www.medicinalplants.in/slokaimages/1423/1423_1.jpg
https://www.medicinalplants.in/slokaimages/1423/1423_2.jpg
https://www.medicinalplants.in/slokaimages/1423/1423_3.jpg","दर्भः स्निग्धरसः स्वादुः कषायः कफपित्तहा |
कुशमूलं हिमं रुच्यं मधुरं पित्तनाशनम्|
रक्तज्वरं तृषाश्वासकामलादोषनाशकृत्| |
दर्भो द्वौ च गुणैस्तुल्यौ तथापि च सितोडधिकः
यदिश्वेतकुशाभावः त्वरं योजयेद् भिषक्
I| IRjn)
Kasa is svadu, kashaya in rasa, snigdha in हuna, alleviates kapha and
pitta.
Its muia is maahura in rasa, hima in veerya, rucya, destroys pitta
cures
rakta jvara, trsha, svasa and kamala.
Both the aarba are similar but sita aarba is more potent, and in the
absence of sveta kusa this can be used.

दर्भद्वयं त्रिदोषघ्नं मधुरं तुवरं हिमम्|
मूत्रकृच्छ्राश्मरीतृष्णाबस्तिरुक्प्रदरास्राजित् |
IBpn)
Darba dvaya is madhura, tuvara in rasa, hima in veerya, alleviates all the
three aoshas,
cures mutra krcchra, asmari, trsna, vasti ruk, pradara ana
asravikara

दर्भयुग्मं पवित्रं स्यान्मूत्रकृच्छ्रघ्नशीतलम्
रक्तपित्तप्रशमनं केवलं पित्तनाशनम्
IDhn)
Both the darbha
are sita in
veerya, destroys pitta,
is   pavitra,
cures
mutrakrcchra ana raktapitta."
Kasamarda,कासमर्द,kāsamarda,"https://www.medicinalplants.in/slokaimages/350/350_1.jpg
https://www.medicinalplants.in/slokaimages/350/350_2.jpg
https://www.medicinalplants.in/slokaimages/350/350_3.jpg","गुणा कासमर्दः सुतिक्तः स्यान्मधुरः कफवातजित् |
विशेषतः पित्तहरः पाचनः कण्ठशोधनः| | KDhnl
Kasamaraa
tikta,
madhura
rasa
alleviates
kapha
ana
vata,
specifically pitta, is pacana and kantha sodhana 

कासमर्दः सतिक्तोष्णो मधुरः कफवातजित् |
अजिर्णकासपित्तघ्नः पाचनः कण्ठशोधनः | | IRjnl
It is tikta, madhura, in rasa, usna in veerya, alleviates kapha and vata, is
pacana, kantha sodhana, cures ajirna, kasa ana pitta.

कासमर्ददलं रुच्यं वृष्यं कासविषास्रनुत्|
मधुरं कफ्वातघ्नं पाचनं कण्ठशोधनम्| |
विशेषतः कासहरं पित्तघ्नं ग्राहकं लघु
( (Bpn)
Its dala is madhura in
rasa,
and laghu in guna, alleviates kapha,
vata and rakta dosha, is rucya, vrshya, pacana, kantha sodhana, cures
kasa, visa, specifically cures kasa ana alleviates pitta dosha.
Brahi"
Kasani,कासनी,kāsanī,https://www.medicinalplants.in/slokaimages/90/90_1.jpg,"कासनी लघुतिक्तोष्ण कफपित्तहरी कटुः
यकृद्विकारे हृद्रोगे मूत्रकृच्छ्रे च
शस्यत|| (स्व)
Kasani is tikta in rasa, laghu in guna,
usna in veerya,
alleviates kapha, pitta, cures yakrd vikara, hrdroga and
mutrakrcchra"
Kasani - jati,कासनी जाति,kāsanī jāti,https://www.medicinalplants.in/slokaimages/90/90_1.jpg,"कासनी लघुतिक्तोष्ण कफपित्तहरी कटुः
यकृद्विकारे हृद्रोगे मूत्रकृच्छ्रे च
शस्यत|| (स्व)
Kasani is tikta in rasa, laghu in guna,
usna in veerya,
alleviates kapha, pitta, cures yakrd vikara, hrdroga and
mutrakrcchra"
Kaseruka,कसेरुक,kaseruka,"https://www.medicinalplants.in/slokaimages/1461/1461_1.jpg
https://www.medicinalplants.in/slokaimages/1461/1461_2.jpg
https://www.medicinalplants.in/slokaimages/1461/1461_3.jpg","कसेरुकद्वयं शीतं मधुरं तुवरं गुरु|
पित्तशोणित दाहघ्नं नयनामयनाशनम्| |
ग्रीहि शुक्रामयश्लेष्मरुचिस्तन्यकरं परम्
IBpn )
Kaseruka dvaya is madhura, tuvara in rasa, guru,
in Buna, sita in
veerya, alleviates pitta and sonita cures daha, nayanamaya, is sukramaya
slesma aruci stanya kara param
Brahi

कासेरुकः
कषायोडल्पमधुरोडतिखरस्तथ |
रक्तपित्तप्रशमनः शीतो दाहश्रमापहः
Il IRjnl
Kaseruka   is
kashaya,
alpa
madhuram
in
rasa,   atikhara,
raktapitta
prasamana, sita, alleviates aaha ana srama

गुरूविष्टभिशीतो
च
श्रृंगाटककसेरुको
I (सुश्रुत, सू ४६, ३०४)
Srngataka kaseruka is guru , vistambhi and sita"
Kasthadaru,काष्ठदारु,kāṣṭhadāru,https://www.medicinalplants.in/slokaimages/1327/1327_1.jpg,"देवकाष्ठंमतंचोष्णंतिक्तरूक्षं कफापहम् |
वातंचभूतबाधाचलेपाद्वयङ्गविनाशनम्
IRjn 
Deva kastha is tikta in rasa, ruksa in guna
usna in veerya, alleviates
kapha, destroys vata, cures bhuta badha, and on lepana it cures vyanga"
Kataka,कतक,kataka,"https://www.medicinalplants.in/slokaimages/1541/1541_1.jpg
https://www.medicinalplants.in/slokaimages/1541/1541_2.jpg
https://www.medicinalplants.in/slokaimages/1541/1541_3.jpg
https://www.medicinalplants.in/slokaimages/1541/1541_4.jpg
https://www.medicinalplants.in/slokaimages/1541/1541_5.jpg","कतकं शीतलं प्राहुः तृष्णाविषविनाशनम्
नित्रोत्थरोगवध्वंसि विधिनाउञ्जनयोगतः
कतक्य फलं तिक्तं चक्षुर्ष्य पित्तलं मृदु
वारिप्रसादनं कृच्छ्रशर्करामडश्मरीञ्जयेत्
IDhn)
Kataka is sitala,
cures trsna, visha, netra roga and can be used as anjana.
Its phala is tikta in rasa, mrdu, caksushya, increases pitta, is
variprasaaana, cures mutrakrcchra, sarkara ana   asmari.

कतकः
कटुतिक्तोष्णश्चक्षुष्यः क्रिमिदोषनुत्|
रुचिकृच्छ्रलदोषघ्नो बीजमम्बुप्रसादनम्
IRjn)
Kataka  is
tikta in
rasa,
USna
veerya, caksushya, ruci  kara,
doshaghna, cures krmi. Its bija is ambu prasadana (purifies waterl.
katu ,

कतकस्य फलं नेत्र्यं जलनिर्मलताकरम् |
वातश्लेष्महरं शीतं मधुरं तुवरं गुरु|| (Bpnl
Katakasya phala is madhura, tuvara in rasa, guru in guna, sita in veerya,
alleviates vata ana slesma, is netrya and jala nirmala kara.

कतकस्य च मूलं तु सर्वकुष्ठहरं परम्| | (ब॰ नि॰ र०)
Its mula is considerea the best to cure sarva kustha.

कषायमधुरं शीतंडडशुदृिष्टप्रसादनम् |
विकासि ह्लादनं स्निग्धं कनकं फलम्
||
(काश्यपसंहिता कल्पस्थान
Kanaka phala is akshaya, madhura in
rasa, snigaha in Buna, sita in
veerya, drsti prasadana, vikasi ana hlaaana"
Katphala,कट्फल,kaṭphala,"https://www.medicinalplants.in/slokaimages/1148/1148_1.jpg
https://www.medicinalplants.in/slokaimages/1148/1148_2.jpg
https://www.medicinalplants.in/slokaimages/1148/1148_3.jpg
https://www.medicinalplants.in/slokaimages/1148/1148_4.jpg
https://www.medicinalplants.in/slokaimages/1148/1148_5.jpg","कट्फलः कफवातघ्नो गुल्ममेहाग्निमान्द्यदजित्|
रुचिष्यो
ज्वर-
दुर्नाम-ग्रहणी पाण्डुरोगहा | |
Katphala
alleviates   kapha
and
vata,   is
rucya,
CUrCS
gulma,
meha,
agnimandya , jvara, durnama, grahani, and pandu roga

कटफल
च
कषायं च
कफधातुविकारजित् 
हृल्लास मुखरोगघ्नं कासन्श्वास ्ज्वरापहम्
IDhn)
Katphala
kashaya in
rasa,  kapha dhatu vikaraghna, cures hrllasa
mukha roga, kasa, svasa and jvara.

कट्फलः कटूरुष्णश्च कासश्वासज्वरापहः
उग्रदाहहरो रुच्यो मुखरोगशमप्रदः | | (Rjnl
Katphala is katu in rasa, usna in veerya, rucya, cures kasa, svasa, jvara,
ugradaha and mukharoga.

कटुफलस्तुवरस्तिक्तः क टुर्वातकफज्वरान्
ह
श्वासप्रमेहार्शः कासकण्ठामयारुचीः
न[ IBpn)
Katphala is
tuvara, tikta, katu in
rasa,
cures vata kapha jvara,
svasa,
prameha, arsa, kasa, kantha amaya and aruci.

कफरोगध्नं श्वासकासज्वरापहम
IRjvl
Katphala cures kapha roga, svasa, kasa and jvara
कट्फलं"
Katutumbi,कटुतुम्बी,kaṭutumbī,"https://www.medicinalplants.in/slokaimages/88/88_1.jpg
https://www.medicinalplants.in/slokaimages/88/88_2.jpg
https://www.medicinalplants.in/slokaimages/88/88_3.jpg","कासश्वासच्छर्दिहरा विषर्ति कफकर्षिते|
अक्ष्वाकुः वमसे शस्ता.
II (Dhn)
Katutumbi
reduces
kapha,
cures
kasa,
svasa,
chardi
visa
and acts
$
effective emmenogogue

कटुस्तीक्ष्णा वान्तिकृच्छवासकासजित्
कासघ्नी शोधनी शोफव्रणशूलविषापहा II (Rin)
Katutumbi is katu in rasa, tiksna in guna, sodhani,
vanti
kara,
cures
mutrakrcchra
kasa,
svasa,
sopha,
vrana,
sula and visha
कटुतुम्बी

हिमा हृद्या पित्तकासविषापहा |
तिक्ता कटुर्विपाके च वातपित्तज्वरान्तकृत्I| (Bpn)
Katutumbi is tikta in rasa, hima in veerya, katu in paka,
alleviates
pitta,
is  hrdya,
cures
kasa,
visa,
vata
pitta
jvara.
कटुतुम्बी"
Kebuka,केबुक,kebuka,"https://www.medicinalplants.in/slokaimages/81/81_1.jpg
https://www.medicinalplants.in/slokaimages/81/81_2.jpg","केमुकःकटुकःपाकेतिक्तंग्राहिहिमंलघुः
दीपनंपाचनंहृद्यंकफपित्तज्वरापहम्| |
कुष्ठकासप्रमेहार्शनाशनंवातलंकटु
OBpn)
Kemuka is tikta, katu in rasa, grahi, laghu in guna,
hima in virya, katu in paka, dipana, pacana, hrdya,
alleviates kapha and pitta, increases vata, cures jvara,
kustha, kasa, prameha and arsa

केलूटकंतुमधुरंरूक्षमच्छंचशीतलम्
भेदकंग्राहकंरुच्यंगुरुपित्तकफापहम्| |
वातानाशकरंचैवकंदीप्येतेगुणाःस्मृताः
| |
(Nir)
Kelutaka is madhura in rasa, ruksa,
guru in guna, sita in
virya, bhedani, grahi, rucya, allevates pitta and kapha,
destroys vata."
Khadira,खदिर,khadira,"https://www.medicinalplants.in/slokaimages/16/16_1.jpg
https://www.medicinalplants.in/slokaimages/16/16_2.jpg
https://www.medicinalplants.in/slokaimages/16/16_3.jpg
https://www.medicinalplants.in/slokaimages/16/16_4.jpg
https://www.medicinalplants.in/slokaimages/16/16_5.jpg
https://www.medicinalplants.in/slokaimages/16/16_6.jpg","खदिरो गायत्रयाह्व क्षिति क्षमी दन्तधावनः
शल्यः
होमतरुः सकण्टको
रक्तसारश्च
प्रोच्यते बालपत्रोडज्ञो बालः कटिलकण्टकः
जिह्मशल्यो होमवृक्षः शब्दैः पर्यायवाचकैः Il (Aa mal
Khadira is called
as Gayatri, ksiti, ksami, dantadhavana, salya,
Kusthaghna, homataru, sakantaka, raktasara, balapatra, ajjho, bala
katilakantaka, jihmasalya, homavrksa
कुष्ठघ्नो

खदिरो बालपत्रश्च खाद्यः पत्री क्षिति क्षमा
वक्रकण्टश्च यज्ञांगो दन्तधावनः |l
गायत्री जिह्मशल्यश्च कण्टी सारद्रुमस्तथा
कुष्ठारि्बहुसारश्च मेध्यः सप्तदशाह्वयः Il IRjnl
Khadira is called as balapatra, khadya, patri, ksiti, ksama, susalya,
vakrakanta, yajnjnaga, dantadhavana, gayatri, jihmasalya, kanti,
saraaruma, kusthari, bahusara, medhya, saptaaasahvaya
सुशल्यो

खदिरः शतिलो दन्त्यः कण्डूकासारुचिप्रणुत्
तिक्तः कषायो मेदोघ्नः कृमिमेहज्वरव्रणान्
श्वित्रशोफामपित्तास्रपाण्डुकुष्ठकफान् हरते
IBpn)
Khadira is tikta, kashaya in rasa, sita in veerya , dantya, medaghna cures
kandu, kasa, aruci, krmi, meha, jvara, vrana, svitra, sopha, ama, pitta,
asra vikara, pandu, kustha ana alleviates kapha

खदिरः स्याद् रसे तिक्तो हिमः पित्तकफास्रनुत्
कुष्ठामकासकण्डूतिकृम्दोषहरः स्मृतः Il (Dhny
Khadira is tikta in rasa, hima in veerya, alleviates pitta and kapha is asra
nara, cures kustha,
ama, kasa, kandu and atikrmi.

खदिर कुष्ठघ्ननाम्
(C.S.Su २५)
Khadira is Kusthaghna. ICs. )

शनैर्मेहिनं खदिरकषायम
ISu.S Chi २२ )
Khadira is kashaya in rasa and cures meha within a minute"
Kiratatikta,किराततिक्त,kirātatikta,"https://www.medicinalplants.in/slokaimages/1549/1549_1.jpg
https://www.medicinalplants.in/slokaimages/1549/1549_2.jpg
https://www.medicinalplants.in/slokaimages/1549/1549_3.jpg","किरातको रसे तिक्तः सरः शीतो लघुस्तथा
श्लेष्मपित्तास्रशोफादिकासतृष्णाज्वरापहः
||
(Dhn)
Kirataka is tikta in rasa,
sara and laghu in guna, sita in
veerya, cures slesma, pitta asra, sopha, trsna and jvara

भूनिम्बो वातलः तिक्तः कफपित्त ज्वरापहः
वर्णसंरोपणः पथ्यः कुष्ठकण्डूतिशोफनुत्I |
नेपालनिम्बः शीतोष्णो योगवाही लघुस्तथा
तिक्तोडति कफपित्तास्रशोफतृष्णाज्वरापहःI| (Rjn)
Bhunimba is tikta in rasa, increases vata, alleviates
kapha and pitta, is pathya, varna samropana, cures
kustha kandu sopha and jvara
Nepala nimba is ati tikta in rasa, laghu in guna, sitosna
in veerya, yogavahi,
cures kapha, pitta, sopha, asra,
trsna and ivara.

किरातः सारको रूक्षः शीतलः तिक्तको लघुः
सन्निपातज्वरश्वासकफपित्तास्रदाहनुत्
कासशोथतृषाकुष्ठज्वरव्रणकृमिप्रणुत्I| (Bpn)
Kirata is tikta in rasa, sara, ruksa, laghu, in guna, sita in
veerya,
cures
sannipata
ivara
svasa,
kasa,
pittasra
daha, kasa sotha, trsha, kustha, ivara, vrana and krmi."
Kitamari,कीटमारी,kīṭamārī,"https://www.medicinalplants.in/slokaimages/160/160_1.jpg
https://www.medicinalplants.in/slokaimages/160/160_2.jpg","वातश्लेषमज्वरहरा संध्यस्थीनि प्रसारिणी |
शाढलः)
It alleviates vata and slesma, cures jvara, is sandhyasti prasarini.

तिक्ता
शोफघ्नी ह्युष्णा च दापनी |
कासघ्नी.
IRjnl
It is tikta in rasa, usna in veerya, dipani,
cures
krmi, sopha
kasa.
कृमिघ्नी
and"
Kokilaksa,कोकिलाक्ष,kokilākṣa,"https://www.medicinalplants.in/slokaimages/888/888_1.jpg
https://www.medicinalplants.in/slokaimages/888/888_2.jpg
https://www.medicinalplants.in/slokaimages/888/888_3.jpg
https://www.medicinalplants.in/slokaimages/888/888_4.jpg
https://www.medicinalplants.in/slokaimages/888/888_5.jpg
https://www.medicinalplants.in/slokaimages/888/888_6.jpg
https://www.medicinalplants.in/slokaimages/888/888_7.jpg
https://www.medicinalplants.in/slokaimages/888/888_8.jpg","कण्टकी दीर्घपत्रश्च पल्वलेषु प्ररोहति
IShi ni)
Kantaki, Dirghapatra, Palvaleshu are the synonyms of Kokilaksa

नादेयी चेक्षुरः पुण्ड्रः कण्टकी कोकिलाक्षकः
प्रोक्तः कोकिलपर्यायैरक्षिपर्यायपूर्वकैः Il IAa mal
Nadeyi , Iksura, Pundra, Kantaki, Kokilaksaka, Kokila are the synonyms of
Kokilaksa.

कोकिलाक्षस्तु काकेक्षुरिक्षुरः क्षुरिका क्षुरः
कण्डेक्षुरप्युक्ता इक्षुगन्धेक्षुबालिका |l (Bpnl
Kokilaksa is called as kakeksura, iksura, ksurika, ksura, bhiksu, kandeksu,
iksugandha and balika.
भिक्षुः

कोकिलाक्षः शृङ्गाली च शृङ्खला रणकास्तथा
शृङ्गालघण्टी वज्रास्थिशृङ्खला वज्रकण्टकः |I
इक्षुरः क्षुरको वज्रः शृङ्खलिका पिकेक्षण
पिच्छिला चेक्षुगन्धा ज्ञेया भुवनसम्मिता Il IRjn)
Kokilaksa is also called as srungali, srunkhala, ranaka, srungalaghanti,
vajrasthi, srunkhala, vajrakantaka, iksura, ksuraka, vajra, srunkhalika,
pikekshana, picchila, iksuganaha and bhuvana.

क्षुरकः शीतलो वृष्यः स्वाद्वम्लः पिच्छिलस्तथा
तिक्तो वातामशोफाश्मतृष्णादृष्ट्यनिलास्रजित् Il (Bpnl
Ksuraka is tikta, svadu, amla in rasa , sita in veerya, picchila in guna,
vrsya , alleviates vata, cures ama, sopha, asma, trsna, drsti vikara, anila
and asra vikara

कोकिलाक्षस्तु मधुरः शीतः पित्तातिसारनुत्
वृष्यः कफहरो बल्यो रुच्यः सन्तर्पणः परः Il IRjnl
Kokilaksa is madhura in rasa, sita in veerya, balya, rucya, vrsya, alleviates
pitta and kapha cures atisara and santarpana

क्षुरकः शीतलो वृष्यः मधुरः पिच्छिलो हिमः
स्निग्धः
पित्तामशोफाश्मतृष्णादृष्ट्यनिलास्रजित् Il (Dravil
Ksuraka is Sita in Potency , Vrsya, Madhura in rasa, Picchila in Property ,
Hima in Potency , Snighaa,
cures Pitta, Sopha, Asma, trsna, Drsti vikara,
Anila nad Asra vikara

कोकिलाक्षो हिमस्तिक्तः स्वाद्वम्लः स्निग्धपिच्छिलः
वृष्यो वातामवाताश्मतृष्णादृष्टिखुडास्रजित्
इक्षुरस्य दलं स्वादु तिक्तं शोफविषापहम्
शूलपाण्डूदरानाहवातमूत्रविबन्धनुत्
IKdn )
Kokilaksa is Hima in Potency, Tikta, Svaau, Amla in Rasa, Snigdha,
Picchila in Property , Vrsya, cures Vata, Ama vata, Asma, Trsna, Drsti
roga, Khuda, Asra vikara.
Iksu rasa dala is Svadu, Tikta in Rasa , Sopha- Visha hara, cures Sula,
Pandu, Uaara, Anaha, Mutra vibandha"
Kosamra,कोशाम्र,kośāmra,"https://www.medicinalplants.in/slokaimages/1067/1067_1.jpg
https://www.medicinalplants.in/slokaimages/1067/1067_2.jpg
https://www.medicinalplants.in/slokaimages/1067/1067_3.jpg","कोशाम्रश्चघनस्कन्धोवनाम्रोजन्तुपादपः
क्षुद्रोम्रश्चेतिरक्ताम्रोलाक्षावृक्षःसुरक्तकः | |
Synonyms of Kosamra are ghanaskanaa, vanamra, jantu padapa, ksudra
amra, raktamra laksha vrksa and suraktaka

कोशाम्रकुष्ठशोथास्रपित्तव्रणकफापहः
It alleviates kapha and cures kustha, sotha, asra, pitta and vrana

अपक्वफलगुणाः
तत्फलंग्राहिवातघ्नमम्लोष्णंगुरुपित्तलम्|
Its phala is amla in rasa, usna in veerya, guru, grahi in guna, alleviates
vata and increases pitta."
Kosataki,कोशातकी,kośātakī,"https://www.medicinalplants.in/slokaimages/1043/1043_1.jpg
https://www.medicinalplants.in/slokaimages/1043/1043_2.jpg
https://www.medicinalplants.in/slokaimages/1043/1043_3.jpg","क्ष्वेडस्तिक्तः
कटुस्तीक्ष्णोडप्रगाढश्च प्रशस्यते|
कुष्ठपाण्ड्वामयप्लीहशोफगुल्मगरादिषु| | (Dhnl
Kosataki is katu in rasa, tiksna in guna, apragada,
cures
Kustha, pandu,
pliha, sopha, gulma and gara visha.

कोशातकी
शिशिरा कटुकाडल्पकषायका
पित्तवातकफघ्नी च मलाघ्मानविशोधिनी| |
धाराकोषातकी स्निग्धा मधुरा कफपित्तनुत्|
ईषद् वातकरी पथ्या रुचिकृद् बलवीर्यदा
Il IRjnl
Kosataki is katu, alpa kashaya in rasa, sisira in veerya, alleviates pitta,
vata and kapha doshas, is mala adhmana visodhani.
Dhara kosataki is madhura in rasa, snighda in guna, alleviates kapha and
pitta, increases vata
is pathya, ruci kara, and bala viryada.
mildly,

राजकोषातकी गरे गुल्मोदरे कासे वातश्लेष्मामये स्थिते|
कफे च कण्टवक्त्रस्थ
कफसञ्चयजेषु च|| तचरक.क.अ४)
Raja kosataki
cures gara, gulmodara,
kasa, vata slesmamya, kapha in
kantha, vaktra and kapha sancaya."
Kosataki catustaya,कोशातकी चतुष्टय,kośātakī catuṣṭaya,"https://www.medicinalplants.in/slokaimages/1043/1043_1.jpg
https://www.medicinalplants.in/slokaimages/1043/1043_2.jpg
https://www.medicinalplants.in/slokaimages/1043/1043_3.jpg","क्ष्वेडस्तिक्तः
कटुस्तीक्ष्णोडप्रगाढश्च प्रशस्यते|
कुष्ठपाण्ड्वामयप्लीहशोफगुल्मगरादिषु| | (Dhnl
Kosataki is katu in rasa, tiksna in guna, apragada,
cures
Kustha, pandu,
pliha, sopha, gulma and gara visha.

कोशातकी
शिशिरा कटुकाडल्पकषायका
पित्तवातकफघ्नी च मलाघ्मानविशोधिनी| |
धाराकोषातकी स्निग्धा मधुरा कफपित्तनुत्|
ईषद् वातकरी पथ्या रुचिकृद् बलवीर्यदा
Il IRjnl
Kosataki is katu, alpa kashaya in rasa, sisira in veerya, alleviates pitta,
vata and kapha doshas, is mala adhmana visodhani.
Dhara kosataki is madhura in rasa, snighda in guna, alleviates kapha and
pitta, increases vata
is pathya, ruci kara, and bala viryada.
mildly,

राजकोषातकी गरे गुल्मोदरे कासे वातश्लेष्मामये स्थिते|
कफे च कण्टवक्त्रस्थ
कफसञ्चयजेषु च|| तचरक.क.अ४)
Raja kosataki
cures gara, gulmodara,
kasa, vata slesmamya, kapha in
kantha, vaktra and kapha sancaya."
Krsnabija,कृष्णबीज,kṛṣṇabīja,,
Kukundara,कुकुन्दर,kukundara,"https://www.medicinalplants.in/slokaimages/249/249_1.jpg
https://www.medicinalplants.in/slokaimages/249/249_2.jpg","कुकुन्दरस्ताम्रचूडःसूक्ष्मपत्रामृद्रुच्छदः
Kukundara, tamra cuda , suksma patra, mrducchada are its synonyms

कुकुन्दरःकटुस्तिक्तोज्वरघ्नच्चोष्णकृन्मतः
रक्तरुक्कफदाहानांतृषायाश्चैवनाशनः [
अस्यार्द्रमूलञ्चमुखेधारितमुखदोषनुत
INlir)
Kukundara is katu , tikta in rasa, usna in veerya, destroys rakta ruk kapha
dosha, cures jvara, daha and trsha
Its ardra mula is mukhadharana ana mukha aosha hara"
Kulattha,कुलत्थ,kulattha,"https://www.medicinalplants.in/slokaimages/1700/1700_1.jpg
https://www.medicinalplants.in/slokaimages/1700/1700_2.jpg
https://www.medicinalplants.in/slokaimages/1700/1700_3.jpg","उष्णाः कषायाः पाकेडम्लाः
कफशुक्रडनिलापहाः [
कुलत्थाः ग्राहिणः कासहिक्काश्वासर्शसां हिताः | |
चरक
Kulattha is kashaya in rasa, grahi in guna
usna in veerya, amla in paka
alleviates kapha sukra anila dosha,
cures kasa, hikka, svasa and arsas

उष्णः
रसतः कायः
कटुर्विपाके कफमारुतघ्नः
शुक्रश्मरिगुल्मनिषूदनश्च संग्राहकः पीनसकासहारी| |
आनाहमेदोगुदकीलहिक्काश्वासापहः शोणितपित्तकृच्च
कफस्य हन्ता नयनामयघ्नः विशेषतो वन्यकुलत्थ उक्तः
(सुश्रुतः)
Kulattha is kashaya in rasa, sangrahi in guna, usna in veerya, katu in
paka, alleviates kapha ana vata, cures sukra asmari, gulma, pinasa and
kasa
Specifically vanya kulattha cures anaha, meaa, guaa kila, hikka, svasa
sonita pitta, kapha and nayanamaya.
कुलत्थो

कषायस्वादुरूक्षोष्णाः कुलत्थाः रक्तपित्तलाः
पीनसश्वासकासार्शोहिध्मा आनाहकफानिलान्||
घ्नन्ति
शुक्रश्मरीं शुक्रं
शोफं तथोदरम् |
ग्राहिणो लघवस्तीक्ष्णा विपाकेउम्लै विदाहिनः| | (वृद्धवाग्भटः )
It is
kashaya, svaau in rasa, grahi, laghu, tiksna in guna, usna in veerya,
amla in paka, rakta pittala, viaahi, cures pinasa, svasa, kasa, arsa,
hidhma, anaha , kapha, anila, sukrasmari, sukra, drsti, sopha and udara,
दृष्टि"
Kumbhi,कुम्भि,kumbhi,"https://www.medicinalplants.in/slokaimages/329/329_1.jpg
https://www.medicinalplants.in/slokaimages/329/329_2.jpg","कुम्भिकावारिपर्णीचवारिमूलीखमुलिका
आकाशमूलिकुतृणंकुमुदाजलवल्कलम् ||
Kumbhika, variparni, varimuli, khamulika, akashamulika, kutrnam,
kumuaa, jalavalkalam are its synonyms

वारिपर्णीहिमातिक्तालघ्वीस्वाद्धिसराकटुः |
दोषत्रयहरीरूक्षाशोणितज्वरशोषकृत्
Variparni is tikta, svadu, katu in rasa, laghu, ruksa, sara in guna, hima in
veerya, alleviates all the three doshas,
is sonita jvara sosa kara."
Kumuda,कुमुद,kumuda,"https://www.medicinalplants.in/slokaimages/1174/1174_1.jpg
https://www.medicinalplants.in/slokaimages/1174/1174_2.jpg
https://www.medicinalplants.in/slokaimages/1174/1174_3.jpg","कैरवंचन्द्रकान्तञ्चगर्दभंकुमुदंकुमुद् 0
Synonyms of kumuaa are candrakanta, gardabha ana kumudam.

कुमुदंशीतलंस्वादुपाकेतिक्तंकफापहम्
रक्तदोषहरंदाहश्रमपित्तप्रशान्तिकृत्
IRjnl
Kumudam is tikta in rasa , sita in veeryza, svaau in paka, alleviates kapha
and rakta dosna
cures aaha, srama and pitta, is prasantikaraka.

भवेत्कुमुद्वतीबीजंस्वादुरूक्षंहिमंगुरु |
Its bija is svadu in rasa, ruksa, guru in guna and hima in veerya."
Kupilu,कुपीलु,kupīlu,"https://www.medicinalplants.in/slokaimages/1540/1540_1.jpg
https://www.medicinalplants.in/slokaimages/1540/1540_2.jpg","विषतिन्दुः महातिक्तः कफवातविषापहः
(Sodala Nighantu )

तिन्दुको यस्तु कथितो जलदो दीर्घपत्रकः 
कुपीलुः कुलकः काकतिन्दुकः काकपीलुकः [
कोकेन्दुर्विषतिन्दुश्च तथा
मर्कटतिन्दुकः |
 |
कुपिलुः शीतलं तिक्तं वातलं मदकुल्लघु |
परं व्यथाहरं ग्राहि कफपित्तास्रनाशनम | |
IBpn]
Synonyms of kupilu are tinduka jalada. dirghapatraka kupilu kulaka. kakatinduka
kakapiluka. kakendu visatindu and markatatinduka It is tikta in rasa
sita in virya laghu
in guna. vatakara
alleviates kapha pitta and rakta vikara vyathahara. IBpn]
grahi"
Kusa,कुश,kuśa,"https://www.medicinalplants.in/slokaimages/602/602_1.jpg
https://www.medicinalplants.in/slokaimages/602/602_2.jpg
https://www.medicinalplants.in/slokaimages/602/602_3.jpg","दर्भः स्निग्धरसः स्वादुः कषायः कफपित्तहा
विसर्पदाहकृच्छ्रास्कतृष्णाबस्तिविकारनम्|
रक्तज्वरं तृषाश्वासकामलादाषनाशकृत्
दर्भौ द्वौ च गुणैस्तुल्यौ तथापि च सिता अधिकः
यदिश्वेतकुशाभावः त्वपरं  योजयेद्
Il (Rin)
Darbha is svadu, kashaya in rasa, snigdha in guna,
alleviates kapha and pitta, cures visarpa, daha, krcchra
kasa, trsna, vasti vikara, rakta jvara, trsa, svasa and
kamala
Darbha dvau are similar in properties Sita darba is the
best one and in the absence of sveta kusa this one can
be used.
भिषक्

दर्भद्वयं त्रिदोषघ्नं मधुरं तुवरं हिमम्|
मूत्रकृच्छ्राश्मरीतृष्णाबस्तिरुक्प्रदरास्रजित्|| (Bpn)
Darbha dvayam is madhura, tuvara in rasa,
hima in
veerya,
alleviates all the three doshas, cures
mutrakrcchra, asmari, trsna, vasti ruk, pradara and asra

दर्भयुगम्ं पवित्रं स्यान्मूत्रकृच्छ्रघ्नशीतलम्
रक्तपित्तप्रशमनं केवलं पित्तनाशनम्I| (Dhn)
Darbha
dvayam
is
sita,
pavitra,
alleviates
pitta
only
cures mutrakrcchra and raktapitta."
Kusa - bheda,कुश भेद,kuśa bheda,"https://www.medicinalplants.in/slokaimages/602/602_1.jpg
https://www.medicinalplants.in/slokaimages/602/602_2.jpg
https://www.medicinalplants.in/slokaimages/602/602_3.jpg","दर्भः स्निग्धरसः स्वादुः कषायः कफपित्तहा
विसर्पदाहकृच्छ्रास्कतृष्णाबस्तिविकारनम्|
रक्तज्वरं तृषाश्वासकामलादाषनाशकृत्
दर्भौ द्वौ च गुणैस्तुल्यौ तथापि च सिता अधिकः
यदिश्वेतकुशाभावः त्वपरं  योजयेद्
Il (Rin)
Darbha is svadu, kashaya in rasa, snigdha in guna,
alleviates kapha and pitta, cures visarpa, daha, krcchra
kasa, trsna, vasti vikara, rakta jvara, trsa, svasa and
kamala
Darbha dvau are similar in properties Sita darba is the
best one and in the absence of sveta kusa this one can
be used.
भिषक्

दर्भद्वयं त्रिदोषघ्नं मधुरं तुवरं हिमम्|
मूत्रकृच्छ्राश्मरीतृष्णाबस्तिरुक्प्रदरास्रजित्|| (Bpn)
Darbha dvayam is madhura, tuvara in rasa,
hima in
veerya,
alleviates all the three doshas, cures
mutrakrcchra, asmari, trsna, vasti ruk, pradara and asra

दर्भयुगम्ं पवित्रं स्यान्मूत्रकृच्छ्रघ्नशीतलम्
रक्तपित्तप्रशमनं केवलं पित्तनाशनम्I| (Dhn)
Darbha
dvayam
is
sita,
pavitra,
alleviates
pitta
only
cures mutrakrcchra and raktapitta."
Kustha,कुष्ठ,kuṣṭha,"https://www.medicinalplants.in/slokaimages/1453/1453_1.jpg
https://www.medicinalplants.in/slokaimages/1453/1453_2.jpg
https://www.medicinalplants.in/slokaimages/1453/1453_3.jpg
https://www.medicinalplants.in/slokaimages/1453/1453_4.jpg","तिक्तं स्यात कफमारुतरक्तजितं |
त्रिदोषविषकण्डूश्च कुष्ठरोगाँश्च नाशयेत्
न[ IDhn)
Kustha is katu, tikta in rasa, usna in veerya, alleviates kapha, maruta ana
rakta dosha, cures tridosha, visa, kandu ana kustha.
कुष्ठं
कटूष्णं

तिक्तं स्यात् कफमारुतकुष्ठजित् |
विसर्पविषकण्डूतिखर्जुदद्रुघ्नकान्तिकृत्| | IRjn)
Kustha is katu, tikta in rasa, usna in veerya, alleviates kapha and maruta
is kantikara, cures kustha, visarpa, visa, kandu, kharju and dadru.
कटूष्णं
कुष्ठं

कुष्ठमुष्णं कटु स्वादु शुक्रलं तिक्तलं लघु
हान्त
वातास्रविसर्पकासकुष्ठमरुकफान्
Il (Bpn)
Kustha is katu , svadu, tikta in rasa, laghu in guna, usna in veerya, sukrala,
alleviates maruta and kapha,cures vatasra, visarpa, kasa and kustha

वातहराभ्यंङ्गोपनाहयोगिनाम्
(चरक
Kustha alleviates vata and used in abhyanga and upanaha
कुष्ठं"
Kutaja,कुटज,kuṭaja,"https://www.medicinalplants.in/slokaimages/876/876_1.jpg
https://www.medicinalplants.in/slokaimages/876/876_2.jpg
https://www.medicinalplants.in/slokaimages/876/876_3.jpg
https://www.medicinalplants.in/slokaimages/876/876_4.jpg
https://www.medicinalplants.in/slokaimages/876/876_5.jpg
https://www.medicinalplants.in/slokaimages/876/876_6.jpg
https://www.medicinalplants.in/slokaimages/876/876_7.jpg
https://www.medicinalplants.in/slokaimages/876/876_8.jpg","कुटजः
कौटो वत्सको गिरिमल्लिका
कलिङ्गश्चक्रशाखी
च
मल्लिकापुष्प इत्यपि
इन्द्रयवफलः प्रोक्तो वृष्यकः पाण्डुरद्रुमः
IBpn)
Synonyms of Kutaja are Kutija, Kauto, Vatsaka, Girimallika, Kalinga,
Cakrasakhi, Mallika puspa, Indrayav phala, Vrsyaka, Pandura druma.
कुटिजः

कुटजः कौटजः शक्रो वत्सको गिरिमल्लिका
कलिङ्गो मल्लिकापुष्पः प्रावृष्यः शक्रपादपः |I
वरतिक्तो यवफलः संग्राहि पाण्डुरद्रुमः
प्रावृषेण्यो महागन्धः स्यात्पञ्चदशाभिधः
Il IRjn)
Kutaja is otherwise named Kautaja, Sakra, Vatsaka, Girimallika, Kalinga
Mallikapuspa, Pravrsya , Sakrapadapa, Varatikta, Yavaphala, Sangrhahi,
Panduradruma, Pravrsenya, Mahagandha

दीपनः पाचनं ग्राहि रक्तपित्तार्शसां हितम्
कृमिकुष्ठप्रशमनं
तिक्तकं रसे Il IMdnl
Kutaja is tikta in rasa, dipana, pacana, 8rahi in karma, cures raktapitta
arsa, krmi, kustha
कुटजं

कुटजः कटुकस्तिक्तः कषायो रूक्षशीतलः
कुष्ठातिसारपित्तास्रगुदजानि विनाशयेत्
IDhn )
Kutaja is katu, tikta, kashaya in rasa, ruksa in guna, sitala in veerya, cures
Kustha, atisara, pitta asra , gudaja vikara.

कुटजः कटुतिक्तोष्णः कषायश्चातिसारजित्
तत्रासितोडस्रपित्तघ्नः त्वग्दोषार्शोनिकृन्तनः Il IRjn)
Kutaja is katu, tikta, kashaya in rasa, usna in veerya and cures atisara
Asita variety alleviates pitta, asra, tvag dosha and arsa

रक्तपित्तकफघ्नस्तु सुकुमारेष्वनत्ययः
हृद्रोगज्वरवातासृगविसर्पादिशु शस्यते
Il IC.S Ka 5)
Kutaja alleviates raktapitta
kapha.
It can be given even in children. It
cures
hraroga, jvara, vata asrg visarpa etc ,
and

कुटजः कटुको रूक्षो दीपनस्तुवरो लघुः
अर्शोडतिसारपित्तास्रकफतृष्णामपित्तनुत् Il IMdv
Kutaja is katu, tuvara in rasa, ruksa in guna, dipana in karma, cures arsa,
atisara, pittasra, kapha, trsna
ama, pitta.

पुष्पन्तु वत्सकस्योक्तं
चाग्निदीपकम्
तिक्तं शीतं वातलं च लघु पित्तातिसारनुत्
रक्तदोषं कफं पित्तं कुष्ठञ्चैवातिसारकम्
कृमींश्चैव हरेदेतदुक्तं पूर्वैश्च सूरिभिः
Il INir)
Puspa is tuvara, tikta in rasa, laghu in guna , sita in veerya, agni dipaka,
increases vata, cures pitta, atisara, rakta dosha, kapha, pitta, kustha,
atisara, krmi.
तुवरं"
Kutaja - jati,कुटज जाति,kuṭaja jāti,"https://www.medicinalplants.in/slokaimages/876/876_1.jpg
https://www.medicinalplants.in/slokaimages/876/876_2.jpg
https://www.medicinalplants.in/slokaimages/876/876_3.jpg
https://www.medicinalplants.in/slokaimages/876/876_4.jpg
https://www.medicinalplants.in/slokaimages/876/876_5.jpg
https://www.medicinalplants.in/slokaimages/876/876_6.jpg
https://www.medicinalplants.in/slokaimages/876/876_7.jpg
https://www.medicinalplants.in/slokaimages/876/876_8.jpg","कुटजः
कौटो वत्सको गिरिमल्लिका
कलिङ्गश्चक्रशाखी
च
मल्लिकापुष्प इत्यपि
इन्द्रयवफलः प्रोक्तो वृष्यकः पाण्डुरद्रुमः
IBpn)
Synonyms of Kutaja are Kutija, Kauto, Vatsaka, Girimallika, Kalinga,
Cakrasakhi, Mallika puspa, Indrayav phala, Vrsyaka, Pandura druma.
कुटिजः

कुटजः कौटजः शक्रो वत्सको गिरिमल्लिका
कलिङ्गो मल्लिकापुष्पः प्रावृष्यः शक्रपादपः |I
वरतिक्तो यवफलः संग्राहि पाण्डुरद्रुमः
प्रावृषेण्यो महागन्धः स्यात्पञ्चदशाभिधः
Il IRjn)
Kutaja is otherwise named Kautaja, Sakra, Vatsaka, Girimallika, Kalinga
Mallikapuspa, Pravrsya , Sakrapadapa, Varatikta, Yavaphala, Sangrhahi,
Panduradruma, Pravrsenya, Mahagandha

दीपनः पाचनं ग्राहि रक्तपित्तार्शसां हितम्
कृमिकुष्ठप्रशमनं
तिक्तकं रसे Il IMdnl
Kutaja is tikta in rasa, dipana, pacana, 8rahi in karma, cures raktapitta
arsa, krmi, kustha
कुटजं

कुटजः कटुकस्तिक्तः कषायो रूक्षशीतलः
कुष्ठातिसारपित्तास्रगुदजानि विनाशयेत्
IDhn )
Kutaja is katu, tikta, kashaya in rasa, ruksa in guna, sitala in veerya, cures
Kustha, atisara, pitta asra , gudaja vikara.

कुटजः कटुतिक्तोष्णः कषायश्चातिसारजित्
तत्रासितोडस्रपित्तघ्नः त्वग्दोषार्शोनिकृन्तनः Il IRjn)
Kutaja is katu, tikta, kashaya in rasa, usna in veerya and cures atisara
Asita variety alleviates pitta, asra, tvag dosha and arsa

रक्तपित्तकफघ्नस्तु सुकुमारेष्वनत्ययः
हृद्रोगज्वरवातासृगविसर्पादिशु शस्यते
Il IC.S Ka 5)
Kutaja alleviates raktapitta
kapha.
It can be given even in children. It
cures
hraroga, jvara, vata asrg visarpa etc ,
and

कुटजः कटुको रूक्षो दीपनस्तुवरो लघुः
अर्शोडतिसारपित्तास्रकफतृष्णामपित्तनुत् Il IMdv
Kutaja is katu, tuvara in rasa, ruksa in guna, dipana in karma, cures arsa,
atisara, pittasra, kapha, trsna
ama, pitta.

पुष्पन्तु वत्सकस्योक्तं
चाग्निदीपकम्
तिक्तं शीतं वातलं च लघु पित्तातिसारनुत्
रक्तदोषं कफं पित्तं कुष्ठञ्चैवातिसारकम्
कृमींश्चैव हरेदेतदुक्तं पूर्वैश्च सूरिभिः
Il INir)
Puspa is tuvara, tikta in rasa, laghu in guna , sita in veerya, agni dipaka,
increases vata, cures pitta, atisara, rakta dosha, kapha, pitta, kustha,
atisara, krmi.
तुवरं"
Kutaja - punkutaja,कुटज पुंकुटज,kuṭaja puṃkuṭaja,"https://www.medicinalplants.in/slokaimages/876/876_1.jpg
https://www.medicinalplants.in/slokaimages/876/876_2.jpg
https://www.medicinalplants.in/slokaimages/876/876_3.jpg
https://www.medicinalplants.in/slokaimages/876/876_4.jpg
https://www.medicinalplants.in/slokaimages/876/876_5.jpg
https://www.medicinalplants.in/slokaimages/876/876_6.jpg
https://www.medicinalplants.in/slokaimages/876/876_7.jpg
https://www.medicinalplants.in/slokaimages/876/876_8.jpg","कुटजः
कौटो वत्सको गिरिमल्लिका
कलिङ्गश्चक्रशाखी
च
मल्लिकापुष्प इत्यपि
इन्द्रयवफलः प्रोक्तो वृष्यकः पाण्डुरद्रुमः
IBpn)
Synonyms of Kutaja are Kutija, Kauto, Vatsaka, Girimallika, Kalinga,
Cakrasakhi, Mallika puspa, Indrayav phala, Vrsyaka, Pandura druma.
कुटिजः

कुटजः कौटजः शक्रो वत्सको गिरिमल्लिका
कलिङ्गो मल्लिकापुष्पः प्रावृष्यः शक्रपादपः |I
वरतिक्तो यवफलः संग्राहि पाण्डुरद्रुमः
प्रावृषेण्यो महागन्धः स्यात्पञ्चदशाभिधः
Il IRjn)
Kutaja is otherwise named Kautaja, Sakra, Vatsaka, Girimallika, Kalinga
Mallikapuspa, Pravrsya , Sakrapadapa, Varatikta, Yavaphala, Sangrhahi,
Panduradruma, Pravrsenya, Mahagandha

दीपनः पाचनं ग्राहि रक्तपित्तार्शसां हितम्
कृमिकुष्ठप्रशमनं
तिक्तकं रसे Il IMdnl
Kutaja is tikta in rasa, dipana, pacana, 8rahi in karma, cures raktapitta
arsa, krmi, kustha
कुटजं

कुटजः कटुकस्तिक्तः कषायो रूक्षशीतलः
कुष्ठातिसारपित्तास्रगुदजानि विनाशयेत्
IDhn )
Kutaja is katu, tikta, kashaya in rasa, ruksa in guna, sitala in veerya, cures
Kustha, atisara, pitta asra , gudaja vikara.

कुटजः कटुतिक्तोष्णः कषायश्चातिसारजित्
तत्रासितोडस्रपित्तघ्नः त्वग्दोषार्शोनिकृन्तनः Il IRjn)
Kutaja is katu, tikta, kashaya in rasa, usna in veerya and cures atisara
Asita variety alleviates pitta, asra, tvag dosha and arsa

रक्तपित्तकफघ्नस्तु सुकुमारेष्वनत्ययः
हृद्रोगज्वरवातासृगविसर्पादिशु शस्यते
Il IC.S Ka 5)
Kutaja alleviates raktapitta
kapha.
It can be given even in children. It
cures
hraroga, jvara, vata asrg visarpa etc ,
and

कुटजः कटुको रूक्षो दीपनस्तुवरो लघुः
अर्शोडतिसारपित्तास्रकफतृष्णामपित्तनुत् Il IMdv
Kutaja is katu, tuvara in rasa, ruksa in guna, dipana in karma, cures arsa,
atisara, pittasra, kapha, trsna
ama, pitta.

पुष्पन्तु वत्सकस्योक्तं
चाग्निदीपकम्
तिक्तं शीतं वातलं च लघु पित्तातिसारनुत्
रक्तदोषं कफं पित्तं कुष्ठञ्चैवातिसारकम्
कृमींश्चैव हरेदेतदुक्तं पूर्वैश्च सूरिभिः
Il INir)
Puspa is tuvara, tikta in rasa, laghu in guna , sita in veerya, agni dipaka,
increases vata, cures pitta, atisara, rakta dosha, kapha, pitta, kustha,
atisara, krmi.
तुवरं"
Kutaja - stri,कुटज स्त्री,kuṭaja strī,"https://www.medicinalplants.in/slokaimages/876/876_1.jpg
https://www.medicinalplants.in/slokaimages/876/876_2.jpg
https://www.medicinalplants.in/slokaimages/876/876_3.jpg
https://www.medicinalplants.in/slokaimages/876/876_4.jpg
https://www.medicinalplants.in/slokaimages/876/876_5.jpg
https://www.medicinalplants.in/slokaimages/876/876_6.jpg
https://www.medicinalplants.in/slokaimages/876/876_7.jpg
https://www.medicinalplants.in/slokaimages/876/876_8.jpg","कुटजः
कौटो वत्सको गिरिमल्लिका
कलिङ्गश्चक्रशाखी
च
मल्लिकापुष्प इत्यपि
इन्द्रयवफलः प्रोक्तो वृष्यकः पाण्डुरद्रुमः
IBpn)
Synonyms of Kutaja are Kutija, Kauto, Vatsaka, Girimallika, Kalinga,
Cakrasakhi, Mallika puspa, Indrayav phala, Vrsyaka, Pandura druma.
कुटिजः

कुटजः कौटजः शक्रो वत्सको गिरिमल्लिका
कलिङ्गो मल्लिकापुष्पः प्रावृष्यः शक्रपादपः |I
वरतिक्तो यवफलः संग्राहि पाण्डुरद्रुमः
प्रावृषेण्यो महागन्धः स्यात्पञ्चदशाभिधः
Il IRjn)
Kutaja is otherwise named Kautaja, Sakra, Vatsaka, Girimallika, Kalinga
Mallikapuspa, Pravrsya , Sakrapadapa, Varatikta, Yavaphala, Sangrhahi,
Panduradruma, Pravrsenya, Mahagandha

दीपनः पाचनं ग्राहि रक्तपित्तार्शसां हितम्
कृमिकुष्ठप्रशमनं
तिक्तकं रसे Il IMdnl
Kutaja is tikta in rasa, dipana, pacana, 8rahi in karma, cures raktapitta
arsa, krmi, kustha
कुटजं

कुटजः कटुकस्तिक्तः कषायो रूक्षशीतलः
कुष्ठातिसारपित्तास्रगुदजानि विनाशयेत्
IDhn )
Kutaja is katu, tikta, kashaya in rasa, ruksa in guna, sitala in veerya, cures
Kustha, atisara, pitta asra , gudaja vikara.

कुटजः कटुतिक्तोष्णः कषायश्चातिसारजित्
तत्रासितोडस्रपित्तघ्नः त्वग्दोषार्शोनिकृन्तनः Il IRjn)
Kutaja is katu, tikta, kashaya in rasa, usna in veerya and cures atisara
Asita variety alleviates pitta, asra, tvag dosha and arsa

रक्तपित्तकफघ्नस्तु सुकुमारेष्वनत्ययः
हृद्रोगज्वरवातासृगविसर्पादिशु शस्यते
Il IC.S Ka 5)
Kutaja alleviates raktapitta
kapha.
It can be given even in children. It
cures
hraroga, jvara, vata asrg visarpa etc ,
and

कुटजः कटुको रूक्षो दीपनस्तुवरो लघुः
अर्शोडतिसारपित्तास्रकफतृष्णामपित्तनुत् Il IMdv
Kutaja is katu, tuvara in rasa, ruksa in guna, dipana in karma, cures arsa,
atisara, pittasra, kapha, trsna
ama, pitta.

पुष्पन्तु वत्सकस्योक्तं
चाग्निदीपकम्
तिक्तं शीतं वातलं च लघु पित्तातिसारनुत्
रक्तदोषं कफं पित्तं कुष्ठञ्चैवातिसारकम्
कृमींश्चैव हरेदेतदुक्तं पूर्वैश्च सूरिभिः
Il INir)
Puspa is tuvara, tikta in rasa, laghu in guna , sita in veerya, agni dipaka,
increases vata, cures pitta, atisara, rakta dosha, kapha, pitta, kustha,
atisara, krmi.
तुवरं"
Lajjalu,लज्जालु,lajjālu,"https://www.medicinalplants.in/slokaimages/1107/1107_1.jpg
https://www.medicinalplants.in/slokaimages/1107/1107_2.jpg","लज्जालुः शीतला तिक्ता कषाया कफपित्तजित्|
रक्तपित्तमतीसारं योनिरोगान् विनाशयेत्
Il (Bpn)
Lajjalu is tikta, kashaya in rasa, sita in veerya, alleviates kapha and pitta,
cures raktapitta, atisara and yoniroga

रक्तपादी कटुः शीता पित्तातीसारनाशिनी|
शोफदाहश्रमश्वासव्रणकुष्ठकफास्रनुत्
IRjn )
Raktapadi is katu in rasa, sita in veerya, alleviates kapha and
pitta
atisara nasini, cures sopha, aaha, srama, svasa, vrana and kustha.
asra,"
Langali,लाङ्गली,lāṅgalī,"https://www.medicinalplants.in/slokaimages/803/803_1.jpg
https://www.medicinalplants.in/slokaimages/803/803_2.jpg
https://www.medicinalplants.in/slokaimages/803/803_3.jpg","लाङ्गली कटुरुष्णा च कफवातविनाशिनी |
तिक्ता सरा
श्वयथुगर्भशल्यव्रणापहा
न( IDhnl
Langali is katu, tikta in rasa, sara in guna, usna in veerya, destroys kapha
ana vata, cures svayathu, garbha salya ana vrana.

कलिहारी कटूष्णा च कफवातनिकृन्तनी |
गर्भन्तः शल्यनिष्कासकारिणी सारिणी परा| | (ग.नि)
Kaliahari is katu in
rasa, usna in
veerya, alleviates kapha and
vata
garbhanta, salya niskasakarini (removes
substances  , sarini para.
 foriegn

कलिहारी सरा कुष्ठशोफर्शोव्रणशूलजित्
सक्षारा
श्लेष्मजित् लघ्वी पित्तला गर्भपातिनी
( IBpn)
Kalihari is sara
in guna, cures kustha, sopha, arsa,
vrana and sula. Its
Ksara
is   laghu
Buna,
alleviates
slesma,
increases
pitta
ana
garbhapatani."
Lavanga,लवङ्ग,lavaṅga,"https://www.medicinalplants.in/slokaimages/1562/1562_1.jpg
https://www.medicinalplants.in/slokaimages/1562/1562_2.jpg
https://www.medicinalplants.in/slokaimages/1562/1562_3.jpg
https://www.medicinalplants.in/slokaimages/1562/1562_4.jpg
https://www.medicinalplants.in/slokaimages/1562/1562_5.jpg","लवङ्ग कुसुमं हृद्यं शीतलं पित्तनाशनम् |
चक्षुष्यं विषहृद वृष्यं माङ्गल्यं मूर्द्धरोगहृत्|
IDhn)
Lavanga kusuma
is sita in veerya, hraya, caksushya, vrshya, mangalya,
destroys pitta, visa, murdaha roga

लवंगं शीतलं तिक्तं चक्षुष्यं भुक्तरोचनम्|
वातपित्तकफघ्नं च तीक्ष्णं मूर्धरुजापहम्| |
अपि च लवंगं सोष्णकं तीक्ष्णं विपाके मधुरं हिमम् |
वातपित्तकफामघ्नं क्षयकासास्रदोषनुत्| | IRjnl
Lavanga is tikta in rasa, usna, tiksna in guna, sita in veerya, madhura in
paka, alleviates vata, pitta and kapha, caksushya, bhuktarocana,
murdharujapaha, hima, vatapittakapha amaghna, cures ksaya, kasa and
asra dosha

लवंगं कटुकं तिक्तं लघु नेत्रहितं हिमम्|
दीपनं पाचनं रूक्षं
कफपित्तास्रनशकृत्|
छर्दि तथाडडध्मानं शूलमाशुविनाशयेत्|
कासं श्वासं च हिक्कां च क्षयं क्षपयति ध्रुवम् | | (Bpnl
Lavanga is katu, tikta in
rasa, laghu, ruksa
in guna, hima in
veerya
netrahita, dipana, pacana, destroys kapha, pitta and
asra
dosha, cures
chardi , aahmana, sula, kasa, svasa, hikka, kshaya and ksapayati.
नृणां

आध्मानानाहशूलध्नं लवंग पाचनं लघु||
राजवल्लभ
Lavanga is laghu in guna, pacana, cures adhmana, anaha and sula

देवकुसुमेद्भवं तैलमग्निकृद्वातनाशनम्|
दन्तवेष्टकफर्तिघ्नं गर्भिण्या, वमनापहम |
(आत्रेयसंहिता
Devakusuma taila is agni kara, destroys vata, cures aantavesta, kapha
ana arti. In garbhini it is vamanapaha."
Lodhra,लोध्र,lodhra,"https://www.medicinalplants.in/slokaimages/1559/1559_1.jpg
https://www.medicinalplants.in/slokaimages/1559/1559_2.jpg
https://www.medicinalplants.in/slokaimages/1559/1559_3.jpg","लोध्रः शीत कषायश्च हन्ति तृष्णामरोचकम्| |
लोध्रयुग्मं कषायं
शातं वातकफास्रजित्
चक्षुष्यं विषहृत् तत्र विशिष्टो वल्करोध्रकः
I IDhn, Rjn)
Lodhra is kashaya in rasa, sita in veerya, cures trsna and arocaka
Lodhra yugma is kashaya in rasa, sita in veerya, alleviates vata, kaphasra,
is caksushya and cures visa

लोध्रो ग्राही लघुः शीतश्चक्षुष्यः कफपित्तनुत्|
कषायो रक्तपित्तासृग्ज्वरातीसारशोथहृत्
[ IBpn)
Lodhra is kashaya in rasa, laghu in guna, sita in veerya,
caksushya
in karma, alleviates kapha and pitta,
cures rakta pitta,
asra vikara, jvara,
atisara and sotha.
Brahi,

लोध्रोडसृक्कफपित्तघ्नः चक्षुष्यः शोथजित् सरः
तद्नच्छावरलोध्रोडपि चक्षुष्यो मृदुरेचनः| | (Rjvl
Loahra is sara in guna, caksushya ana mrdu recana in karma, alleviates
vitiation of asrk, kapha, pitta, cures sotha"
Madana,मदन,madana,"https://www.medicinalplants.in/slokaimages/357/357_1.jpg
https://www.medicinalplants.in/slokaimages/357/357_2.jpg","मदनः
कटुतिक्तोष्णः कफवातव्रणापहः
शोफदोषापहश्चैव वमने च प्रशस्यते| | IRjnl
Madana is katu , tikta in rasa, usna in veerya, alleviates kapha and vata,
cures vrana ana sopha ana effective in vamana

मदना
मधुरस्तिक्तो वीर्योष्णो लेखनो लघुः
विद्रधिहरः प्रतिश्यायव्रणान्तकः | |
रूक्षः कुष्ठकफानाहशोथगुल्मव्रणापहः
IBpn )
Madana is madhura, tikta in rasa, laghu, ruksa in guna, usna in veerya,
alleviates   kapha,
lekhana,
vanti   kara,
cures
vidradhi,   pratisyaya,
kustha   anaha, sotha,
vrana
वान्तिकृद्
Bulma
and"
Madayantika,मदयन्तिका,madayantikā,https://www.medicinalplants.in/slokaimages/1005/1005_1.jpg,"रक्तरंगा दाहहन्त्री
श्लेष्मकुष्ठहा
बीजमस्याः ग्रहकन्तु शोषं च प्रकीर्त्तितम्||
भूतग्रहाणां दोषं तु ज्वरं चैवं विनाशयेत् II (Nir)
Raktaranga is dahahantri, vanti kara, slesma kustha hara.
Its bija is
$0$a
prakirtita, and cures bhuta, graha, jvara.
वान्तिकृत्
grahi"
Madhuka,मधुक,madhuka,"https://www.medicinalplants.in/slokaimages/1055/1055_1.jpg
https://www.medicinalplants.in/slokaimages/1055/1055_2.jpg
https://www.medicinalplants.in/slokaimages/1055/1055_3.jpg","मधूकपुष्पं मधुरं शीतलं गुरु बृंहणम् |
बलशुक्रकरं प्रोक्तं वातपित्तविनाशनम् II
फलं शीतं गुरु स्वादु
वातपित्तनुत्
हन्ति तृष्णास्रदाहश्वासक्षतक्षयान्
Il IBpn)
Madhuka puspa is machura in rasa, guru in guna, sita in veerya, destroys
vata and pitta, is brmhana and bala sukra kara.
Its phala is svadu in rasa, guru, alleviates vata and pitta, sukrala, ahrdya,
cures trsna
asra, daha, svasa, ksata and ksaya.
शुक्रलं
अहृद्यं

ज्ञेयो जलमधूकस्तु मधुरो व्रणनाशनः
वृष्यो वान्तिहरः शीतो बलकारी रसायनः
IDhn )
Jalamadhuka is madhura in rasa, sita in veerya, vrshya, rasayana, balya
vanti hara and vrana nasana,

मधूकपुष्पं मधुरं च वृष्यं हृद्यं हिमं पित्तविदाहहारि|
फलञ्च वातामयपित्तहारि ज्ञेयं
मधूकद्वयमेवमेतत्
IRjn)
Madhuka puspa is madhura in rasa, hima in veerya, alleviates pitta is
vrshya, hrdya and viaahi hara.
Its phala is vatamaya pitta hari. This is same for both the types"
Makhanna,मखान्न,makhānna,"https://www.medicinalplants.in/slokaimages/716/716_1.jpg
https://www.medicinalplants.in/slokaimages/716/716_2.jpg","मखान्रंपद्मबीजाभंपानीयफलमित्यपि| |
Makhanna, padmabija ana paniya phala are its synonyms.

मखन्नंपद्मबीजस्यगुणैस्तुल्यंविनिर्दिशेत्
IBpn )
Makhanna is similar to padmabija in guna"
Mamira,ममीर,mamīra,https://www.medicinalplants.in/slokaimages/481/481_1.jpg,"ममीरा
तिक्तमूला स्यात् कामरुपसमुद्भवा
स्निग्धखण्डितपत्रा
सितपुष्पाडतितिक्तका
तिक्तमूला कटुस्तिक्ता रूक्षोष्णा दीपनी सरा
चक्षुष्या
रुच्या
कफपित्तहरा मता |l
यकृदुत्तेजनी चैव विषमज्वरनाशिनी
नेत्रामये यकृद्रोगे कुष्ठे शोथे कफामये
कासे श्वासे तथा मूत्रकृछ्रे मेहे च पूयजे
ज्वरौत्तरिकदौर्बल्ये
ज्वरे चापि प्रशस्यते
Il (स्व)
(RerPy sharma
dravyaguna vijnan;partz )
पाचनी"
Mamsarohini,मांसरोहिणी,māṃsarohiṇī,"https://www.medicinalplants.in/slokaimages/1519/1519_1.jpg
https://www.medicinalplants.in/slokaimages/1519/1519_2.jpg
https://www.medicinalplants.in/slokaimages/1519/1519_3.jpg","स्यान्मांसरोहिणी वृष्या सरा दोषत्रयापहा
रसे पाके तु कटुका तुवरा शीतला तु साll (Bpn)
Mamsarohini is katu, tuvara in rasa, sara in guna, sita in
veerya, katu in paka,
vrshya and alleviates all the three
doshas

रोहिणीयुगलं शीतं कषायं कृमिनाशनं 
कण्ठशुद्धिकरं रुच्यं
वातदोषनिषूदनम्
/|
(Rin)
Rohini
yugala
is
kashaya
in
rasa,
sita
in
veerya,
alleviates vata,
is rucya,
kantha suddhi kara
and
cures
krmi

रोहिणीवातहृत कासश्वासशोणितनाशनी |
रोहिणीद्वितीयं बल्यं
रक्तपित्तविषूदनम्I|
पौष्टितं शीतलं कण्ठशूद्धिकारि कषायकम् |
रुच्यं सरं मधुरं वृष्यं च कृमिवातकम्I| (Nir)
Rohini alleviates vata, cures kasa, svasa and sonita
Rohini dvitiya is kashaya, madhura, in rasa,
sara in
guna, sita in veerya, balya, rucya, vrsyha, paustika,
kantha suadhi kara, alleviates vata
cures raktapitta and
krmi."
Manakanda,मानकन्द,mānakanda,"https://www.medicinalplants.in/slokaimages/27/27_1.jpg
https://www.medicinalplants.in/slokaimages/27/27_2.jpg
https://www.medicinalplants.in/slokaimages/27/27_3.jpg
https://www.medicinalplants.in/slokaimages/27/27_4.jpg","स्थूलसूरणमाणकप्रभृतयः कन्दाः ईषत्कषाया
कटुका रूक्षा विष्टम्भिनो गुरवः कफातताः पित्तहराश्च||
माणकं स्वादु शीतञ्च गुरु चापि प्रकीर्तितम्I| (सुश्रुतः सु० ४६)
Sthula
surana
is
manakanda,
it
is
isat  kashaya,
katu
svadu
in
rasa,
ruksa,
vistambhi,
guru in
guna,
sita
in
veerya and alleviates kapha and pitta

माणकः
शोथहृत् शीतः पित्तरक्तहरो लघुः II (Bpn)
Manaka is laghu in guna, sita in veerya,
alleviates pitta
rakta and sotha

माणकं स्वादु शीतं च गुरु चापि प्रकीर्तितम्|| (सुश्रुत, सू॰ ४६)
Manaka
is
svadu
in
rasa,
guru
in
and
sita
in
veerya.
guna

माणकं स्वादु शीतं च गुरु शोथहरं कटुII Rjv)
Manaka is
svadu,
katu
in
rasa,
guru
in
guna
sita
in
veerya and cures sotha"
Marica,मरिच,marica,"https://www.medicinalplants.in/slokaimages/1298/1298_1.jpg
https://www.medicinalplants.in/slokaimages/1298/1298_2.jpg
https://www.medicinalplants.in/slokaimages/1298/1298_3.jpg
https://www.medicinalplants.in/slokaimages/1298/1298_4.jpg
https://www.medicinalplants.in/slokaimages/1298/1298_5.jpg","तात्यर्थमुष्णं मरिचमवृष्यं लघु रोचनम्
छेदित्वाच्छोषणत्वाच्च दीपनं कफवातजित
|C$,su,27)

स्वादुपाक्यार्द्रमरिचं गुरु श्लेष्म प्रसेकि
कटूष्णं लघु तच्छुष्कमवृष्यं कफवातजित्
तात्युष्णं नातिशीतं
च चीर्यतो मरिचं
गुणवन्मरिचेभ्यश्च
चक्षुष्यं
च विशेष्तः
($$,s0u|,46)
सितम्

रसे पाके च कटुकं कफघ्नं मरिचं लघु
(4$,s1,12/27)

मरिचं कटु तिक्तोष्णम् पित्तकृत् श्लेष्मनाशनम्
वायुं विवरय्त्येव जन्तुसन्ताननाशनम्
IDHN )

मरिचं कटुकं तीक्ष्णं दीपनं कफवातजित्
उष्णं पित्तकरं रूक्षं श्वासशूलकृमीन् हरेत्
यदार्द्रमधुरं पाके नात्युष्णं कटुकं गुरु
किञ्चित्तीक्ष्णगुणं श्लेष्मप्रसेकि स्यादपित्तलम्
(Bhava Prakasha )"
Masaparni,माषपर्णी,māṣaparṇī,"https://www.medicinalplants.in/slokaimages/1602/1602_1.jpg
https://www.medicinalplants.in/slokaimages/1602/1602_2.jpg
https://www.medicinalplants.in/slokaimages/1602/1602_3.jpg","माषपर्णी रसे तिक्तो शीतला रक्तपित्तजित्|
Masaparni is tikta in rasa, sita in paka and cures rakta pitta

माषपर्णी रसे तिक्ता वृष्या दाहज्वरापहा
शुक्रवृद्धिकरी
बल्या शीतला
पुष्टिवर्धिनी
Il IRjnl
Masaparni is tikta in rasa, sita in veerya, vrshya, sukra vradhikara, balya,
pusti vardhana and cures daha, jvara.

माषपर्णी महावृष्या चक्षुष्या मुद्गपर्णिका
IRjvl
Masaparni is mahavrshya, cakshuhya and is similar to mudgaparni."
Matsyaksi,मत्स्याक्षी,matsyākṣī,"https://www.medicinalplants.in/slokaimages/195/195_1.jpg
https://www.medicinalplants.in/slokaimages/195/195_2.jpg
https://www.medicinalplants.in/slokaimages/195/195_3.jpg
https://www.medicinalplants.in/slokaimages/195/195_4.jpg
https://www.medicinalplants.in/slokaimages/195/195_5.jpg
https://www.medicinalplants.in/slokaimages/195/195_6.jpg
https://www.medicinalplants.in/slokaimages/195/195_7.jpg
https://www.medicinalplants.in/slokaimages/195/195_8.jpg","ब्राह्मी सरस्वती सोमा सत्यास्वा ब्रह्मचारिणी
(Mpn)
Brahii. sarasvati. somma. satyahva. brahinacarini are the synonyms of brahini

बराह्मी कपोतवङ्गा च सोमवल्ली सरस्वती (Bpn)
Brahmi. kapotavanga. somavalli. sarasvati are its synonyms

ब्राह्मी सौम्या विनिर्दिष्टा दिव्यतेजा महोषधी
कपोतवेगा त्वष्टा च सैव
ब्रह्मसुवर्चला
(Dhn)
Brahmi is otherwise called saumya. divyateja mahaushadhi. kapotavega.
bralmasuvarcala

ताह्यी हिना सरा तिक्ता लघुर्नेच्या च शीतला
कषाया मधुरा स्वादुपाकायुष्या रसायनी
स्वर्या स्मृतिप्रदा कुष्ठपाण्डुनेहास्रकासजित् |
विषशोफज्वरहरी
(Bpnl
Brahmi is tikta madhura kasaya in rasa hima in veerya
5a1a.
laghu in guna svadu in
paka medhya sitala
ayushya, rasayani, svarya smrti prada
cures kustha
pandu
1neha asra Tikara kasa
T1Sa
sopha and jvara

ब्राह्मी शीता कषाया च तिक्ता बुद्धिप्रदा मता
मेधायुरग्निजननी
सारका स्वादुला लघुः
कण्ठशुद्धिकरी हृद्या स्मृतिदा
रसायना
हृद्या मेहं विषं कुष्ठं
कास ज्वर जयत |
शोफकण्डूप्लीहवातरक्तपित्तारुचिर्जयेत्
श्वासं शोष सवदोष कफवातामयानं जयत
INir )
Brahii is kashara
tikta, svadu in taste laghu in property sita in potency buddhi
prada medhya ayushkara saraka kantha suddhikari hrdya smrtida
lasava1a
hrdva
cures meha visa kustha pandu
kasa- ]vara
sopha kandu pliha roga vatarakta pitta
ainici svasa sosa sa1adosha kapha vata amava
पाण्ड

ब्राह्मी तु
पिच्छिलायुष्या सरोन्मादविमर्दिनी
वयसःस्थापनी मेध्या वाक्स्वरस्मृतिदा परा
तिक्ता हृद्या कटुः पाके श्वासश्लेष्मनिकुन्तनी
IGdni
Brahmi is tikta in taste
picchila in property katu in paka ayushya
sara   vayasthapati
1edhya
vak prada. stara prada
smrti prada hrdya and cures svasa slesma and
uumade

भेदिनी गुर्वी मेध्या तिक्ता कफापहा
IRav)
Brahmi is tikta, svadu in taste guru in property hima in potency bhedini medhya
sara, medhya rasayani and alleviates kapha
ग्राह्मी तु

ब्राह्मी हिमा सरा
स्वादुर्लघुर्मोध्या रसायनी
स्वर्या स्मृतिप्रदा कुष्ठपाण्डुमेहास्रकासजित्
विषशाफज्वरहरा
(Mpn, Ndvi
Brahmi is svadu in taste laghu
sara in property haa in potency medhya rasayan1
starya
s1111t1
prada in karma
cures pandu meha asra vikara kasa visa. sopha
JTa1a"
Mayaphala,मायाफल,māyāphala,"https://www.medicinalplants.in/slokaimages/1373/1373_1.jpg
https://www.medicinalplants.in/slokaimages/1373/1373_2.jpg
https://www.medicinalplants.in/slokaimages/1373/1373_3.jpg","मायाफलं वातहरं कटूष्णकम् |
शैतिल्यसंकोचककेशकार्ष्ण्यदम्I| (Rjn)
Mayaphala   is
katu
in
rasa,
usna
in   veerya,
alleviates
vata
is shaithilya, sankocaka and kesakarsnyada.

मायुकं बद्धविट्कं च शीतं च शिशुभेषजम्|| (शोढलः )
Mayuka is sita in veerya, baddhavitka and sisu bhesaja.

शीतलं रूक्षं कषायं लघुदीपनम्|
विपाके कटुकं ग्राहि कफपित्तहरं परम्I| (शोढलनिघण्टु)
Mayuka is kashaya in rasa,
ruksa, laghu in guna, sita in
veerya
katu
in
paka
dipana,
grahi
and
best
in
alleviating kapha and pitta.
मायुकं"
Mayaphala - prajati,मायाफल प्रजाति,māyāphala prajāti,"https://www.medicinalplants.in/slokaimages/1373/1373_1.jpg
https://www.medicinalplants.in/slokaimages/1373/1373_2.jpg
https://www.medicinalplants.in/slokaimages/1373/1373_3.jpg","मायाफलं वातहरं कटूष्णकम् |
शैतिल्यसंकोचककेशकार्ष्ण्यदम्I| (Rjn)
Mayaphala   is
katu
in
rasa,
usna
in   veerya,
alleviates
vata
is shaithilya, sankocaka and kesakarsnyada.

मायुकं बद्धविट्कं च शीतं च शिशुभेषजम्|| (शोढलः )
Mayuka is sita in veerya, baddhavitka and sisu bhesaja.

शीतलं रूक्षं कषायं लघुदीपनम्|
विपाके कटुकं ग्राहि कफपित्तहरं परम्I| (शोढलनिघण्टु)
Mayuka is kashaya in rasa,
ruksa, laghu in guna, sita in
veerya
katu
in
paka
dipana,
grahi
and
best
in
alleviating kapha and pitta.
मायुकं"
Mayurasikha,मयूरशिखा,mayūraśikhā,"https://www.medicinalplants.in/slokaimages/44/44_1.jpg
https://www.medicinalplants.in/slokaimages/44/44_2.jpg","नालकण्ठशिखा लघ्वी पित्तश्लेष्माति सारजित्
( IBpn)
Nalakantha sikha is Laghu, Pitta slesma atisara hara.

बर्हिचूडा रसे स्वादु मूत्रकृच्छ्रनाशिनी |
बालग्रहादि दोषघ्नी वश्यकर्मणि शस्यते
IRjn)
Barhicuda is Svadu in Rasa , Mutrakrcchra nasini, Bala grahadi dosaghna,
Vasya karmani sasyate"
Methika,मेथिका,methikā,"https://www.medicinalplants.in/slokaimages/1651/1651_1.jpg
https://www.medicinalplants.in/slokaimages/1651/1651_2.jpg","मेथिका कटुरुष्णा च रक्तपित्तप्रकोपणी
अरोचकहरा दीप्तिकरी वातप्रणाशिनी| | IRjnl
Methika is katu in rasa,
usna in veerya, alleviates arocaka, is
dipana,
raktapitta prakopani and destroys vata.

मेथिका वातशमनी श्लेष्मघ्नी ज्वरनाशिनी|
ततश्चाल्पगुणा वन्या वाजिनां सा तु पूजिता | | (Bpnl
Methika pacifies vata, alleviates slesma and jvara.
Vanya variety is Of alpaguna, and is a best vajikara."
Mudgaparni,मुद्गपर्णी,mudgaparṇī,"https://www.medicinalplants.in/slokaimages/1366/1366_1.jpg
https://www.medicinalplants.in/slokaimages/1366/1366_2.jpg","हिमा स्वादुः वातरक्तविनाशिनी |
पित्तदाहज्वरान् हन्ति
कफशुक्रनुत् | |
Mudgaparni is svadu in rasa, hima in veerya, cures pitta, daha, jvara and
krmi, destroys vatarakta, kapha and sukra
मुद्गपर्णी
कृमिघ्नी

मुद्गपर्णी हिमा कासवातरक्तक्षयापहा |
पित्तदाहज्वरान् ह
चक्षुष्या शुक्रवृद्धिकृत्| |
Mudgaparni is hima in veerya, caksushya, sukra vradhikara, alleviates
kasa, vatarakta, kshaya, pitta, daha and jvara"
Mudgaparnini,मुद्गपर्णिनी,mudgaparṇinī,"https://www.medicinalplants.in/slokaimages/1366/1366_1.jpg
https://www.medicinalplants.in/slokaimages/1366/1366_2.jpg","हिमा स्वादुः वातरक्तविनाशिनी |
पित्तदाहज्वरान् हन्ति
कफशुक्रनुत् | |
Mudgaparni is svadu in rasa, hima in veerya, cures pitta, daha, jvara and
krmi, destroys vatarakta, kapha and sukra
मुद्गपर्णी
कृमिघ्नी

मुद्गपर्णी हिमा कासवातरक्तक्षयापहा |
पित्तदाहज्वरान् ह
चक्षुष्या शुक्रवृद्धिकृत्| |
Mudgaparni is hima in veerya, caksushya, sukra vradhikara, alleviates
kasa, vatarakta, kshaya, pitta, daha and jvara"
Mulaka,मूलक,mūlaka,"https://www.medicinalplants.in/slokaimages/1380/1380_1.jpg
https://www.medicinalplants.in/slokaimages/1380/1380_2.jpg
https://www.medicinalplants.in/slokaimages/1380/1380_3.jpg","लघुमूलं
स्यात् रुच्यं लघु च पाचनम् |
दोषत्रयहरं स्वर्यम ज्वरकासविनाशनम्
नासिकाकण्ठरोगघ्नं नयनामयनाशनम |
महते तदेव रूक्षोष्णं गुरु दोषत्रयप्रदम् |
स्नेहसिद्धं तदेव स्यात् दोषत्रयविनाशनम्
(Bpn)
Laghu mulaka is katu in rasa , laghu in guna, usna in veerza, rucya,
pacana, svarya, alleviates all the three doshas, cures jvara, kasa, nasika
kantha roga, nayana maya.
Mahat mulaka is ruksa,
in guna, usna in veerya, and increases all
the three doshas.
Sneha siddha alleviates all the three doshas
कटुष्णं
guru

शुष्कं त्रिदोशमनं शोथघ्न गरजिल्लघु|
तत्पुष्पं कफपित्तघ्नं तत्फलं कफवातजित्|| IRjvl
Suska mulaka is laghu in guna, garajit, pacifies the three doshas and
alleviates sotha.
Its puspa is alleviates kapha and pitta
Its phala alleviates kapha and vata.

बालं दोषहरं वृद्धं त्रिदोषं मारुतापरम्
स्निग्धसिद्धं विशुष्कन्तु
कफवातजितं
(चरक
Bala mulaka is Dosha hara, Vrddha mulaka is Triaosha maruta para,
Snigdha sidaha Visuskamulaka is Kapha vata hara.
मूलकं"
Mundi,मुण्डी,muṇḍī,"https://www.medicinalplants.in/slokaimages/1521/1521_1.jpg
https://www.medicinalplants.in/slokaimages/1521/1521_2.jpg
https://www.medicinalplants.in/slokaimages/1521/1521_3.jpg
https://www.medicinalplants.in/slokaimages/1521/1521_4.jpg","मुण्डितिका कटुः पाके वीर्योष्ण मधुरा लघुः |
मध्या
गण्डीपचीकृच्छ्रकृमिपित्तार्तिपाण्डुनुत्
IBpn )
Mundi is madhura in rasa, laghu in guna, usna in veerya, katu in paka,
medhya, alleviates gandi, apaci, krcchra, krmi, pitta vikara and pandu.

मुण्डिका कटुतिक्तास्यादेडनिलास्रविनाशिनी
आमारुचिघ्न्यपस्मारगण्डश्लीपदनाशिनी
IDhn)
Mundi is katu, tikta in rasa, destroys anila and asra dosha, alleviates
ama, aruci, cures apasmara, ganda and slipada.

श्रावणी
कषाया स्यात् कटूष्णा
कफपित्तनुत्|
आमातीसारकासघ्नी विषच्छर्द्दिविनाशिनी| |
महामुण्ड्युष्णतिक्ता च ईषद् गौल्या मरुच्छिदा |
स्वरकृद्रोचनी चैव मेहकृच्च रसायनी| | IRjn)
Sravani is kashaya, katu in rasa, usna in veerza, alleviates kapha ana
pitta, cures ama, atisara, kasa, visa and chardi.
Maha mundi is tikta in
usna in
veerya, isad gaulya, marucchida (?),
svarya, rocani, meha kara ana rasayana
rasa,

मुण्डितिका कटुः पाके वार्योष्णा मधुरा लघुः |
मेध्या
गण्डापचीकृच्छ्रकृमियोन्यर्तिपाण्डुनुत्
श्लीपदारुच्यपस्मारप्लीहेदोगुदार्तिहृत्
च
तत्तुल्या गुणैरुक्ता महर्षिभिः| | (Bpnl
Mundi is madhura in rasa, laghu in guna, usna in veerya, katu in paka,
meahya, cures ganda, apaci, krcchra, krmi, yoni vikara, panau, slipaaa,
aruci, apasmara, plihodara and guaa roga.
Maha mundi also has similar properties as above
महामुण्डी"
Mundi - jati,मुण्डी जाति,muṇḍī jāti,"https://www.medicinalplants.in/slokaimages/1521/1521_1.jpg
https://www.medicinalplants.in/slokaimages/1521/1521_2.jpg
https://www.medicinalplants.in/slokaimages/1521/1521_3.jpg
https://www.medicinalplants.in/slokaimages/1521/1521_4.jpg","मुण्डितिका कटुः पाके वीर्योष्ण मधुरा लघुः |
मध्या
गण्डीपचीकृच्छ्रकृमिपित्तार्तिपाण्डुनुत्
IBpn )
Mundi is madhura in rasa, laghu in guna, usna in veerya, katu in paka,
medhya, alleviates gandi, apaci, krcchra, krmi, pitta vikara and pandu.

मुण्डिका कटुतिक्तास्यादेडनिलास्रविनाशिनी
आमारुचिघ्न्यपस्मारगण्डश्लीपदनाशिनी
IDhn)
Mundi is katu, tikta in rasa, destroys anila and asra dosha, alleviates
ama, aruci, cures apasmara, ganda and slipada.

श्रावणी
कषाया स्यात् कटूष्णा
कफपित्तनुत्|
आमातीसारकासघ्नी विषच्छर्द्दिविनाशिनी| |
महामुण्ड्युष्णतिक्ता च ईषद् गौल्या मरुच्छिदा |
स्वरकृद्रोचनी चैव मेहकृच्च रसायनी| | IRjn)
Sravani is kashaya, katu in rasa, usna in veerza, alleviates kapha ana
pitta, cures ama, atisara, kasa, visa and chardi.
Maha mundi is tikta in
usna in
veerya, isad gaulya, marucchida (?),
svarya, rocani, meha kara ana rasayana
rasa,

मुण्डितिका कटुः पाके वार्योष्णा मधुरा लघुः |
मेध्या
गण्डापचीकृच्छ्रकृमियोन्यर्तिपाण्डुनुत्
श्लीपदारुच्यपस्मारप्लीहेदोगुदार्तिहृत्
च
तत्तुल्या गुणैरुक्ता महर्षिभिः| | (Bpnl
Mundi is madhura in rasa, laghu in guna, usna in veerya, katu in paka,
meahya, cures ganda, apaci, krcchra, krmi, yoni vikara, panau, slipaaa,
aruci, apasmara, plihodara and guaa roga.
Maha mundi also has similar properties as above
महामुण्डी"
Murva,मूर्वा,mūrvā,"https://www.medicinalplants.in/slokaimages/1073/1073_1.jpg
https://www.medicinalplants.in/slokaimages/1073/1073_2.jpg
https://www.medicinalplants.in/slokaimages/1073/1073_3.jpg
https://www.medicinalplants.in/slokaimages/1073/1073_4.jpg","स्वादुरसा चोष्णा हृद्रोगकफवातजित् |
कुष्ठकण्डूवमिमेहविषमज्वरनाशिनी | | (Dhnl
Murva is svadu in rasa
usna in veer ya, alleviates hrd roga, kapha, vata,
Kustha, kandu, vami, meha, visha and jvara.
मूर्वा

मूर्वा तिक्ताकषायोष्णा हृद्रोगकफवातहृत |
वमिप्रमेहकुष्ठारि विषमज्वरहारिणी | | (Rjnl
Murva is tikta, kashaya in rasa , usna in veerya, alleviates hra roga,
kapha, vata, vami, prameha, kustha ana visama jvara.

मूर्वा सरा गुरुः स्वादुस्तिक्ता पित्तास्रमेहनुत्|
त्रिदोषतृष्णाहृद्रोगकण्डूकुष्ठज्वरापहा
IBpn )
Murva is svadu, tikta in rasa, sara, guru in guna, alleviates pitta, asra,
meha, triaosha, trsna, hrdroga, kandu, kustha and jvara.

मूर्वा तु बृंहणी बल्या कफवातामयाम् जयेत्
नन IRjn
Murva is brmhani, balya, alleviates kapha, vata and amaya."
Murva - prajati,मूर्वा प्रजाति,mūrvā prajāti,"https://www.medicinalplants.in/slokaimages/1073/1073_1.jpg
https://www.medicinalplants.in/slokaimages/1073/1073_2.jpg
https://www.medicinalplants.in/slokaimages/1073/1073_3.jpg
https://www.medicinalplants.in/slokaimages/1073/1073_4.jpg","स्वादुरसा चोष्णा हृद्रोगकफवातजित् |
कुष्ठकण्डूवमिमेहविषमज्वरनाशिनी | | (Dhnl
Murva is svadu in rasa
usna in veer ya, alleviates hrd roga, kapha, vata,
Kustha, kandu, vami, meha, visha and jvara.
मूर्वा

मूर्वा तिक्ताकषायोष्णा हृद्रोगकफवातहृत |
वमिप्रमेहकुष्ठारि विषमज्वरहारिणी | | (Rjnl
Murva is tikta, kashaya in rasa , usna in veerya, alleviates hra roga,
kapha, vata, vami, prameha, kustha ana visama jvara.

मूर्वा सरा गुरुः स्वादुस्तिक्ता पित्तास्रमेहनुत्|
त्रिदोषतृष्णाहृद्रोगकण्डूकुष्ठज्वरापहा
IBpn )
Murva is svadu, tikta in rasa, sara, guru in guna, alleviates pitta, asra,
meha, triaosha, trsna, hrdroga, kandu, kustha and jvara.

मूर्वा तु बृंहणी बल्या कफवातामयाम् जयेत्
नन IRjn
Murva is brmhani, balya, alleviates kapha, vata and amaya."
Musali,मुशली,muśalī,"https://www.medicinalplants.in/slokaimages/14/14_1.jpg
https://www.medicinalplants.in/slokaimages/14/14_2.jpg
https://www.medicinalplants.in/slokaimages/14/14_3.jpg","मधुरा वृष्या वीर्योष्णा बृंहणी गुरुः |
तिक्ता रसायनी हन्ति गुदजान्यनिलं तथा|| (Bpn)
Musali is madhura, tikta in rasa, guru in guna, usna in veerya, vrshya,
brmhani, rasayani ana cures guaaja anila.
मुसली

मधुरा शीता वृष्या पुष्टिबलप्रदा
पिच्छला कफदा पित्तदाहश्रमहरा परा|| IRjnl
Musali is madhura in rasa, picchila in guna, sita in veerya, vrshya, pusti
bala prada, increases kapha, alleviates pitta, daha and srama
मुसली

मुसली रसपाकाभ्यां स्वादुः शीताडग्निवर्द्धिनी|
वातपित्तहरा वृष्या स्थैर्यमार्दवदायिनी | | (शोढल)
Musali is svadu in rasa and paka , sita in veerya, alleviates vata ana pitta
is agni vardhani, vrshya, stairya mardava dayini."
Musali - sveta,मुशली श्वेता,muśalī śvetā,"https://www.medicinalplants.in/slokaimages/14/14_1.jpg
https://www.medicinalplants.in/slokaimages/14/14_2.jpg
https://www.medicinalplants.in/slokaimages/14/14_3.jpg","मधुरा वृष्या वीर्योष्णा बृंहणी गुरुः |
तिक्ता रसायनी हन्ति गुदजान्यनिलं तथा|| (Bpn)
Musali is madhura, tikta in rasa, guru in guna, usna in veerya, vrshya,
brmhani, rasayani ana cures guaaja anila.
मुसली

मधुरा शीता वृष्या पुष्टिबलप्रदा
पिच्छला कफदा पित्तदाहश्रमहरा परा|| IRjnl
Musali is madhura in rasa, picchila in guna, sita in veerya, vrshya, pusti
bala prada, increases kapha, alleviates pitta, daha and srama
मुसली

मुसली रसपाकाभ्यां स्वादुः शीताडग्निवर्द्धिनी|
वातपित्तहरा वृष्या स्थैर्यमार्दवदायिनी | | (शोढल)
Musali is svadu in rasa and paka , sita in veerya, alleviates vata ana pitta
is agni vardhani, vrshya, stairya mardava dayini."
Nadihingu,नाडीहिङ्गु,nāḍīhiṅgu,"https://www.medicinalplants.in/slokaimages/788/788_1.jpg
https://www.medicinalplants.in/slokaimages/788/788_2.jpg","नाडिहिंगु कटुष्णा च कफवातार्तिशान्तिकृत्|
विष्ठाविबन्धदोषघ्नीडडनाहामयहारिणी|| IRinl
Nadi hingu is katu in rasa, usna in veerya, pacifies kapha, vata and arti,
cures vistambha, vibanaha, anaha ana amaya.

नाडीहिंगुस्तु कटुकस्तीक्ष्णोष्णश्चापि दीपकः [
कफवातमलस्तम्भमनोमोहामनाशनः | | INir)
Nadi hingu is katu in rasa, tiksna in guna,
usna in veerya, dipaka
alleviates kapha, vata, malastambha, mano, moha and ama."
Nagabala,नागबला,nāgabalā,"https://www.medicinalplants.in/slokaimages/1483/1483_1.jpg
https://www.medicinalplants.in/slokaimages/1483/1483_2.jpg
https://www.medicinalplants.in/slokaimages/1483/1483_3.jpg","गांगेरुकी मधुराम्ला कषायोष्णा गुरुस्तथा
कटुस्तिक्ता
च
वातघ्नी व्रणपित्तविकारजित
IDhn)
Gangeruki is madhura, amla , kashaya, katu, tikta in rasa, guru in guna
usna in
veerya, alleviates vata
vrana and pitta vikara

मधुराम्ला नागबला कषायोष्णा गुरुस्तथा
कण्डूतिकुष्ठवातघ्नी व्रणपित्तविकारजित्
IRjn)
Nagabala is madhura ,
amla, kashaya in rasa, guru in guna, usna in
veerya, cures kandu, kustha, vata, vrana and pitta vikara

गांगेरुकीफलं रूक्षं कषायं स्वादु वातलम्|
लेखनं स्तम्भनं शीतं विबन्धाध्मानकृद् गुरु
१ (ग.नि)
Gangeruki phala is ruksa, kashaya, svadu in rasa, guru in guna, sita in
veerya, increases vata, is lekhana, stambhana, causes vibandha ana
adhmana"
Nagakesara,नागकेशर,nāgakeśara,"https://www.medicinalplants.in/slokaimages/1099/1099_1.jpg
https://www.medicinalplants.in/slokaimages/1099/1099_2.jpg
https://www.medicinalplants.in/slokaimages/1099/1099_3.jpg
https://www.medicinalplants.in/slokaimages/1099/1099_4.jpg","नाग
गकेसरमल्पोष्णं लघु तिक्तं कफापहम्|
बस्तिवातामयघ्नञ्च कण्ठशीर्षरुजापहम्
IRin)
Nagakesara is tikta in rasa, laghu in guna, alposna in virya, alleviates
kapha, cures vasti vatamaya, kantha sirsa ruja.

केसरं
विषविसर्परक्तर्शोवमिकुष्ठहृत्
हृल्लासवमिदौर्गन्ध्यतृष्णापित्तबलासजित् |
(ग.नि)
Kesara cures visa, visarpa, rakta
vami, kustha, hrilasa, vami,
daurganahya, trsna, pitta
balasa
arsa ,
and

नागपुष्पं कषायोष्णं रूक्षं लघ्वामपाचनम्|
ज्वरकण्डूतृषास्वेदच्छर्दिहृल्लासनाशनम्
दौर्गन्धकुष्ठवीसर्पकफपित्तविषापहम् 
IBpnl
Nagapuspa is kashaya in rasa, ruksa, laghu in guna, usna in veerya, ama
pacana, alleviates jvara , kandu, trsha, sveda, chardi and hrllasa.

उष्णं,
रूक्ष, नागपुष्पं कषायं तृष्णाच्छर्द्दिश्लेष्मनातप्रमाथि|| तसि॰
भे.म॰
Nagakesara is kashaya in rasa, ruksa in guna, usna in veerya, is pramathi,
alleviates trsna, chardi and slesma"
Nagakesaram,नागकेशरम्,nāgakeśaram,"https://www.medicinalplants.in/slokaimages/1099/1099_1.jpg
https://www.medicinalplants.in/slokaimages/1099/1099_2.jpg
https://www.medicinalplants.in/slokaimages/1099/1099_3.jpg
https://www.medicinalplants.in/slokaimages/1099/1099_4.jpg","नाग
गकेसरमल्पोष्णं लघु तिक्तं कफापहम्|
बस्तिवातामयघ्नञ्च कण्ठशीर्षरुजापहम्
IRin)
Nagakesara is tikta in rasa, laghu in guna, alposna in virya, alleviates
kapha, cures vasti vatamaya, kantha sirsa ruja.

केसरं
विषविसर्परक्तर्शोवमिकुष्ठहृत्
हृल्लासवमिदौर्गन्ध्यतृष्णापित्तबलासजित् |
(ग.नि)
Kesara cures visa, visarpa, rakta
vami, kustha, hrilasa, vami,
daurganahya, trsna, pitta
balasa
arsa ,
and

नागपुष्पं कषायोष्णं रूक्षं लघ्वामपाचनम्|
ज्वरकण्डूतृषास्वेदच्छर्दिहृल्लासनाशनम्
दौर्गन्धकुष्ठवीसर्पकफपित्तविषापहम् 
IBpnl
Nagapuspa is kashaya in rasa, ruksa, laghu in guna, usna in veerya, ama
pacana, alleviates jvara , kandu, trsha, sveda, chardi and hrllasa.

उष्णं,
रूक्ष, नागपुष्पं कषायं तृष्णाच्छर्द्दिश्लेष्मनातप्रमाथि|| तसि॰
भे.म॰
Nagakesara is kashaya in rasa, ruksa in guna, usna in veerya, is pramathi,
alleviates trsna, chardi and slesma"
Nala,नल,nala,"https://www.medicinalplants.in/slokaimages/1268/1268_1.jpg
https://www.medicinalplants.in/slokaimages/1268/1268_2.jpg
https://www.medicinalplants.in/slokaimages/1268/1268_3.jpg","नलः शीतः कषायश्च
पित्तमूत्रविनाशनः
IDhn)
Nala is kashaya in rasa, sita in veerya, pitta mutra vinasana.

देवनालो अतिमधुरोवृष्य ईषत् कषायकः
नलः स्यादधिको वीर्ये शस्यते रसकर्मणि| | IRjnl
Devanala is atimadhura, isat kashaya in rasa and vrshya.
Nala possesses adhika virya and is
in rasa karma Iprocessing of
mercur/l .
Bood

नलस्तु मधुरस्तिक्तः कषायः कफरक्तजित्|
उष्णा
हृद्बस्तियोन्योर्त्तिदाहपित्तविसर्पनुत् 2
( IBpn)
Nala is madhura, tikta , kashaya in rasa
usna in veerya, alleviates kapha
ana rakta dosha, cures hrd vasti yoni arti, daha, pitta ana visarpa."
Narikela,नारिकेल,nārikela,"https://www.medicinalplants.in/slokaimages/453/453_1.jpg
https://www.medicinalplants.in/slokaimages/453/453_2.jpg
https://www.medicinalplants.in/slokaimages/453/453_3.jpg
https://www.medicinalplants.in/slokaimages/453/453_4.jpg
https://www.medicinalplants.in/slokaimages/453/453_5.jpg","नारिके्लफलानि च |
बृंहणस्निग्धशीतानि बाल्यानि मधुराणि च||
चरक, सू २७  १२४)
Narikela phala is madhura in rasa, snigaha in guna, sita in veerya,
brmhana and balya.

नारिकेलं गुरु स्निग्धं पित्तघ्नं स्वादु शीतलम् |
बलमांसप्रदं हृद्यं बृंहणं बस्तिशोधनम्| | (सुश्रुत, सू ४६ २८०)
Narikela is svadu in rasa, guru, snigdha in guna , sita in veerya, alleviates
pitta, bala mamsa prada, hraya, brmhana and vasti sodhana.

नारिकेलफलं शुष्कं
दाहकं गुरु
स्निग्धं मलस्तम्भकरं बलवीर्यरुचिप्रदम्
T INir)
Suska phala is guru, snigaha in guna, durjara, causes daha, mala
stambha, is bala veerya ruci prada
दुर्जरं

नारिकेल-प्रसूनं तु रक्तपित्तप्रेमहनुत्|
रक्ततिसारं हरति महालोतनाशनम्/ /
शीतलं सोमरोगघ्नं विबन्धं कुरुते भृशम्
IKyn )
Young narikela fruits are sita in virya, alleviate raktapitta, prameha, rakta
atisara... soma roga, causes vibanaha

तस्याम्भः शीतलं हृद्यं दीपनं शुक्रलं लघु|
तत्पादशुरोमज्जा शुक्रला वातपित्तजित्| | (यो. र)
Its Ambu is Sita in virya, Hrdya, Dipana, sukrala, Laghu
Its Majja is Sukrala and Vata pitta hara"
Nimba,निम्ब,nimba,"https://www.medicinalplants.in/slokaimages/193/193_1.jpg
https://www.medicinalplants.in/slokaimages/193/193_2.jpg
https://www.medicinalplants.in/slokaimages/193/193_3.jpg
https://www.medicinalplants.in/slokaimages/193/193_5.jpg","Prabhadraka is Sita in Potency, Tikta in Rasa, cures Kapha, Vrana, krmi,
Vami, Sopha, Balasabhid, Bahu vis,a Pitta dosha, Specifically it cures
Hrdaya vidaha
Nimba taila is not
atyushna ana is Krmi-Kustha Kapha hara. Rjn)
अथ
निगदितः प्रभद्रः
पारिभद्रको निम्बः
काकफलः कीरेष्टो नेतारिष्टश्च सर्वतोभद्रः |l
धमनो विशीर्णपर्णी पवनेष्टः पीतसारकः शीतः
वरतिक्तोडरिष्टफलो ज्येष्ठामलकश्च हिंगुनिर्यासः |I
छर्दनश्चाग्निंधमनो ज्ञेया नाम्ना तु विंशतिः
IRjn 
Nigadita, prabhadra , picumanda, paribhaaraka, nimba, kakaphala,
kiresta, netaristha, sarvatobhadra, dhamana, visirnaparna, pavanestha,
pitasaraka, sita, varatikta, arista phala, jyesthamalaka, hinguniryasa,
chardana, agni dhamana are the synonyms
पिचुमन्दः

निम्बः स्यात
पिचुमर्दश्च पिचुमन्दश्च तिक्तकः
अरिष्टः पारिभद्रश्च हिंगुनिर्यास इत्यपि Il (Bpnl
Nimba is also called as pichu marda, pichumanda, tiktaka, aristha,
paribhadra and hingu niryasa.

निम्बो नियामनो नेता पिचुमन्दः सुतिक्तकः
अरिष्टः सर्वतोभद्रः सुभद्रः पारिभद्रकः |l
शुकप्रियश्चीर्णपर्णी यवनेष्टो वरत्वचः
छर्दनो हिंगुनिर्यास पीतसारो रविप्रियः Il (sdn)
Nimba is also called as niyamana, neta, picumanda , sutiktaka, arista
sarvatobhadra, subhadra, paribhadraka, sukapriya, cirnaparna,
yavanesta, varatvaca, chardana, hinguniryasa, pitasara ana ravipriya.

निम्बस्तिक्तरसः शीतो लघुः श्लेष्मास्रपित्तनुत्
कुष्ठकण्डूव्रणान् इन्ति लेपहारादिशीलितः
अपक्वं पाययेच्छोफं व्रणं पक्वं विशोधयेत्
नात्युष्णं निम्बजं तैलं कृमिकुष्ठकफापहम्
वातरक्तप्रशमनं मदालक्ष्मीज्वरापहम्
IDhn)
Nimba is tikta in rasa , laghu in guna, sita in veerya, alleviates slesma,
asra, pitta
cures kustha, kandu, vrana, is effective as lepa.
Apakva nimba alleviates sopha.
Pakva nimba is vrana sodhaka
Nimba taila is not atyushna, pacifies vatarakta, cures krmi, kustha,
kapha, mada, jvara and alakshmi."
Nimbuka,निम्बुक,nimbuka,"https://www.medicinalplants.in/slokaimages/417/417_1.jpg
https://www.medicinalplants.in/slokaimages/417/417_2.jpg
https://www.medicinalplants.in/slokaimages/417/417_4.jpg","तृष्णाशूलकफोत्क्लेशच्छर्द्दिश्वासनिवारणम् 
वातश्लेष्मविबन्धघ्नं जम्बीरं गुरु पित्तलम्
IDhn)
Jambira is guru in guna, increases pitta , alleviates trsna, sula, kapha,
utklesa, chardi, svasa, vata, slesma and vibandha.

मधुरो मधुजम्बीरो शिशिरः कफपित्तजित्|
अर्शोघ्नः तर्पणः श्रमघ्नः पुष्टिकारकः
IDhn Rjn)
Madhu jambira is madhura in rasa, sisira in veerya, tarpana, pusti kara,
alleviates kapha , pitta, arsa and srama.

निम्बूकं कृमिसमूहनाशनम्, तीक्ष्णमम्लमुदरग्रहापहम्
वातपित्तकफशूलिने हितम्, कष्टनष्टरुचिरोचनं परम्
त्रिदोषवह्निक्षयवातरोगनिपीडितानां विषविह्वलानाम् |
मन्दानले बद्धगुदे प्रदेयं विसूचिकायां मुनयो वदन्ति| |
मिष्टनिम्बूफलं स्वादु गुरु मारुतपित्तनुत्त|
गररोगविषध्वंसि कफोत्क्लेशि च रक्तहृत्| |
स्वल्पजम्बीरिका तद्वत् तृष्णाच्छर्द्दिनिवारिणी
IBpn)
Nimbuka is amla in rasa, tiksna in guna, krmi samuha nasana, udara
grahapaha.
vata pitta kapha sula hita, kastha nastha ruci rocana para,
triaosha vahni ksaya vata roga hara, manda anila, baadha guaa, visucika
hara.
Its phala is svadu in rasa, guru in guna, alleviates maruta and pitta, cures
Bararoga
visa, dhvamsi, kaphotklesi ana rakta dosha
Svalpa jambira alleviates trsna and chardi."
Nirgundi,निर्गुण्डी,nirguṇḍī,"https://www.medicinalplants.in/slokaimages/1712/1712_1.jpg
https://www.medicinalplants.in/slokaimages/1712/1712_2.jpg
https://www.medicinalplants.in/slokaimages/1712/1712_3.jpg
https://www.medicinalplants.in/slokaimages/1712/1712_4.jpg","निर्गुण्डी कटुतिक्तोष्णा कृमिकुष्ठरुजापहा
वातश्लेष्मप्रशमनी प्लीहगुल्मारुचीर्जयेत्| | (Dhn)
Nirgundi is katu, tikta in rasa
usna in veerya, pacifies vata ana slesma
cures krmi, kustha, ruja, pliha,
ana aruci.
gulma

सिन्दुवारः कटुस्तिक्तः कफवातक्षयापहः
कुष्ठकण्डूतशमनः शूलहृत् काससिद्धिदः | |
श्लेष्मशोफसमीरार्त्तिप्रदराध्मानहारिणी
IRjn)
Sinduvara is katu, tikta in rasa, alleviates kapha, vata,
kustha,
Kandu, sula, kasa, slesma, sopha, samira, arti, pradara, adhmana and
anaha
Ksaya,

सिन्दुकः स्मृतिदस्तिक्तः कषायः कटुको लघुः |
केश्यो नेत्रहितो हन्ति शूलशोथाममारुतान्||
कृमिकुष्ठारुचिश्लेष्मज्वरान् नीलाडपि तद्धिधा |
सिन्दुवारदलं जन्तुवातश्लेष्महरं लघु| | (Bpnl
Sinduka is tikta , kashaya , katu in rasa, laghu in guna, kesya, netra hita,
cures sula sotha maruta krmi kustha aruci and slesma jvara.
It is of two types
the other one is sinduvaradala, which is laghu in
guna, alleviates jantu, vata and slesma
and

सिन्धुवारं (पुष्पं) विजानीयात् हिमं पित्तविनाशनम्|  (सुसू ४६
Sinduvara is hima in veerya
destroys pitta
and"
Padmabija,पद्मबीज,padmabīja,"https://www.medicinalplants.in/slokaimages/1161/1161_1.jpg
https://www.medicinalplants.in/slokaimages/1161/1161_2.jpg
https://www.medicinalplants.in/slokaimages/1161/1161_3.jpg
https://www.medicinalplants.in/slokaimages/1161/1161_4.jpg
https://www.medicinalplants.in/slokaimages/1161/1161_5.jpg
https://www.medicinalplants.in/slokaimages/1161/1161_6.jpg
https://www.medicinalplants.in/slokaimages/1161/1161_7.jpg
https://www.medicinalplants.in/slokaimages/1161/1161_8.jpg","उत्पलानि कषायाणि रक्तपित्तहराणि च|
कुमुदोत्पल ्नालास्तु सपुष्पाः सफलाः स्मृत्ताः | |
शीताः स्वादुकषायास्तु कफमारुतकोपनाः| |
कषायमीषाद्विष्टम्भि रक्तपित्तहरं स्मृतम्
पौष्करन्तु भवेद् बीजं मधुरं रसपाकयोः
| चरक
Utpala is Kashaya in rasa and cures raktapitta.
Kumudotpala
nala, sapuspa, saphala are svaau, kashaya in rasa, sita in
veerya, increase kapha
maruta
Bijam is kashaya, madhura in rasa, vistambhi in guna, maahura in paka,
pauskara,
cures raktapitta.
and

सतिक्तं मधुरं शीतं पद्मं पित्तकफापहम्|
मधुरं पिच्छिलं स्निग्धं कुमुदं ह्लादि शीतलम्| |
तसमादल्पान्तरगुणे विद्यात् कुवलयोत्पले| | (सुश्रुत)
Paama is tikta, madhura in rasa , sita in veerya, and alleviates pitta and
kapha
Kumuda is madhura in rasa, picchila, snigdha in guna, sita in veerya and
hladi
Kuvalaya utpala is of alpa guna.

पुण्डरीकं हिमं तिक्तं मधुरं पित्तनाशनम्|
दाहघ्नमस्रशोषघ्नं पिपासाभ्रमनाशनम
Rjn, Dhnl
Pundarika is tikta, madhura
rasa,  hima
veerva ,
destroys   pitta,
relieves daha, pipasa , bhrama, asra and sosa

नीलाब्जं शीतलं स्वादु
पित्तनाशनम् |
रुच्यं रसायने श्रेष्ठं देहदार्ढ्यञ्च केशदम्
| IDhn, Rjn)
Nilabja is svadu in
rasa, sitala in veerya, destroys pitta, is sugandhi,
rucya , rasayana srestha, deha dardhya kara and kesada
सुगन्धि

पाके रक्तोत्पलं शीत तिक्तञ्च मधुरं रसे
भिनत्ति पित्तसन्तापौ ध्वंसयत्यस्रजां रुजम
|IDhn)
Paka raktotpala
is tikta, madhura in
rasa, sita in veerya,
cures pitta
santapa and asra ruja.

कोकनदं कटु तिक्तं मधुरं शिशिरं च रक्तदोषहरम्|
पित्तकफवातशमनं सन्तर्पणकारणं वृष्यम्||
कमलं भ्रान्ति-सन्तापशान्तिदं तर्पणं परम्
I (Rjn )
Kokanada is katu , tikta, madhura in rasa, sisira in veerya, alleviates rakta
dosha, pacifies pitta, kapha, is santarpakarana ana vrshya.
Kamala pacifies bhranti, santapa and is tarpana param

कुमुदं शीतलं-स्वादु पाके तिक्तं कफापहम्|
रक्तदोषहरं दाहश्रमपित्तप्रशान्तिकृत्
IIDhn, Rjnl
Kumuda is tikta in rasa, sita in veerya, svadu in paka, alleviates kapha,
rakta dosha
cures daha,
srama
pitta
and

उत्पलिनी हिमतिक्ता रक्तामयहारिणी च पित्तघ्नी |
तापकफकासतृष्णा-श्रमवमिशमनी च विज्ञेया| | IRjnl
Utpala is tikta in rasa, hima in veerya, nara, alleviates pitta, cures tapa,
kapha, kasa, trsna, raktamaya and
srama."
Padmaka,पद्मक,padmaka,"https://www.medicinalplants.in/slokaimages/1347/1347_1.jpg
https://www.medicinalplants.in/slokaimages/1347/1347_2.jpg","पद्मकं शिशिरं स्निग्धं कषायं
रक्तपित्तनुत् |
गर्भस्थैर्यकरं प्रोक्तं ज्वरच्छर्दिविषापहम | |
मोहदाहज्वरभ्रान्तिकुष्ठविस्फोटशान्तिकृत्
पद्मकं शीतलं तिक्तं रक्तपित्तविनाशनम्
IDhn Rjn)
Paamaka is kashaya in rasa, snigdha in guna, sisira in veerya,
garbhasthairya kara, alleviates raktapitta, jvara chardi, visa, moha, daha,
jvara, bhranti, kustha and visphota.
Paamaka is tikta in rasa , sita in veerya and destroys rakta pitta.

पद्मकं
तिक्तं शीतलं वातलं लघु
विसर्पदाहविस्फोटकुष्ठश्लेष्मास्रपित्तनुत्
गर्भस्थापनं रुच्यं वमिव्रणतृषाप्रणुत्
(Bpn )
Paamaka is tuvara, tikta in rasa, laghu in guna, sita in veerya, increases
vata, is garbha sthapana, rucya, alleviates visarpa, daha, visphota,
Kustha, slesma, asra, pitta, vami, vrana and trsa
तुवरं"
Padmaka - upajati,पद्मक उपजाति,padmaka upajāti,"https://www.medicinalplants.in/slokaimages/1347/1347_1.jpg
https://www.medicinalplants.in/slokaimages/1347/1347_2.jpg","पद्मकं शिशिरं स्निग्धं कषायं
रक्तपित्तनुत् |
गर्भस्थैर्यकरं प्रोक्तं ज्वरच्छर्दिविषापहम | |
मोहदाहज्वरभ्रान्तिकुष्ठविस्फोटशान्तिकृत्
पद्मकं शीतलं तिक्तं रक्तपित्तविनाशनम्
IDhn Rjn)
Paamaka is kashaya in rasa, snigdha in guna, sisira in veerya,
garbhasthairya kara, alleviates raktapitta, jvara chardi, visa, moha, daha,
jvara, bhranti, kustha and visphota.
Paamaka is tikta in rasa , sita in veerya and destroys rakta pitta.

पद्मकं
तिक्तं शीतलं वातलं लघु
विसर्पदाहविस्फोटकुष्ठश्लेष्मास्रपित्तनुत्
गर्भस्थापनं रुच्यं वमिव्रणतृषाप्रणुत्
(Bpn )
Paamaka is tuvara, tikta in rasa, laghu in guna, sita in veerya, increases
vata, is garbha sthapana, rucya, alleviates visarpa, daha, visphota,
Kustha, slesma, asra, pitta, vami, vrana and trsa
तुवरं"
Palandu,पलाण्डु,palāṇḍu,"https://www.medicinalplants.in/slokaimages/80/80_1.jpg
https://www.medicinalplants.in/slokaimages/80/80_2.jpg
https://www.medicinalplants.in/slokaimages/80/80_3.jpg
https://www.medicinalplants.in/slokaimages/80/80_4.jpg
https://www.medicinalplants.in/slokaimages/80/80_5.jpg","श्लेष्मलो मारुतघ्नश्च पलाण्डुः स
च
पित्तहृत् |
आहारयोगी बल्यश्च गुरुः बल्योड्य रोचनः | |
चरक, सू.अ २७)
Palandu is guru in guna, increases slesma, alleviates maruta and pitta, is
aharayogi, balya ana rocanam

बलावहः पित्तकरो अथ किञ्चित् पलाण्डुरग्निं च विवर्धयेच्च
स्निग्धो रुचिष्यः स्थिरधातुकर्त्ता बल्योडथ मेधाकफपुष्टिदश्च | |
स्वादुर्गुरुः शोणितपित्तशस्तः सपिच्छिलः क्षीरपलाण्डुरुक्तः| |
(सुश्रुत, सू.अ ४६)
Palandu is svaau in rasa, guru, snigdha, picchilam in guna, increases
pitta, is balavaha, agni vivardhana, rucya, sthiradhatukaraka, balya,
medha kapha pusti karaka, sonita pitta sasta

पलाण्डुस्तद्गुणो नान्यो विपाके मधुरस्तु सः |
कफं करेति नो पित्तं केवलोडनिलनाशनः| |
पलाण्डुः कटुको बल्यः कफपित्तहरो गुरुः
वृष्यश्च रोचनः स्निग्धो वान्तिदोषविनाशनः
IRjn)
Palandu is maahura in paka, increases kapha and pittam, and destroys
vata onl y/
Palandu is katu in rasa, Buru, snigaha in guna, balya, vrshya,
rocana ,
alleviates kapha, pitta and vanti dosha.

स्वादुः पाके रसेडनुष्णः कफकृन्नाति पित्तलः
हरते केवलं वातं बलवार्यंकरो गुरुः
T IBpn)
Palandu is svadu in rasa and paka, guru in guna
anusnam, kapha na
Kkaraka, increases pitta, destroys vata only, is bala veerya karaka.

बीजं पलाण्डोः वृष्यं स्यात् दन्तकीटप्रमेहजित्
T INir)
Palandu bija is vrshya, alleviates danta, kita ana prameha"
Palasa,पलाश,palāśa,"https://www.medicinalplants.in/slokaimages/275/275_1.jpg
https://www.medicinalplants.in/slokaimages/275/275_2.jpg
https://www.medicinalplants.in/slokaimages/275/275_3.jpg
https://www.medicinalplants.in/slokaimages/275/275_4.jpg","क्षारश्रेष्ठः कृमिघ्नश्च संग्राही दीपनः सरः
प्लीहगुल्मग्रहण्यर्शोवातश्लेष्मविनाशमः | |
किंशुकस्यापि कुसुमं सुगन्धि मधुरं च तत्|
कटुकं स्निग्धमुष्णं कृमिबलासजित्
IDhn)
Palasa is sangrahi, sara in guna, ksara sresta, dipana para, alleviates krmi,
pliha, gulma, grahani, arsa, vata and slesma
Its kusuma is sugandhi ana madhura
Its bija is katu in rasa, snigdha in guna, usna in veerya, alleviates krmi
ana bbalasa
बीजन्तु

पलाशस्तु
कषायोष्णकृमिदोषविनाशनः |
तद्बीजं पामयोष्णकृमिदोषविनाशनः |
तस्य पुष्पं च सोष्णं च
कण्डूकुष्ठार्तिनाशनम् [
रक्तः पीतः सितो नीलः कुसुमैस्तु विभज्यते| |
किंशुकर्गुणसाम्येडपि सो विज्ञानदः परः
Il IRjn)
Palasa is kashaya in rasa, usna in veerya ana destroys krmi dosha.
Its bija is pamayo, usna in veerya, destroys krmi dosha
Its
puspa is usna in veerya, alleviates kandu, kustha and arti.
Types of palasa are rakta, pita, sita, nila, depending on the colour of the
flower and they are similar in properties.

पलाशमूलस्वरसो नेत्रच्छायान्ध्यपुष्पजित्|
तद्बीजं कृमिविध्वंसि हितः काण्डो रसायने
( ISodala)
Palasa mula svarasa alleviates netrachaya, andhya puspa.
Its Dija destroys krmi ana its kanda is rasayana

कुष्ठगुल्मोदरार्शोघ्नं कटुपाकि तथैव च|
करंजर्किशुकारिष्टकलं जन्तुप्रमेहजित्| |
किंशुकं (शाकं) कफपित्तघ्नम्
॰ सु॰ सू ४६
Palasa is katu in paka, alleviates kapha and pitta
cures kustha, gulma,
udara
arsa, jantu and prameha."
Panasa,पनस,panasa,"https://www.medicinalplants.in/slokaimages/175/175_1.jpg
https://www.medicinalplants.in/slokaimages/175/175_2.jpg
https://www.medicinalplants.in/slokaimages/175/175_3.jpg
https://www.medicinalplants.in/slokaimages/175/175_4.jpg
https://www.medicinalplants.in/slokaimages/175/175_5.jpg
https://www.medicinalplants.in/slokaimages/175/175_6.jpg","पनसं शीतलं पक्वं पित्तक्षयक्षतव्रणान्ष
आमं तदेव विष्टम्भि वातलं
गुरु |
दाहकृन्मधुरं बल्यं कफमेदोविवर्धनम्|
पनसोद्भूतबीजानि वृष्याणि मधुराणि च||
गुरूणि बद्धवर्चांसि सृष्टमूत्राणि संवदेत्|
मज्जा
पनसजो
गुल्मिभिः मन्दवह्रिभिः | | (Bpnl
Pakva panasa is sita in veerya, alleviates pitta,
ksata
wrana
Ama is tuvara, madhura in rasa, guru, vistambhi in guna, daha kara,
balya, increases vata, kapha medo vivardhana.
Its bija is madhura in rasa , guru in guna, vrshya, baadha varca, srsta
mutra.
Majja is vrshya, gulmibhi and manda vahnibhi.
तुवरं
वृर्ष्यों
ksaya,
and

पनसं मधुरं
सुपिच्छिलं गुरुहृद्यं बलवीर्यवर्धनम्|
भ्रमदाहविशोषनाशनं
ग्राहि च दुर्जरं फलम्|
IRjn)
Panasa is madhura in rasa, supicchila, guru in guna, hraya, bala virya
vardhaka, ruci kara, aurjara, grahi, alleviates bhrama, aaha ana sosa.
रुचिकृत्

लकुचः क्षुद्रपनसोडहश्च ग्रन्थिमत्फलम् |
IMdn)
Lakuca is ksuara panasodaha, granthimat phala .

आमं लकुचमुष्णञ्च गुरु विण्टम्भकृत् तथा
मधुरञ्च तथा अम्लञ्च
दोषत्रितयरक्तकृत्
शुक्रग्निनाशनञ्चैव नेत्रयोरहितं स्मृतम्|
तत्तु मधुरमम्लं चानिलपित्तहृत्| |
कफवह्रिकरं रुच्यं वृष्यं विष्टम्भकं च
तत
IBpn )
Ama lakuca phala is madhura, amla in rasa , guru in guna, usna in veerya,
vistambhi kara, increases all the three doshas, destroys sukra and agni,
netrahita.
Pakva phala is madhura, amla in rasa, alleviates anila and pitta, increases
Kapha ana vahni, is rucya, vrshya
vistambhaka.
सुपक्वं
and

पित्तश्लेष्मप्रकोपीणि कर्कन्धुलकुचान्यपि| | तचरक)
Panasa aggravates pitta
slesma
and

पनसं सकाषायं
स्निग्धं स्यादुरसं गुरु
त्रिंदोषविष्टम्भकरं लकुचं शुक्रनाशनम्| | (सुश्रुत)
Panasa is Kashaya in rasa, Snigdha, Guru, Tridosha vistambha kara, Sukra
nasana"
Parasikayavani,पारसीकयवानी,pārasīkayavānī,"https://www.medicinalplants.in/slokaimages/893/893_1.jpg
https://www.medicinalplants.in/slokaimages/893/893_2.jpg
https://www.medicinalplants.in/slokaimages/893/893_3.jpg","पारसीकयवानी तु यवानीसदृशी गुणः
विशेषात्पाचनी रुच्या ग्राहणी मादिनी गुरुः
IBpn]
Parasika yavani has similar properties to that of yavani, but it is guru in
vipaka, pacana, rucya, grahi and madaka. [Bpn]

यवानी यावनी तीव्रा
मदकारिणी |
यवानी यावनी रूक्षा ग्राहिणी मादिनी कटुः
IDhnij
Its synonyms are yaavani yavani, tivra, turusaka and madakarini.
It is katu in rasa, ruksa in guna, grahi and madakaraka. IDhni
तुरुष्को

पारसीकयवानी स्याच्चौहारो जन्तुनाशनः |
चौहारः
कटुकस्तिक्तः तीक्ष्णोष्णो दीपनो लघुः| |
त्रिदोषशमनो
जीर्णमकृमिशूलनुत्
[Kyn]
Synonyms of parasika yavani are parasika yavani, cauhara and jantu nasana
It is katu and tikta in rasa, tiksna, laghu in guna, usna in virya, destroys all
the three doshas, dipana, vajikarna, alleviates krimi and sula. [Kyn]
वृष्यो"
Paribhadra,पारिभद्र,pāribhadra,"https://www.medicinalplants.in/slokaimages/686/686_1.jpg
https://www.medicinalplants.in/slokaimages/686/686_2.jpg
https://www.medicinalplants.in/slokaimages/686/686_3.jpg","पारिभद्रः कटूष्णः स्यात्कफवानिकृन्तनः
आरोचकहरः पथ्यो दीपनश्चापि कीर्त्तितः
Il IRjn)
Paribhadra is katu in rasa, usna in veerya, pathya, dipana, increases
kapha, causes vanti, alleviates arocaka

पीरिभद्रोडनिलश्लेष्मशोथमेदःकुमिप्रणुत् च
तत्पत्रं पित्तरोगघ्नं कर्णव्याधिविनाशनम्| | (Bpnl
Paribhadra alleviates anila , slesma, sotha
meda and krmi
Its patra alleviates pitta roga, cures karna vyadhi.

पुष्पं पित्तरुजं हन्ति कर्णव्याधिं विनाशयेत्|
INir)
Paribhadra puspa alleviates pitta ruja and karna vyadhi."
Parijata,पारिजात,pārijāta,https://www.medicinalplants.in/slokaimages/1171/1171_1.jpg,"रसः प्रोजक्तपत्रस्य ज्वरघ्नो तिक्तकः स्मृतः
पर्णखण्डसमायुक्ता त्वचा कासविनाशिनी| |
Patra rasa is tikta , parnakhanda samayukta, alleviates jvara ana tvaca
alleviates kasa"
Parisa,पारीश,pārīśa,"https://www.medicinalplants.in/slokaimages/1615/1615_1.jpg
https://www.medicinalplants.in/slokaimages/1615/1615_2.jpg","पारिशो
स्निग्धः कृमिशुक्रकफप्रदः |
फ्लेडम्लो मधुरो मूले
कषायः स्वादुमज्जकः
 (Bpn)
Parisa is durjara, snigdha in guna, causes krmi, sukra ana kapha.
Phala is amla, madnura in rasa.
Mula is kashaya in rasa ana majja is svadu in rasa.
दुर्जरः

पारिशोषश्वत्थको वृष्यः स्निग्धः श्लेष्मकृमिप्रदः | | MMdnl
Parisa asvatthaka is snigdha in guna, vrshya
causes slesma and krmi."
Parpata,पर्पट,parpaṭa,"https://www.medicinalplants.in/slokaimages/5/5_1.jpg
https://www.medicinalplants.in/slokaimages/5/5_2.jpg
https://www.medicinalplants.in/slokaimages/5/5_3.jpg","पर्पटः शीत्तलस्तिक्तः पित्तश्लेष्मज्वरापहः
रक्तदाहारुग्लानिमदभ्रमविनाशनः || (Dhn, Rjn)
Parpata is tikta in rasa, sita in veerya,
alleviates pitta,
slesma, jvara, rakta, daha, rug, glani, mada and
bhrama.

पर्पटो हन्ति पित्तास्रभ्रमतृष्णाकफज्वरान्|
संग्राही शीतलस्तिक्तो दाहनुद् वातलो लघुः|| (Bpn)
Parpata is tikta in rasa, laghu in guna, sita in veerya,
sangrahi,
increases vata
alleviates pitta, asra, bhrama,
trsna, kapha, jvara and daha

पर्पटो
दाहज्वरजित कफशोष्णः
(Rjv)
Parpata is kapha sosana, alleviates pitta, daha and
ivara.
पित्तहृत्"
Pasanabheda,पाषाणभेद,pāṣāṇabheda,"https://www.medicinalplants.in/slokaimages/233/233_1.jpg
https://www.medicinalplants.in/slokaimages/233/233_2.jpg
https://www.medicinalplants.in/slokaimages/233/233_3.jpg
https://www.medicinalplants.in/slokaimages/233/233_4.jpg","पाषणभेदकोश्मघ्नःशिलाभेदोश्मभेदकः
सचैवोपलभेदश्चनगभिच्छैलगर्भजः
Synonyms of pasanabheda are asmaghna, silabheda, asmabhedaka,
palabheda, nagabhi
elagarbhaja
and

अश्मभिद्वस्तिरुङ्मूत्रकृच्छ्रतोदाहवातनुत्
शीतवीर्योगुरुःस्निग्धस्तथातीसारनाशनः
न (शो.नि)
Asmabhid is guru, snighda in guna, sita in veerya, alleviates vastiruk,
mutra krcchra, daha, vata and atisara.

अश्मभेदोहिमस्तिक्तःकषायोवस्तिशोधनः
मेदंहन्तित्रिदोषार्शोगुल्मकृच्छ्राश्महृद्रुजः
योनिरोगान्प्रमेहांश्चप्लीहशूलव्रणानिच
It is tikta, kashaya in rasa, hima in veerya, vasti sodhana, alleviates meda
tridosha, arsa, gulma, krcchra, asma, hraruja, yoni roga, prameha, pliha
sula and vrana

क्षुद्रापाषाणभेदश्चव्रणकृच्छ्राश्मरीहरः
IRjn )
Ksudra pasanabheda alleviates vrana, krcchra and asmari."
Patala,पाटला,pāṭalā,"https://www.medicinalplants.in/slokaimages/1535/1535_1.jpg
https://www.medicinalplants.in/slokaimages/1535/1535_2.jpg
https://www.medicinalplants.in/slokaimages/1535/1535_3.jpg
https://www.medicinalplants.in/slokaimages/1535/1535_4.jpg","पाटला तु रसे तिक्ता कटूष्णा कफवातजित्|
शोफाध्मानवमिश्वासशमनी सन्निपातनुत्
(Rjn)
Patala is tikta, katu in rasa
usna in veerya, alleviates kapha,
ana
sannipata, pacifies sopha, aahmana, vami and svasa
vata

पाटलानुवशतिक्ता अनुष्णा दोषत्रयापहा
अरुचिश्वासशोथास्रच्छर्द्दिहिक्कातृषाहरी | | (Bpnl
Patala is tikta in rasa, anusna in veerya, alleviates all the threea doshas,
cures aruci , svasa, sotha, asra, chardi, hikka and trsha

पुष्पं कषायं मधुरं हिमं हृद्यं कफास्रनुत्
पित्तातिसारदाहघ्नं फलं हिक्कास्रपित्तहृत् |
IBpn)
Patala puspa is kashaya, madhura in rasa, hima in veerya, hraya,
alleviates kapha, asra, pitta, atisara and daha.
Phala alleviates hikka, asra and pitta

विशदं हृद्यं वाकुलं पाटलानि च| | (सुश्रुत, सू ४६ २८७)
Patala is suganahi, visada, hrdya
vakula
सुगन्धि
and"
Patala - sveta,पाटला श्वेता,pāṭalā śvetā,"https://www.medicinalplants.in/slokaimages/1535/1535_1.jpg
https://www.medicinalplants.in/slokaimages/1535/1535_2.jpg
https://www.medicinalplants.in/slokaimages/1535/1535_3.jpg
https://www.medicinalplants.in/slokaimages/1535/1535_4.jpg","पाटला तु रसे तिक्ता कटूष्णा कफवातजित्|
शोफाध्मानवमिश्वासशमनी सन्निपातनुत्
(Rjn)
Patala is tikta, katu in rasa
usna in veerya, alleviates kapha,
ana
sannipata, pacifies sopha, aahmana, vami and svasa
vata

पाटलानुवशतिक्ता अनुष्णा दोषत्रयापहा
अरुचिश्वासशोथास्रच्छर्द्दिहिक्कातृषाहरी | | (Bpnl
Patala is tikta in rasa, anusna in veerya, alleviates all the threea doshas,
cures aruci , svasa, sotha, asra, chardi, hikka and trsha

पुष्पं कषायं मधुरं हिमं हृद्यं कफास्रनुत्
पित्तातिसारदाहघ्नं फलं हिक्कास्रपित्तहृत् |
IBpn)
Patala puspa is kashaya, madhura in rasa, hima in veerya, hraya,
alleviates kapha, asra, pitta, atisara and daha.
Phala alleviates hikka, asra and pitta

विशदं हृद्यं वाकुलं पाटलानि च| | (सुश्रुत, सू ४६ २८७)
Patala is suganahi, visada, hrdya
vakula
सुगन्धि
and"
Patha,पाठा,pāṭhā,"https://www.medicinalplants.in/slokaimages/410/410_1.jpg
https://www.medicinalplants.in/slokaimages/410/410_2.jpg
https://www.medicinalplants.in/slokaimages/410/410_3.jpg
https://www.medicinalplants.in/slokaimages/410/410_4.jpg
https://www.medicinalplants.in/slokaimages/410/410_5.jpg
https://www.medicinalplants.in/slokaimages/410/410_6.jpg
https://www.medicinalplants.in/slokaimages/410/410_7.jpg
https://www.medicinalplants.in/slokaimages/410/410_8.jpg","Patha alleviates atisara, sula, kapha, pitta and jvara. ISdn)
पाठाउम्बष्ठाडम्बष्ठिका स्यात प्राचीना पापचेलिका
पाठिका स्थापनी चैव श्रेयसी वृद्धिकर्णिका |l
एकाष्ठीला कुचैली च दीपनी वरतिक्तका
तिक्तपुष्पा बृहत्तिक्ता दीपनी त्रिशिरा
मालवी च
वरा देवी
द्विदृङ्मिता
IRjn )
Patha, ambashtha, ambashthika, pracina, papacelika, pathika, sthapani,
sre yasi, vrdahakarnika, ekasthila, kucaili, dipani, varatiktaka, tiktapuspa,
brhattikta, dipani, trisira, vrki, malavi, vara, devi, vrttaparni are the
synonyms of patha.
वृकी
वृत्तपर्णी

पाठा स्थैल्या स्थापनी तु वृद्धा चाश्मसुता वरा
अम्बष्ठाडम्बष्ठका यूथा प्राचीनाडविद्धकर्णिका |l
एकैषी त्रिशिरा देवी बृहत्तिक्ता वृकी रसा
बृहत्तिक्ता पापचेली मालती वृकदन्त्यपि
IKdn)
Synonyms of   patha are patha, stahilya, sthapani, vradha,
asmasuta
vara, ambhastha, ambhasthaka, yutha, pracina, aviddhakarnika, ekaishi,
trisira, devi, brhattikta, vrki, rasa, papaceli, malati and vrkadanti.

विषघ्नी सर्वशूलघ्नि
वातपित्तजित्
पाठा
ज्वरप्रशमनी रक्तातीसारनाशनी
Il IMdnl
Patha alleviates visha, sarva sula, guma, vata, pitta, pacifes jvara,
destroys rakta atisara.
गुल्मघ्नी

पाठोष्णा कटुका तीक्ष्णा वातश्लेष्महरी लघुः
हन्तिशूलज्वरच्छर्दिकुष्ठातीसारहृद्रुजः ||
दाहकण्डुविषश्वासकृमिगुल्मगरव्रणान्
(Bpn, Mpn)
Patha is katu in rasa, tiksna, laghu in guna, usna in veeryza, alleviates vata
ana slesma, cures sula, jvara, charai, kustha, atisara, hraruja, daha,
Kandu, visa
sva5a
krmi, gulma, gara visha and vrana.

पाठा तिक्तरसा वृष्या विष्घ्नी कुष्ठकण्डुनुत्
छर्दिहृद्रोगज्वरजित त्रिदोषशमनी परा
पाठाड
तिसारशूलघ्नी कफपित्तज्वरापहा
(Dhn)
Patha is tikta in rasa, vrsya, alleviates kapha, pitta, visha, kustha, kandu,
chardi , hrdroga, jvara, tridosha, atisara, sula and jvara

पाठा तिक्ता गरुष्णा
च वातपित्तज्वरापहा
भग्नसन्धानकृत्पित्तदाहातीसारशूलहृत्
IRjn)
Patha is tikta in Jasa, guru in guna, usna in veerya, causes
bhagna
sanahana , alleviates vata, pitta, jvara, pacifies pitta, daha, atisara ana
sula

पाठा
कटुका तीक्ष्णा लघुरुष्णा त्रिदोषहा
हरत् कुष्ठज्वर
च्छर्दिदाहातीसारहृद्रुजः II
गुल्मकण्डूविषश्वासव्रणशूलगरकृमीन् |
पाठाफलं पित्तहरं च शीतं
कषायमाधुर्ययुतं गुरु स्यात्
तस्यैव पत्रं त्वथ शीतविर्यं
रूक्षं
गुरुग्राहि निहन्ति मेहम् Il IKdnl
Patha is katu in rasa, tiksna, laghu in guna, usna in veerya, alleviates
triaosha , cures kustha, jvara, charai, daha, atisara, hrdruja, gulma,
kandu, visa,
sva5a
vrana, sula, gara visha and krmi.
Patha phala is Kashaya , madhura in rasa ,
in guna, sita in veerya and
alleviates pitta.
Its patra is ruksa , guru,
in guna
sita in veerya and cures meha
Buru
Brahi

पाठा तिक्ता कटष्णा
च भग्नसन्धानकारका
तीक्ष्णा लघ्वी पित्तदाहशूलातीसारनाशिनी
वातपित्तज्वरच्छर्दिविषाजीर्णत्रिदोषकान्
हृद्रोगरक्तकुष्ठकण्डूश्वासकृमीन् जयेत्
गुल्मोदरव्रणकफवातनाशकरी
मता
INir)
Patha is tikta, katu in rasa, tiksna, laghu in guna, usna in veerya, causes
bhagna sandhana, pacifies pitta, daha, sula, atisara
cures vata pitta
jvara, chardi, visa, ajirna, tridosha, hrdroga, rakta vikara, kustha, ati
kandu, svasa, krmi, gulma, udara, vrana, kapha and vata"
Patha - anya,पाठा अन्या,pāṭhā anyā,"https://www.medicinalplants.in/slokaimages/410/410_1.jpg
https://www.medicinalplants.in/slokaimages/410/410_2.jpg
https://www.medicinalplants.in/slokaimages/410/410_3.jpg
https://www.medicinalplants.in/slokaimages/410/410_4.jpg
https://www.medicinalplants.in/slokaimages/410/410_5.jpg
https://www.medicinalplants.in/slokaimages/410/410_6.jpg
https://www.medicinalplants.in/slokaimages/410/410_7.jpg
https://www.medicinalplants.in/slokaimages/410/410_8.jpg","Patha alleviates atisara, sula, kapha, pitta and jvara. ISdn)
पाठाउम्बष्ठाडम्बष्ठिका स्यात प्राचीना पापचेलिका
पाठिका स्थापनी चैव श्रेयसी वृद्धिकर्णिका |l
एकाष्ठीला कुचैली च दीपनी वरतिक्तका
तिक्तपुष्पा बृहत्तिक्ता दीपनी त्रिशिरा
मालवी च
वरा देवी
द्विदृङ्मिता
IRjn )
Patha, ambashtha, ambashthika, pracina, papacelika, pathika, sthapani,
sre yasi, vrdahakarnika, ekasthila, kucaili, dipani, varatiktaka, tiktapuspa,
brhattikta, dipani, trisira, vrki, malavi, vara, devi, vrttaparni are the
synonyms of patha.
वृकी
वृत्तपर्णी

पाठा स्थैल्या स्थापनी तु वृद्धा चाश्मसुता वरा
अम्बष्ठाडम्बष्ठका यूथा प्राचीनाडविद्धकर्णिका |l
एकैषी त्रिशिरा देवी बृहत्तिक्ता वृकी रसा
बृहत्तिक्ता पापचेली मालती वृकदन्त्यपि
IKdn)
Synonyms of   patha are patha, stahilya, sthapani, vradha,
asmasuta
vara, ambhastha, ambhasthaka, yutha, pracina, aviddhakarnika, ekaishi,
trisira, devi, brhattikta, vrki, rasa, papaceli, malati and vrkadanti.

विषघ्नी सर्वशूलघ्नि
वातपित्तजित्
पाठा
ज्वरप्रशमनी रक्तातीसारनाशनी
Il IMdnl
Patha alleviates visha, sarva sula, guma, vata, pitta, pacifes jvara,
destroys rakta atisara.
गुल्मघ्नी

पाठोष्णा कटुका तीक्ष्णा वातश्लेष्महरी लघुः
हन्तिशूलज्वरच्छर्दिकुष्ठातीसारहृद्रुजः ||
दाहकण्डुविषश्वासकृमिगुल्मगरव्रणान्
(Bpn, Mpn)
Patha is katu in rasa, tiksna, laghu in guna, usna in veeryza, alleviates vata
ana slesma, cures sula, jvara, charai, kustha, atisara, hraruja, daha,
Kandu, visa
sva5a
krmi, gulma, gara visha and vrana.

पाठा तिक्तरसा वृष्या विष्घ्नी कुष्ठकण्डुनुत्
छर्दिहृद्रोगज्वरजित त्रिदोषशमनी परा
पाठाड
तिसारशूलघ्नी कफपित्तज्वरापहा
(Dhn)
Patha is tikta in rasa, vrsya, alleviates kapha, pitta, visha, kustha, kandu,
chardi , hrdroga, jvara, tridosha, atisara, sula and jvara

पाठा तिक्ता गरुष्णा
च वातपित्तज्वरापहा
भग्नसन्धानकृत्पित्तदाहातीसारशूलहृत्
IRjn)
Patha is tikta in Jasa, guru in guna, usna in veerya, causes
bhagna
sanahana , alleviates vata, pitta, jvara, pacifies pitta, daha, atisara ana
sula

पाठा
कटुका तीक्ष्णा लघुरुष्णा त्रिदोषहा
हरत् कुष्ठज्वर
च्छर्दिदाहातीसारहृद्रुजः II
गुल्मकण्डूविषश्वासव्रणशूलगरकृमीन् |
पाठाफलं पित्तहरं च शीतं
कषायमाधुर्ययुतं गुरु स्यात्
तस्यैव पत्रं त्वथ शीतविर्यं
रूक्षं
गुरुग्राहि निहन्ति मेहम् Il IKdnl
Patha is katu in rasa, tiksna, laghu in guna, usna in veerya, alleviates
triaosha , cures kustha, jvara, charai, daha, atisara, hrdruja, gulma,
kandu, visa,
sva5a
vrana, sula, gara visha and krmi.
Patha phala is Kashaya , madhura in rasa ,
in guna, sita in veerya and
alleviates pitta.
Its patra is ruksa , guru,
in guna
sita in veerya and cures meha
Buru
Brahi

पाठा तिक्ता कटष्णा
च भग्नसन्धानकारका
तीक्ष्णा लघ्वी पित्तदाहशूलातीसारनाशिनी
वातपित्तज्वरच्छर्दिविषाजीर्णत्रिदोषकान्
हृद्रोगरक्तकुष्ठकण्डूश्वासकृमीन् जयेत्
गुल्मोदरव्रणकफवातनाशकरी
मता
INir)
Patha is tikta, katu in rasa, tiksna, laghu in guna, usna in veerya, causes
bhagna sandhana, pacifies pitta, daha, sula, atisara
cures vata pitta
jvara, chardi, visa, ajirna, tridosha, hrdroga, rakta vikara, kustha, ati
kandu, svasa, krmi, gulma, udara, vrana, kapha and vata"
Patranga,पत्राङ्ग,patrāṅga,"https://www.medicinalplants.in/slokaimages/285/285_1.jpg
https://www.medicinalplants.in/slokaimages/285/285_2.jpg
https://www.medicinalplants.in/slokaimages/285/285_3.jpg
https://www.medicinalplants.in/slokaimages/285/285_4.jpg","पतङ्गरक्तसारञ्चसुरङ्गरञ्जनंतथा
पट्टरञ्जकमाख्यातंपत्तुरञ्चकुचन्दनम्
(Bpn)
Rakta sara, suranga, ranjana, pattaranjaka, patturanca and
kucandana are the synonyms of patranga

पतङ्गगुणाः
पत्रांगंकटुंरीक्षमालंशीतंतुगौल्यकम्
वातपित्तज्वरघ्नंचविस्फोटोन्मादभूतहृत्
(Rin)
Patrangaka is katu in rasa, ruksa in guna, sita in veerya,
gaulya, alleviates vata, pitta, jvara, visphota, unmada and
bhuta.

पत्राङ्गस्तिक्तकःशीतोरूक्षोम्लोमधुरः कटुः |
व्रणशुद्धिकरोवर्ण्यःसुगन्धिर्वातपित्तहृत् 
उन्मादज्वरविस्फोटमूत्रकृच्छ्रव्रणाञ्जयेत्
कफाश्मरीरक्तदोषभूतबाधानिवारणः
(निघण्टुरत्नाकर)
Patranga is tikta, amla, madhura, katu in rasa, ruksa in
guna, sita in veerya
vrana suddhikara, varnya, sugandhi
alleviates vata, pitta, unmada, jvara, visphota, mutra
krcchra, vrana,
kapha, asmari, rakta dosha and bhuta

हरिचन्दनवद्वेद्यंविशेषाद्दाहनाशनम | |
(Bpn)
Haricandana specifically alleviates daha"
Pilu,पीलु,pīlu,"https://www.medicinalplants.in/slokaimages/1430/1430_1.jpg
https://www.medicinalplants.in/slokaimages/1430/1430_2.jpg
https://www.medicinalplants.in/slokaimages/1430/1430_3.jpg
https://www.medicinalplants.in/slokaimages/1430/1430_4.jpg
https://www.medicinalplants.in/slokaimages/1430/1430_5.jpg","रक्तपित्तहरः पीलुः फलं स्वादु विपाकि च|
अर्शोघ्नं बस्तिशमनं सस्नेहं कफवातजित् | |
पीलुजं च रसं स्वादु गुल्मार्शोघ्नं तु तीक्ष्णकम्
IDhnl
Pilu phala is svadu in paka, sasneha, vasti samana, alleviates raktapitta,
arsa, kapha and vata
Pilu is svaau in rasa , tiksna in guna, alleviates हulma and arsa.

अंकाह्वः कटुकः पीलुः कषायो मधुराम्लकः
सरः स्वादुश्च
गुल्मार्शःशमने दीपनः परः| |
मधुरस्तु महापीलुः वृष्यो विषविनाशनः |
पित्तप्रशमने रुच्य आमघ्नो दीपनीयकः
I IRjnl
Pilu is katu, kashaya, madhura, amla in rasa, sara in guna, svadu in paka
dipana param, pacifies guima and arsa
Maha pilu is madhura in rasa, vrshya, rucya, dipaniya, pacifies pitta,
alleviates visa and ama.

पीलु श्लेष्मसमीरघ्नं पित्तलं भेदि गुल्मनुत्
स्वादु तिक्तं च यत् पीलु तन्नात्युष्णं त्रिदोषहृत्|
IBpn)
Pilu is svadu, tikta in rasa, not atyushna, alleviates slesma and samira,
increases pitta , bhedi , alleviates gulma and tridosha.

तिक्तं पित्तकरं तेषां सर
च 
तीक्ष्णोष्णं कटुकं पीलु सस्नेहं कफवातजित्| | (सुश्रुत)
Pilu is tikta, katu in rasa, sara, tiksna in guna, usna in veerya, katu paka,
sasneha, increases pitta, alleviates kapha and vata
कटुविपाकि

पीलु.
.दोषघ्नं गरहीरि च| | चरक
It alleviates dosha and gara"
Pippali,पिप्पली,pippalī,"https://www.medicinalplants.in/slokaimages/1296/1296_1.jpg
https://www.medicinalplants.in/slokaimages/1296/1296_2.jpg
https://www.medicinalplants.in/slokaimages/1296/1296_3.jpg
https://www.medicinalplants.in/slokaimages/1296/1296_4.jpg
https://www.medicinalplants.in/slokaimages/1296/1296_5.jpg
https://www.medicinalplants.in/slokaimages/1296/1296_6.jpg
https://www.medicinalplants.in/slokaimages/1296/1296_7.jpg
https://www.medicinalplants.in/slokaimages/1296/1296_8.jpg","पिप्पली मागधी कृष्णा वैदेही चपला कणा
उपकपल्योषणा शौण्डी
कोलास्यात्तीक्ष्णतण्डूला II (Bpn)
Synonyms of pippali are magadhi, krsna, vaidehi, capala, kana
upakulya, usana, saundi, kola, tiksna tandula.

पिप्पली कृकरा शौण्डी चपला मागधी कणा
कोरङ्गी वैदेही तिक्ततण्डुला |I
श्यामा दन्तफला कृष्णा कोला च
मगदोद्भवा
ऊषणा
चोपकुल्या
च स्मृत्याह्वा
तीक्ष्णतण्डुला II (Rjn)
Synonyms of pippali are krkara, saundi, capala, magadhi, kana,
katubija, korangi, vaidehi, tiktatandula, syama dantaphala, krsna
kola, magadodbhava
usana, upakulya, smrtyahva, tiksna tandula
कटुबीजा

श्लेष्मला
स्वादुशीताउर्द्रा गुर्वी स्निग्धा च पिप्पली
सा शुष्का विपरीताउतः स्निग्धा वृष्या रसे कटुः II
स्वादुपाकानिलश्लेष्मश्वासकासापहा सरा
तामत्युपयुञ्जीत रसायनविधिं विना Il (Mdn)
Ardra pippali is svadu in rasa, guru snigdha in guna, sita in veerya
and increases slesma.
Suska pippali has opposite properties
katu in rasa, snigdha in
guna, vrsya, svadu in paka, alleviates anila, slesma
kasa and
svasa. It should not be used in excess except in the form of
rasayana vidhi.

पिप्पली कटुका स्वादुर्हिमा त्रिदोषजित्
तृड्ज्वरोदरजन्त्वामनाशिनी च रसायनी Il (Dhn)
Pippali is Katu,
Svadu in Rasa, Hima in Potency, Snigdha in
Guna, Tridosha hara, cures Trt, Jvara, Udara, Jantu, Ama and is
Rasayana

पिप्पली ज्वरहा वृष्या स्निग्धोष्णा कटुतिक्तका
दीपनी मारुतश्वासकासश्लेष्मक्षयापहा Il (Rin)
Pippali is Jvara hara, Vrsya, Snigdha
Usna in Potency, Katu and
Tikta in Rasa, Dipani,
cures Maruta, Svasa, Kasa, Slesma, Ksaya.

ग्रन्थिकं पिप्पलीमूलमूषणं चटकाशिरः
(Bpn)
Granthika,and Catakasira are the synonyms of Pippali mula

ग्रन्थिकं
पिप्पलीमूलं मूलं तु चविकाशिरः
कोलमूलं
कटुमूलं कटूषणम् |I
सर्वग्रन्थि च पत्राढ्यं विरूपं शोणसम्भवम
ग्रन्थिलं चैव पर्यायाः स्याश्चतुर्दश Il (Rjn)
Pippali mula is also named as Granthika Pippalimula, Mula,
Cavikasira, Kolamula, Katugranthi, Katumula, Katusna,
sarvagranthi, Patradhya, Virupa, Sona sambhava, Sugranthi,
Granthila
कटुग्रन्थि
सुग्रन्थि

दीपनं पिप्पलीमूलं कटूष्णं पाचनं लघु
रूक्षं पित्तकरं भेदि कफवातोदरापहम |l
आनाहप्लीहगुल्मघ्नं कृमिश्वासकफापहम्
(Bpn)
Pippali mula is Dipana, Katu in rasa, Usna in Potency, Pacana,
Laghu in Guna
Ruksa, Pitiakara
Bhedi, Kapha Vatodara hara
Anaha Pliha Gulmaghna, Krmi Svasa Kapha hara"
Plaksa,प्लक्ष,plakṣa,"https://www.medicinalplants.in/slokaimages/746/746_1.jpg
https://www.medicinalplants.in/slokaimages/746/746_2.jpg
https://www.medicinalplants.in/slokaimages/746/746_3.jpg","प्लक्ष कटुकषायश्च शीतलो रक्तपित्तजित्
मूर्च्छाश्रमप्रलापाश्च हरेत् प्लक्षो विशेषतः
Dhn)
Plaksa is katu, kashaya in rasa, sita in veerya, alleviates raktapitta
murccha
srama and pralapa.

प्लक्षः कटुकषायश्च शिशिरो रक्तदोषजित्
मूर्छाभ्रमप्रलापघ्नो ह्रस्वप्लक्षो विशोषकः | | IRjn)
Plaksa is katu , ksahaya in rasa, sita in veerya, alleviates rakta dosha,
murccha, bhrama, pralapa, hrasva and is visosaka.

प्लक्षः कषायः शिशिरो व्रणयोनिलगदापहा 
दाहपित्तकफामघ्नः शोथहा रक्तपित्तहृत्| |
रक्तदोषहरो मूर्च्छाप्रलापभ्रमनाशनः [
IBpnl
Plaksa is kashaya in rasa, sita in veerya, is vranya, alleviates anila, gada,
aaha, pitta, kapha, ama, sotha, raktapitta, rakta aosha, murccha,
pralapa and bhrama"
Priyala,प्रियाल,priyāla,"https://www.medicinalplants.in/slokaimages/274/274_1.jpg
https://www.medicinalplants.in/slokaimages/274/274_2.jpg
https://www.medicinalplants.in/slokaimages/274/274_3.jpg","चारस्य च फलं पक्वं वृष्यं गौल्याम्लकं गुरु|
तद्वीजं मधुरं वृष्यं पित्तदाहार्त्तिनाशनम्
IRjn )
Pakva phala is amla in rasa, guru in guna, vrshya and gaulya.
Its Dija is madhura in rasa, vrshya, alleviates pitta,aaha and arti.

वातपित्तहरं वृष्यं पियालं गुरु शीतलम्|
चारस्य
च फलं पक्वं
स्वादुम्लं
प्रियम | |
चारमज्जा समधुरा वृष्या पित्तानिलापहा |
IDhn )
Priyala is guru in guna, sita in veerya, vrshya, alleviates
and pitta
Pakva phala is svadu, amla in rasa, durjjara, priya
Majja is madhura in rasa, vrshya, alleviates pitta and anila
दुर्ज्जरं
vata

चारः पित्तकफास्रघ्न्स्तत्फलं मधुरं गुरु |
स्निग्धं सरं मरुत्पित्तदाहज्वरतृषापहम्| |
प्रियालमज्जा मधुरो वृष्यः पित्तानिलापहः |
हृद्योडतिदुर्ज्जरः स्निग्धो विष्टम्भी चामवर्द्धनः|| (Bpnl
Priyala is madhura in rasa , guru, snigaha, sara in guna, alleviates pitta,
kasa, asra, marut, pitta, daha, jvara and trsha.
Its majja is madhura in rasa, snigaha in guna, vrshya, alleviates pitta ana
anila, is hrdya, ati durjjara, vistambhi and increases ama."
Priyangu,प्रियङ्गु,priyaṅgu,"https://www.medicinalplants.in/slokaimages/1352/1352_1.jpg
https://www.medicinalplants.in/slokaimages/1352/1352_2.jpg
https://www.medicinalplants.in/slokaimages/1352/1352_3.jpg
https://www.medicinalplants.in/slokaimages/1352/1352_4.jpg","शीतला तिक्ता मोहदाहविनाशिनी |
ज्वरवान्तेहरा
रक्तमुद्रिक्तं
च
प्रसादयेत्|| IDhnl
Priyangu is tikta in rasa, sita in veerya, alleviates moha, daha
jvara vanti
and rakta dosna
प्रियंगुः

शीतला तिक्ता दाहपित्तस्रदोषजित् |
वान्तिभ्रान्तिज्वरहरा वक्त्रजाड्यविनाशिनी | | IRjn)
Priyangu is tikta in rasa, sita in veerya, alleviates daha, pitta, asra Dosha,
vanti, bhranti, jvara ana vaktra jadya.
प्रियंगुः

गन्धप्रियंगुः शोणितपित्तातियोगप्रशमनानाम्
चरक
Gandha priyangu pacifies sonita , pitta atiyoga

शीतला वान्तिदाहपित्तदज्वरास्रजित् |
मुखकान्तिप्रजनना गात्रदौर्गन्धयनाशना | | IMdnl
Priyangu is sita in veerya, mukha kanti prajanana, alleviates vanti, daha,
pitta jvara
asra dosha and gatra aaurgandhya.
प्रियंगुः"
Priyangu - ausadha,प्रियङ्गु औषध,priyaṅgu auṣadha,"https://www.medicinalplants.in/slokaimages/1352/1352_1.jpg
https://www.medicinalplants.in/slokaimages/1352/1352_2.jpg
https://www.medicinalplants.in/slokaimages/1352/1352_3.jpg
https://www.medicinalplants.in/slokaimages/1352/1352_4.jpg","शीतला तिक्ता मोहदाहविनाशिनी |
ज्वरवान्तेहरा
रक्तमुद्रिक्तं
च
प्रसादयेत्|| IDhnl
Priyangu is tikta in rasa, sita in veerya, alleviates moha, daha
jvara vanti
and rakta dosna
प्रियंगुः

शीतला तिक्ता दाहपित्तस्रदोषजित् |
वान्तिभ्रान्तिज्वरहरा वक्त्रजाड्यविनाशिनी | | IRjn)
Priyangu is tikta in rasa, sita in veerya, alleviates daha, pitta, asra Dosha,
vanti, bhranti, jvara ana vaktra jadya.
प्रियंगुः

गन्धप्रियंगुः शोणितपित्तातियोगप्रशमनानाम्
चरक
Gandha priyangu pacifies sonita , pitta atiyoga

शीतला वान्तिदाहपित्तदज्वरास्रजित् |
मुखकान्तिप्रजनना गात्रदौर्गन्धयनाशना | | IMdnl
Priyangu is sita in veerya, mukha kanti prajanana, alleviates vanti, daha,
pitta jvara
asra dosha and gatra aaurgandhya.
प्रियंगुः"
Prsniparni,पृश्निपर्णी,pṛśniparṇī,"https://www.medicinalplants.in/slokaimages/1667/1667_1.jpg
https://www.medicinalplants.in/slokaimages/1667/1667_2.jpg
https://www.medicinalplants.in/slokaimages/1667/1667_3.jpg
https://www.medicinalplants.in/slokaimages/1667/1667_4.jpg","पृश्निपर्णा रसे स्वादुः लघूष्णाडस्रत्रेदोषजित् |
कासश्वासप्रशमनी ज्वरतृड्दाहनाशिनी| | (Dhnl
Prsniparni is madhura in rasa , laghu in guna, usna in veerya, alleviates
asra dosha, pacifies kasa
svasa, cures jvara, trd and daha.
and

पृश्निपर्णी कटुष्णाडम्ला तिक्ताडतीसारकासजित् |
वातरोगज्वरोन्मादव्रणदाहविनाशिनी | | IRjnl
Prsniparni is katu, amla, tikta in rasa, usna in virya, alleviates atisara,
kasa, vataroga, jvara, unmade, Vrana
daha
and

पृश्निपर्णी त्रिदोशघ्नी वृष्योष्णा मधुरा सरा
हा
दाहज्वरश्वासर
क्तातीसारतृड्वमा
IBpnl
Prsniparni is madhura in rasa
sara in guna, usna in veerya, alleviates all
the three doshas, vrshya , cures daha, jvara, svasa, rakta atisara, tra ana
vami

पृश्निपर्णी संग्राहकवातहरदीपनीयवृष्याणाम् श्रेष्ठा| | (चरक)
Prsniparni is sangrahi, alleviates vata, is dipaniya ana srestha vrshya."
Puga,पूग,pūga,"https://www.medicinalplants.in/slokaimages/152/152_1.jpg
https://www.medicinalplants.in/slokaimages/152/152_2.jpg","आमं पूगं कषायं मुखमलशमनं कण्ठशूद्धि विधत्ते |
रक्तमश्लेष्मयघ्नं रुचकरमुदितं पाचनं रेचनं स्यात्|
तत्पूर्णेनायुतञ्चेत् झटिति वितनुते पाणडुवातं च शोषम्
IRjn )
Ama puga is kasaya in rasa, rucikara, pacana
recana, mukhamala
samana, kantha suadhi kara, alleviates rakta ana slesma, causes pandu
and sosa if taken in excess

पूगं गुरु हिमं रूक्षं कषायं कफपित्तजित्
मोहनं दीपनं रुच्यम्डडस्यवैरस्यनाशनम्| 
आर्द्रं तत
गुर्वभिष्यन्दि वहिदृष्टिहरं समृतम्
स्विन्नं दोषत्रयच्छेदि
तदुत्तमम्
IBpn |
Puga is kashaya in rasa, guru, ruksa in guna, hima in veerya, is mohana
dipana, rucya, alleviates kapha, pitta and asyavairasya.
Ardra puga is guru in guna, abhisyandi, svinna, vahni drsti hara, dosha
traya chedi, drdha madhya is considered the best.
दृढमध्यं"
Punarnava,पुनर्नवा,punarnavā,"https://www.medicinalplants.in/slokaimages/251/251_1.jpg
https://www.medicinalplants.in/slokaimages/251/251_2.jpg
https://www.medicinalplants.in/slokaimages/251/251_4.jpg
https://www.medicinalplants.in/slokaimages/251/251_5.jpg","शोफघ्नी दीर्घपत्रिका
पुनर्नवाडपरा
रक्ता
रक्तपुष्पा शिवाटिका |I
शोफघ्नी क्षुद्रवर्षाभूर्वृषकेतुः कठिल्लका
(Bpn)
Synonyms are punarnava , svetamula , sophaghni, dirghapatrika.
Synonyms of punarnava apara are rakta, raktapuspa, sivatika, sophaghni,
ksudravarshabhu, vrshaketu, kathillaka.
पुनर्नवा
श्वेतमूला

सदामण्डपत्रकः
श्वेतमूलोडथ वर्षाभूर्वृश्चीवः क्षुद्रपत्रकः II
वैशाखोः रक्तवृन्तः कठिल्लकः
प्रैर्कसो न्ुय्रेव
क्षुद्रवर्षाभू रक्तपुष्पा सिनाडिका Il MMdnl
Varshaketu, sadamanaalapatraka , svetamula, varshabhu, civa
ksudrapatraka are the synonyms of punarnava.
Synonyms of punarnava anya are vaisakhya, raktavrnta, kathillaka ,
vikasa, ksuaravarshabhu, raktapuspa, sinadika.
पुनर्नवो
वर्षकेतुः

वर्षाभूर्मधुरा तिक्ता कषाया कटुका सरा| |
क्षारोष्णा वीपनी रूक्षा शोफानिलकफापहा
हृद्या
रुच्या
जयेदर्शोव्रणपाण्डुगरोदरम्
IKdn)
Punarnava is madhura, tikta, kasaya , katu in rasa, sara, ruksa in guna,
usna in veerya, agnidipaka, hrdya, rucya, in karma, alleviates vata,
kapha cures sotha arsa, vrana
visa and udara vikara.

भवेदुष्णा तिक्ता रूक्षा
कफापहा
सशोफपाण्डुहृद्रोगकासोरःक्षतशूलनुत्
( IDhn)
Punarnava is tikta in rasa, ruksa in guna, usna in veerya, alleviates kapha,
cures sotha, panau roga, hradaya roga, kasa, uraksata and sula
पुनर्नवा"
Punarnava - rakta,पुनर्नवा रक्त,punarnavā rakta,"https://www.medicinalplants.in/slokaimages/251/251_1.jpg
https://www.medicinalplants.in/slokaimages/251/251_2.jpg
https://www.medicinalplants.in/slokaimages/251/251_4.jpg
https://www.medicinalplants.in/slokaimages/251/251_5.jpg","शोफघ्नी दीर्घपत्रिका
पुनर्नवाडपरा
रक्ता
रक्तपुष्पा शिवाटिका |I
शोफघ्नी क्षुद्रवर्षाभूर्वृषकेतुः कठिल्लका
(Bpn)
Synonyms are punarnava , svetamula , sophaghni, dirghapatrika.
Synonyms of punarnava apara are rakta, raktapuspa, sivatika, sophaghni,
ksudravarshabhu, vrshaketu, kathillaka.
पुनर्नवा
श्वेतमूला

सदामण्डपत्रकः
श्वेतमूलोडथ वर्षाभूर्वृश्चीवः क्षुद्रपत्रकः II
वैशाखोः रक्तवृन्तः कठिल्लकः
प्रैर्कसो न्ुय्रेव
क्षुद्रवर्षाभू रक्तपुष्पा सिनाडिका Il MMdnl
Varshaketu, sadamanaalapatraka , svetamula, varshabhu, civa
ksudrapatraka are the synonyms of punarnava.
Synonyms of punarnava anya are vaisakhya, raktavrnta, kathillaka ,
vikasa, ksuaravarshabhu, raktapuspa, sinadika.
पुनर्नवो
वर्षकेतुः

वर्षाभूर्मधुरा तिक्ता कषाया कटुका सरा| |
क्षारोष्णा वीपनी रूक्षा शोफानिलकफापहा
हृद्या
रुच्या
जयेदर्शोव्रणपाण्डुगरोदरम्
IKdn)
Punarnava is madhura, tikta, kasaya , katu in rasa, sara, ruksa in guna,
usna in veerya, agnidipaka, hrdya, rucya, in karma, alleviates vata,
kapha cures sotha arsa, vrana
visa and udara vikara.

भवेदुष्णा तिक्ता रूक्षा
कफापहा
सशोफपाण्डुहृद्रोगकासोरःक्षतशूलनुत्
( IDhn)
Punarnava is tikta in rasa, ruksa in guna, usna in veerya, alleviates kapha,
cures sotha, panau roga, hradaya roga, kasa, uraksata and sula
पुनर्नवा"
Punarnava - sveta,पुनर्नवा श्वेता,punarnavā śvetā,"https://www.medicinalplants.in/slokaimages/251/251_1.jpg
https://www.medicinalplants.in/slokaimages/251/251_2.jpg
https://www.medicinalplants.in/slokaimages/251/251_4.jpg
https://www.medicinalplants.in/slokaimages/251/251_5.jpg","शोफघ्नी दीर्घपत्रिका
पुनर्नवाडपरा
रक्ता
रक्तपुष्पा शिवाटिका |I
शोफघ्नी क्षुद्रवर्षाभूर्वृषकेतुः कठिल्लका
(Bpn)
Synonyms are punarnava , svetamula , sophaghni, dirghapatrika.
Synonyms of punarnava apara are rakta, raktapuspa, sivatika, sophaghni,
ksudravarshabhu, vrshaketu, kathillaka.
पुनर्नवा
श्वेतमूला

सदामण्डपत्रकः
श्वेतमूलोडथ वर्षाभूर्वृश्चीवः क्षुद्रपत्रकः II
वैशाखोः रक्तवृन्तः कठिल्लकः
प्रैर्कसो न्ुय्रेव
क्षुद्रवर्षाभू रक्तपुष्पा सिनाडिका Il MMdnl
Varshaketu, sadamanaalapatraka , svetamula, varshabhu, civa
ksudrapatraka are the synonyms of punarnava.
Synonyms of punarnava anya are vaisakhya, raktavrnta, kathillaka ,
vikasa, ksuaravarshabhu, raktapuspa, sinadika.
पुनर्नवो
वर्षकेतुः

वर्षाभूर्मधुरा तिक्ता कषाया कटुका सरा| |
क्षारोष्णा वीपनी रूक्षा शोफानिलकफापहा
हृद्या
रुच्या
जयेदर्शोव्रणपाण्डुगरोदरम्
IKdn)
Punarnava is madhura, tikta, kasaya , katu in rasa, sara, ruksa in guna,
usna in veerya, agnidipaka, hrdya, rucya, in karma, alleviates vata,
kapha cures sotha arsa, vrana
visa and udara vikara.

भवेदुष्णा तिक्ता रूक्षा
कफापहा
सशोफपाण्डुहृद्रोगकासोरःक्षतशूलनुत्
( IDhn)
Punarnava is tikta in rasa, ruksa in guna, usna in veerya, alleviates kapha,
cures sotha, panau roga, hradaya roga, kasa, uraksata and sula
पुनर्नवा"
Punnaga,पुन्नाग,punnāga,"https://www.medicinalplants.in/slokaimages/300/300_1.jpg
https://www.medicinalplants.in/slokaimages/300/300_2.jpg","पुरुषाख्योरक्तवृक्षःपुन्नागोदेववल्लभः
h [
Purushakhya, rakta vrksha, punnaga, devavallabha are the synonyms of
punnaga.

पुन्नागोमधुरःशीतःसुगन्धिःपित्तनाशकृत् [
देवप्रसादजनकोरक्तरुग्रक्तपित्तजित्|
कफंपित्तंभूतबाधांनाशयेदितिकीर्तितम्
पुष्पंवृष्यंवातशूलकफदोषाञ्जायत्यलम्
नमेरुस्तिक्तपुन्नागादधिकश्चगुणैःस्मृतः
(Nir)
Punnaga is madhura in rasa, sita in veerya, sugandhi, devaprasaaajana,
destroys pitta, kapha, pittabhuta baaha, alleviates rakta, rug and
raktapitta,
Puspa is vrshya, alleviates vata, sula and kapha dosha
Nameru is tikta in rasa, and more potent than punnaga"
Putiha,पूतिहा,pūtihā,"https://www.medicinalplants.in/slokaimages/1094/1094_1.jpg
https://www.medicinalplants.in/slokaimages/1094/1094_2.jpg
https://www.medicinalplants.in/slokaimages/1094/1094_3.jpg","स्रंसनं कटुकं पाके लघु वातकफापहम्
शोथघ्नमुष्णवीर्यं च पत्रं पूतिकरंजकज)म्|
Putiha is laghu in guna, usna in veerya, katu in paka, sramsana, alleviates
vata, kapha and sotha
Patra is putikaranjaka
| सुसू ४६

विरेचने प्रयोक्तव्यः पूतिकः [
Putina is used in virecana.
| च.सू १

कुवेराक्षी यकुत्प्लीहवातघ्नी व्रणरोपणी |
पूतिकरंजजं पत्रं लघु वातकफापहम्||
भेदनं कटुकं पाके वीर्योष्णं शोफनाशनम्
शोढल नि
Putiha is vrana ropani, alleviates yakrt plihavata
Its patra is laghu in guna, usna in veerya, katu in paka, bhedana,
alleviates vata, kapha ana destroys sopha"
Putrajivaka,पुत्रजीवक,putrajīvaka,"https://www.medicinalplants.in/slokaimages/645/645_1.jpg
https://www.medicinalplants.in/slokaimages/645/645_2.jpg
https://www.medicinalplants.in/slokaimages/645/645_3.jpg","पुत्रजीवःपवित्रश्चगर्भदःसुतजीवकः.
पुत्रजीवोपत्यजीवःसिद्धिदोपत्यजीवकः
Pavitra, garbada, sutajivaka, pathyajiva ana pathyajivaka are the
synonyms of putrjiva.

पुत्रजीवोगुरुर्वृष्योगर्भदः श्लेष्मवातकृत्
सृष्टमूत्रमलोरूक्षोहिमःस्वादुःकटुःपटुः | | (Bpn)
Putra jiva is svaau, katu, patu in rasa, guru, ruksa in guna, hima in
veerya, vrshya, garbhada, srstamutramala, increases slesma and vata

पुत्रजीवोहिमोवृष्यःश्लेष्मदोगर्भजीवदः|
चक्षुष्यःपित्तशमनोदाहतृष्णानिवारणः || KRjnl
Putrajiva is hima in veerya, vrshya, increases slesma, is garbhajivada,
cakshushya, pacifies pitta, alleviates daha ana trshna"
Rajika,राजिका,rājikā,"https://www.medicinalplants.in/slokaimages/265/265_1.jpg
https://www.medicinalplants.in/slokaimages/265/265_2.jpg","राजिका कफपित्तघ्नी तीक्ष्णोष्णा रक्तपित्तकृत् [
किंचिदं रूक्षाग्निदा कंडूकुष्ठकोठकृमीन् हरेत्
अतितीक्ष्णा विशेषेण तद्वत्
रााजका
(Bpn)
Rajika is tiksna, kincit ruksa in guna, usna in veerya, atitiksna, agniaa,
causes raktapitta, alleviates kapha, pitta, kandu, kustha, kotha
krmi,
specifically krsna is rajika.
कृष्णापि
and

आसुरी कटुतिक्तोष्णा वातप्लीहार्तिशूलनुत् [
दाहपित्तप्रदा हन्ति कफगुल्मकृमिव्रणान्
IRjn )
Asuri is katu, tikta in rasa, usna in veerya, causes daha, pitta, alleviates
vata, pliha, arti, sula, kapha, gulma, krmi and vrana"
Raktacandana,रक्तचन्दन,raktacandana,"https://www.medicinalplants.in/slokaimages/1363/1363_1.jpg
https://www.medicinalplants.in/slokaimages/1363/1363_2.jpg","रक्तं शीतं गुरु स्वादु च्छर्दितृष्णास्रपित्तहृत्
तिक्तं नेत्रहितं
ज्वरव्रणविषापहम्
(Bhava prakasha )
वृष्यं

रक्तचन्दनमतीव शीतलं तिक्तमीक्ष्णगदास्रदोषनुत्
भूतपित्तकफकाससज्वरभ्रान्तिजन्तुवमिजित्तृषापहम्
(Raja nighantu )"
Raktaniryasa,रक्तनिर्यास,raktaniryāsa,https://www.medicinalplants.in/slokaimages/28/28_1.jpg,"ज्ञेयस्तु रक्तनिर्यासः कषायः रूक्षशीतलः
कफपित्तहरो रक्तस्तम्भनो व्रणरोपणः|| (स्व.)
Raktaniryasa is kasaya in rasa, ruksa in guna, sita in veerya,
alleviates kapha and pitta, raksthambana in karma and cures vrana."
Rasna,रास्ना,rāsnā,"https://www.medicinalplants.in/slokaimages/95/95_1.jpg
https://www.medicinalplants.in/slokaimages/95/95_2.jpg
https://www.medicinalplants.in/slokaimages/95/95_3.jpg
https://www.medicinalplants.in/slokaimages/95/95_4.jpg
https://www.medicinalplants.in/slokaimages/95/95_5.jpg
https://www.medicinalplants.in/slokaimages/95/95_6.jpg
https://www.medicinalplants.in/slokaimages/95/95_7.jpg
https://www.medicinalplants.in/slokaimages/95/95_8.jpg","रास्ना युक्तरसा स्याच्छ्रेयस्या श्रेयसा रसा युक्ता
सुवहा सुगन्धमूला रस्या
सा
गन्धनाकुली चे
Il IAa mal
Rasna, yuktarasa, sreyasa, sreyasi, yukta, suvaha, sugandhamula, rasya
and
gandhanakuli are its synonyms

रास्ना युक्तरसा रस्या सुवहा रसाना
रसा
एलापर्णी च सुरसा सुगन्धा श्रोयसी तथा Il (Bpnl
Rasna , yukta rasa, rasya, suvaha, rasna, rasa, elaparni, surasa, sugandha,
sroyasi are its synonyms

विशेषाद्वातरोगघ्नी तैलादिषु नियोजिता
विषघ्नी श्वासकासघ्नी
रास्ना
हिक्कानिवारणी Il MMdnl
Rasna specifically alleviates vataroga when used in the form of taila
It also alleviates visha, svasa, kasa
Inikka.
and

रास्नामपाचनी तिक्ता गुरूष्णा कफवातजित्
शोफश्वाससमीरास्रवातशूलोदरापहा
कासज्वरविषार्शावातिकामयहिध्महृत
(Bpn)
Rasna is tikta in rasa, guru in guna,
usna in veerya, ama pacani, alleviates
kapha ana vata, cures sopha , svasa, samira, asra vata, sula, udara, kasa
jvara
visa, sita vata and hidhma

रास्ना गुरुश्च तिक्तोष्णा विषवातास्रकासजित्
शोफकम्पोदरश्लेष्मशमन्यामस्य पाचनी Il IDhnl
Rasna is tikta in rasa, guru in guna, usna in veerya, cures visha, vata,
asra, kasa, sopha, kampa, udara, slesma and is ama pacana

रास्ना तिक्ता गुरुश्चोष्णा पाचन्यामविनाशिनी
वातरक्तं विषं श्वासं कासं
विषमज्वरम |l
शोफं हिक्कां चामवातं कफं शूलं विनाशयेत्
ज्वरं कम्पं चोदरं च सर्वान् वातांश्च नाशयेत Il (Sgnl
Rasna is tikta in rasa, guru in guna
usna in veerya, pacana, aestroys ama
cures vatarakta, visa , svasa, kasa, visamajvara, sopha, hikka , amavata
kapha, sula, jvara, kampa, uaara and sarva vata

रास्ना तिक्ता गुरूष्णामपाचनी कफपित्तहा
निहन्ति शोफवातास्रश्वासकासविषज्वरान
१
हिध्माशीतामवाताढ्या
वातशूलोदरणि च
(Kdn)
Rasna is Tikta in rasa, guru in Guna, Usna in Potency Ama pacani, Kapha
Pitta hara, cures Sopha, Vata asra, Svasa, Kasa, Visha, Hidhma, Sita vata,
Ama vata, Vata adhya, Vata sula and Udara

रास्नोष्णा वातशोफामवातवातामयान् जयेत्
ISdn)
Rasna is Usna in Potency, Vata sopha Amavata hara."
Rohisa,रोहिष,rohiṣa,"https://www.medicinalplants.in/slokaimages/550/550_1.jpg
https://www.medicinalplants.in/slokaimages/550/550_2.jpg
https://www.medicinalplants.in/slokaimages/550/550_3.jpg","कत्तृणं श्वासकासघ्नं हृद्रोगशमनं परम्
विसूच्यजीर्णशूलघ्नं कफपित्तास्रनाशनम्
न (ज.नि)
Kattrna alleviates svasa , kasa, visuci, ajirna, sula, best in pacifyng
hrdroga, destroys kapha, pitta
asra
and

कत्तृणा दशनामाढ्यं कटुतिक्तं कफापहम्|
शस्त्रशल्यादिदोषघ्नं बालग्रहविनाशनम् |
IRin)
Kattrna is katu, tikta in rasa, dasanamdhya, alleviates kapha, sastra
salyadi dosha and destroys bala
Braha.

रोहिषं
तिक्तं कटुपाकं व्यपोहति |
हृत्कण्ठव्याधिपित्तास्रशूलकासकफज्वरान्
(Bpn)
Rohisa is tuvara, tikta in rasa, katu in paka, alleviates hrt kantha vyadhi,
pitta, asra, sula, kasa, kapha and jvara.
तुवरं"
Rohitaka,रोहितक,rohitaka,"https://www.medicinalplants.in/slokaimages/144/144_1.jpg
https://www.medicinalplants.in/slokaimages/144/144_2.jpg
https://www.medicinalplants.in/slokaimages/144/144_3.jpg
https://www.medicinalplants.in/slokaimages/144/144_4.jpg","रोहितको यकृत्प्लीहगुल्मोदरहरः सरः
शुक्लरोहितकञ्चैव कटुष्णमुभयं स्मृतम्||
कर्णरोगहरञ्चैव विषवेगविनाशनम्
IDhn)
Rohitaka is sara in guna, alleviates yakrt pliha gulma and uaara.
Sukila rohitaka is katu in rasa, usna in veerya, alleviates karnaroga,
destroys visavega

रोहितकौ कटुस्निग्धौ कषायौ च सुशीतलौ |
कृमिदोषव्रणप्लीहरक्तनेत्रामयापहौ | | IRjnl
Rohitaka is katu, kashaya in rasa, snigaha in guna, sita in veerya,
alleviates krmiaosha, vrana, pliha, rakta and netra amaya.

रोहितकः प्लीहघाती रुच्यो रक्तप्रसादनः
कषायः
शीतलः स्निग्धो यकृदगुल्महरोमतः | |
नेत्ररोगप्रशमनः क्रिमिघ्नो व्रणनाशनः
| (Bpn)
Rohitaka is kashaya in rasa, snigdha in guna, sita in veerya, plihaghati,
rucya, rakta prasadana, alleviates yakrd gulma, krmi, pacifies netra roga
aestroys vrana.
and

रोहितको यकृत्प्लीहगुल्मोदरहरः सरः| | KRjvl
Rohitaka alleviates yakrd pliha gulma
uaara
and"
Rohitaka - sveta,रोहितक श्वेता,rohitaka śvetā,"https://www.medicinalplants.in/slokaimages/144/144_1.jpg
https://www.medicinalplants.in/slokaimages/144/144_2.jpg
https://www.medicinalplants.in/slokaimages/144/144_3.jpg
https://www.medicinalplants.in/slokaimages/144/144_4.jpg","रोहितको यकृत्प्लीहगुल्मोदरहरः सरः
शुक्लरोहितकञ्चैव कटुष्णमुभयं स्मृतम्||
कर्णरोगहरञ्चैव विषवेगविनाशनम्
IDhn)
Rohitaka is sara in guna, alleviates yakrt pliha gulma and uaara.
Sukila rohitaka is katu in rasa, usna in veerya, alleviates karnaroga,
destroys visavega

रोहितकौ कटुस्निग्धौ कषायौ च सुशीतलौ |
कृमिदोषव्रणप्लीहरक्तनेत्रामयापहौ | | IRjnl
Rohitaka is katu, kashaya in rasa, snigaha in guna, sita in veerya,
alleviates krmiaosha, vrana, pliha, rakta and netra amaya.

रोहितकः प्लीहघाती रुच्यो रक्तप्रसादनः
कषायः
शीतलः स्निग्धो यकृदगुल्महरोमतः | |
नेत्ररोगप्रशमनः क्रिमिघ्नो व्रणनाशनः
| (Bpn)
Rohitaka is kashaya in rasa, snigdha in guna, sita in veerya, plihaghati,
rucya, rakta prasadana, alleviates yakrd gulma, krmi, pacifies netra roga
aestroys vrana.
and

रोहितको यकृत्प्लीहगुल्मोदरहरः सरः| | KRjvl
Rohitaka alleviates yakrd pliha gulma
uaara
and"
Sahadevi,सहदेवी,sahadevī,https://www.medicinalplants.in/slokaimages/19/19_1.jpg,"सहदेवी दण्डोत्पला विषमज्वरनाशिनी |
सहदेवी द्विधा प्रोक्ता श्वेती नीला च
द्वयं चैकान्तरं
भक्षणात धारणदपि |
निद्राकरा धृता शीर्षे नीला सिध्मविनःशनी | | शोढल
Sahadevi is dandotpala that alleviates visama jvara.
It is Of
types: sveta and nila based on the colour Of
the flower, both are similar in properties and on
bhaksana and dharana it causes nidra and nila
alleviates sidhma.
पुष्पतः
हन्ति"
Saileya,शैलेय,śaileya,"https://www.medicinalplants.in/slokaimages/1235/1235_1.jpg
https://www.medicinalplants.in/slokaimages/1235/1235_2.jpg
https://www.medicinalplants.in/slokaimages/1235/1235_3.jpg","शैलेयं शीतलं हृद्यं कफपित्तहरं लघु
कण्डूकुष्ठाश्मरींदाहविषहृत् गुदरक्तहृत्| | o८Bpn)
Saileya is laghu in guna, sita in veerya, hrdya, alleviates kapha, pitta ,
kandu, kustha, asmari, daha, visha and guda rakta

शैलेयं शिशिरं तिक्तं सुगन्धि कफपित्तजित्|
दाहतृष्णावमिश्वासव्रणं दोषविनाशनम्| 
T (Rjn)
Saileya is tikta in rasa, sita in veerya, sugandhi, alleviates kapha, pitta
daha, trsna, vami,
svasa and vrana dosha

शैलेयं कटुकं शीतं सुगन्धिं लघुहृद्यकम्
रुच्यं च कफपित्तघ्नं दाहतृष्णावमिप्रणुत्| |
श्र्वासं व्रणं च कण्डूं च कुष्ठाश्मरीविषज्वरान्|
रक्तदोषं वातरोगं च रक्तार्शं चैव नाशयेत्|
INir)
Saileya is katu in rasa, laghu in guna, sita in veerya, sugandhi, hrdya,
rucya, alleviates kapha, pitta, daha, trsha, vami, svasa, vrana, kandu,
Kustha, asmari, jvara, visha, rakta dosha, vata roga and rakta arsa"
Saivala,शैवाल,śaivāla,"https://www.medicinalplants.in/slokaimages/379/379_1.jpg
https://www.medicinalplants.in/slokaimages/379/379_2.jpg","वारिपर्णी हिमा तिक्ता लघ्नी स्वाद्धी सरा पटुः |
दोषत्रयकरी रूक्षा शोणितज्वरशोषकृत्||
शैवारं तुवरं तिक्तं मधुरं शीतलं लघु
स्निग्धं दाहतृषापित्तरक्तज्वरं परम्| |
(Bpn)
Variparni is tikta, svadu, patu in rasa, laghu,
ruksa, sara in guna, hima in
veerya, alleviates tridosha, causes sonita, jvara and sosa.
Saivara is tuvara, tikta, madhura in rasa, laghu, snigaha in guna, sita in
veerya, daha, trsha, pitta, rakta jvara para.

शेवालं शीतलं स्निग्धं सन्तापव्रणनाशनम
IRjnl
Saivala is snigdha in guna, sita in veerya, destroys santapa and vrana."
Sala,शाल,śāla,"https://www.medicinalplants.in/slokaimages/1481/1481_1.jpg
https://www.medicinalplants.in/slokaimages/1481/1481_2.jpg
https://www.medicinalplants.in/slokaimages/1481/1481_3.jpg
https://www.medicinalplants.in/slokaimages/1481/1481_4.jpg
https://www.medicinalplants.in/slokaimages/1481/1481_5.jpg
https://www.medicinalplants.in/slokaimages/1481/1481_6.jpg","सालस्तुसर्ज्जकार्याडश्वकर्णिकासस्यसम्बरः
Sarjja, asvakarnika and sambara are the synonyms of sala

अश्वकर्णः कषायः स्याद्व्रणस्वेदकफकृमीन् |
ब्रध्नवीद्रधिबाधिर्य्यनिकर्णगदान्हरेत्|
IBpnl
Asvakarna is kashaya in rasa, alleviates vrana, sveda, kapha, krmi,
bradhna, vidradhi, badhirya and karna gada.

अश्वकर्णःकटुस्तिक्तःस्निग्धःपित्तास्रनाशनः
उरोविस्फोटकण्डूघ्नःशिरोदोषार्त्तिकृंतनः | |
(Rjn )
Asvakarna is katu, tikta in rasa, snigdha in guna, destroys pitta
asra
dosha, alleviates uru visphota, kandu, siro dosha and arti.

अथशालभेदः
सर्ज्जकोडन्योउजकर्णःस्याच्छालोमरिचपत्रकः
Synonyms of sarjjaka anya are ajakarna, sala and marica patraka.

अजकर्णःकटुस्तिक्तःकषायोष्णोव्यपोहति
कफपाण्डुश्रुतिगदान्मेहकुष्ठविषव्रणान्| (Bpnl
Ajakarna is katu, tikta, kashaya in rasa,
usna in veerya, alleviates kapha,
pandu, sruti
gada, meha, kustha, visha and vrana.

सर्जस्तुकटुतिक्तोष्णोहिमःस्निग्धोडतिसारजित् P
पित्तास्रदोषकुष्ठघ्नःकण्डूविस्फोटवातजित् |
IRjn )
Sarja is Katu, Tikta in rasa, Usna, Hima, Snigdha, Atisara hara,
Pittasradosha kusthaghna, Kandu visphota vata hara."
Sallaki,शल्लकी,śallakī,"https://www.medicinalplants.in/slokaimages/258/258_1.jpg
https://www.medicinalplants.in/slokaimages/258/258_3.jpg
https://www.medicinalplants.in/slokaimages/258/258_4.jpg","शल्लकी तुवरा शीता श्लेष्मपित्तातिसारजित्
रक्तपित्तवर्णहरी पुष्टिकृत्समुदीरिता | |
तत्फलम् कफवातार्शकुष्ठारोचकनाशनम्|
पुष्पं चासंय कफं वातमर्शकुष्ठारुचीर्जयेत्| | (गःनि)
Sallaki is tuvara in rasa, sita in veerya, pusti kara, alleviates slesma, pitta
atisara, rakta pitta
varna.
Its phala destroys kapha, vata,
arsa, kustha and arocaka
Its puspa alleviates kapha, vata
arsa, kustha and aruci.
and

कन्दरुः
मधुरस्तिक्तः कफपित्तार्तिदाहनुत्
पाने लेपे च शिशिरः प्रदरायमशांतिकृत्
IRjn )
Kundaru is madhura , tikta in rasa , alleviates kapha, pitta, arti ana daha.
Pana and lepana it is sita, pacifies pradara, amaya

कुन्दुरुः मधुरस्तिक्तः तीक्ष्णस्त्वच्यः कटुर्हरेत्|
ज्वरस्च
दग्रहालक्ष्मीमुखरोगकफानिलान्| | (Bpnl
Kunduru is madhura , tikta, katu in rasa, tiksna in
Tvacya cures
jvara, sveda, graha, alakshmi, mukha roga, kapha ana anila.
guna."
Sallaki - bheda,शल्लकी भेद,śallakī bheda,"https://www.medicinalplants.in/slokaimages/258/258_1.jpg
https://www.medicinalplants.in/slokaimages/258/258_3.jpg
https://www.medicinalplants.in/slokaimages/258/258_4.jpg","शल्लकी तुवरा शीता श्लेष्मपित्तातिसारजित्
रक्तपित्तवर्णहरी पुष्टिकृत्समुदीरिता | |
तत्फलम् कफवातार्शकुष्ठारोचकनाशनम्|
पुष्पं चासंय कफं वातमर्शकुष्ठारुचीर्जयेत्| | (गःनि)
Sallaki is tuvara in rasa, sita in veerya, pusti kara, alleviates slesma, pitta
atisara, rakta pitta
varna.
Its phala destroys kapha, vata,
arsa, kustha and arocaka
Its puspa alleviates kapha, vata
arsa, kustha and aruci.
and

कन्दरुः
मधुरस्तिक्तः कफपित्तार्तिदाहनुत्
पाने लेपे च शिशिरः प्रदरायमशांतिकृत्
IRjn )
Kundaru is madhura , tikta in rasa , alleviates kapha, pitta, arti ana daha.
Pana and lepana it is sita, pacifies pradara, amaya

कुन्दुरुः मधुरस्तिक्तः तीक्ष्णस्त्वच्यः कटुर्हरेत्|
ज्वरस्च
दग्रहालक्ष्मीमुखरोगकफानिलान्| | (Bpnl
Kunduru is madhura , tikta, katu in rasa, tiksna in
Tvacya cures
jvara, sveda, graha, alakshmi, mukha roga, kapha ana anila.
guna."
Salmali,शाल्मली,śālmalī,"https://www.medicinalplants.in/slokaimages/12/12_1.jpg
https://www.medicinalplants.in/slokaimages/12/12_2.jpg
https://www.medicinalplants.in/slokaimages/12/12_3.jpg","शाल्मली शीतला स्निग्धा शुक्रश्लेष्मविवर्द्धनी |
तद्रसस्तद्गुणो ग्राहि स च मोचरसः स्मृतः
कषायस्तद्रसो ग्राहि पुष्पं तद्वत्तथा फलम्II (Dhn)
Salmali is snigdha,
in guna, sita in veerya
increases sukra and slesma.
Its rasa is called moca rasa, which is kashaya in rasa
and
grahi in guna.
Its puspa and phala also have similar properties
grahi

शाल्मली पिच्छिलो वृष्यो बल्यो मधुरशीतलः 
कषायश्च लघुः स्निग्धः
शुक्रश्लेष्मविवर्द्धनः| |
तद्रसस्तद्गुणो ग्राहि कषायः कफनाशनः |
पुष्पं तद्वच्च निर्दिष्टं फलं तस्य तथाविधम् |
मोचरसस्तु कषायः कफवातहरो रसायनो योगात्|
बलपुष्टिवर्णवीर्यप्रज्ञायुर्देहसिद्धिदो ग्राहिIl (Rjn)
Salmali is madhura, kashaya in rasa, picchila, laghu,
snigdha in guna, sita in veerya, vrshya, balya, increases
sukra and slesma.
Its rasa possesses similar properties and is kasaya in
rasa, grahi in guna, destroys kapha.
Puspa and phala also have similar properties
Moca rasa is kashaya in rasa, grahi in guna, rasayana
bala pusti varna virya ayur deha siddhida, alleviates
kapha and vata.

शाल्मली शीतला स्वाद्वी रसे पाके रसायनी |
श्लेष्मली पित्तवातास्रहारिणी रक्तपित्तजित्| |
मोचस्रावो हिमो ग्राही स्निग्धो वृष्यः कषायकः
प्रवाहिकातिसारामकफपित्तास्रादाहनुत्
शाल्मलीपुष्पशाकन्तु धृतसैन्धवसाधितम् [
प्रदरं नाशयत्येव दुःसाध्यञ्च न संशयः || (Bpn)
Salmali is svadu in rasa and paka, sita in veerya,
rasayani, slesmali, alleviates pitta, vata, asra and rakta
pitta.
Moca srava is kashaya in rasa, grahi, snigdha in guna,
hima in veerya, vrshya, alleviates pravahika, atisara,
ama, kapha, pitta, asra and daha
Its puspa and saka saluted with ghrta and saindhava is
effective in duisadhya pradara."
Sami,शमी,śamī,"https://www.medicinalplants.in/slokaimages/1341/1341_1.jpg
https://www.medicinalplants.in/slokaimages/1341/1341_2.jpg
https://www.medicinalplants.in/slokaimages/1341/1341_3.jpg
https://www.medicinalplants.in/slokaimages/1341/1341_4.jpg
https://www.medicinalplants.in/slokaimages/1341/1341_5.jpg","गुरूष्णमधुरं रूक्षं केशघ्नं च शमीफलम्|
चरक
Sami phala is madhura in rasa, guru, ruksa in guna, usna in veerya and
destroys kesa

शमीफलं गुरु स्वादु रूक्षोष्णं केशनाशनम्| | सुश्रुत
Sami phala is svadu in rasa, Buru, ruksa in guna, usna in veerya ana
aestroys kesa

शमीफलं लघु स्वादु
कफहृत्सरम |
पित्तलं रूक्षं मेध्यं केशविनाशनम् [
क्षेमकुतूहलम्
Sami phala is svadu in rasa, laghu, sara, ruksa in guna, rucya, medhya,
increases pitta, alleviates kustha, arsa, kapha and destroys kesa.
कुष्ठार्शः
सुरुच्यं

शमि तिक्ता कटुः शीता कषाया रोचनी लघुः 
कफकासभ्रमश्वासकुष्ठार्शकृमिजित्समुता |
तत्त्फलं पित्तलं रूक्षं मेध्यं केशविनाशनम्| | (Bpnl
Sami is tikta, katu, kashaya in rasa, laghu in guna, sita in veerya, rocani,
alleviates kapha , kasa, bhrama, svasa, kustha, arsa and krmi.
Its phala is ruksa in guna, meahya, increases pitta and destroys kesa.

शमो रूक्षा कषाया च रक्तपित्तातिसारजित
तत्फलं तु गुरुस्वादु रूक्षोष्णं नखकेशनुत्| |
द्वितीया
शमी शांता शुभा भद्रा पराजिता
जया च
विजया चैव पूर्वोक्तगुणसंयुता | | Rjnl
Sami is Ruksa, Kashaya in rasa, Rakta pitta atisarajit.
Its Phala is Guru, Svadu in rasa, Ruksa, Usna in virya, Nakha kesa hara
Another variety is santa, Subha, Bhadra, Parijata, Jaya, Vijaya and is
similar to the above."
Saptacakra,सप्तचक्रा,saptacakrā,https://www.medicinalplants.in/slokaimages/18/18_1.jpg,"सप्तचक्रा लघू रूक्षा तीक्ष्णा तिक्तकषायका
वीर्योष्ण मधुमेहघ्नी यकृद्रोगहरा परम्| |
रजोरोधं रजःकृच्छं कफं पित्तं च नाशयेत्||
Saptacakra is tikta, kasaya in rasa, laghu, ruksa, tiksna in
guna,
usna in veerya, alleviates kapha, pitta,
cures
madumeha, yakrd roga and rajorodha"
Sarala,सरल,sarala,"https://www.medicinalplants.in/slokaimages/1287/1287_1.jpg
https://www.medicinalplants.in/slokaimages/1287/1287_2.jpg
https://www.medicinalplants.in/slokaimages/1287/1287_3.jpg
https://www.medicinalplants.in/slokaimages/1287/1287_4.jpg
https://www.medicinalplants.in/slokaimages/1287/1287_5.jpg","सरलःपूतिकाष्ठञ्चमनोज्ञोधुपवृक्षकः
Synonyms of sarala are putikastha, manojna and dhupavrkshaka.

सरलोमधुरस्तिक्तःकटुपाकरसोलघुः
स्निग्धोष्णःकर्णकण्ठाक्षिरोगरक्षोहरःस्मृतः| |
कफानिलस्वेददाहकासमूर्छाव्रणापहः | | (Bpn)
Sarala is madhura, tikta in rasa, laghu, snigdha in guna
usna in veeryza,
katu in paka, alleviates karna kantha aksi roga, kapha, anila, sveaa, aaha,
kasa, murccha and vrana

सरलःकटुतिक्तोष्णःकफवातविनाशनः
त्वक्दोषशोफकण्डूतिव्रणघ्नःकोष्ठशुद्धिदः
IRjn )
Sarala is katu, tikta in rasa, usna in veerya, aestroys kapha and vata
kostha sudahikara, alleviates tvag dosha, sopha, kandu and vrana.

सरलःकटुतिक्तोष्णोरूक्षःश्लेष्मानिलापहः
भूतदोषापहोरक्तोलिप्तोङ्गेषुसुकांतिदः | | (क्वचित्)
sarala is katu, tikta in rasa, usna in virya, ruksa, slesma anila hara, bhuta
dosha hara, raktopaliptangaeshu sukantida.

सरलोमधुरस्तिक्तोरसेपाकेकटुर्लघुः |
स्निग्धश्चोष्णःकर्णनेत्रकण्ठरोगविनाशनः| |
कफंवातञ्चयूकाञ्चकासंस्वेदंव्रणंतथा
रक्षोबाधामलक्ष्मींचनाशयेदितिकीर्त्तितः
(Rjn)
sarala is madhura, tikta in rasa, katu in paka and in rasa, laghu, snigdha,
usna in virya, karna netra kantha roga vinasana, kapha vata yukta kasa
sveaa vrana hara, raksobaaha, lakshmi nasana"
Sarapunkha,शरपुङ्खा,śarapuṅkhā,"https://www.medicinalplants.in/slokaimages/1597/1597_1.jpg
https://www.medicinalplants.in/slokaimages/1597/1597_2.jpg","शरपुंखाः कटुष्णाश्च कृमिवातरुजापहाः
श्वेता त्वाशु गुणाढ्या स्यात् प्रशस्ता च रसायने| |
कण्टपुंखा कटूष्णा च कृमिशूलविनाशनी| | (Rjnl
Sarapunkha is katu in rasa, usna in veerya, alleviates krmi, vata ana ruja
Sveta is gunadhya ana prasasta rasayana
Kanthapunkha is katu in rasa, usna in veerya, cures krmi and sula.

शरपुंखा यकृत्प्लीहगुल्मव्रणविषापहः
तिक्त्तः कषायः कासास्रश्वासज्वरहरो लघुः
( IBpn)
Sarapunkha is tikta, kashaya in rasa, laghu in guna, alleviates yakrt pliha
gulma, vrana , visha, kasa , asra, svasa and jvara"
Sariva,सारिवा,sārivā,"https://www.medicinalplants.in/slokaimages/864/864_1.jpg
https://www.medicinalplants.in/slokaimages/864/864_2.jpg
https://www.medicinalplants.in/slokaimages/864/864_3.jpg
https://www.medicinalplants.in/slokaimages/864/864_4.jpg
https://www.medicinalplants.in/slokaimages/864/864_5.jpg
https://www.medicinalplants.in/slokaimages/864/864_6.jpg
https://www.medicinalplants.in/slokaimages/864/864_7.jpg
https://www.medicinalplants.in/slokaimages/864/864_8.jpg","गोपसुतोक्ता भद्रा चन्दनगोपा च शारिबा कृष्णा
कृष्णलता
च
सुगन्धा सुगन्घिका गन्धमूला च Il
गोपा गोपी चन्दना
च
कन्या
चन्दनशारिबा
कृष्णमूला दीर्घपत्री तथा चोत्पलशारिबा
गोपपुत्री द्वीतीया
महागोपी च गोपुरा
सुगन्धिनी गोपवल्ली लतास्फोता निगद्यते Il IAa mal
sutokta, bhadra, candanagopa, shariba, krsna, krsna lata,
sugandha, sugandhika, gandhamula , gopa, gopi, candana, kanya,
candana sariba, krsna mula, dirghapatri, utpalasariba and हopaputri are
the synonyms of sariva
Second variety is mahagopi, gopura, sugandhini, gopavalli ana
latasphota.
Gopa

कृष्णा तु सारिवा श्यामा गोपी गोपवधूशर्च सा
धवला शारिबा गोपी गोपकन्या च शारदी |l
स्फोटा श्यामा गोपवल्ली लतास्फोता
च
चन्दना
IBpn )
Krsna sariva, syama sariva, gopi, gopavadhu, dhavala, shariba, gopi,
gopakanya, sharadi , sphota, syama, gopavalli, latasphota, candana
the synonyms of sariba.
are

सारिबा शारिबाउनन्दा गोपी चोत्पलशारिबा
भद्रवल्ली नागजिह्वा
कराला भद्रवल्लका |l
श्यामलता च पालिन्दी गोपिनी कृष्णशारिबा
INirl
Sariba, shariba, ananda, gopi, utpala sariba, bhadravalli, nagajihva,
karala, bhadravallika, syamalata, palindi , gopini
krsna sariba are the
synonyms of sariva.
and

तृष्णादाहप्रशमनी रक्तपित्तहरा हिमा
ज्वरघ्नी मधुरा वृष्या शारिबा पित्तकासजित् Il IMdnl
Sariba is madhura in rasa,
in veerya, vrshya, pacifies trsna, daha,
alleviates raktapitta, jvara, pitta ana kasa
hima

शारिबायुगलं स्वादु स्निग्धं शुक्लकरं गुरु
अग्निमान्द्यारुचिश्वासकासामविषनाशनम |l
दोषत्रयास्रप्रदरज्वरातीसारनाशनम्
IBpn )
Both the types of sariba are svadu in rasa, snigdha, guru in guna,
sukrakara
cures agnimanaya, aruci,
svasa, kasa, ama, visa, dosha traya,
asra vikara, pradara, jvara and atisara

शारिबे द्वे तु मधुरे कफवातास्रनाशने
कुष्ठकण्डूज्वरहरे मेहदुर्गन्धिनाशने II
कृष्णमूली तु संग्राही शिशिरा कफवातजित्
तृष्णारुचिप्रशमनी रक्तपित्तहरा स्मृता Il (Dhnl
Both the types of sariba are madhura in rasa, alleviates kustha, kandu,
jvara, destroys kapha, vata, asra, meha and durganaha.
Krsna muli is
sangrahi, sisira, alleviates kapha, vata, raktapitta, pacifies
trsna and aruci.

शारिबे द्वे तु मधुरे कफवातास्रनाशने
कुष्ठकण्डूज्वरहरे मेहदुर्गन्धिशने Il IRjnl
Both the types of sariba are madhura in rasa, destroys kapha, vata, asra,
kustha, kandu, jvara, meha and aurgandha.

शारिबा वातपित्तासृक्तृट्च्छर्दिज्वरनाशिनी
अनन्ता ग्राहिणी रक्तपित्तप्रशमनी हिमा Il IRavl
Sariba is Vata Pitta Asrk-Trt Chardi-Jvara nasini, Ananta, Grahini,
Raktapitta prasamani,
Hima in Potency .
and"
Sariva - prakara,सारिवा प्रकार,sārivā prakāra,"https://www.medicinalplants.in/slokaimages/864/864_1.jpg
https://www.medicinalplants.in/slokaimages/864/864_2.jpg
https://www.medicinalplants.in/slokaimages/864/864_3.jpg
https://www.medicinalplants.in/slokaimages/864/864_4.jpg
https://www.medicinalplants.in/slokaimages/864/864_5.jpg
https://www.medicinalplants.in/slokaimages/864/864_6.jpg
https://www.medicinalplants.in/slokaimages/864/864_7.jpg
https://www.medicinalplants.in/slokaimages/864/864_8.jpg","गोपसुतोक्ता भद्रा चन्दनगोपा च शारिबा कृष्णा
कृष्णलता
च
सुगन्धा सुगन्घिका गन्धमूला च Il
गोपा गोपी चन्दना
च
कन्या
चन्दनशारिबा
कृष्णमूला दीर्घपत्री तथा चोत्पलशारिबा
गोपपुत्री द्वीतीया
महागोपी च गोपुरा
सुगन्धिनी गोपवल्ली लतास्फोता निगद्यते Il IAa mal
sutokta, bhadra, candanagopa, shariba, krsna, krsna lata,
sugandha, sugandhika, gandhamula , gopa, gopi, candana, kanya,
candana sariba, krsna mula, dirghapatri, utpalasariba and हopaputri are
the synonyms of sariva
Second variety is mahagopi, gopura, sugandhini, gopavalli ana
latasphota.
Gopa

कृष्णा तु सारिवा श्यामा गोपी गोपवधूशर्च सा
धवला शारिबा गोपी गोपकन्या च शारदी |l
स्फोटा श्यामा गोपवल्ली लतास्फोता
च
चन्दना
IBpn )
Krsna sariva, syama sariva, gopi, gopavadhu, dhavala, shariba, gopi,
gopakanya, sharadi , sphota, syama, gopavalli, latasphota, candana
the synonyms of sariba.
are

सारिबा शारिबाउनन्दा गोपी चोत्पलशारिबा
भद्रवल्ली नागजिह्वा
कराला भद्रवल्लका |l
श्यामलता च पालिन्दी गोपिनी कृष्णशारिबा
INirl
Sariba, shariba, ananda, gopi, utpala sariba, bhadravalli, nagajihva,
karala, bhadravallika, syamalata, palindi , gopini
krsna sariba are the
synonyms of sariva.
and

तृष्णादाहप्रशमनी रक्तपित्तहरा हिमा
ज्वरघ्नी मधुरा वृष्या शारिबा पित्तकासजित् Il IMdnl
Sariba is madhura in rasa,
in veerya, vrshya, pacifies trsna, daha,
alleviates raktapitta, jvara, pitta ana kasa
hima

शारिबायुगलं स्वादु स्निग्धं शुक्लकरं गुरु
अग्निमान्द्यारुचिश्वासकासामविषनाशनम |l
दोषत्रयास्रप्रदरज्वरातीसारनाशनम्
IBpn )
Both the types of sariba are svadu in rasa, snigdha, guru in guna,
sukrakara
cures agnimanaya, aruci,
svasa, kasa, ama, visa, dosha traya,
asra vikara, pradara, jvara and atisara

शारिबे द्वे तु मधुरे कफवातास्रनाशने
कुष्ठकण्डूज्वरहरे मेहदुर्गन्धिनाशने II
कृष्णमूली तु संग्राही शिशिरा कफवातजित्
तृष्णारुचिप्रशमनी रक्तपित्तहरा स्मृता Il (Dhnl
Both the types of sariba are madhura in rasa, alleviates kustha, kandu,
jvara, destroys kapha, vata, asra, meha and durganaha.
Krsna muli is
sangrahi, sisira, alleviates kapha, vata, raktapitta, pacifies
trsna and aruci.

शारिबे द्वे तु मधुरे कफवातास्रनाशने
कुष्ठकण्डूज्वरहरे मेहदुर्गन्धिशने Il IRjnl
Both the types of sariba are madhura in rasa, destroys kapha, vata, asra,
kustha, kandu, jvara, meha and aurgandha.

शारिबा वातपित्तासृक्तृट्च्छर्दिज्वरनाशिनी
अनन्ता ग्राहिणी रक्तपित्तप्रशमनी हिमा Il IRavl
Sariba is Vata Pitta Asrk-Trt Chardi-Jvara nasini, Ananta, Grahini,
Raktapitta prasamani,
Hima in Potency .
and"
Sarpagandha,सर्पगन्धा,sarpagandhā,"https://www.medicinalplants.in/slokaimages/1381/1381_1.jpg
https://www.medicinalplants.in/slokaimages/1381/1381_2.jpg","कुक्कुटी सर्पगन्धा
तथा काणविषाणिके
नैपाली हरितालञ्च रक्षोघ्ना येच कीर्तिताः
($$,u,60)

वर्षासु
छत्राकारा
(Dalhana )
ईषन्नीलारुणसुमदला पुष्पिता ग्रीष्मकाले
वर्षकाले फलपरिचिति नीलरक्तां दधाति
मूलं यस्या हरिनधवलं स्थूलमन्तःस्थचक्रम्
चन्द्राख्या सा धवलविटपा सर्पगंधा प्रसिद्धा
सर्पगन्धा डतितिक्तोष्णा रूक्षा कटुविपाकिनी
पित्तवद्धिकरी
रुच्या
शूलप्रशमनी   सरा
कफवातहरा निद्राप्रदा हृदवसादिनि
कामावसादिनि चैव हन्ति शूलज्वरक्रिमीन्
अनिद्रां भूतमुन्मादपस्मारं भ्रमं तथा
अग्निमान्द्यं विषं रक्त वाताधिक्यं व्यपोहति
(Rer:PV sharma
dravyaguna vijnan;part२ )"
Sarsapa,सर्षप,sarṣapa,"https://www.medicinalplants.in/slokaimages/263/263_1.jpg
https://www.medicinalplants.in/slokaimages/263/263_2.jpg
https://www.medicinalplants.in/slokaimages/263/263_3.jpg
https://www.medicinalplants.in/slokaimages/263/263_4.jpg
https://www.medicinalplants.in/slokaimages/263/263_5.jpg
https://www.medicinalplants.in/slokaimages/263/263_6.jpg","गौरसर्षकोडत्युष्णो रक्षोघ्नः कफवातजित्
क्रिम्यामकण्डूकुष्ठघ्नः श्रृतिशीर्षानिलार्त्तिजित्| |
तद्वत् रक्त्तस्तु सिद्धार्थः तिक्त्तः स्निग्धोष्णकः कटुः
IDhn)
Gaura sarsapa is atyusna in veerya, raksoghna, alleviates kapha, vata
Krmi, ama, kandu, kustha, sruti sirsa anila arti.
Rakta variety is siddhartha, tikta, katu in rasa, snigdha in guna and usna
in veerya

सिद्धार्थः कटुतिक्तोष्णः वातरक्तग्रहापहः
त्वग्दोषशमना
रुच्यः
विषभूतव्रणापहः
(Rjn)
Siddhartha is katu, tikta in rasa
usna in veerya, rucya, pacifies
tvagdosha, alleviates vata, rakta, graha, visha, bhuta ana vrana.

सर्षपस्तु रसे पाके कटुः हृद्यः सतिक्तकः
तीक्ष्णोष्णः कफवातघ्नो रक्तपित्ताग्निवर्द्धनः | |
रूक्षो हरेद् व्रणं कण्डूं कुष्ठकोष्ठकृमिग्रहान्|
यथा रक्तस्तथा गौरः
गौरो वरो मतः | |
तीक्ष्णोष्णं सार्षपं नालं वातश्लेष्मव्रणापहम् |
कण्डुवम्हरं दद्रुकुष्ठघ्नं रुचिकारकम्| | (Bpnl
Sarsapa is katu, tikta in rasa, tiksna
ruksa in guna, usna in veerya, katu in
paka, hraya, causes increase of rakta pitta and agni, alleviates kapha ana
vata, cures vrana, kanau, kustha, kostha, krmi and graha
Gaura sarsapa nala is tiksna in guna, usna in veerya, ruci kara, alleviates
vata, slesma, vrana, kanau, vami, daaru and kustha
किन्तु

विदाहि बद्धविण्मूत्रं रूक्षं तीक्ष्मोष्णमेव च|
त्रिदोषं सार्षपं शाकं
(सुश्रुत)
Sarsapa saka is ruksa, tiksna in guna, usna in veerya vidahi, badahavin
mutra and alleviates all the three doshas

कटुपाकमचक्षुष्यं स्निगधोष्णं   बहुपित्तलम्
सार्षपं तैलं कण्डूकुष्ठापहं लघु|| (सु)
Sarsapa taila is snigdha, laghu in guna, usna in veerya, katu in paka,
acaksushya, bahu pittala, alleviates krmi, kandu and kustha.
कृमिघ्नं

कटूष्णं सार्षपं तैलं रक्त्तपित्तप्रदूष्णम्|
कफशुक्रनिलहरं कण्डूकोठविनाशनम्|| तच)
Sarsapa taila is katu in rasa
usna in veerya, raktapitta pradushana,
alleviates kapha, sukra, anila, kanau ana kotha"
Satapuspa,शतपुष्पा,śatapuṣpā,"https://www.medicinalplants.in/slokaimages/133/133_1.jpg
https://www.medicinalplants.in/slokaimages/133/133_2.jpg
https://www.medicinalplants.in/slokaimages/133/133_3.jpg
https://www.medicinalplants.in/slokaimages/133/133_4.jpg","शाताह्वा कटुका तिक्ता स्निग्धोष्ण श्लेष्मवातजित् |
ज्वरनेत्रव्रणान हन्ति बस्तिकर्मणि शस्यते| |
शतपुष्पादलं चोक्तं वृष्यं मधुरगुल्मजित्|
वातघ्नं दीपनं स्तन्यं कफकृद् रुचिदायकम्
IDhn )
Satahva is katu, tikta in rasa, snigaha in guna, usna in veerya, basti
karmani sasyate, alleviates slesma, vata, jvara ana netra vrana
Its aala is madhura in rasa, vrshya, dipana,
stanya, ruci dayaka, increases
kapha, alleviates gulma and vata.

शाताह्वा
कटुस्तिक्ता स्निग्धा श्लेष्मातिसारनुत् |
ज्वरनेत्रव्रणघ्ना
बस्तिकर्मणि शस्यते|| (Rjn)
Satahva is katu, tikta in rasa, snigaha in guna, basti karmani sasyate,
alleviates slesma, atisara, jvara and netra vrana

शतपुष्पा
पित्तकृद् दीपनी कटुः
उष्णा
ज्वरानिलश्लेष्मव्रणशूलाक्षिरोगहृत्
(Bpn)
Satapuspa is katu in rasa, laghu, tiksna in guna, usna in veerya, dipani,
increases pitta , alleviates jvara, anila, slesma
vrana, sula and aksi roga
लघुस्तीक्ष्णा

शताह्वाडनिलदाहामशूलतृट्छर्द्दिनाशिनी | | IRjvl
Satahva alleviates anila, daha, sula, trt and chardi."
Satavari,शतावरी,śatāvarī,"https://www.medicinalplants.in/slokaimages/185/185_1.jpg
https://www.medicinalplants.in/slokaimages/185/185_3.jpg
https://www.medicinalplants.in/slokaimages/185/185_4.jpg
https://www.medicinalplants.in/slokaimages/185/185_5.jpg
https://www.medicinalplants.in/slokaimages/185/185_6.jpg
https://www.medicinalplants.in/slokaimages/185/185_7.jpg
https://www.medicinalplants.in/slokaimages/185/185_8.jpg","Sukrala , Stanya kari, Balya, Vata Pitta Asra Sopha hara.
Mahasatavari is Medhya , Hraya, Vrshya, Rasayani, Sita in Virya, cures
Arsa, Grahani ana Nayana amaya. Bpn)
नारायणी द्वीपिशत्र्दीपिका धरकण्टका
अभिरुस्तुंग्नी केशी पीवरी द्वीपपीवरी II
सहस्रवीर्या मधुरा फणिजिह्वोर्ध्वकण्टका
ऋष्यप्रोक्ता सूक्ष्मपत्रा महापुरुषदन्तिका
(Kdn)
Narayani, dvipisatru , dvipika , dharakantaka, abhiru, tungini, kesi, pivari,
avipapivari, sahasravirya, madhura, phanijihva, urahvakantaka, suksma
patra, mahapurusha dantika are the synonyms for satavaril

शतावरी गुरुः शीता तिक्ता स्वाद्वी रसायनी
मेधाग्निपुष्टिदा स्निग्धा नेत्र्या गुल्मातिसारजित्
शुक्लस्तन्यकरी बल्या वातपित्तास्रशोफजित्
महाशतावरी मेध्या हृद्या वृष्या रसायनी Il
शीतवार्या निहन्त्यर्शोग्रहणीनयनामयान्
IBpn)
Satavari is tikta, svadu in rasa, guru, snigdha in guna, sita in veerya,
rasayani, medha agni pustiaa, netrya, sukrala, stanya kari, balya,
alleviates gulma , atisara, vata, pitta, asra and sopha.
Mahasatavari is sita in veerya, meahya, hraya, vrshya, rasayani,
cures
arsa,
grahani
navana amaya.
and

वातपित्तहरी वृष्या
शतावरी
महती चैव हृद्या च मेधाग्निबलवर्द्धिनी Il
ग्रहण्यर्शोविकारघ्नी वृष्या शीता रसायनी
कफपित्तहरास्तिक्तास्तस्या एवाङ्कुरा स्मृताः Il (Su S Su ४६)
Satavari is svadu, tikta in rasa, vrshya, alleviates vata and pitta.
Mahati variety is sita in veerya, hrdya, vrshya, rasayani, medha agni bala
vardhini, alleviates grahani and arsa
Its ankura is tikta in rasa, alleviates kapha and pitta.
स्वादुतिक्ता

वातपित्तहरा वृष्या बल्या शीता रसायनी
स्वादुः शतावरी तैलघृतयोगेशु पूजिता
IMdn)
Satavari is svadu in rasa, sita in veerya, vrshya, balya, rasayani, alleviates
vata and pitta, is more effective when usea
with taila and ghrta.
along

शतावरी हिमा तिक्ता रसे स्वादुः क्षयास्रजित्
वातपित्तहरा वृष्या रसायनवरा स्मृता Il
सहस्रवीर्या मेध्या तु हृद्या वृष्या रसायनी
शीतवीर्या निहन्त्यर्शेग्रहणीनयनामयान् Il
तदङ्कुरास्त्रिदोषघ्नो लघुरर्शःक्षयापहः
IDhnl
Satavari is tikta, svadu in rasa, hima in veerya, alleviates vata ana pitta,
cures ksaya, asra, is vrshya, rasa
vara,
medhya, hrdya, vrshya,
rasayani, and cures arsa, grahani, nayana amaya.
Its ankura is laghu in guna, alleviates tridosha, arsa and
Yana
ksaya.

शतावर्यौ हिमे वृष्ये मधुरे पित्तजित्परे
कफवातहरे तिक्ते महाश्रेष्ठे रसायने
शतावरीद्वयं वृष्यं मधुरं पित्तजिद्धिमम्
महती कफवातघ्नी तिक्ता श्रेष्ठा रसायने
कफपित्तहरास्तिक्तास्तस्या एवाङ्कुरा स्मृता
IRjn)
Satavirya is madhura in rasa, hima in veerya, vrshya, mahasresta
rasayana, pitta hara param, kapha vata hara.
Both the types
maahura in rasa, vrshya,
alleviates pitta
Mahati is tikta in rasa, srestha rasayana, alleviates kapha ana vata.
Its ankura is tikta in rasa, alleviates kapha and pitta
and
are

शतावरी हिमा तिक्ता स्वाद्वी गुर्वी रसायनी
सुस्निग्धा शुक्लला बल्या स्तन्यमेधाग्निपुष्टिदा |l
चक्षुष्या वातपित्तास्रगुल्मातीसारशोफजित्
महाशतावरी हृद्या मेधग्निबलशुक्लदा
ग्रहण्यर्शोडक्षिरोगघ्नी शीतवीर्या रसायनी
तदङ्करो लघुस्तिक्तो
हृद्यस्त्रिदोषनुत्
निहन्ति वातपित्तास्रग्रहणीगुदजक्षयान् Il IKdnl
Satavari is tikta, svadu in rasa, guru in guna, hima in veerya, rasayani,
susnigaha , sukrala, balya, stanya medha agni pustida, caksushya,
alleviates vata, pitta
asra, gulma, atisara and sopha.
Maha satavari is hrdya, medha agni bala sukrada, cures grahani, arsa,
aksi roga
is rasayani
Its ankura is tikta in rasa, laghu in guna, vrshya, hraya, alleviates
tridosha , cures vata, pitta, asra, grahani nad guaaja
वृष्यो
and
ksaya"
Sigru,शिग्रु,śigru,"https://www.medicinalplants.in/slokaimages/1134/1134_1.jpg
https://www.medicinalplants.in/slokaimages/1134/1134_2.jpg
https://www.medicinalplants.in/slokaimages/1134/1134_3.jpg
https://www.medicinalplants.in/slokaimages/1134/1134_4.jpg","शिग्रुर्मूलकपत्रो बहुलदलस्तीक्षणगन्धश्च
अपदंशः शीघ्रफलो बहुलत्वक् हरितशाकः स्यात् |l
मधुशिग्रुः सितमरिचो मधुस्रवः कृष्णगन्धश्च
प्रोक्तः सोभाञ्जनकः
शिग्रुकसंज्ञो मुरिङ्गीति
स एव चाच्छवृक्षः स्यान्मुखवासाह्वयस्था
कथितः स एव बहलः श्वेततरु श्वेतमञ्जरी चेति
सौभाञ्जनकश्चःहरितपर्यायैबहलपल्लवोडनिल्जत्
(Aa. Ma)
Synonyms are: sigru, mulaka patra, bahula dala, tiksna gandha
apadamsa, sighraphala, bahula tvak, haritasakha
Madhu sigru , sveta marica, madhu srava, krsna ganaha, saubhanjanaka
sigruka, murangi , acchavrksa,
mukha vasa, va yastha are the synonyms
for sveta manjari.
Bahala , sveta taru, sveta manjari, saubhanjanaka, harita, bahala pallava,
anilajit are also its synonyms

शोभाञ्जनः शिग्रुतीक्ष्णगन्धकाक्षीव मोचकाः Il
श्वेतमरिचं मधुशिग्रुस्तु लोहितः
IBpn)
Sobhanjana, sigru, tiksna ganaha, aksiva,
mocaka are the synonyms for
sigru
Synonyms of its bija are sveta marica, madhu sigru, lohita.
तद्बीजं

रसासृक्पित्तशमनः प्लीहघ्नः
लघुः
तिक्तो वीर्ये बिमः
चक्षुष्यो विद्रधौ हितः Il MMdnl
Sigru is tikta in rasa, laghu in guna, hima in veerya, caksushya, pacifies
rasa, asrk, pitta, alleviates pliha, krmi, vidradhi.
कृमिहा
शिग्रुः

शिग्रुस्तिक्तः
कफशोफसमीरजित्
कृम्यामविषमेदोघ्नो विद्रधिप्लीगुल्मनुत् Il (ohny
Sigru is tikta and katu in rasa, usna in veerya, alleviates kapha, sopha,
samira, krmi, visa, medo, vidradhi , pliha ana gulma.
कटुश्चोष्णः"
Simsapa,शिंशपा,śiṃśapā,"https://www.medicinalplants.in/slokaimages/572/572_1.jpg
https://www.medicinalplants.in/slokaimages/572/572_2.jpg
https://www.medicinalplants.in/slokaimages/572/572_3.jpg
https://www.medicinalplants.in/slokaimages/572/572_4.jpg
https://www.medicinalplants.in/slokaimages/572/572_5.jpg
https://www.medicinalplants.in/slokaimages/572/572_6.jpg
https://www.medicinalplants.in/slokaimages/572/572_7.jpg
https://www.medicinalplants.in/slokaimages/572/572_8.jpg","शिंशपाकृष्णसाराचपिपलीयुगपत्रिका|
पिच्छलाधूम्रिकावीराकपिलागुरुशिंशपा | |
Synonyms of simsapa are krsna sara, pippaliyugapatrika, picchila,
ahumrika, vira
kapila agaru.
and

श्वेतशिंशपानामानि
शिंशपान्याश्वेतपत्रासिताह्वादिश्चशिंशपा | |
Synonyms of sveta simsapa are sveta patra and asita.

कपिलशिंशपानामानि
कपिलाशिंशपाचान्यापीताकपिलशिंशपा
सारिणीकपिलाक्षीचभस्मागर्भाकुशिंशपा |
Synonyms of kapila simsapa are pita simsapa, kapila simsapa, sarini,
Kapilaksi, bhasma, garbha akhu simsapa.

शिंशपागुणाः
शिंशपाकटुकातिक्ताकषायाशोषहारिणी
उष्णवीर्य्याहरेन्मेदःकुष्ठश्वित्रवमिकृमीन्| |
वस्तिरुग्व्रणदाहास्रबलासान्गर्भपातिनी
IBpn)
Simsipa is katu, tikta, kashaya in rasa, usna in veerya, alleviates sosa,
meaa kustha, svitra, vami, krmi, vasti rug, vrana, daha,
asra, balasa and
garbha patini.

शिंशपादद्रुशोफघ्नीकुष्ठजीर्णज्वरापहा
Simsapa cures daaru, sopha, kustha and jirna jvara.

श्यामादिशिंशपातिक्ताकटूष्णाकफवातजित्|
कुष्ठजीर्णहरादीप्याशोफातीसारहारिणी
Syama simsapa is tikta, katu in rasa,
usna in veerya, dipya, alleviates
kapha, vata, kustha, ajirna, sopha and atisara.

श्वेतशिंशपागुणाः
श्वतादिशिंशपातिक्ताशिशिरापित्तदाहनुत् |
Sveta simsapa is Tikta in rasa, Sita in virya, Pitta daha hara.

कपिलशिंशपागुणाः
कपिलशिंशपातिक्ताशीतवीर्य्याश्रमापहा
वातपित्तज्वरघ्नीचच्छर्द्दिहिक्काविनाशिनी | |
Kapila simsapa is Tikta in rasa, Sita in virya, Srama hara, Vata pitta
jvaraghna, Chardi hikka nasana."
Sirisa,शिरीष,śirīṣa,"https://www.medicinalplants.in/slokaimages/69/69_1.jpg
https://www.medicinalplants.in/slokaimages/69/69_2.jpg
https://www.medicinalplants.in/slokaimages/69/69_3.jpg
https://www.medicinalplants.in/slokaimages/69/69_4.jpg","शिरीषः कटुकः शीतो विषवातहरः परः
पामास्रकुष्ठकण्डूतित्वग्दोषस्य विनाशनः
IRjn)
Sirisa is katu in rasa, sita in veerya, alleviates visha, vata, pama, asra,
kustha, kandu ana tvag dosha.

तिक्तोष्णोविषहा वर्ण्यः त्रिदोषशनमो लघुः |
शिरिषः कुष्ठकण्डूघ्नः त्वग्दोषश्वासकासहा | | (Dhnl
Sirisa is tikta in rasa, laghu in guna, usna in veerya, varnya, alleviates
visha, tridosha, kustha, kandu, tvag dosha, svasa and kasa.

शिरिषो मधुरोडनुष्णः तिक्तश्च तुवरो लघुः
दोष शोथ विसर्पघ्नः काणाव्रणविषापहः | | (Bpn)
Sirisa is madhura, tikta, tuvara in rasa, laghu in guna, anusna in veerya,
alleviates Dosha, sotha, visarpa, vrana and visha.

शिरिषः विषघ्नानाम् श्रेष्ठः
चरक.सू २५
Sirisa is srestha visaghana."
Sitaphala,शीतफल,śītaphala,"https://www.medicinalplants.in/slokaimages/139/139_1.jpg
https://www.medicinalplants.in/slokaimages/139/139_2.jpg
https://www.medicinalplants.in/slokaimages/139/139_3.jpg","सीताफलंगंडगात्रंवैदेहीवल्लभंतथा
कृष्णबीजंचाग्रिमाख्यमातृप्यंबहुबीजकम्| |
Synonyms of sitaphala are ganaa, gatra, vaidehi, vallabha, krsnabija,
agrimakhya, atrpya
bahubijaka
and

तर्पणंरक्तकृत्स्वादुशीतलंहृद्यमेवच
बलदंमांसकृद्दाहरक्तपित्तमरुत्प्रणुत्
Sitaphala is svadu in rasa , sita in veerya, tarpana, hrdya, balada,
increases rakta
mamsa, alleviates daha, raktapitta and marut.

सीताफलंतुमधुरंशीतंहृद्यंबलप्रदम् |
वातलंकफकृत्स्वादुपुष्टिकृत्पित्तनाशनम्
INir)
Sitaphala is madhura in rasa, sita in veerya, hrdya, bala prada, increases
vata, kapha, pusti and destroys pitta."
Slesmataka,श्लेष्मातक,śleṣmātaka,"https://www.medicinalplants.in/slokaimages/493/493_1.jpg
https://www.medicinalplants.in/slokaimages/493/493_2.jpg
https://www.medicinalplants.in/slokaimages/493/493_3.jpg
https://www.medicinalplants.in/slokaimages/493/493_4.jpg","श्लेष्मातको हिमः स्वादिः स्याद्रुक्षः पिच्छिलः शुचिः | | (घ. नि॰)
Slesmataka is svadu in rasa, ruksa, picchila in guna, hima in veerya and
suci.

श्लेष्मलं मधुरं शीतं श्लेष्मातकपलं गुरु
(चरक॰ सू॰ २७ १५२)
Slesmataka phala is madhura in rasa, guru in guna , sita in veerya,
increases slesma.

श्लेष्मातकः कटुहिमो मधुरः कषायः
स्वादुश्च पाचवकरः कृमिशूलहारी|
आमास्रदोषफलरोधबहुव्रणार्त्ति
विस्फोटशान्तिकरणः कफकारकश्च| |
भूकर्बुदारो मधुरः कृमिदोषविनाशनः
वातप्रकोपनः किञ्चित् सशीतः स्वर्णमारकः
(Rjn
Slesmataka is katu, madhura, kashaya in rasa, hima in veerya, svadu in
paka, increases kapha, alleviates krmi, sula, ama, asra dosha, phala
rodha, bahu vrana, arti ana visphota.
Bhuka budara is madhura in rasa, kincit sita in veerya, increases vata
destroys krmiaosha, is svarna maraka

विस्फोटव्रणविसर्पकुष्ठनुत्
मधुरस्तुवरस्तिक्तः केश्यश्च कफपित्तहृत् ||
फलमामन्तु विष्टम्भिरक्तपित्तकफास्रजित्| |
फलमामन्तु मधुरं स्निग्धं श्लेष्मलं शीतलं गुरु|| (Bpnl
Bahuvara is madhura, tuvara , tikta in rasa, kesya, alleviates kapha, pitta,
visphota, vrana, visarpa and kustha.
Ama phala is maahura in rasa, snigdha, guru in guna, sita in virya,
increases slesma, is vistambhi, alleviates raktapitta, kapha ana asra
बहुवारो"
Snuhi,स्नुही,snuhī,"https://www.medicinalplants.in/slokaimages/707/707_1.jpg
https://www.medicinalplants.in/slokaimages/707/707_2.jpg
https://www.medicinalplants.in/slokaimages/707/707_3.jpg","सेहुण्डको रसे तिक्तो गुरूष्णः कफवातजित्
दुष्टव्रणाश्मरीं हन्ति तथा वातविशोधनः | |
स्नुहीक्षीरं विषाडडमगुल्मोदरहरं परम्
स्नुही रस्षु तिक्ता च गुरूष्णा कफवातजित्
IDhn)
Sehunaaka is tikta in rasa, guru in guna
usna in veerya , vata sodhana
alleviates kapha, vata, dusta vrana and asmari.
Snuhiksira alleviates visha, ama, gulma and udara
Snuhi rasa is tikta in rasa, guru in guna, usna in veerya, alleviates kapha
vata
and

स्नुहिरुष्णा
ष्ठवातप्रमेहनुत्
क्षीरं वातविषाउडध्मानगुल्मोदरहरं परम्
स्नुहिरन्या त्रिधारा स्यात् तिस्रो धारास्तु यत्र सा|
पूर्वोक्तगुणवत्येषा विशेषाद् रसाद्धिदा
IRjn 
Snuhi is usna in veerya , alleviates pitta, daha, kustha, vata and prameha
Ksira alleviates vata, visha, aahmana, gulma and uaara
Snuhi anya is triahara which hastri dhara ana is similar to the above but
is rasa adhika.
पित्तदाकु

स्नुक्पयः तीक्ष्णविरेचनानाम्
(चरकसंहिताया दृढबलः)
Snuk payaha is tiksna virecana."
Snuhi - jati,स्नुही जाति,snuhī jāti,"https://www.medicinalplants.in/slokaimages/707/707_1.jpg
https://www.medicinalplants.in/slokaimages/707/707_2.jpg
https://www.medicinalplants.in/slokaimages/707/707_3.jpg","सेहुण्डको रसे तिक्तो गुरूष्णः कफवातजित्
दुष्टव्रणाश्मरीं हन्ति तथा वातविशोधनः | |
स्नुहीक्षीरं विषाडडमगुल्मोदरहरं परम्
स्नुही रस्षु तिक्ता च गुरूष्णा कफवातजित्
IDhn)
Sehunaaka is tikta in rasa, guru in guna
usna in veerya , vata sodhana
alleviates kapha, vata, dusta vrana and asmari.
Snuhiksira alleviates visha, ama, gulma and udara
Snuhi rasa is tikta in rasa, guru in guna, usna in veerya, alleviates kapha
vata
and

स्नुहिरुष्णा
ष्ठवातप्रमेहनुत्
क्षीरं वातविषाउडध्मानगुल्मोदरहरं परम्
स्नुहिरन्या त्रिधारा स्यात् तिस्रो धारास्तु यत्र सा|
पूर्वोक्तगुणवत्येषा विशेषाद् रसाद्धिदा
IRjn 
Snuhi is usna in veerya , alleviates pitta, daha, kustha, vata and prameha
Ksira alleviates vata, visha, aahmana, gulma and uaara
Snuhi anya is triahara which hastri dhara ana is similar to the above but
is rasa adhika.
पित्तदाकु

स्नुक्पयः तीक्ष्णविरेचनानाम्
(चरकसंहिताया दृढबलः)
Snuk payaha is tiksna virecana."
Sobhanjana,शोभाञ्जन,śobhāñjana,"https://www.medicinalplants.in/slokaimages/1134/1134_1.jpg
https://www.medicinalplants.in/slokaimages/1134/1134_2.jpg
https://www.medicinalplants.in/slokaimages/1134/1134_3.jpg
https://www.medicinalplants.in/slokaimages/1134/1134_4.jpg","शिग्रुर्मूलकपत्रो बहुलदलस्तीक्षणगन्धश्च
अपदंशः शीघ्रफलो बहुलत्वक् हरितशाकः स्यात् |l
मधुशिग्रुः सितमरिचो मधुस्रवः कृष्णगन्धश्च
प्रोक्तः सोभाञ्जनकः
शिग्रुकसंज्ञो मुरिङ्गीति
स एव चाच्छवृक्षः स्यान्मुखवासाह्वयस्था
कथितः स एव बहलः श्वेततरु श्वेतमञ्जरी चेति
सौभाञ्जनकश्चःहरितपर्यायैबहलपल्लवोडनिल्जत्
(Aa. Ma)
Synonyms are: sigru, mulaka patra, bahula dala, tiksna gandha
apadamsa, sighraphala, bahula tvak, haritasakha
Madhu sigru , sveta marica, madhu srava, krsna ganaha, saubhanjanaka
sigruka, murangi , acchavrksa,
mukha vasa, va yastha are the synonyms
for sveta manjari.
Bahala , sveta taru, sveta manjari, saubhanjanaka, harita, bahala pallava,
anilajit are also its synonyms

शोभाञ्जनः शिग्रुतीक्ष्णगन्धकाक्षीव मोचकाः Il
श्वेतमरिचं मधुशिग्रुस्तु लोहितः
IBpn)
Sobhanjana, sigru, tiksna ganaha, aksiva,
mocaka are the synonyms for
sigru
Synonyms of its bija are sveta marica, madhu sigru, lohita.
तद्बीजं

रसासृक्पित्तशमनः प्लीहघ्नः
लघुः
तिक्तो वीर्ये बिमः
चक्षुष्यो विद्रधौ हितः Il MMdnl
Sigru is tikta in rasa, laghu in guna, hima in veerya, caksushya, pacifies
rasa, asrk, pitta, alleviates pliha, krmi, vidradhi.
कृमिहा
शिग्रुः

शिग्रुस्तिक्तः
कफशोफसमीरजित्
कृम्यामविषमेदोघ्नो विद्रधिप्लीगुल्मनुत् Il (ohny
Sigru is tikta and katu in rasa, usna in veerya, alleviates kapha, sopha,
samira, krmi, visa, medo, vidradhi , pliha ana gulma.
कटुश्चोष्णः"
Soma,सोम,soma,https://www.medicinalplants.in/slokaimages/1446/1446_1.jpg,"सोमक्षीरी धन्वतरुर्यज्ञनेता द्विजप्रियः | |
पक्षपत्रो महार्घोअन्यो नहागुल्मो मखप्रभुः |
श्येनाहृतस्तस्य भेदा विंशतिश्चतुरुत्तरा| |
सोमवल्ली कटुस्तिक्ता त्रिदोषघ्नी रसायनी| KKdn)
Synonyms of soma are somaksiri, dhanvataru, yagnaneta, dvijapriya,
paksapatra, maharga, mahagulma, makhaprabhu, syenahrt.
It is katu, tikta in rasa, alleviates tridoshas
rasayana in karma
and"
Somavalli,सोमवल्ली,somavallī,https://www.medicinalplants.in/slokaimages/1446/1446_1.jpg,"सोमक्षीरी धन्वतरुर्यज्ञनेता द्विजप्रियः | |
पक्षपत्रो महार्घोअन्यो नहागुल्मो मखप्रभुः |
श्येनाहृतस्तस्य भेदा विंशतिश्चतुरुत्तरा| |
सोमवल्ली कटुस्तिक्ता त्रिदोषघ्नी रसायनी| KKdn)
Synonyms of soma are somaksiri, dhanvataru, yagnaneta, dvijapriya,
paksapatra, maharga, mahagulma, makhaprabhu, syenahrt.
It is katu, tikta in rasa, alleviates tridoshas
rasayana in karma
and"
Sudarsana,सुदर्शन,sudarśana,https://www.medicinalplants.in/slokaimages/507/507_1.jpg,"सुदर्शनासोमवल्लीचक्राङ्गीमधुपर्णिका |
सुदर्शनास्वादुरुष्णाकफशोफास्रवातजित्
IBpn)
Sudarsana is svadu in rasa, usna in
veerya, alleviates kapha, asra, vata
and sopha
Sudarsana, somavalli, cakranga, madhuparnika are its synonyms"
Surana,सूरन,sūrana,,
Surapunnaga,सुरपुन्नाग,surapunnāga,https://www.medicinalplants.in/slokaimages/1063/1063_1.jpg,"पुन्नागो मधुरः शीतः
पित्तनाशकृत्
IRaja nighantul
सुगंधिः"
Svarnaksiri,स्वर्णक्षीरी,svarṇakṣīrī,"https://www.medicinalplants.in/slokaimages/153/153_1.jpg
https://www.medicinalplants.in/slokaimages/153/153_2.jpg","स्वर्णक्षीरी हिमा तिक्ता कृमिपित्तकफापहा
मूत्रकृच्छ्राश्मरी शोफदाहज्वरहरा
परा   IRjn )
Svarna ksiri is tikta in rasa, hima in veerya, alleviates pitta ana kapha
cures krmi, mutrakrcchra, asmari, sopha, daha and jvara

हेमाह्वा रेचनी तिक्ता भेदिन्युत्क्लेशकारिणी
कृमिकण्डूविषानाहकफपित्तास्रकुष्ठनुत्
IBpnl
Hemahva is tikta in rasa, recani, bhedani, utkiesa karini, alleviates kapha
pitta ana asra dosha, cures krmi, kandu, visha, anaha and kustha."
Tagara,तगर,tagara,"https://www.medicinalplants.in/slokaimages/1676/1676_1.jpg
https://www.medicinalplants.in/slokaimages/1676/1676_2.jpg
https://www.medicinalplants.in/slokaimages/1676/1676_3.jpg","तगरं
कुष्ठजित्प्रोक्तं विसर्पव्याधिजिल्लघुः
(शोढल)
Tagara is laghu in guna, cures kustha and visarpa

तगरं शीतलं तिक्तं दृष्टिदोषविनाशनम्|
विषार्त्तिशमनं पथ्यं भूतोन्माद भयापहम्
IRjn)
Tagara is tikta in rasa, sita in veerya pathya, drsti dosha vinasana
relieves visha, arti, bhuta, unmada and bhaya

तगरं मधुरं तिक्तं कटु पाके रसे लघु
स्निग्धोष्णं
भूतमदापस्मारनाशनम्| |
कफचक्षुशिरोरोगमदापस्मारनाशनम् |
तगरद्वयमुष्णं स्यात् स्वादु स्निग्धं लघु स्मृतम् |
विषापस्मारमूर्धाक्षिरोगदोषत्रयापहम्
(Bpnl
Tagara is madhura , tikta
tuvara, katu in rasa, laghu, snigdha in guna
usna in veerya, katu in paka , alleviates kapha, cures bhuta, mada,
apasmara, cakshu roga and siro roga.
Tagara dvaya is svadu in rasa, snigdha, laghu in guna, usna in veerya,
alleviates all the three doshas
cures visha, apasmara, muraha and aksi
roga.
तुवरं"
Tala,ताल,tāla,"https://www.medicinalplants.in/slokaimages/257/257_1.jpg
https://www.medicinalplants.in/slokaimages/257/257_2.jpg
https://www.medicinalplants.in/slokaimages/257/257_3.jpg
https://www.medicinalplants.in/slokaimages/257/257_4.jpg
https://www.medicinalplants.in/slokaimages/257/257_5.jpg
https://www.medicinalplants.in/slokaimages/257/257_6.jpg
https://www.medicinalplants.in/slokaimages/257/257_7.jpg
https://www.medicinalplants.in/slokaimages/257/257_8.jpg","तालस्तुलेख्यपत्रःस्यात्तृणराजोमहोन्नतः 
Synonyms of tala are lekhyapatra
trna raja, mahonnata.

श्रीतालनामानि
श्रीतालोमधुतालश्चलक्ष्मीतालोमृद्रुच्छदः | |
Synonyms of sritala are madhutala, lakshmitala ana mraucchada.

हिन्तालनामानि
हिन्तालःस्थूलतालश्चवल्कपत्रोबृहद्दलः
Synonyms of hintala are sthula tala, valka patra and brhaadala.

तालगुणाः
तालवृक्षस्तुमधुरःशीतलोमदकृद्गुरुः 
पुष्टिकृच्छुक्रकफकृन्मेदकृद्बलकारकः
वृष्यश्चसारकःपित्तदाहशोषविषश्रमान् |
ष्ठकृमीरक्तदोषवातांश्चनाशयेत्
INir)
Tala vrksha is madhura in
guru, sara in guna, sita in veerya,
increases kapha, madakara ,
kara, meda bala kara, vrshya, destroys
pitta, rakta and vata dosha, cures daha, sosa, visha, srama, visha, kustha
ana krmi
विषकुष
rasa ,
pusti

अस्य फलगुणाः
वातहाबृंहणोबल्यः क्रिमिहाकुष्ठशनः
रक्तपित्तहरःस्वादुस्तालः सप्तगुणान्वितः |
Its phala is svadu in rasa, alleviates vata, brmhana, balya, cures krmi,
Kustha, raktapitta ana is sapta हunanvita

अस्यामफलगुणाः
आममस्यफलंप्रोक्तंस्निग्धंस्वादुगुरुस्मृतम् |
मलावरोधकंबल्यंशीतलंधातुवर्द्धकम् |
वृष्यंतृप्तिकरंमांसपित्तकरंस्मृतम् |
वातंश्वासंरक्तपित्तंव्रणंदाहंक्षतंतथा | |
पित्तक्षयंरक्तदोषनाशयेदितिकीर्तितम्
Its amaphala is svadu in rasa, snigaha, guru in guna, sita in veerya,
malavarodhaka , balya, vrshya, trptikara, dhatuvardhaka
mamsakara,
increases pitta , destroys vata , pitta and rakta dosha,
cures svasa,
raktapitta, vrana, daha, ksata ana ksaya.

अस्यपक्वफलगुणाः
पक्वंतालफलंपित्तरक्तश्लेष्मविवर्द्धनम्
दुर्ज्जरंबहुमूत्रंचतन्द्राभिष्यन्दशुक्रदम्| [
Its pakva phala incrreases pitta
rakta, slesma vivardhana, is durjjara,
bahumutra kara ana tanara abhishyanda sukrada

अस्यार्द्रफलबीजगुणाः
आर्द्रंतुफलबीजंचमूत्रलंशीतलंस्मृतम् |
रसेपाकेचमधुरंकफकृद्वातपित्तहृत्
Ardra phala bija is madhura in rasa ana paka, sita in veerya, mutrala,
increases kapha and alleviates pitta"
Talamuli,तालमूली,tālamūlī,"https://www.medicinalplants.in/slokaimages/532/532_1.jpg
https://www.medicinalplants.in/slokaimages/532/532_2.jpg
https://www.medicinalplants.in/slokaimages/532/532_3.jpg","मधुरा वृष्या वीर्योष्णा बृंहणी गुरुः|
तिक्ता रसायनी हन्ति गुदजान्यनिलं तथाI| (Bpn)
Musali is madhura, tikta in rasa, guru in guna, usna in
veerya, vrshya, brmhana,
rasayana and cures
gudaja
anila.
मुसली

मधुरा शीता वृष्या पुष्टिबलप्रदा
पिच्छला कफदा पित्तदाहश्रमहरा पराI| (Rjn)
Musali is madhura in rasa, picchila in guna, sita in
veerya, vrshya, pusti, bala kara, increases kapha,
alleviates pitta,
cures daha and srama.
मुसली

रसपाकाभ्यां स्वादुः शीताउग्निवर्द्धिनी|
वातपित्तहरा वृष्या स्थैर्यमार्दवदायिनी|| (शोढल)
Musali is svadu in rasa and paka, sita in veerya,
alleviates vata and pitta, is agni vardhaka, vrshya and
sthairya mardava kara.
मुसली"
Talisapatra,तालीशपत्र,tālīśapatra,"https://www.medicinalplants.in/slokaimages/6/6_1.jpg
https://www.medicinalplants.in/slokaimages/6/6_2.jpg
https://www.medicinalplants.in/slokaimages/6/6_3.jpg","तालीसं श्वासकासघ्नं दीपनं श्लेष्मपित्तजित् |
मुखरोगहरं हद्यं
पत्रसंवृतम्| | (Dhnl
Talisapatra alleviates slesma and pitta, is dipana, hraya, supatra, patra
samvrta, cures svasa, kasa and mukha roga
सुपत्रं

तालीसपत्रं तिक्तोष्णं मधुरं कफवातहृत्
कासहिक्काक्षयश्वासछर्द्दिदोषविनाशकम्
IRjn|
Talisa patra is tikta, madhura in rasa, usna in veerya, alleviates kapha
ana vata, cures kasa, hikka, ksaya, svasa and chardi.

तालीसं लघु तिक्तोष्णं श्वासकासकफानिलान्
निहन्त्यरुचिगुल्मामवमिमान्द्यक्षयामयान्
T IBpn)
Talisa is tikta in rasa, laghu in guna, usna in veerya, alleviates kapha ana
anila, cures svasa, kasa, aruci gulma,
ama, vami, agnimandya, ksaya and
amava."
Tamala,तमाल,tamāla,"https://www.medicinalplants.in/slokaimages/786/786_1.jpg
https://www.medicinalplants.in/slokaimages/786/786_2.jpg
https://www.medicinalplants.in/slokaimages/786/786_3.jpg
https://www.medicinalplants.in/slokaimages/786/786_4.jpg","पत्रकं   मधुरं किञ्चितं तीक्ष्णोष्णं पिच्छिलं लघु|
निहन्ति कफवातर्शोहल्लासारुचिपीनसान्I| (Bpn)
Patraka is madhura in rasa, tiksna, picchila, laghu in
guna,
usna in veerya, alleviates kapha and vata, cures
arsa, hrllasa, aruci and pinasa

पत्रकं लघु तीक्ष्णोष्णं कफवातविषापहम्
बस्तिकण्डूतिदोषघ्नं मुखमस्तकशोधनम्
(Rjn)
Patraka is laghu, tiksna in guna, usna in veerya
alleviates kapha and vata, is mukha mastaka sodhana,
cures visha and
basti kanduti dosha.

पत्रमुष्णं लघुश्लेष्महृल्लासार्शोडनिलापहम्
पीनसं चैव त्रिदोषमपि नाशयेत्I| (Mdn)
Patra is laghu in guna, usna in veerya, alleviates slesma
and anila, cures hrllasa,
arsa, hrdroga, pinasa and
destroys all the three doshas
हृद्रोगं

पत्रकं कफवात्तास्रहल्लासारोचकापहम्I| (शोढलः)
Patraka alleviates kapha and vata, cures asra, hrllasa
and arocaka"
Tamala - vrksa,तमाल वृक्ष,tamāla vṛkṣa,"https://www.medicinalplants.in/slokaimages/786/786_1.jpg
https://www.medicinalplants.in/slokaimages/786/786_2.jpg
https://www.medicinalplants.in/slokaimages/786/786_3.jpg
https://www.medicinalplants.in/slokaimages/786/786_4.jpg","पत्रकं   मधुरं किञ्चितं तीक्ष्णोष्णं पिच्छिलं लघु|
निहन्ति कफवातर्शोहल्लासारुचिपीनसान्I| (Bpn)
Patraka is madhura in rasa, tiksna, picchila, laghu in
guna,
usna in veerya, alleviates kapha and vata, cures
arsa, hrllasa, aruci and pinasa

पत्रकं लघु तीक्ष्णोष्णं कफवातविषापहम्
बस्तिकण्डूतिदोषघ्नं मुखमस्तकशोधनम्
(Rjn)
Patraka is laghu, tiksna in guna, usna in veerya
alleviates kapha and vata, is mukha mastaka sodhana,
cures visha and
basti kanduti dosha.

पत्रमुष्णं लघुश्लेष्महृल्लासार्शोडनिलापहम्
पीनसं चैव त्रिदोषमपि नाशयेत्I| (Mdn)
Patra is laghu in guna, usna in veerya, alleviates slesma
and anila, cures hrllasa,
arsa, hrdroga, pinasa and
destroys all the three doshas
हृद्रोगं

पत्रकं कफवात्तास्रहल्लासारोचकापहम्I| (शोढलः)
Patraka alleviates kapha and vata, cures asra, hrllasa
and arocaka"
Tila,तिल,tila,"https://www.medicinalplants.in/slokaimages/1468/1468_1.jpg
https://www.medicinalplants.in/slokaimages/1468/1468_2.jpg
https://www.medicinalplants.in/slokaimages/1468/1468_3.jpg
https://www.medicinalplants.in/slokaimages/1468/1468_4.jpg
https://www.medicinalplants.in/slokaimages/1468/1468_5.jpg
https://www.medicinalplants.in/slokaimages/1468/1468_6.jpg
https://www.medicinalplants.in/slokaimages/1468/1468_7.jpg
https://www.medicinalplants.in/slokaimages/1468/1468_8.jpg","स्निग्धोष्णो मधुरस्तिक्तः कषाय कटुकस्तिलः
त्वच्यः कश्यश्च बल्यश्च वातघ्नः
कफपित्तकृत्| |
(चरक )
Tila is madhura, tikta, kashaya, katu in rasa, snigdha in guna, usna in
veerya, tvacya, kesya, balya, alleviates vata, increases kapha and pitta

कषायानुरसं सवादु सूक्ष्ममुष्णं व्यवायि च|
पित्तलं बद्धविण्मूत्रं
च
श्लेष्माभिवर्धनम्|
वातघ्नेषूत्तमं बल्यं त्वच्यं मेधाग्निवर्धनम्|
तैलं संयोगसंस्कारात् सर्वरोगापहं स्मृतम्|
चरक
Tila is svadu in rasa, kashaya in anurasa, suksma, vyavayi, usna in veerya,
alleviates vata, increases pitta and slesma, is badahavinmutra, balya,
tvacya and medhagni varahana.
Processea taila alleviates sarva roga

ईषत्कषायो मधुरः सतिक्तः सांग्राहिकः पित्तकरस्तथोष्णः
तिलो विपाक मधुरो बलिष्ठः स्निग्धो व्रणलेपन एव पथ्यः
दन्त्योग्निनमेधाजननोडल्पमूत्रः त्वच्योडथकेश्योडनिलहा
गुरुश्च
सर्वेष्वसितः प्रधानो,
मध्यः
सितो हीनतरास्तथाडन्ये| |
(सुश्रुत)
Tila is slightl y kashaya, maahura, tikta in rasa, sangrahi, snigaha, guru in
guna, usna in veerya, madhura in paka, pathya, dantya, agni medha
janana , balistha, alpa mutra, tvacya, kesya, vranalepana, increases pitta
and alleviates anila
Asita tila is superior, madhya is sita tila and the rest are inferior.
तिलेषु

तैलं स्नेहोत्तमं प्रोक्त्तं तिलजं तिलसम्भवम |
कषायं च रसे स्वादु सूक्ष्ममुष्णं व्यवायि च||
पित्तलं बद्धविण्मूत्रं न
च
श्लेष्मविवर्धनम् |
( IDhn)
Tila taila is the best among sneha
It is kashaya , svadu in rasa , suksma, vyavayi in guna, usna in veerya,
baadha vin mutra, increases pitta ana slesma.

मेध्यः तिलः स्पर्शशीतःमेध्यं तैलं शलःडहिमः |
तस्यैव श्लेष्मकारित्वं न तैलस्य खलस्य वा| (अंसं)
Tila is meahya, sita to touch.
Its taila is amedhya ana ahima.
Tila increases kapha but not its taila.

वातघ्नपित्तकृत् श्लेष्मदासीनं तद्धि तैलवत्|| तसिद्धमन्त्र)
Its taila increases pitta, alleviates vata and kapha

पिण्याकः ग्लपनः
रूक्षः विष्टम्भी
दृष्टिदूषणः | | (अ.सं)
Pinyaka is Ruksa , Vistambha, Drsti aushana.

तिलपिण्याकविकृतिः
दोषत्रयकरं तथा| |
वातलं तिलजं शाकं
|सिद्धमन्त्र
Tila pinyaka is Tri dosha kara, ana Tila saka is Vatala"
Tilaparni,तिलपर्णी,tilaparṇī,https://www.medicinalplants.in/slokaimages/437/437_1.jpg,"अजगन्धा कटूष्णा
स्याद्वातगुल्मोदरापहा
कर्णव्रणार्तिशूलघ्नी
च ज्वरापहा| | IRjnl
Ajagandha is Katu, Usnam, Vata gulma udara haram, Karna vrana arti
sulaghnam, Krmighnam, Jvara haram.
कृमिघ्नी"
Tilaparni - pita,तिलपर्णी पीत,tilaparṇī pīta,https://www.medicinalplants.in/slokaimages/437/437_1.jpg,"अजगन्धा कटूष्णा
स्याद्वातगुल्मोदरापहा
कर्णव्रणार्तिशूलघ्नी
च ज्वरापहा| | IRjnl
Ajagandha is Katu, Usnam, Vata gulma udara haram, Karna vrana arti
sulaghnam, Krmighnam, Jvara haram.
कृमिघ्नी"
Tinduka,तिन्दुक,tinduka,"https://www.medicinalplants.in/slokaimages/625/625_1.jpg
https://www.medicinalplants.in/slokaimages/625/625_2.jpg
https://www.medicinalplants.in/slokaimages/625/625_3.jpg
https://www.medicinalplants.in/slokaimages/625/625_4.jpg","स्यादामं तिन्दुकं ग्राहि वातलं शीतलं लघु |
पक्वं पित्तप्रमेहास्रश्लेष्मघ्नं मधुरं गुरु|| (Bpnl
Tinduka ama phala is grahi, laghu in guna, sita in virya and alleviates
vata
Pakva phala is madhura in rasa, guru in guna, alleviates pitta, asra and
slesma, cures prameha.

तिन्दुकस्तु कषायः स्यात् संग्राही वातकृत् परः
पक्वस्तु मधुरः स्निग्धो
श्लेष्मलो गुरुः Il KRjnl
Tinduka is kashaya in rasa, sangrahi and increases vata.
Pakva phala is madhura in rasa , snigaha, guru in guna, durjara and
slesmala
दुर्जरः

तुन्दुकं कफपित्तघ्नं कषायं मधुरं लघु| | चरक सू॰ २७
Tinduka is kashaya, madhura in rasa, laghu in guna, alleviates kapha ana
pitta

तिन्दुकम् अनन्नद्रव्यरुचिकराणां श्रेष्ठम् 
चरक सू॰ २६
Tinduka is srestha anna dravya ruci kara."
Tinisa,तिनिश,tiniśa,"https://www.medicinalplants.in/slokaimages/1215/1215_1.jpg
https://www.medicinalplants.in/slokaimages/1215/1215_2.jpg
https://www.medicinalplants.in/slokaimages/1215/1215_3.jpg","तिनिशःस्पंदनोनेमीसर्वसारोडश्मगर्भकः 
Synonyms of tinisa are spanaana, nemi, sarva sara, asma garbhaka.

तिनिशःश्लेषमपित्तास्रमेदःकुष्ठप्रमेहजित् 
तुवरःश्वित्रदाहघ्नोव्रणपाण्डुकृमिप्रणुत्
IBpn )
Tinisa is tuvara in rasa, alleviates slesma, pitta and asra, cures meda,
kustha, prameha, svitra , daha, vrana pandu and krmi.

तिनिशस्तुवरश्चोष्णोग्राहकःट
कफवातहा
रक्तातिसारं कुष्ठंचमोहमोद्रंव्रणंतथा
रक्तदोषंचपित्तंचश्वित्रकुष्ठंमींस्तथा
दाहंचपाण्डुरोगंचनाशयेदितिकीर्त्तितः
INir)
Tinisa is tuvara in
usna in veerya, grahi, alleviates kapha and vata,
cures rakta atisara, kustha, moha, vrana, rakta dosha, pitta, svitra,
Kustha, aaha and panau.
rasa,"
Todari,तोदरी,todarī,https://www.medicinalplants.in/slokaimages/1078/1078_1.jpg,"करोति रेतःपरिपूरितं जनं निषेविता भञ्जयति प्रभञ्जनम्|
बलासजित् पित्तकरी
प्रमेहपीडाप्रणुदस्ति तोदरिः | |
(सि. भै. म)
Todari is vrshya, increases pitta, destroys vata and vata disorders, balasa,
jara , prameha and piaa.
जराहरी"
Trapusa,त्रपुस,trapusa,"https://www.medicinalplants.in/slokaimages/527/527_1.jpg
https://www.medicinalplants.in/slokaimages/527/527_2.jpg
https://www.medicinalplants.in/slokaimages/527/527_3.jpg","त्रपुसं
तिक्तं वामकं कफपित्तजित्
(शोढलः)
Trapusa is tikta in rasa, mutrala, vamaka, alleviates kapha and pitta
मूत्रलं

तिक्त्तकर्कटिका प्रोक्त्ता रसे पाके कटुः स्मृता |
तिक्त्ता
वान्तिकारका मूत्रकृच्छ्रहा| |
आध्मानवातं चाष्ठीलां नाशयेदिति कीर्त्तिता
INir)
Tikta karkatika is tikta, katu in rasa,katu in paka , mutrakara, vanti kara,
destroys vata, cures mutrakrcchra, adhmana and asthila.
मूत्रकरी

त्रपुसैर्वारुकं स्वादु गुरु विष्टम्भि शीतलम्|
च रूक्षं च मूत्रलं त्रपुसं स्मृतम् |
चरक. सू २७-१०५
Trapusa ervaruka is svadu in rasa, guru, vistambhi, ruksa in guna, sita in
veerya, mukha priya and mutrala
मुखप्रियं"
Trayamana,त्रायमाणा,trāyamāṇā,"https://www.medicinalplants.in/slokaimages/796/796_1.jpg
https://www.medicinalplants.in/slokaimages/796/796_2.jpg
https://www.medicinalplants.in/slokaimages/796/796_3.jpg","त्रायन्ती कफपित्तास्रगुल्मज्वरहरा मता
उष्णा कटु कषाया च
सूतिकाशूलनाशिनी | |
रक्तपित्तमरुच्छर्दिविषघ्नी तिक्त्तवल्कला |
IDhnl
Trayamana is katu , kashaya in rasa, usna in veerya, alleviates kapha,
pitta ana asra dosha
cures
gulma, jvara, sutika sula, raktapitta, maruta,
chardi and visa. It has got tikta valkala.

त्रायन्तीशीतमधुरा गुल्मज्वरकफास्रनुत्
भ्रमतृष्णाक्षयग्लानिविषच्छर्दिविनाशिनी
(Rjn)
Trayanti is madhura in rasa, sita in veerya, alleviates kapha
asra
dosha, cures gulma, jvara, bhrama, trsna, ksaya, glani, visha and chardi.
and

त्रायन्ती तुवरा त्तिक्ता सरा पित्तकफापहा
ज्वरहृद्रोगगुल्मास्राभ्रमशूलविषप्रणुत्
IBpn)
Trayanti is tuvara, tikta in rasa, sara in guna, alleviates pitta, kapha ana
asra
dosha , cures jvara , hraroga, gulma, bhrama and sula."
Tuvaraka,तुवरक,tuvaraka,https://www.medicinalplants.in/slokaimages/885/885_1.jpg,"तुवरस्तु वरश्चोष्णो रसे पाके च तिक्तकः
कफव्रणकृमिमेहकुष्ठज्वरविनाशनः |
आनाहमर्शः शोफञ्च नाशयेदिति ते जगुः
( INir)
Tuvara is tikta in rasa, usna in veerya, tikta in paka, destroys kapha,
alleviates vrana, krmi, meha, kustha, jvara, anaha, arsa and sopha."
Tvak,त्वक्,tvak,"https://www.medicinalplants.in/slokaimages/409/409_1.jpg
https://www.medicinalplants.in/slokaimages/409/409_2.jpg
https://www.medicinalplants.in/slokaimages/409/409_3.jpg
https://www.medicinalplants.in/slokaimages/409/409_5.jpg","उक्तादारुसितास्वाद्वीतिक्ताचानिलपित्तहृत्
सुरभिःशुक्रलावण्यामुखशोषवृषापहा I| (Bpn)
Darusita is svadvi, tikta in rasa, alleviates anila, pitta, is
surabhi
sukrala, varnya, cures mukhasosa and vrsha

त्वचंतुकटुकंशीतंकफकासविनाशनम् |
शुक्रामशनंचैवकण्ठशूद्धिकरंलघुI| ( राजनिघण्टु)
Tvaca is katu in rasa, laghu in guna, sita in veerya,
destroys kapha, kasa, is sukra amasana and kantha
sudchhikara

त्वचंलघूष्णंकटुकंस्वादुतिक्तंचरूक्षकम्
पित्तलंकफवातघ्नंकण्डवामरुचिनाशनम | |
हृद्वस्तिरोगवातार्शःकृमिपीनसशुक्रहृत्| (Bpn)
Tvaca is katu, svadu, tikta in rasa, laghu, ruksa in guna,
usna in veerya, increases pitta, alleviates kapha, vata,
cures kandu, ama, aruci, hrd vasti roga, vata, arsa, krmi
and pinasa and is sukrahara.

त्वचतैलगुणाः
वाह्निमान्द्यानिलहरमाध्मानाक्षेपनाशनम
वान्त्युत्क्लेशप्रशमनंसंग्राहिदशनार्तिहृत्| E
त्वचंतैलंरजःस्रावितोयेक्षिप्तंनिमज्जति
(आं.सं)
Taila alleviates vahni mandya and anila, destroys
adhmana, aksepa, pacifies vanti, utkesa, is sangrahi,
dasana arti hara, induces raja srava and does not sink
when put in water"
Tvak - prakara,त्वक् प्रकार,tvak prakāra,"https://www.medicinalplants.in/slokaimages/409/409_1.jpg
https://www.medicinalplants.in/slokaimages/409/409_2.jpg
https://www.medicinalplants.in/slokaimages/409/409_3.jpg
https://www.medicinalplants.in/slokaimages/409/409_5.jpg","उक्तादारुसितास्वाद्वीतिक्ताचानिलपित्तहृत्
सुरभिःशुक्रलावण्यामुखशोषवृषापहा I| (Bpn)
Darusita is svadvi, tikta in rasa, alleviates anila, pitta, is
surabhi
sukrala, varnya, cures mukhasosa and vrsha

त्वचंतुकटुकंशीतंकफकासविनाशनम् |
शुक्रामशनंचैवकण्ठशूद्धिकरंलघुI| ( राजनिघण्टु)
Tvaca is katu in rasa, laghu in guna, sita in veerya,
destroys kapha, kasa, is sukra amasana and kantha
sudchhikara

त्वचंलघूष्णंकटुकंस्वादुतिक्तंचरूक्षकम्
पित्तलंकफवातघ्नंकण्डवामरुचिनाशनम | |
हृद्वस्तिरोगवातार्शःकृमिपीनसशुक्रहृत्| (Bpn)
Tvaca is katu, svadu, tikta in rasa, laghu, ruksa in guna,
usna in veerya, increases pitta, alleviates kapha, vata,
cures kandu, ama, aruci, hrd vasti roga, vata, arsa, krmi
and pinasa and is sukrahara.

त्वचतैलगुणाः
वाह्निमान्द्यानिलहरमाध्मानाक्षेपनाशनम
वान्त्युत्क्लेशप्रशमनंसंग्राहिदशनार्तिहृत्| E
त्वचंतैलंरजःस्रावितोयेक्षिप्तंनिमज्जति
(आं.सं)
Taila alleviates vahni mandya and anila, destroys
adhmana, aksepa, pacifies vanti, utkesa, is sangrahi,
dasana arti hara, induces raja srava and does not sink
when put in water"
Udumbara,उदुम्बर,udumbara,"https://www.medicinalplants.in/slokaimages/752/752_1.jpg
https://www.medicinalplants.in/slokaimages/752/752_2.jpg
https://www.medicinalplants.in/slokaimages/752/752_3.jpg
https://www.medicinalplants.in/slokaimages/752/752_4.jpg","उदुम्बरो हिमो रूक्षो गुरुः पित्तकफास्रजित्|
मधुरस्तुवरो वर्ण्यो व्रणशोधनरोपणः || (Bpn)
Udumbara is madhura, kasaya in rasa, ruksa, guru in guna, sita in veerya
varnya, vrana sodhana and ropana in karma, alleviates pitta, kapha ana
rakta vikara.

हेमदुग्धो हरिताक्षो वसुद्रुमः | |
क्षीरी
शीतवल्कलः |
यज्ञाङ्गको जन्तुवृक्षः सुप्रतिष्ठः सदाफलः| |
अपुष्पफलसम्बन्धः काञ्चनो जंतुमत्फलः
उदुम्बरो हिमो रूक्षः कषायो मधुरो गुरुः| |
भग्रसंधानकृद् वर्ण्यो व्रणशोधनरोपणः
Ikanl
Udumbara, hemadugaha, haritaksa, vasudruma, sacaksu,mashaki, ksiri,
sitavalkala, yajanga, jantuvrksa, supratista, sadaphala, apuspaphala
sambandha, kancana ana jantuphala are the synonyms of uaumbara.
Udumbara is kasaya, madhura in rasa, ruksa, guru in guna , sita in veerya,
varnya, sandhanakrt, vrana sodhana and vrana ropana in karma
उदुम्बरो
सचक्षुर्मशकी
क्षीरद्रुः

उदुम्बरः क्षीरवृक्षो हेमदुग्धः सदाफलः |
अपुष्पफलसंबन्धो यज्ञाङ्गः शीतवल्कलः| |
कषायं स्यात् पक्कं तु मधुरं हिमम्|
कृमिकृत् पित्तरक्कघ्नं मूर्च्छादातृषापहम्
IDhn)
Synonyms of udumbara are ksiravrksa, hemadugdha, saaaphala ,
apuspaphala sambandha, yajhanga, sitavalkala
Komala phala of udumbara is kasaya in rasa
Pakva phala is madhura in rasa, sita in veerya, causes krimi, alleviates
vitiation of rakata, pitta, cures murccha, daha and trsna
उदुम्वरं

उदुम्बरं
स्यात्पक्कम्तु मधुरं हिमम्|
कृमिकृत्पित्तरक्तघ्नं मूर्च्छादाहतृषापहम्|| (Rjn)
Apakva udumbara is kasaya in rasa.
Pakva udumbara is madhura in rasa and sita in veerya.ly causes krmi,
cures raktapitta, murccha, daha
trsna
कषायं
and"
Usira,उशीर,uśīra,"https://www.medicinalplants.in/slokaimages/1684/1684_1.jpg
https://www.medicinalplants.in/slokaimages/1684/1684_2.jpg
https://www.medicinalplants.in/slokaimages/1684/1684_3.jpg
https://www.medicinalplants.in/slokaimages/1684/1684_4.jpg
https://www.medicinalplants.in/slokaimages/1684/1684_5.jpg
https://www.medicinalplants.in/slokaimages/1684/1684_6.jpg
https://www.medicinalplants.in/slokaimages/1684/1684_7.jpg
https://www.medicinalplants.in/slokaimages/1684/1684_8.jpg","मध्ये
सारविहीनाय सरला कीटवर्ज्िता |
नलिका सा भवेत् भद्रा विपरीता तु निन्दिता
IShi nil
Best qualities of Usira are mentionea: Maahaya sara vihinya, Sarala, kita
varjita, Nalika , are the good qualities. The rest are to be avoided.

प्राहुरुशीरं वीरणमभयं भद्रश्रियं च वालाख्यम्
बहुमूलं लामज्जं सेव्यं समगन्धकं मृणालमिति Il IAa mal
Usiram is also called as Virana, Abhaya, Bhadrasriya, Valakhyam,
Bahumula , Lammaja, Sevya, Samagandhaka, Mrnala.

वीरणस्य तु मूलं
नलदञ्च तत
अमृणालञ्च
च समगन्धिकमित्यपि Il (Bpn)
Mula of Virana is Usira. It is also called as Nalada, Amrnala, Sevya ana
Samagandhi.
स्यादुशीरं
सेव्यं

उशीरममृणालं स्याज्जलवासं हरिप्रियम्
मृणालमभयं वीरं वीरणं समगन्धिकम्
रणप्रियं वारितरं शिशिरं शितिमूलकम्
वेणीगमूलकं चैव जलामोदं सुगन्धिकम्
सुगन्धिमूलकं शुभ्रं बालकं ग्रहभूह्वयम्
IRjn)
Usira , Mrnala, jalavasa, Haripriya, Mrnala, Abhaya, vira, Virana
Samaganahika , Ranapriya, Varitara, Sisira, Sitimulaka, Venigamulaka,
Jalamoda, Suganahika , Sugandhimulaka, Subhra, Balaka,
Grahabhuhvaya

उशीरं वीरणं सेव्यमभयं समगन्धिकम्
बहुमूलं वीरतरु वीरं वीरणमूलिका |I
रणप्रियं शीतमूलममृणालं मृणालकम्
IKdn)
Usira, Virana, Abhaya, Samagandhika, Bahumula, Virataru, Vira,
Viranamulika, Ranapriya, Sitamula, Amrnala, Mrnalaka

ज्वरघ्नं पाचनं दाहतृष्णामदविनाशनम्
रक्तपित्तहरं शीतमुशीरं मूत्रकृछ्रजित् IlMdn)
Usira is Jvaraghna, Daha Trsna-Mada vinasana , Raktapitta hara, Sita in
Potency, Mutra krcchra jit.

उशीरं पाचनं शीतं स्तंभनं लघुतिक्तकम्
मधुरं ज्वरहृत् वान्तिमदनुत् कफपित्तहृत्
तृष्णास्रविषवीसर्पदाहकृच्छ्रव्रणापहम्
(Bpn 
Usira is Pacana, Sita in Potency , Stambhana, Laghu in Guna, Tikta,
Madhura in Rasa , Jvara hara, Vanti-Mada hara, Kapha Pitta hara, cures
Trsna , Asra vikara, Visha, Visa, Visarpa, Daha, Krcchra Vrana.

उशीरं शीतलं तिक्तं दाहक्लान्तिहरं च तत् |
वातघ्नं ज्वरतृण्मेहनुद्रक्तं हन्ति योगतः |l
उशीरं स्वेदौर्गन्ध्यापित्तघ्नं स्निग्धतिक्तकम्
IDhn)
Usira is Sita in Potency , Tikta in Rasa, Daha Klanti hara, Vataghna, cures
Jvara, Trt Meha, Sveda, daurgandhya, Pitta and is Snigaha and Tikta."
Vaca,वचा,vacā,"https://www.medicinalplants.in/slokaimages/38/38_1.jpg
https://www.medicinalplants.in/slokaimages/38/38_2.jpg
https://www.medicinalplants.in/slokaimages/38/38_3.jpg
https://www.medicinalplants.in/slokaimages/38/38_4.jpg
https://www.medicinalplants.in/slokaimages/38/38_5.jpg
https://www.medicinalplants.in/slokaimages/38/38_6.jpg","वचोग्रगन्धा षड्ग्रन्धा गोलोमी शतपर्विका
च मङ्गल्या जटिलोग्रा च लोमशा Il (Bpnl
Vaca is called as Ugragandha, Sadgrandha, Golomi, Sataparvika,
Ksuarapatri, Mangalya, Jatilagra ana Lomasa
क्षुद्रपत्री

वचोग्रगन्धा गोलोमी जटिलोग्रा च लोमशा
अन्या
श्वेतवचा मेध्या षडग्रन्धा हैमवत्यपि Il IDhnl
Vaca is called as Ugragandha, Golomi, Jatilogra, Lomasa.
Sveta vaca is
Medhya , Saagrantha, Haimavati.

वचोग्रगन्धा गोलोमी जटिलोग्रा च लोमशा
रक्षोघ्नी विजया भद्रा मङ्गल्येति दशाह्वया Il
मेध्या
त्वन्या षङ्गल्या दीर्घपत्रिका
तीक्ष्णगन्धा हैमवती मङ्गल्या विजया च
सा Il IRjn)
Vaca is otherwise called as Ugraganaha, Golomi, Jatilagra, Lomasa
Raksoghnam, Vijaya, Bhadra, Mangalya.
Sveta vaca is called as Medhya, Sadgrandha, Dirghapatrika, Tiksna
gandha, Haimavati, Mangalya, Vijaya.
श्वेतवचा

वामिनी कटुतिक्तोष्णा वान्तिवह्निकृत्
विबन्धाध्मानशूलघ्नी शकृन्मूत्रविशोधिनी
अपस्मारकफा
न्मादभूतजन्त्वनिलान हरेत्
IBpn )
Vaca is Ugragandha, katu, Tikta in rasa, Usna in Potency, Vanti Vahni
kara, Vibandha Aahmana Sulaghna, Sakrt Mutra visodhani, cures
Apasmara , Kapha, Unmada, Bhuta, Jantu, Anila.

वामिनी
कटुतिक्तोष्णा वातश्लेष्मरुजापहा
कण्ठ्या मेध्या च
क्रमीहृद्विबन्धाध्मानशलूनत्
वचाद्वयं तु कटुकं रूक्षोष्णं मलमूत्रलम्
दीपनं कफवातघ्नं मेध्यायुष्यं च पाचनम्
चोग्रगन्धं स्याल्लघु कण्ठास्यरोगजित्
IDhn )
Vaca is Vamini, KatuTikta in Rasa, Usna in Potency, Vata Slesma ruja
nhara, Kanthya, Medhya, cures Krmi, Hra roga, Vibanaha, Adhmana, Sula
Vaca dvaya is Katu in Rasa, Ruksa, Usna in Potency, Mala mutrala,
Dipana, Kapha-Vataghna, Medhya Ayusya, Pacana, Jantughna,
Ugragandha, Laghu and is Kantha Asya roga hara.
जन्तुघ्नं

मेध्या कफहरा चेव तिक्ता कटुवी विपाकतः
उन्मादापस्मृतिहरा रक्षोघ्नी चे वचा मता
IMdn)
Vaca is Meahya, Kapha hara, Tikta, Katu in Rasa, ana in Vipaka, Unmada-
Apasmara hara, Raksoghna."
Vamsa,वंश,vaṃśa,"https://www.medicinalplants.in/slokaimages/204/204_1.jpg
https://www.medicinalplants.in/slokaimages/204/204_2.jpg
https://www.medicinalplants.in/slokaimages/204/204_3.jpg
https://www.medicinalplants.in/slokaimages/204/204_4.jpg
https://www.medicinalplants.in/slokaimages/204/204_5.jpg
https://www.medicinalplants.in/slokaimages/204/204_6.jpg
https://www.medicinalplants.in/slokaimages/204/204_7.jpg","वंशत्वक्सारकर्म्मारत्वचिसारतृणध्वजाः
शतपर्वा यवफलो वेणुमस्करतेजनाः
Synonyms of vamsa are tvak sara, karmara, tvaci sara, trnadhvaja,
sataparva , yavaphala, venumaskara and tejana.

वंशेम्मलस्तुवरस्तिक्तःशीतलःसारकोमतः
वस्तिशुद्धिकरःस्वादुच्छेदनोभेदकोमतः | |
कफरक्तरुजपित्तकुंष्ठशोथंत्रणंतथा
मूत्रकृच्छ्रप्रमेहार्शान्दाहञ्चैवविनाशयेत्| | INir)
Vamsa is tuvara, tikta in
sara in guna, sita in veerya, destroys kapha
ana pitta, is vasti suddhikara, svadu, chedana, bhedaka, alleviates rakta,
ruja, kustha, sotha
vrana, mutrakrcchra, prameha, arsa and daha.
rasa,

तत्करीःकटुःपाकेरसे रुक्षोगुरुःसरः |
कषायःकफकृत्स्वादुर्विदाहिवातपित्तलः
IBpn )
Its karira is katu, kashaya, svaau in rasa, ruksa, guru, sara in guna, katu in
paka, is vidahi, increases kapha, alleviates vata and pitta.

करीरंकटुतिक्ताम्लंकषायंलघुशीतलम्
पित्तास्र, दाहकृच्छ्रघ्नंचिकृत्पर्वनिर्गुणम्|
IRjn)
Karira is katu, tikta, amla, kashaya in rasa, laghu in guna
sita in veerya
alleviates pitta, asra, daha and krcchra.

वेणोर्यवस्तुतुवरो रूक्षश्च मधुरोमतः |
पुष्टिकृद्धीर्यकृद्बल्यःकफपित्तहरोमतः
विषप्रमेहशमनो मुनिभिःपरिकीर्तितः
INir)
Its yava is tuvara, maahura in rasa, ruksa in guna, pusti kara, balya,
alleviates kapha and pitta, pacifies visha and prameha.

तद्यवास्तुसरारूक्षाःकषायाःकटुपाकिनः
व्रातपित्तकरा उष्णाबद्धमूत्राःकफापहा |
IBpn)
Its yava is kashaya in rasa
sara , ruksa in guna
usna in
veerya, katu paka,
increases vata and pitta, alleviates badahamutra and kapha.

वंशौत्वम्लोकषायौचकिञ्चित्तिक्तौसुशीतलौ
मूत्रकृच्छ्रप्रमेहार्शःपित्तदाहस्रनाशनौ [
विशेषाद्रन्ध्रवंशस्तुदीपनोडजीर्णनाशनः
रुचिकृत्पाचनोहृद्यःशूलघ्नोगुल्मनाशनः
IRjn )
Vamsa is kashaya , slightly tikta in rasa , sita in veerya, cures
mutrakrcchra, prameha, arsa, pitta, daha and asra. Specifically it is
dipana, ruci kara, hraya, cures ajirna, sula and gulma."
Varuna,वरुण,varuṇa,"https://www.medicinalplants.in/slokaimages/500/500_1.jpg
https://www.medicinalplants.in/slokaimages/500/500_2.jpg
https://www.medicinalplants.in/slokaimages/500/500_3.jpg
https://www.medicinalplants.in/slokaimages/500/500_4.jpg
https://www.medicinalplants.in/slokaimages/500/500_5.jpg
https://www.medicinalplants.in/slokaimages/500/500_6.jpg
https://www.medicinalplants.in/slokaimages/500/500_7.jpg","वरुणः
श्वेतपुष्पश्च तिक्तशाकः कुमारकः
साधुवृक्षः तमालो मारुतापहः Il IRjnl
Synonyms of varuna are sveta puspa, tikta saka, kumaraka, svetadruma,
sadhuvrksa, tamala and marutapaha
श्वेतद्रुमः

वरुणः पादपस्तिक्तस्रिपर्णो भ्रगरप्रियः
विल्वपत्रो वृत्तफलो बर्हपुष्पः कषायकः
Il ISi nil
Synonyms of varuna are padapa, tiktaha, triparna, bhragarapriya,
bilvapatra, vrttaphala, barhapuspa, kashayaka.

वर्ध्मविद्रधिवातघ्नो पित्तास्रकफनाशनः
बाधिर्यकर्णशूलघ्नो वरणो योनिदोषजित्
IMdn )
Varuna alleviates vardhma, vidradhi, vata, badhirya, karna sula, yoni
aosha, destroys pitta, asra and kapha.

वरुणः
पित्तलो भेदी श्लेष्मकृच्छ्राममारुतान्
निहन्ति गुल्मवातास्रकृमींश्चोष्णोडग्निदीपनः Il
कषायो
मधुरस्तिक्तः कटुको रुक्षको लघुः
IBpnl
Varuna is kashaya, madhura, tikta, katu in rasa, ruksa and laghu in guna,
usna in veerya, increases pitta, is bhedi, agni dipana
cures slesma,
Krcchra, ama, maruta, gulma, vata asra and krmi.

वरुणः
शीतवातघ्नस्तिक्तो विद्रधिजन्तुजित्
तथा च कटुरुष्णश्च रक्तदाषहरः परः
Il IDhn)
Naruna is tikta in
sita in veerya, alleviates vata, vidradhi, jantu, katu
in rasa, usna in veerya, best in
alleviating rakta dosha.
ra57,

वरुणः कटुरुष्णश्च रक्तदोषहरः परः
शीर्षवातहरः स्रिग्धो दीप्यो विद्रधिवातजित
IRjn
Varuna is katu in rasa, snigdha in guna, usna in veerya, dipya, alleviates
rakta dosha, sirsa vata, vidradhi and vata

वरुणो
मधुरस्तिक्तः कषायकटुको लघुः
रूक्षोष्णः पित्तलो भेदी दीपनः कफवातजित
निहन्ति कृमिवातास्रमूत्रघातास्रहृद्गदान्
पुष्पं पीतास्रहृद्ग्राहि फलं स्रिग्धं सरं गुरु
स्वादूष्णं मधुरं पाके वातघ्नं कफपित्तजित्
IKdnl
Varuna is madhura, tikta, kashaya, katu in rasa, laghu, ruksa in guna
usna in veerya, is bhedi , dipana, increases pitta, alleviates kapha, vata,
cures krmi, vata asra, mutraghata, asra vikara and hra
Puspa is grahi and alleviates pitta,
asra
Phala is svadu in rasa, snigdha,
sara, guru in guna, usna in veerza,
madhura in paka, alleviates vata, kapha ana pitta.
Bada"
Vasa,वासा,vāsā,"https://www.medicinalplants.in/slokaimages/973/973_1.jpg
https://www.medicinalplants.in/slokaimages/973/973_2.jpg
https://www.medicinalplants.in/slokaimages/973/973_3.jpg
https://www.medicinalplants.in/slokaimages/973/973_4.jpg
https://www.medicinalplants.in/slokaimages/973/973_5.jpg
https://www.medicinalplants.in/slokaimages/973/973_6.jpg
https://www.medicinalplants.in/slokaimages/973/973_7.jpg
https://www.medicinalplants.in/slokaimages/973/973_8.jpg","वासकः
सिंहिका वासा भिषङ्माता वसादनी
आटरूषः
सिंहमुखी सिंही कण्ठीरवी वृषः |l
शितपर्णी वाजिदन्ता नासा
पञ्चमुखी तथा
सिंहपर्णी मृगेन्द्राणी नामान्यस्यास्तु षोडश Il (Rjnl
Vasaka, simhika, vasa, bhisangmata, vasadani, atarupa, simhamukhi,
simhi, kanthiravi, vrsha, sitaparni, vajiaanta nasa, panchamukhi,
simhaparni and mrgenarani are the १६ synonyms of vasa.

ऊर्ध्वासृक्पित्तशमनी कफकासज्वरापहा
कषायतिक्ता वीर्योष्णा शीता वाशा क्षयापहा
IMdn)
Vasa is kashaya, tikta in rasa, usna, sita in verya, pacifies urdhva asrk,
pitta, alleviates kapha, kasa, jvara and kshaya

वासको वातकृत्स्वर्यः कफपितास्नाशनः
तिक्तस्तुवरको हृद्यो लघुः शीतस्तृडर्तिहत् |l
श्वासकासज्वरच्छर्दिमेहकुष्ठक्षयापहः
IBpn )
Vasaka is tikta, tuvara in rasa, laghu in guna, sita in veerya, svarya, hrdya,
increases vata, aestroys kapha, pitta,
asra, trt, arti, cures svasa, kasa,
jvara, chardi, meha, kustha ana kshaya.

आटरूषो हिमस्तिक्तः पित्तश्लेष्मास्रकासजित्
क्षयहृच्छर्दिकुष्ठघ्नो ज्वरतृष्णाविनाशनः
Il IDhn)
Atarusha is tikta in rasa,
in veerya, alleviates pitta, slesma , asra,
cures kasa , ksaya, hrt vikara, chardi, kustha jvara ana trsna
hima

वाशा तिक्ता कटुः शीता कासघ्नी रक्तपित्तजित्
कामलाकफवेकल्यज्वरश्वासक्षयापहा
IRjn)
Vasa is tikta, katu in rasa, sita in veerya, alleviates kasa, raktapitta,
kamala, kapha, vaikalya, jvara, svasa and
ksaya

वाशायां विद्यमामायामाशायां जीवितस्य च
रक्तपित्ती क्षयी कासी किमंर्थमवसीदति Il (Vaidyajeevanaml
Vasa is useful in curing raktapitta, ksaya and kasa.

सिंहास्या तुवरा तिक्ता हृद्या स्वर्या हिमा लघुः
वातला
कफपित्तास्रश्वासकासहरा हरेत् |l
ज्वरमहारुाच
च्छर्दिकुष्ठतृष्णाक्षतक्षयान्
क्षयघ्नं वातलं पुष्पं
कफपित्तजित्
IKdn)
Simhasya is tuvara , tikta in rasa, aghu in guna, hima in veerya, hrdya,
svarya, increases vata, alleviates kapha, pitta, asra, svasa,
cures
jvara, meha, aruci , chardi, kustha, trsna, ksata, kasya.
Puspa increases vata, alleviates kapha, pitta,
and is vrshaja,
वृषजं
kasa,
ksaya

वाशा
सिंहमुखः सिंहिका भिषङ्माता
वाशकसंज्ञ शब्दैः पर्यायवाचकैर्गदिता Il IAa mal
Vasha, vrshatrusha, simhamukha, simhika, bhishangmata, vrshaka,
vashakasamjna are the synonyms of vasa.
वृषाटरूषः
वृषको"
Vasaka,वासक,vāsaka,"https://www.medicinalplants.in/slokaimages/973/973_1.jpg
https://www.medicinalplants.in/slokaimages/973/973_2.jpg
https://www.medicinalplants.in/slokaimages/973/973_3.jpg
https://www.medicinalplants.in/slokaimages/973/973_4.jpg
https://www.medicinalplants.in/slokaimages/973/973_5.jpg
https://www.medicinalplants.in/slokaimages/973/973_6.jpg
https://www.medicinalplants.in/slokaimages/973/973_7.jpg
https://www.medicinalplants.in/slokaimages/973/973_8.jpg","वासकः
सिंहिका वासा भिषङ्माता वसादनी
आटरूषः
सिंहमुखी सिंही कण्ठीरवी वृषः |l
शितपर्णी वाजिदन्ता नासा
पञ्चमुखी तथा
सिंहपर्णी मृगेन्द्राणी नामान्यस्यास्तु षोडश Il (Rjnl
Vasaka, simhika, vasa, bhisangmata, vasadani, atarupa, simhamukhi,
simhi, kanthiravi, vrsha, sitaparni, vajiaanta nasa, panchamukhi,
simhaparni and mrgenarani are the १६ synonyms of vasa.

ऊर्ध्वासृक्पित्तशमनी कफकासज्वरापहा
कषायतिक्ता वीर्योष्णा शीता वाशा क्षयापहा
IMdn)
Vasa is kashaya, tikta in rasa, usna, sita in verya, pacifies urdhva asrk,
pitta, alleviates kapha, kasa, jvara and kshaya

वासको वातकृत्स्वर्यः कफपितास्नाशनः
तिक्तस्तुवरको हृद्यो लघुः शीतस्तृडर्तिहत् |l
श्वासकासज्वरच्छर्दिमेहकुष्ठक्षयापहः
IBpn )
Vasaka is tikta, tuvara in rasa, laghu in guna, sita in veerya, svarya, hrdya,
increases vata, aestroys kapha, pitta,
asra, trt, arti, cures svasa, kasa,
jvara, chardi, meha, kustha ana kshaya.

आटरूषो हिमस्तिक्तः पित्तश्लेष्मास्रकासजित्
क्षयहृच्छर्दिकुष्ठघ्नो ज्वरतृष्णाविनाशनः
Il IDhn)
Atarusha is tikta in rasa,
in veerya, alleviates pitta, slesma , asra,
cures kasa , ksaya, hrt vikara, chardi, kustha jvara ana trsna
hima

वाशा तिक्ता कटुः शीता कासघ्नी रक्तपित्तजित्
कामलाकफवेकल्यज्वरश्वासक्षयापहा
IRjn)
Vasa is tikta, katu in rasa, sita in veerya, alleviates kasa, raktapitta,
kamala, kapha, vaikalya, jvara, svasa and
ksaya

वाशायां विद्यमामायामाशायां जीवितस्य च
रक्तपित्ती क्षयी कासी किमंर्थमवसीदति Il (Vaidyajeevanaml
Vasa is useful in curing raktapitta, ksaya and kasa.

सिंहास्या तुवरा तिक्ता हृद्या स्वर्या हिमा लघुः
वातला
कफपित्तास्रश्वासकासहरा हरेत् |l
ज्वरमहारुाच
च्छर्दिकुष्ठतृष्णाक्षतक्षयान्
क्षयघ्नं वातलं पुष्पं
कफपित्तजित्
IKdn)
Simhasya is tuvara , tikta in rasa, aghu in guna, hima in veerya, hrdya,
svarya, increases vata, alleviates kapha, pitta, asra, svasa,
cures
jvara, meha, aruci , chardi, kustha, trsna, ksata, kasya.
Puspa increases vata, alleviates kapha, pitta,
and is vrshaja,
वृषजं
kasa,
ksaya

वाशा
सिंहमुखः सिंहिका भिषङ्माता
वाशकसंज्ञ शब्दैः पर्यायवाचकैर्गदिता Il IAa mal
Vasha, vrshatrusha, simhamukha, simhika, bhishangmata, vrshaka,
vashakasamjna are the synonyms of vasa.
वृषाटरूषः
वृषको"
Vata,वट,vaṭa,"https://www.medicinalplants.in/slokaimages/2/2_1.jpg
https://www.medicinalplants.in/slokaimages/2/2_2.jpg
https://www.medicinalplants.in/slokaimages/2/2_3.jpg","वटः शीतः कषायश्च स्तम्भनो रूक्षणात्मकः
तथा
तृष्णच्छर्दिमूर्च्छा रक्तपित्तविनाशनः II (Dhn)
Vata
is
kashaya
in
rrasa,
sita
in
veerya,
ruksa,
stambhana in
guna, destroys rakta
and pitta, alleviates
trsna, chardi and murccha.

वटः कषायो मधुरः शिशिरः कफपित्तजित्|
ज्वरदाहतृषामहव्रणशाफापहारकः | |
वटी ( नदीवटः) कषायमधुरा शिशिरा पित्तहारिणी|
दाहतृष्णाश्रमश्वासविच्छर्दिशमनी पराIl (Rjn)
Vata
is
kashaya,
madhura
in
rasa
sita
in
veerya
alleviates
kapha
and
pitta,
Cures
jvara,
daha
trsha
meha, vrana and sopha.
Vati
is
kashaya,
madhura
in
rasa ,
sita
in
veerya,
alleviates pitta, pacifies daha, trsna, srama,
svasa
and
chardi

वटः शीतो
कफपित्तव्रणापहः
वर्ज्यो विसर्पदाहघ्नः कषायो योनिदोषहृत्
(Bpn )
Vata is
kashaya
in
rasa,
guru,
in   guna,
sita
in
veerya,
varnya,
alleviates kapha, pitta,
vrana,  visarpa,
daha and
dosha
गुरुर्ग्राही
grahi
yoni"
Vatsanabha,वत्सनाभ,vatsanābha,"https://www.medicinalplants.in/slokaimages/36/36_1.jpg
https://www.medicinalplants.in/slokaimages/36/36_2.jpg
https://www.medicinalplants.in/slokaimages/36/36_3.jpg
https://www.medicinalplants.in/slokaimages/36/36_4.jpg","सिन्दुवारस
वत्सनाभ्याकृतिस्तथा
यत्पार्श्वे न तरोवृद्धि्वत्सनाभः स भाषितः
[DhnJ
The leaves resemble like that of sindhuvara, shape is like that of calves
umbilicus and there are no other trees surrounding it, hence called as
vatsanabha.
दृक्पत्रो

सिन्दुवारस
वत्सनाभ्याकृतिस्तथा [
यत्पार्श्वे न तरोर्वृद्धिर्वत्सनाभः स भाष्पि
[Bpn]
The leaves resemble like that of sindhuvara, shape is like that of calves
umbilicus and there are no other trees surrounding it, hence called
vatsanabha
दृक्पत्रो

अमृतं स्यात् वत्सनाभी विषमुग्रं महौषधम्|
गरलं मरणं नागं स्तोककं प्राणहारकम |
गरलं स्थावरादि स्यात् प्रोक्तं चैकादशाह्वयम्
[Rin]
Amrta, vatsanabha, visa, ugra, mahaushada, garala, marana, naga
sthokaka, pranaharaka and garala are the 1l synonyms of vatsanabha

वत्सनाभोअतिमधुरः सोष्णो वातकफापहः
कण्ठरु
क्सन्निपातघ्नः पित्तसन्तापकारकः
[Rjn]
Its rasa is atimadhura, usna in veerya, destroys vata and kapha,increases
pitta, alleviates kustha and is santapakaraka."
Vidanga,विडङ्ग,viḍaṅga,"https://www.medicinalplants.in/slokaimages/670/670_1.jpg
https://www.medicinalplants.in/slokaimages/670/670_2.jpg
https://www.medicinalplants.in/slokaimages/670/670_3.jpg
https://www.medicinalplants.in/slokaimages/670/670_4.jpg
https://www.medicinalplants.in/slokaimages/670/670_5.jpg
https://www.medicinalplants.in/slokaimages/670/670_6.jpg
https://www.medicinalplants.in/slokaimages/670/670_7.jpg
https://www.medicinalplants.in/slokaimages/670/670_8.jpg","पुंसि क्लीबे विडङ्ंग स्यात्
जन्तुनाशनः
तण्डुलश्च तथा वेल्लममोघा चित्रतण्डुला Il (Bpnl
Pumsi, Kliba, Vidanga, Krmighnam, jantu nasanam, Tanaula, Vellam,
Amogha, Citra tandula
कृमिघ्नो

विडङ्गा
चैत्रा तण्डुला
तण्डुलीयका
वातारिस्तण्डुला प्रोक्तो
मृगगामिनी
कैरली गह्वराडमोघा कपाली चित्रतण्डुला
वरा
सुचित्रबीजा
जन्तुहन्त्री च षोडशा Il IRjnl
Vidanga is otherwise called as Krmiha, Caitra, Tandula, Tanduliyaka,
Vatari, Tandula, Jantughni, Mrgagamani, Kairali, Gahvara, Amogha,
Kapali, Citra tanaula, Vara, Sucitrabija, Jantuhantri.
कृमिहा
जन्तुघ्नी

विडङ्ग कृमिजिद्वेल्लं जन्तुघ्नं मृगगामिनी
कृंमिहन्तृ
कैरलं चित्रतण्डुलम्
अमोघा तण्डुला घोषा भूतघ्नं कृमिहृदपि
IKdnl
Vidanga, Krmijit, Vellam, Jantughna, Mrgagamini, Krmihanti, Krmihara,
Kairala, Citra tandula, Amogha, Tandula, Ghosha, Krmihrd.
कृमिहरं

मोघा विडङ्ग कृमिकण्टकम्
कैरलं केवलं वेल्लं तण्डुलं चित्रतण्डुलम्
ISgn )
Synonyms: Krmighna, Bhasmaka, Mogha, Vidanga, Krmikantaka, Kairala
Kevala, Vella, Tandula, Citra tandula.
कृमिघ्नं
भस्मकं

कफवातप्रश्मनं शूलानाहार्तिनाशनम्
कृमिघ्नं कटुकं पाके विडङंग परिकीर्तितम्
IMdn)
Vidanga is Kapha Vata prasamana, Sula Anaha Arti Nasana, Krmighna,
Katu in Paka

विडङ्गं कटु तीक्ष्णोष्णं रूक्षं वह्निकरं लघु
शूलाध्मानोदरश्लेष्मकृमिवातविबन्धनुत् |l (Bpnl
Vidanga is Katu in rasa, Tiksna, Ruksa, in Guna, Usna in Potency, Vahni
kara, Laghu, cures Sula, Adhmana, Udara, Slesm, Krmi, Vata vibandha.

रूक्षोष्णं
पाके लघु वातकफापहम्
ईषतिक्तकं विषान् हन्ति
विडङ्गं कृमिनाशनम्
IDhn )
Vidanga is Ruksa in Guna, Usna in Potency, Katu in Paka, Laghu in Guna,
Vata-Kapha hara, Isat Tikta, Visan Hanti, Krmi Nasana
कटुकं

विडङ्ंग कटुरुष्मा च
अग्निमान्द्यारुचिभ्रा
नि कृमरदाषक्वैमार्शिनृता
IRjn)
Vidanga is Katu in Rasa, Usna in Potency, Laghu in Guna, Kapha Arti
Nasa, cures Agnimandya, Aruci, Bhranti, Krmi."
Vidari,विदारी,vidārī,"https://www.medicinalplants.in/slokaimages/1367/1367_1.jpg
https://www.medicinalplants.in/slokaimages/1367/1367_2.jpg
https://www.medicinalplants.in/slokaimages/1367/1367_3.jpg
https://www.medicinalplants.in/slokaimages/1367/1367_4.jpg
https://www.medicinalplants.in/slokaimages/1367/1367_5.jpg
https://www.medicinalplants.in/slokaimages/1367/1367_6.jpg
https://www.medicinalplants.in/slokaimages/1367/1367_7.jpg
https://www.medicinalplants.in/slokaimages/1367/1367_8.jpg","अन्या
क्षीरविदारी स्यादिक्षुकन्देक्षुवल्यपि
क्षीरवल्ली क्षीरकन्दा क्षीरशुक्ला पयस्विनी Il (Mdn)
Anya ksiravidari is Iksukanda, Iksuvalli, Ksiravalli, Ksirakanda, ksirasukla
Payasvini.

अन्या
क्षीरविदारी स्यादिक्षुगनेक्षुवल्लरी
इक्षुवल्ली क्षीरकन्दः क्षीरवल्ली पयस्विनी
क्षीरशुक्ला क्षीरलता पयःकन्दा पयोलता
पयोविदारिका चेति विज्ञेया द्वादशाह्वया
(Rjn)
Ksira vidari is called as Iksugandha, Iksuvalli, Ksirakanda, Ksiravalli ,
payasvini, Ksirasukla , ksiralata, Payahkanda, Payolata, Payovidarika.

अन्या शुक्ला
क्षीरशुक्ला क्षीरकन्दा पयस्विनी |
क्षीरवल्लीक्षुकन्देक्षुवल्ली क्षीरविदारिका II
शुक्लकन्दा
महाश्वेतेक्षुगनिका
IKdn)
Anya is Sukla , Ksirasukia, Ksirakanda, Payasvini, Ksiravalli, Iksukanda,
Iksuvalli, Ksiraviaarika, Iksuparni, Suklakanda, Mahasveta, Iksugandhika.
इक्षुपर्णी

क्षीरविदारिका बल्या वातापित्तहरा च सा
मुाुरा बृंहणी वृष्या शीतस्पर्शाडतिमूत्रला II
स्तन्यदोषस्य हरणी पित्तशूलनिषूदनी
IDhn )
Ksiravidarika is Balya, Vatapitta hara, Madhura in rasa, Brmhani, Vrshya,
Sita, Asparsa, Atimutrala, Stanya dosha haram, Pitta sula nishudani.

ज्ञेया क्षीरविदारी च माुराम्ला कषायिका
तिक्ता च
पित्तशूलघ्नी मूत्रमेहामयापहा
JRini
Ksira vidari is Maahura, Amla in rasa, Kashayika, Tikta in Rasa, Pitta-
Sulaghna, Mutra-Meha amaya hara.

पयस्या कुसुमं वृष्यं मुाुरं रसपाकयोः
पित्तघ्नं शीतवीर्यं च वातश्लेष्मकरं गुरुः IlKdn)
Payasya Kusumam is Vrshya, Madhura, in Rasa ana Paka is Pittaghna,
Sita in Virya, Vata Slesma kara ana is Guru.

प्रोक्ता क्षीरविदारी तु माुराम्लकषायका
वृष्या च
शुक्लजननी पुष्टिदुगप्रदा कटुः
Ksiraviaari is Madhura, Amla, Kashaya in Rasa, Vrshya, Suklajanani,
Pustiaugdha prada ana Katu.

रसायनी च वल्या
च शीता मूत्रकफप्रदा
स्निगा वर्ण्या गुरुः स्वर्या पित्तरुग्रक्तदोषहा
पित्तशूलहरा वातादाहजिन्मूत्रमेहजित्
ज्ञेया कन्दगुणा ह्यंस्याः सदृशा वल्लिवद्गुणैः Il INir)
Vidari is Rasayani, Balya , Sita in Potency , Mutra Kapha praaa, Snigdha
Varnya, Guru in Guna, Svarya , Pitt vikara rakta dosha hara, Pitta sula
hara, Vata daha Mutra Meha hara.
Valli guna is also similar to the guna of Kanda"
Vrddhadaruka,वृध्ददारुक,vṛdhdadāruka,"https://www.medicinalplants.in/slokaimages/158/158_1.jpg
https://www.medicinalplants.in/slokaimages/158/158_2.jpg
https://www.medicinalplants.in/slokaimages/158/158_3.jpg
https://www.medicinalplants.in/slokaimages/158/158_4.jpg
https://www.medicinalplants.in/slokaimages/158/158_5.jpg","वृद्धदारुः
कटुस्तिक्तः तथोष्णः कफवातजित् |
श्वयथुकृमिमेहास्रवातोदरहरः
परः| | IDhn)
Vraahadaru
katu, tikta in
rasa, usna in veerza, alleviates kapha ana
vata
cures svayathu, krmi, meha, asra ana vatodara.

द्वदारुद्वयं गौल्यं पिच्छिलं कफवातहृत्
कासामदोषघ्नं द्वितीयं स्वल्पवीर्यदम्
(Rjnl
Vradhadaru dvaya is gaulya, picchila in guna, balya, alleviates kapha ana
vata, cures kasa and amadosha. Second variety is of svalpa veerya.

रसायनो वृद्धदारुः शोथवातामवातजित्
कासश्वासज्वरहरो बल्यः पिच्छिल एव
च| | (Bpn)
Vraahadaru is picchila in guna, balya, rasayana, alleviates sotha,
vata,
amavata, kasa, svasa and jvara.

वृद्धदारुः कटुस्तिक्तकषायोष्णो रसायनः |
(Kdn)
Vradhadaru is katu, tikta, kashaya in rasa, usna in veerya and rasayana.

कषायतिक्तः कटुको रसायनः सरोडनिलाशः कफशोफमेहहा
बलाग्निशुक्रस्वरकान्तिकारकः प्रियो
न
केषामिह वृद्धदारुकः| |
(सि.भे.म)
Wradhadaru
is   kashaya,  tikta
in  rasa,
sara
guna ,
usna
in   veerza
rasayana, bala, agni, sukra, svara, kanti kara, alleviates vata, increases
kapha, inauces sopha and meha"
Vrksamla,वृक्षाम्ल,vṛkṣāmla,"https://www.medicinalplants.in/slokaimages/781/781_1.jpg
https://www.medicinalplants.in/slokaimages/781/781_2.jpg
https://www.medicinalplants.in/slokaimages/781/781_3.jpg","वृक्षाम्लमाममम्लोष्णं वातघ्नं कफपित्तलम्|
पक्क्न्तु गुरु संग्राहि कटुकं
लघु| |
अम्लोष्ण रोचनं रूक्षं दीपनं कफवातकृत्
तृष्णार्शोग्रहणीगुल्मशूलहृद्रोगजन्तुजित्
IBpn)
Vrksamala
is amla in
rasa,
usna
veerya, alleviates
vata, increases
kapha ana pitta.
Pakva vrksamia is katu, tuvara in
rasa, Buru,
sangrahi, laghu, ruksa in
guna, amlosna, rocana, dipana, increases kapha and vata, cures trsna,
arsa, grahani, gulma, sula, hrdroga and jantu.
तुवरं

वृक्षाम्लमम्लं कटुकं कषायं सोष्णं कफार्शोघ्नमुदीरयन्ति
तृष्णासमीरोदरहृद्गदादिगुल्मातिसारव्रणदोषनाशि
IRinl
Vrksamla is amla, katu, kashaya in rasa, usna in veerya, alleviates kapha
and vata
cures arsa
trsna , uaara, hra gaaa, gulma, atisara and vrana.

वृक्षाम्लं ग्राहि रूक्षोष्णं वातश्लेष्मणिशस्यत्|
अम्लिकायाः फलं पक्वं तस्मादल्पान्तरं गुणेः
चरक
Vrksamla is grahi, ruksa
guna,
usna in veerya, alleviates
vata and
slesma
Pakva phala is amla in rasa and inferior in quality"
Yastimadhu,यष्टिमधु,yaṣṭimadhu,"https://www.medicinalplants.in/slokaimages/809/809_1.jpg
https://www.medicinalplants.in/slokaimages/809/809_2.jpg
https://www.medicinalplants.in/slokaimages/809/809_3.jpg
https://www.medicinalplants.in/slokaimages/809/809_4.jpg
https://www.medicinalplants.in/slokaimages/809/809_5.jpg
https://www.medicinalplants.in/slokaimages/809/809_6.jpg
https://www.medicinalplants.in/slokaimages/809/809_7.jpg
https://www.medicinalplants.in/slokaimages/809/809_8.jpg","तथा यष्टी मधुकं क्लीतकं तथा
अन्यत्क्लीतनकं तत्तु भवेत्तोयमधुलिका |l (Bpnl
Yasti madhu, yasti, Madhuka, Klitaka.
Anya is Klitakanaka, Madhulika
यष्टीमधुः

यष्टीमधुर्मधुयष्टी मधुवल्ली मधुस्रवा
मधुकं मधुका यष्टी यष्टी यष्ट्याह्वं वसुसम्मितम्
अन्यत्क्लीतनमुक्तं क्लीतनकं क्लीतनीयकं मधुकम्
मधुवल्ली च
मधुरलता मधुरसातिरसा |l
शोषापहा च सौम्या स्थलजा
जलजा च
सा
द्विधा भूता
सामान्येन मतेयमेकादशसंज्ञा बहुज्ञधिया Il IRjnl
Yasti madhu, Madhu yasti, Madhuvalli , Madhusrava, Madhuka ,
Madhuka, Yasti, Ysatyahvam, Vasu.
Anyat is Klitana, Klitanaka, Klitaniyaka, Madhuka, Madhuvalli , Madhuli,
Madhuralata, Madhurasa, Atirasa, Sosapaha, Saumya
Sthalaja, Jalaja
are the 2 varieties. Both have more or less similar
properties.
मधूली

यष्टिमधुकं मधुकं मधुयष्टी मधुस्रवा
क्लीतनकं यष्ट्याह्वं क्लीतकं मधु Il
मधुयष्ट्युराम्भोजा
मधूलिका
IKdn|
Yastimadhuka , Madhuka, Madhuyasti, madhusrava, yastimadhu,
Klitanaka, Yastyahva, Klitaka , madhu, Madhuyasti , apara, Amboja,
Madhuparni, madhulika
यष्टिमधु
मधुपर्णी

मधुकं रक्तपित्तघ्नं व्रणशोधमरोपणम्
गुरु स्वादु हिमं वृष्यं चक्षुष्यं स्वरवर्णकृत्
IMdn )
Madhuka is Raktapittaghna, Vrana sodhana Vrana ropana, Guru in Guna,
Svadu in Rasa, Hima in Potency, Vrshya, Caksushya, Svaravarna kara.

यष्टी हिमा गुरुः स्वाद्वी चक्षुष्या बलवर्णकृत्
सुस्निग्धा शुक्लला
स्वर्या पित्तानिलास्रजित् |l
व्रणशोफविषच्छर्दितृष्णाग्लानिक्षयापाहा
(Bpn )
Yasti is Hima in Potenc y, Guru in Guna, Svadu in Rasa, caksushya, Bala
varna kara, Susnigdha, Sukrala, Kesya, Svarya , Pitta Anila Asra hara,
cures
Vrana, Sopha, Visha, Chardi, Trsna, Glani, Ksaya.
केश्या

मधुयष्टी स्वादुरसा शीतपित्तविनाशिनी
वृष्या श्लेष्मक्षयहरा विषच्छर्दिविनाशनी
याष्टेका
स्वादु तृष्णापित्तस्रजिद्धिमम्
IDhn )
Madhuyasti is Svadu in Rasa, Sita pitta vinasini,
Slesma
hara, cures Visha, Chardi.
Both the types of Yastika are Svadu in Rasa , cures Trsna, Pitta asra, and
Hima in potenc y/.
युगलं
Vrsya,
Ksaya

मधुरं यष्टिमधुकं किञ्चित् तिक्तञ्च शीतलम्
चक्षुष्यं पित्तहृद्रुच्यं शोषतृष्णापहम् |l
क्लीतनं मधुरं रुच्यं बल्यं वृष्यं व्रणापहम्
शीतलं गुरु चक्षुष्यमस्रपित्तापहं परम्
IRjn)
Yastimadhuka is Madhura, Kincit Tikta, in Rasa, Sita in virya, caksushya,
Pitta hara, Rucya , cures Sosa, Trsna, Vrana
Klitana is Madhura in Rasa, Rucya, Balya, Vrshya, Vrana hara, Sita in
virya, Guru, Caksushya, Asra Pitta hara param

मधुवल्ली द्विप्रकारा जलजा
च
स्थलोद्भवा
सा
वृष्या मधुरा
रुच्या
बल्या
गुर्वी च शीतलम्
चक्षुष्या वर्णदा स्वर्या स्निग्धा केशहिता मता
शुक्लला रक्तपित्तघ्नी व्रणशुद्धिकरी मता
शोफं विषं वातरक्तं व्रणं वान्तिं तृषा तथा
ग्लानिं क्षयं रक्तदोषं रक्तपित्तञ्च पित्तकम्
सद्योव्रणं वातपित्तं नाशयेदिति कीर्त्तितम्
INir)
Madhuvalli, is of 2 typesः Jalaja, Sthalaja. They are Vrshya, Madhura,
Rucya , Balya, Guru, Sita, Caksushya, Varnada, Svarya, Snigdha, Kesita,
Sukrala , Raktapittaghna, Vranasuadhiikara, cures Sopha, Visha,
Vatarakta, Vrana, vanti, Trsa, Glani, Ksaya, Raktadosha, Raktapitta, Pitta,
Sadyovrana, Vatapitta."
Yavani,यवानी,yavānī,"https://www.medicinalplants.in/slokaimages/894/894_1.jpg
https://www.medicinalplants.in/slokaimages/894/894_2.jpg
https://www.medicinalplants.in/slokaimages/894/894_3.jpg
https://www.medicinalplants.in/slokaimages/894/894_4.jpg","यवानी यावनी तीव्रा तुरुष्का मदकारिणी |
दीप्यः श्यामकुबेराख्यो मादनी मदकारकः | |
यवानी जीवनी रूक्षा ग्राहिणी मादिनी गुरुः
IMdn)
Yavani is tivra , turuska, madakara and dipya
Syama kuberakhyo is madini and mada kara.
Yavani is guru, ruksa, jivani, grahini and madini.

यवानी
यवानी सदृशी गुणैः |
विशेषात् पाचनी रूक्षा ग्राहिणी मादिनी गुरुः| | (Bpnl
Khurasani   yavani
has
similar
properties
to
that
of  yavani  and
specifically pacani, ruksa, grahini, madini and guru.
खुरसानी

खुरासानी यवानी
कटुरूक्षा च
पाचका
ग्राहकोष्णा मादका
च
गुर्वी वातकरा मता
INir)
Khurasani is katu in rasa, ruksa, guru in guna, usna in veerya, increases
vata, pacaka,
and maaakari.
Brahi

पुष्करमूलं हिक्काश्वासकासपार्श्वशूलहराणाम्
चरक
Puskaramula alleviates hikka, svasa, kasa ana parsva sula"
Yuthika,यूथिका,yūthikā,"https://www.medicinalplants.in/slokaimages/941/941_1.jpg
https://www.medicinalplants.in/slokaimages/941/941_2.jpg","यूथिकायुगलं स्वादु शिशिरं शर्करार्त्तिनुत्|
पित्तदाहतृषाहारि नानात्वग्दोषनाशनम्
सर्वासां
यूथिकानां तु रसवीर्यादिसाम्यता
सुरूप्य
सुगन्धाढ्यं स्वर्णयूथ्यां विशेषतः || (Rjnl
Yuthika yugala is svaau in rasa, sita in veerya, alleviates sarkaraarti, pitta,
daha, trsha, and destroys nana tvagdosha.
Sarvasa yuthika is similar in rasa, veerya, rupa, gandha ana svarna
is considered as the best.
yutha

यूथियुग्मं हिमं तिक्तं कटुपाकरसं लघु
मधुर
हृद्यं पित्तघ्नं कफवातलम्
व्रणास्रमुखदन्ताक्षिशिरोरोगविषापहम्
IBpn)
Yuthi yugma is tikta, madhura, tuvara, katu in rasa, laghu in guna, hima
in veerya, katu in paka, hrdya, alleviates pitta, increases kapha ana vata,
cures
Vrana, asra, mukha danta aksi siro roga and visha.
तुवरं"
